[OK] Connected to Supabase PostgreSQL cloud database!
[08:42:30] ============================================================
[08:42:30]   JustDial Direct API Scraper (JWT Enabled + Cursor Pagination)
[08:42:30] ============================================================
[08:42:30]   District:  Kannur
[08:42:30]   Category:  Restaurants
[08:42:30]   Max pages: 10 x up to 10 results each
[08:42:30]   Mode:      LIVE (saving to DB)
[08:42:30] ============================================================
[08:42:30] [INFO] Found 7 local areas for district 'Kannur':
[08:42:30]    Kannur, Thalassery, Payyannur, Taliparamba, Iritty, Kuthuparamba, Mattannur
[08:42:30] 
==========================================
[08:42:30] [*] Scraping target 1/7: Kannur
[08:42:30] ==========================================
[08:42:31] ? Found 100 total Restaurants in Kannur.
[08:42:31]   Scraping page 1 (got 10 results)...
[08:42:31]   Checking page 2 for the next batch...
[08:42:31]   [1] [IMG] IGLOO Restaurant & Ice Cream Parlour | +(91)-9054644245 | 9 photos
[08:42:31]        [1] https://content.jdmagicbox.com/comp/kannur/s9/9999px497.x497.131202152326.h3s9/catalogue/i...
[08:42:31]        [2] https://images.jdmagicbox.com/comp/kannur/s9/9999px497.x497.131202152326.h3s9/catalogue/ig...
[08:42:31]        [3] https://images.jdmagicbox.com/comp/kannur/s9/9999px497.x497.131202152326.h3s9/catalogue/ig...
[OK] Connected to Supabase PostgreSQL cloud database!
[08:43:52] ============================================================
[08:43:52]   JustDial Direct API Scraper (JWT Enabled + Cursor Pagination)
[08:43:52] ============================================================
[08:43:52]   District:  Kannur
[08:43:52]   Category:  Restaurants
[08:43:52]   Max pages: 10 x up to 10 results each
[08:43:52]   Mode:      LIVE (saving to DB)
[08:43:52] ============================================================
[08:43:52] [INFO] Found 7 local areas for district 'Kannur':
[08:43:52]    Kannur, Thalassery, Payyannur, Taliparamba, Iritty, Kuthuparamba, Mattannur
[08:43:52] 
==========================================
[08:43:52] [*] Scraping target 1/7: Kannur
[08:43:52] ==========================================
[08:43:53] ? Found 100 total Restaurants in Kannur.
[08:43:53]   Scraping page 1 (got 10 results)...
[08:43:53]   Checking page 2 for the next batch...
[08:43:53]   [1] [IMG] IGLOO Restaurant & Ice Cream Parlour | +(91)-9054644245 | 9 photos
[08:43:53]        [1] https://content.jdmagicbox.com/comp/kannur/s9/9999px497.x497.131202152326.h3s9/catalogue/i...
[08:43:53]        [2] https://images.jdmagicbox.com/comp/kannur/s9/9999px497.x497.131202152326.h3s9/catalogue/ig...
[08:43:53]        [3] https://images.jdmagicbox.com/comp/kannur/s9/9999px497.x497.131202152326.h3s9/catalogue/ig...
[08:43:58]   [2] [IMG] WESTBURG DARMASHALA | +(91)-7411790657 | 7 photos
[08:43:58]        [1] https://content.jdmagicbox.com/v2/comp/kannur/z9/9999px497.x497.250712160334.d1z9/catalogu...
[08:43:58]        [2] https://images.jdmagicbox.com/v2/comp/kannur/z9/9999px497.x497.250712160334.d1z9/catalogue...
[08:43:58]        [3] https://images.jdmagicbox.com/v2/comp/kannur/z9/9999px497.x497.250712160334.d1z9/catalogue...
[08:43:59]   [3] [IMG] Raras Family Food Court | +(91)-7487978259 | 9 photos
[08:43:59]        [1] https://content.jdmagicbox.com/v2/comp/kannur/i6/9999px497.x497.250412033736.h8i6/catalogu...
[08:43:59]        [2] https://images.jdmagicbox.com/v2/comp/kannur/i6/9999px497.x497.250412033736.h8i6/catalogue...
[08:43:59]        [3] https://images.jdmagicbox.com/v2/comp/kannur/i6/9999px497.x497.250412033736.h8i6/catalogue...
[08:43:59]   [4] [IMG] Kfc | +(91)-7942725809 | 9 photos
[08:43:59]        [1] https://content.jdmagicbox.com/comp/def_content_category/kfc/274744306-5359482000748984-67...
[08:43:59]        [2] https://images.jdmagicbox.com/comp/def_content_category/kfc/274744306-5359482000748984-675...
[08:43:59]        [3] https://images.jdmagicbox.com/comp/def_content_category/kfc/275889960-5402476773116173-904...
[08:43:59]   [5] [IMG] Ondhens Hotel | +(91)-9895188722 | 9 photos
[08:43:59]        [1] https://content.jdmagicbox.com/comp/kannur/g8/9999px497.x497.170608122354.g5g8/catalogue/o...
[08:43:59]        [2] https://images.jdmagicbox.com/comp/kannur/g8/9999px497.x497.170608122354.g5g8/catalogue/on...
[08:43:59]        [3] https://images.jdmagicbox.com/comp/kannur/g8/9999px497.x497.170608122354.g5g8/catalogue/on...
[08:44:00]   [6] [IMG] Rara Avis | +(91)-9539942633 | 9 photos
[08:44:00]        [1] https://content.jdmagicbox.com/comp/kannur/r4/9999px497.x497.180921222640.k9r4/catalogue/r...
[08:44:00]        [2] https://images.jdmagicbox.com/comp/kannur/r4/9999px497.x497.180921222640.k9r4/catalogue/ra...
[08:44:00]        [3] https://images.jdmagicbox.com/comp/kannur/r4/9999px497.x497.180921222640.k9r4/catalogue/ra...
[08:44:00]   [7] [IMG] Surya Heritage Hotel | +(91)-9895755414 | 9 photos
[08:44:00]        [1] https://content.jdmagicbox.com/comp/kannur/s7/9999px497.x497.210331110026.n9s7/catalogue/s...
[08:44:00]        [2] https://images.jdmagicbox.com/comp/kannur/s7/9999px497.x497.210331110026.n9s7/catalogue/su...
[08:44:00]        [3] https://images.jdmagicbox.com/comp/kannur/s7/9999px497.x497.210331110026.n9s7/catalogue/su...
[08:44:01]   [8] [IMG] Indian Coffee House | +(91)-9846401218 | 9 photos
[08:44:01]        [1] https://content.jdmagicbox.com/comp/kannur/f3/9999px497.x497.181128065538.m7f3/catalogue/i...
[08:44:01]        [2] https://images.jdmagicbox.com/comp/kannur/f3/9999px497.x497.181128065538.m7f3/catalogue/in...
[08:44:01]        [3] https://images.jdmagicbox.com/comp/def_content_category/breakfast-foodie-/1-breakfast-food...
[08:44:01]   [9] [IMG] Bel Canto Multi Cuisine Restaurant | +(91)-9288034447 | 9 photos
[08:44:01]        [1] https://content.jdmagicbox.com/comp/kannur/p2/9999px497.x497.230216222249.g8p2/catalogue/b...
[08:44:01]        [2] https://images.jdmagicbox.com/comp/kannur/p2/9999px497.x497.230216222249.g8p2/catalogue/be...
[08:44:01]        [3] https://images.jdmagicbox.com/comp/kannur/p2/9999px497.x497.230216222249.g8p2/catalogue/be...
[08:44:01]   [10] [IMG] Pent Restaurant and Catering | +(91)-8281223699 | 9 photos
[08:44:01]        [1] https://content.jdmagicbox.com/comp/kannur/j7/9999px497.x497.200629003712.q5j7/catalogue/p...
[08:44:01]        [2] https://images.jdmagicbox.com/comp/kannur/j7/9999px497.x497.200629003712.q5j7/catalogue/pe...
[08:44:01]        [3] https://images.jdmagicbox.com/comp/kannur/j7/9999px497.x497.200629003712.q5j7/catalogue/pe...
[08:44:03]   Scraping page 2 (got 10 results)...
[08:44:03]   Checking page 3 for the next batch...
[08:44:03]   [1] [IMG] Royal Fried Chicken (RFC) | +(91)-9400466694 | 3 photos
[08:44:03]        [1] https://content.jdmagicbox.com/v2/comp/kannur/g5/9999px497.x497.231205092025.b9g5/catalogu...
[08:44:03]        [2] https://images.jdmagicbox.com/v2/comp/kannur/g5/9999px497.x497.231205092025.b9g5/catalogue...
[08:44:03]        [3] https://images.jdmagicbox.com/v2/comp/kannur/g5/9999px497.x497.231205092025.b9g5/catalogue...
[08:44:04]   [2] [IMG] Komalavilas Hotel | +(91)-8547364192 | 9 photos
[08:44:04]        [1] https://content.jdmagicbox.com/comp/kannur/y2/9999px497.x497.131023112820.w2y2/catalogue/k...
[08:44:04]        [2] https://images.jdmagicbox.com/comp/kannur/y2/9999px497.x497.131023112820.w2y2/catalogue/ko...
[08:44:04]        [3] https://images.jdmagicbox.com/v2/comp/kannur/y2/9999px497.x497.131023112820.w2y2/catalogue...
[08:44:04]   [3] [IMG] Ajwa Restaurant | +(91)-9447030436 | 9 photos
[08:44:04]        [1] https://content.jdmagicbox.com/comp/kannur/c8/9999px497.x497.200331202032.s9c8/catalogue/a...
[08:44:04]        [2] https://images.jdmagicbox.com/comp/kannur/c8/9999px497.x497.200331202032.s9c8/catalogue/aj...
[08:44:04]        [3] https://images.jdmagicbox.com/comp/kannur/c8/9999px497.x497.200331202032.s9c8/catalogue/aj...
[08:44:04]   [4] [IMG] K C Restaurant | +(91)-8547500515 | 9 photos
[08:44:04]        [1] https://content.jdmagicbox.com/comp/kannur/d5/9999px497.x497.220205203641.t1d5/catalogue/k...
[08:44:04]        [2] https://images.jdmagicbox.com/comp/kannur/d5/9999px497.x497.220205203641.t1d5/catalogue/k-...
[08:44:04]        [3] https://images.jdmagicbox.com/comp/kannur/d5/9999px497.x497.220205203641.t1d5/catalogue/k-...
[08:44:05]   [5] [IMG] Hotel Karthika | +(91)-7012552288 | 9 photos
[08:44:05]        [1] https://content.jdmagicbox.com/v2/comp/kannur/e9/9999px497.x497.220507211618.c3e9/catalogu...
[08:44:05]        [2] https://images.jdmagicbox.com/v2/comp/kannur/e9/9999px497.x497.220507211618.c3e9/catalogue...
[08:44:05]        [3] https://images.jdmagicbox.com/v2/comp/kannur/e9/9999px497.x497.220507211618.c3e9/catalogue...
[08:44:05]   [6] [IMG] Aroma Flavours Multi Cuisine Ac Restaurant | +(91)-7025900017 | 9 photos
[08:44:05]        [1] https://content.jdmagicbox.com/comp/kannur/s5/9999px497.x497.191112223659.r6s5/catalogue/a...
[08:44:05]        [2] https://images.jdmagicbox.com/comp/kannur/s5/9999px497.x497.191112223659.r6s5/catalogue/ar...
[08:44:05]        [3] https://images.jdmagicbox.com/comp/kannur/s5/9999px497.x497.191112223659.r6s5/catalogue/ar...
[08:44:06]   [7] [IMG] Raravies Family Restaurant | +(91)-9656076071 | 7 photos
[08:44:06]        [1] https://content.jdmagicbox.com/comp/kannur/e2/9999px497.x497.180816191220.y5e2/catalogue/r...
[08:44:06]        [2] https://images.jdmagicbox.com/comp/kannur/e2/9999px497.x497.180816191220.y5e2/catalogue/ra...
[08:44:06]        [3] https://images.jdmagicbox.com/comp/kannur/e2/9999px497.x497.180816191220.y5e2/catalogue/ra...
[08:44:06]   [8] [IMG] Dakshin |  | 9 photos
[08:44:06]        [1] https://content.jdmagicbox.com/v2/comp/kannur/m2/9999px497.x497.250320223215.m5m2/catalogu...
[08:44:06]        [2] https://images.jdmagicbox.com/v2/comp/kannur/m2/9999px497.x497.250320223215.m5m2/catalogue...
[08:44:06]        [3] https://images.jdmagicbox.com/v2/comp/kannur/m2/9999px497.x497.250320223215.m5m2/catalogue...
[08:44:06]   [9] [IMG] Hotel Chovva Cafe |  | 3 photos
[08:44:06]        [1] https://content.jdmagicbox.com/v2/comp/kannur/g9/9999px497.x497.250306101248.m2g9/catalogu...
[08:44:06]        [2] https://images.jdmagicbox.com/v2/comp/kannur/g9/9999px497.x497.250306101248.m2g9/catalogue...
[08:44:06]        [3] https://images.jdmagicbox.com/v2/comp/kannur/g9/9999px497.x497.250306101248.m2g9/catalogue...
[08:44:07]   [10] [IMG] Twelve Tables Restaurant | +(91)-8078535212 | 9 photos
[08:44:07]        [1] https://content.jdmagicbox.com/comp/kannur/i8/9999px497.x497.170912000004.g2i8/catalogue/t...
[08:44:07]        [2] https://images.jdmagicbox.com/comp/kannur/i8/9999px497.x497.170912000004.g2i8/catalogue/tw...
[08:44:07]        [3] https://images.jdmagicbox.com/comp/kannur/i8/9999px497.x497.170912000004.g2i8/catalogue/tw...
[08:44:09]   Scraping page 3 (got 10 results)...
[08:44:09]   Checking page 4 for the next batch...
[08:44:09]   [1] [IMG] Sahib's Grill Kitchen | +(91)-9312548356 | 9 photos
[08:44:09]        [1] https://content.jdmagicbox.com/comp/kannur/v5/9999px497.x497.170107151113.s4v5/catalogue/s...
[08:44:09]        [2] https://images.jdmagicbox.com/comp/kannur/v5/9999px497.x497.170107151113.s4v5/catalogue/sa...
[08:44:09]        [3] https://images.jdmagicbox.com/comp/kannur/v5/9999px497.x497.170107151113.s4v5/catalogue/sa...
[08:44:09]   [2] [IMG] S Restaurants | +(91)-8606001135 | 2 photos
[08:44:09]        [1] https://content.jdmagicbox.com/comp/def_content/restaurants/default-restaurants-1.jpg...
[08:44:09]        [2] https://images.jdmagicbox.com/comp/def_content/restaurants/default-restaurants-1.jpg...
[08:44:10]   [3] [IMG] Bharath Restaurant |  | 5 photos
[08:44:10]        [1] https://content.jdmagicbox.com/comp/kannur/d7/9999px497.x497.131112213641.y4d7/catalogue/b...
[08:44:10]        [2] https://images.jdmagicbox.com/comp/kannur/d7/9999px497.x497.131112213641.y4d7/catalogue/bh...
[08:44:10]        [3] https://images.jdmagicbox.com/comp/kannur/d7/9999px497.x497.131112213641.y4d7/catalogue/bh...
[08:44:10]   [4] [IMG] Chifonets Chinese Restaurant | +(91)-9995596622 | 9 photos
[08:44:10]        [1] https://content.jdmagicbox.com/comp/kannur/r4/9999px497.x497.101013155446.s3r4/catalogue/c...
[08:44:10]        [2] https://images.jdmagicbox.com/comp/kannur/r4/9999px497.x497.101013155446.s3r4/catalogue/ch...
[08:44:10]        [3] https://images.jdmagicbox.com/comp/kannur/r4/9999px497.x497.101013155446.s3r4/catalogue/ch...
[08:44:11]   [5] [IMG] Geetha Hotel | +(91)-9495347756 | 4 photos
[08:44:11]        [1] https://content.jdmagicbox.com/v2/comp/kannur/x8/9999px497.x497.240425205653.u3x8/catalogu...
[08:44:11]        [2] https://images.jdmagicbox.com/v2/comp/kannur/x8/9999px497.x497.240425205653.u3x8/catalogue...
[08:44:11]        [3] https://images.jdmagicbox.com/v2/comp/kannur/x8/9999px497.x497.240425205653.u3x8/catalogue...
[08:44:11]   [6] [IMG] Taazah Restaurant | +(91)-9237100800 | 9 photos
[08:44:11]        [1] https://content.jdmagicbox.com/comp/muzhappilangad/x8/9999px497.x497.230625104047.e1x8/cat...
[08:44:11]        [2] https://images.jdmagicbox.com/comp/muzhappilangad/x8/9999px497.x497.230625104047.e1x8/cata...
[08:44:11]        [3] https://images.jdmagicbox.com/comp/muzhappilangad/x8/9999px497.x497.230625104047.e1x8/cata...
[08:44:11]   [7] [IMG] Chikeys | +(91)-9895131123 | 9 photos
[08:44:11]        [1] https://content.jdmagicbox.com/comp/def_content_category/chikeys/86689044-2704886126304500...
[08:44:11]        [2] https://images.jdmagicbox.com/comp/def_content_category/chikeys/86689044-2704886126304500-...
[08:44:11]        [3] https://images.jdmagicbox.com/comp/def_content_category/chikeys/131432263-3516046558521782...
[08:44:12]   [8] [IMG] Bamboo Fresh | +(91)-9633963390 | 9 photos
[08:44:12]        [1] https://content.jdmagicbox.com/v2/comp/kannur/p5/9999px497.x497.231205085208.p2p5/catalogu...
[08:44:12]        [2] https://images.jdmagicbox.com/v2/comp/kannur/p5/9999px497.x497.231205085208.p2p5/catalogue...
[08:44:12]        [3] https://images.jdmagicbox.com/v2/comp/kannur/p5/9999px497.x497.231205085208.p2p5/catalogue...
[08:44:12]   [9] [IMG] The Bamboo Restaurant | +(91)-8244258283 | 9 photos
[08:44:12]        [1] https://content.jdmagicbox.com/comp/kannur/g1/9999px497.x497.180816202621.c6g1/catalogue/t...
[08:44:12]        [2] https://images.jdmagicbox.com/comp/kannur/g1/9999px497.x497.180816202621.c6g1/catalogue/th...
[08:44:12]        [3] https://images.jdmagicbox.com/comp/kannur/g1/9999px497.x497.180816202621.c6g1/catalogue/th...
[08:44:13]   [10] [IMG] Sufi Makhan | +(91)-8137820820 | 9 photos
[08:44:13]        [1] https://content.jdmagicbox.com/comp/kannur/v9/9999px497.x497.180425151526.t6v9/catalogue/s...
[08:44:13]        [2] https://images.jdmagicbox.com/comp/kannur/v9/9999px497.x497.180425151526.t6v9/catalogue/su...
[08:44:13]        [3] https://images.jdmagicbox.com/comp/kannur/v9/9999px497.x497.180425151526.t6v9/catalogue/su...
[08:44:16]   Scraping page 4 (got 10 results)...
[08:44:16]   Checking page 5 for the next batch...
[08:44:16]   [1] [IMG] Onden Hotel | +(91)-9895188722 | 9 photos
[08:44:16]        [1] https://content.jdmagicbox.com/v2/comp/kannur/v2/9999px497.x497.200617210257.t4v2/catalogu...
[08:44:16]        [2] https://images.jdmagicbox.com/v2/comp/kannur/v2/9999px497.x497.200617210257.t4v2/catalogue...
[08:44:16]        [3] https://images.jdmagicbox.com/v2/comp/kannur/v2/9999px497.x497.200617210257.t4v2/catalogue...
[08:44:16]   [2] [IMG] M R A Restaurant | +(91)-6235062350 | 9 photos
[08:44:16]        [1] https://content.jdmagicbox.com/v2/comp/taliparamba/r9/9999px497.x497.220621231033.d2r9/cat...
[08:44:16]        [2] https://images.jdmagicbox.com/v2/comp/taliparamba/r9/9999px497.x497.220621231033.d2r9/cata...
[08:44:16]        [3] https://images.jdmagicbox.com/v2/comp/taliparamba/r9/9999px497.x497.220621231033.d2r9/cata...
[08:44:16]   [3] [IMG] Majlis | +(91)-9562009216 | 9 photos
[08:44:16]        [1] https://content.jdmagicbox.com/comp/kannur/i3/9999px497.x497.180223120730.x7i3/catalogue/m...
[08:44:16]        [2] https://images.jdmagicbox.com/comp/kannur/i3/9999px497.x497.180223120730.x7i3/catalogue/ma...
[08:44:16]        [3] https://images.jdmagicbox.com/comp/taliparamba/i3/9999px497.x497.180223120730.x7i3/catalog...
[08:44:17]   [4] [IMG] Maroosh Hotel | +(91)-9744400024 | 9 photos
[08:44:17]        [1] https://content.jdmagicbox.com/comp/kannur/r9/9999px497.x497.180817204509.d9r9/catalogue/m...
[08:44:17]        [2] https://images.jdmagicbox.com/comp/kannur/r9/9999px497.x497.180817204509.d9r9/catalogue/ma...
[08:44:17]        [3] https://images.jdmagicbox.com/comp/kannur/r9/9999px497.x497.180817204509.d9r9/catalogue/ma...
[08:44:18]   [5] [IMG] MVK travellers Restaurant | +(91)-9207788994 | 9 photos
[08:44:18]        [1] https://content.jdmagicbox.com/comp/kannur/w6/9999px497.x497.190418220905.a1w6/catalogue/m...
[08:44:18]        [2] https://images.jdmagicbox.com/comp/kannur/w6/9999px497.x497.190418220905.a1w6/catalogue/mv...
[08:44:18]        [3] https://images.jdmagicbox.com/comp/kannur/w6/9999px497.x497.190418220905.a1w6/catalogue/mv...
[08:44:18]   [6] [IMG] Onyva | +(91)-9895576854 | 9 photos
[08:44:18]        [1] https://content.jdmagicbox.com/comp/kannur/x8/9999px497.x497.220128231118.n8x8/catalogue/o...
[08:44:18]        [2] https://images.jdmagicbox.com/comp/kannur/x8/9999px497.x497.220128231118.n8x8/catalogue/on...
[08:44:18]        [3] https://images.jdmagicbox.com/comp/kannur/x8/9999px497.x497.220128231118.n8x8/catalogue/on...
[08:44:18]   [7] [IMG] Raandhal Restaurant | +(91)-8891191919 | 9 photos
[08:44:18]        [1] https://content.jdmagicbox.com/comp/kannur/e3/9999px497.x497.130621200037.y1e3/catalogue/r...
[08:44:18]        [2] https://images.jdmagicbox.com/comp/kannur/e3/9999px497.x497.130621200037.y1e3/catalogue/ra...
[08:44:18]        [3] https://images.jdmagicbox.com/comp/kannur/e3/9999px497.x497.130621200037.y1e3/catalogue/ra...
[08:44:19]   [8] [IMG] Al Taza | +(91)-8606660421 | 9 photos
[08:44:19]        [1] https://content.jdmagicbox.com/comp/def_content_category/al-taza/106987823-168430087173501...
[08:44:19]        [2] https://images.jdmagicbox.com/comp/def_content_category/al-taza/106987823-1684300871735014...
[08:44:19]        [3] https://images.jdmagicbox.com/comp/def_content_category/al-taza/82943759-1536342199864216-...
[08:44:19]   [9] [IMG] Raras Family Restaurant | +(91)-9847370407 | 9 photos
[08:44:19]        [1] https://content.jdmagicbox.com/comp/kannur/q4/9999px497.x497.181226001421.d7q4/catalogue/r...
[08:44:19]        [2] https://images.jdmagicbox.com/comp/kannur/q4/9999px497.x497.181226001421.d7q4/catalogue/ra...
[08:44:19]        [3] https://images.jdmagicbox.com/comp/kannur/q4/9999px497.x497.181226001421.d7q4/catalogue/ra...
[08:44:19]   [10] [IMG] Top Form Hotel |  | 2 photos
[08:44:19]        [1] https://content.jdmagicbox.com/comp/def_content/restaurants/default-restaurants-7.jpg...
[08:44:19]        [2] https://images.jdmagicbox.com/comp/def_content/restaurants/default-restaurants-7.jpg...
[08:44:22]   Scraping page 5 (got 10 results)...
[08:44:22]   Checking page 6 for the next batch...
[08:44:22]   [1] [IMG] Hotel Soft | +(91)-9746994080 | 6 photos
[08:44:22]        [1] https://content.jdmagicbox.com/v2/comp/kannur/p8/9999px497.x497.161208172614.s2p8/catalogu...
[08:44:22]        [2] https://images.jdmagicbox.com/v2/comp/kannur/p8/9999px497.x497.161208172614.s2p8/catalogue...
[08:44:22]        [3] https://images.jdmagicbox.com/comp/kannur/p8/9999px497.x497.161208172614.s2p8/catalogue/ho...
[08:44:22]   [2] [IMG] Dasa Dine Premium Vegetarian Restaurant | +(91)-9744458411 | 9 photos
[08:44:22]        [1] https://content.jdmagicbox.com/comp/kannur/w4/9999px497.x497.170121131454.w7w4/catalogue/d...
[08:44:22]        [2] https://images.jdmagicbox.com/comp/kannur/w4/9999px497.x497.170121131454.w7w4/catalogue/da...
[08:44:22]        [3] https://images.jdmagicbox.com/comp/kannur/w4/9999px497.x497.170121131454.w7w4/catalogue/da...
[08:44:22]   [3] [IMG] BARKA RESTAURANT | +(91)-8714218399 | 9 photos
[08:44:22]        [1] https://content.jdmagicbox.com/comp/kannur/d4/9999px497.x497.230420141210.i3d4/catalogue/b...
[08:44:22]        [2] https://images.jdmagicbox.com/comp/kannur/d4/9999px497.x497.230420141210.i3d4/catalogue/ba...
[08:44:22]        [3] https://images.jdmagicbox.com/comp/kannur/d4/9999px497.x497.230420141210.i3d4/catalogue/yj...
[08:44:23]   [4] [IMG] Regency Chick |  | 9 photos
[08:44:23]        [1] https://content.jdmagicbox.com/comp/kannur/g4/9999px497.x497.200331203749.c9g4/catalogue/r...
[08:44:23]        [2] https://images.jdmagicbox.com/comp/kannur/g4/9999px497.x497.200331203749.c9g4/catalogue/re...
[08:44:23]        [3] https://images.jdmagicbox.com/comp/kannur/g4/9999px497.x497.200331203749.c9g4/catalogue/re...
[08:44:23]   [5] [IMG] Citapani Global | +(91)-8089540342 | 9 photos
[08:44:23]        [1] https://content.jdmagicbox.com/v2/comp/kannur/r4/9999px497.x497.250111012311.z1r4/catalogu...
[08:44:23]        [2] https://images.jdmagicbox.com/v2/comp/kannur/r4/9999px497.x497.250111012311.z1r4/catalogue...
[08:44:23]        [3] https://images.jdmagicbox.com/v2/comp/kannur/r4/9999px497.x497.250111012311.z1r4/catalogue...
[08:44:24]   [6] [IMG] Malayatoor St Antony's Hotel | +(91)-9605857777 | 3 photos
[08:44:24]        [1] https://content.jdmagicbox.com/comp/kannur/g4/9999px497.x497.181225220016.l4g4/catalogue/m...
[08:44:24]        [2] https://images.jdmagicbox.com/comp/kannur/g4/9999px497.x497.181225220016.l4g4/catalogue/ma...
[08:44:24]        [3] https://images.jdmagicbox.com/comp/kannur/g4/9999px497.x497.181225220016.l4g4/catalogue/ma...
[08:44:24]   [7] [IMG] The Dumpling House | +(91)-7012873232 | 9 photos
[08:44:24]        [1] https://content.jdmagicbox.com/comp/kannur/w8/9999px497.x497.231017002542.s5w8/catalogue/t...
[08:44:24]        [2] https://images.jdmagicbox.com/comp/kannur/w8/9999px497.x497.231017002542.s5w8/catalogue/th...
[08:44:24]        [3] https://images.jdmagicbox.com/comp/kannur/w8/9999px497.x497.231017002542.s5w8/catalogue/th...
[08:44:25]   [8] [IMG] Barka Restaurant | +(91)-8559944999 | 9 photos
[08:44:25]        [1] https://content.jdmagicbox.com/comp/kannur/s8/9999px497.x497.220129220617.v2s8/catalogue/b...
[08:44:25]        [2] https://images.jdmagicbox.com/comp/kannur/s8/9999px497.x497.220129220617.v2s8/catalogue/ba...
[08:44:25]        [3] https://images.jdmagicbox.com/comp/kannur/s8/9999px497.x497.220129220617.v2s8/catalogue/ba...
[08:44:25]   [9] [IMG] Royal Omars | +(91)-8075245474 | 9 photos
[08:44:25]        [1] https://content.jdmagicbox.com/v2/comp/kannur/w7/9999px497.x497.230606181856.c4w7/catalogu...
[08:44:25]        [2] https://images.jdmagicbox.com/v2/comp/kannur/w7/9999px497.x497.230606181856.c4w7/catalogue...
[08:44:25]        [3] https://images.jdmagicbox.com/v2/comp/kannur/w7/9999px497.x497.230606181856.c4w7/catalogue...
[08:44:25]   [10] [IMG] Mayoori North Indian Food | +(91)-9656436099 | 9 photos
[08:44:25]        [1] https://content.jdmagicbox.com/comp/kannur/q2/9999px497.x497.190819091321.b3q2/catalogue/m...
[08:44:25]        [2] https://images.jdmagicbox.com/comp/kannur/q2/9999px497.x497.190819091321.b3q2/catalogue/ma...
[08:44:25]        [3] https://images.jdmagicbox.com/v2/comp/kannur/q2/9999px497.x497.190819091321.b3q2/catalogue...
[08:44:28]   Scraping page 6 (got 10 results)...
[08:44:28]   Checking page 7 for the next batch...
[08:44:28]   [1] [IMG] Hotel Prakash |  | 2 photos
[08:44:28]        [1] https://content.jdmagicbox.com/comp/def_content/restaurants/default-restaurants-4.jpg...
[08:44:28]        [2] https://images.jdmagicbox.com/comp/def_content/restaurants/default-restaurants-4.jpg...
[08:44:28]   [2] [IMG] Olive Restaurant | +(91)-9544477433 | 3 photos
[08:44:28]        [1] https://content.jdmagicbox.com/v2/comp/kannur/z7/9999px497.x497.230204173908.d2z7/catalogu...
[08:44:28]        [2] https://images.jdmagicbox.com/v2/comp/kannur/z7/9999px497.x497.230204173908.d2z7/catalogue...
[08:44:28]        [3] https://images.jdmagicbox.com/v2/comp/kannur/z7/9999px497.x497.230204173908.d2z7/catalogue...
[08:44:28]   [3] [IMG] Golden Grains Family Restaurant | +(91)-9048656699 | 9 photos
[08:44:28]        [1] https://content.jdmagicbox.com/comp/kannur/c7/9999px497.x497.200925202257.e6c7/catalogue/g...
[08:44:28]        [2] https://images.jdmagicbox.com/comp/kannur/c7/9999px497.x497.200925202257.e6c7/catalogue/go...
[08:44:28]        [3] https://images.jdmagicbox.com/comp/kannur/c7/9999px497.x497.200925202257.e6c7/catalogue/go...
[08:44:29]   [4] [IMG] Bamboo Fresh | +(91)-9633963390 | 9 photos
[08:44:29]        [1] https://content.jdmagicbox.com/comp/kannur/q4/9999px497.x497.170606111000.s9q4/catalogue/b...
[08:44:29]        [2] https://images.jdmagicbox.com/comp/kannur/q4/9999px497.x497.170606111000.s9q4/catalogue/ba...
[08:44:29]        [3] https://images.jdmagicbox.com/comp/taliparamba/q4/9999px497.x497.170606111000.s9q4/catalog...
[08:44:29]   [5] [IMG] Bharath Restaurant & Lodging | +(91)-8075258393 | 9 photos
[08:44:29]        [1] https://content.jdmagicbox.com/comp/kannur/e1/9999px497.x497.170127124745.v8e1/catalogue/b...
[08:44:29]        [2] https://images.jdmagicbox.com/comp/kannur/e1/9999px497.x497.170127124745.v8e1/catalogue/bh...
[08:44:29]        [3] https://images.jdmagicbox.com/comp/kannur/e1/9999px497.x497.170127124745.v8e1/catalogue/bh...
[08:44:30]   [6] [IMG] Grand Sithara Family Restaurant | +(91)-9567777055 | 5 photos
[08:44:30]        [1] https://content.jdmagicbox.com/comp/taliparamba/f7/9999px497.x497.220310004212.m7f7/catalo...
[08:44:30]        [2] https://images.jdmagicbox.com/comp/taliparamba/f7/9999px497.x497.220310004212.m7f7/catalog...
[08:44:30]        [3] https://images.jdmagicbox.com/comp/taliparamba/f7/9999px497.x497.220310004212.m7f7/catalog...
[08:44:30]   [7] [IMG] Ramans cafe | +(91)-6282225491 | 9 photos
[08:44:30]        [1] https://content.jdmagicbox.com/comp/kannur/l8/9999px497.x497.211207132421.y2l8/catalogue/r...
[08:44:30]        [2] https://images.jdmagicbox.com/comp/kannur/l8/9999px497.x497.211207132421.y2l8/catalogue/ra...
[08:44:30]        [3] https://images.jdmagicbox.com/comp/kannur/l8/9999px497.x497.211207132421.y2l8/catalogue/ra...
[08:44:30]   [8] [IMG] Ricery Restaurant | +(91)-7034670888 | 9 photos
[08:44:30]        [1] https://content.jdmagicbox.com/comp/kannur/a6/9999px497.x497.230118175129.u7a6/catalogue/-...
[08:44:30]        [2] https://images.jdmagicbox.com/comp/kannur/a6/9999px497.x497.230118175129.u7a6/catalogue/-o...
[08:44:30]        [3] https://images.jdmagicbox.com/comp/kannur/a6/9999px497.x497.230118175129.u7a6/catalogue/-l...
[08:44:31]   [9] [IMG] Feast House Family Restaurant |  | 9 photos
[08:44:31]        [1] https://content.jdmagicbox.com/v2/comp/kannur/u9/9999px497.x497.140314154737.u7u9/catalogu...
[08:44:31]        [2] https://images.jdmagicbox.com/v2/comp/kannur/u9/9999px497.x497.140314154737.u7u9/catalogue...
[08:44:31]        [3] https://images.jdmagicbox.com/v2/comp/kannur/u9/9999px497.x497.140314154737.u7u9/catalogue...
[08:44:31]   [10] [IMG] Ruwai Fried Chicken | +(91)-7356220777 | 9 photos
[08:44:31]        [1] https://content.jdmagicbox.com/comp/service_catalogue/restaurants-attr-delivery-only-res40...
[08:44:31]        [2] https://images.jdmagicbox.com/comp/service_catalogue/restaurants-attr-delivery-only-res407...
[08:44:31]        [3] https://images.jdmagicbox.com/comp/kannur/b2/9999px497.x497.211014030357.g3b2/catalogue/ru...
[08:44:33]   Scraping page 7 (got 10 results)...
[08:44:33]   Checking page 8 for the next batch...
[08:44:33]   [1] [IMG] Albak Dum | +(91)-9097347347 | 9 photos
[08:44:33]        [1] https://content.jdmagicbox.com/v2/comp/kannur/t6/9999px497.x497.230606213031.g1t6/catalogu...
[08:44:33]        [2] https://images.jdmagicbox.com/v2/comp/kannur/t6/9999px497.x497.230606213031.g1t6/catalogue...
[08:44:33]        [3] https://images.jdmagicbox.com/v2/comp/kannur/t6/9999px497.x497.230606213031.g1t6/catalogue...
[08:44:34]   [2] [IMG] Hotel Soon | +(91)-9847824539 | 2 photos
[08:44:34]        [1] https://content.jdmagicbox.com/comp/kannur/v3/9999px497.x497.230310140752.k1v3/catalogue/h...
[08:44:34]        [2] https://images.jdmagicbox.com/comp/kannur/v3/9999px497.x497.230310140752.k1v3/catalogue/ho...
[08:44:34]   [3] [IMG] Ithaathas Kitchen | +(91)-7594041111 | 9 photos
[08:44:34]        [1] https://content.jdmagicbox.com/comp/kannur/x7/9999px497.x497.191231205604.y1x7/catalogue/i...
[08:44:34]        [2] https://images.jdmagicbox.com/comp/kannur/x7/9999px497.x497.191231205604.y1x7/catalogue/it...
[08:44:34]        [3] https://images.jdmagicbox.com/comp/kannur/x7/9999px497.x497.191231205604.y1x7/catalogue/it...
[08:44:34]   [4] [IMG] Indian Coffee House |  | 9 photos
[08:44:34]        [1] https://content.jdmagicbox.com/v2/comp/taliparamba/y4/9999px497.x497.130308163423.z4y4/cat...
[08:44:34]        [2] https://images.jdmagicbox.com/v2/comp/taliparamba/y4/9999px497.x497.130308163423.z4y4/cata...
[08:44:34]        [3] https://images.jdmagicbox.com/v2/comp/taliparamba/y4/9999px497.x497.130308163423.z4y4/cata...
[08:44:35]   [5] [IMG] Cafe Ghazal | +(91)-9400805060 | 9 photos
[08:44:35]        [1] https://content.jdmagicbox.com/comp/kannur/c5/9999px497.x497.220317003442.w8c5/catalogue/c...
[08:44:35]        [2] https://images.jdmagicbox.com/comp/kannur/c5/9999px497.x497.220317003442.w8c5/catalogue/ca...
[08:44:35]        [3] https://images.jdmagicbox.com/comp/kannur/c5/9999px497.x497.220317003442.w8c5/catalogue/ca...
[08:44:35]   [6] [IMG] F Grill Multi Cuisine Restaurant | +(91)-9895724174 | 9 photos
[08:44:35]        [1] https://content.jdmagicbox.com/comp/kannur/p4/9999px497.x497.230526134358.q6p4/catalogue/f...
[08:44:35]        [2] https://images.jdmagicbox.com/comp/kannur/p4/9999px497.x497.230526134358.q6p4/catalogue/f-...
[08:44:35]        [3] https://images.jdmagicbox.com/comp/kannur/p4/9999px497.x497.230526134358.q6p4/catalogue/f-...
[08:44:35]   [7] [IMG] Kannur Dakshin Hotel | +(91)-9048708452 | 9 photos
[08:44:35]        [1] https://content.jdmagicbox.com/comp/kannur/n6/9999px497.x497.120613142819.w1n6/catalogue/k...
[08:44:35]        [2] https://images.jdmagicbox.com/comp/kannur/n6/9999px497.x497.120613142819.w1n6/catalogue/ka...
[08:44:35]        [3] https://images.jdmagicbox.com/comp/kannur/n6/9999px497.x497.120613142819.w1n6/catalogue/ka...
[08:44:36]   [8] [IMG] Cita Pani Restaurant |  | 9 photos
[08:44:36]        [1] https://content.jdmagicbox.com/comp/kannur/l5/9999px497.x497.190823072930.z7l5/catalogue/c...
[08:44:36]        [2] https://images.jdmagicbox.com/comp/kannur/l5/9999px497.x497.190823072930.z7l5/catalogue/ci...
[08:44:36]        [3] https://images.jdmagicbox.com/comp/kannur/l5/9999px497.x497.190823072930.z7l5/catalogue/ci...
[08:44:36]   [9] [IMG] Naz Restaurant | +(91)-7356500501 | 4 photos
[08:44:36]        [1] https://content.jdmagicbox.com/comp/kannur/t4/9999px497.x497.190517030106.v8t4/catalogue/n...
[08:44:36]        [2] https://images.jdmagicbox.com/comp/kannur/t4/9999px497.x497.190517030106.v8t4/catalogue/na...
[08:44:36]        [3] https://images.jdmagicbox.com/comp/kannur/t4/9999px497.x497.190517030106.v8t4/catalogue/na...
[08:44:36]   [10] [IMG] PVR Mandi Mahal | +(91)-9495824410 | 2 photos
[08:44:36]        [1] https://content.jdmagicbox.com/comp/def_content/restaurants/default-restaurants-8.jpg...
[08:44:36]        [2] https://images.jdmagicbox.com/comp/def_content/restaurants/default-restaurants-8.jpg...
[08:44:38]   Scraping page 8 (got 10 results)...
[08:44:38]   Checking page 9 for the next batch...
[08:44:38]   [1] [IMG] Deema Restaurant | +(91)-7025000951 | 9 photos
[08:44:38]        [1] https://content.jdmagicbox.com/comp/kannur/d9/9999px497.x497.181219122709.p3d9/catalogue/d...
[08:44:38]        [2] https://images.jdmagicbox.com/comp/kannur/d9/9999px497.x497.181219122709.p3d9/catalogue/de...
[08:44:38]        [3] https://images.jdmagicbox.com/comp/kannur/d9/9999px497.x497.181219122709.p3d9/catalogue/de...
[08:44:39]   [2] [IMG] Biryani Depot Restaurant | +(91)-8848082700 | 9 photos
[08:44:39]        [1] https://content.jdmagicbox.com/comp/kannur/k6/9999px497.x497.230702221518.r5k6/catalogue/b...
[08:44:39]        [2] https://images.jdmagicbox.com/comp/kannur/k6/9999px497.x497.230702221518.r5k6/catalogue/bi...
[08:44:39]        [3] https://images.jdmagicbox.com/comp/kannur/k6/9999px497.x497.230702221518.r5k6/catalogue/bi...
[08:44:39]   [3] [IMG] Indian Coffee House |  | 9 photos
[08:44:39]        [1] https://content.jdmagicbox.com/comp/kannur/u6/9999px497.x497.181113165711.u4u6/catalogue/i...
[08:44:39]        [2] https://images.jdmagicbox.com/comp/kannur/u6/9999px497.x497.181113165711.u4u6/catalogue/in...
[08:44:39]        [3] https://images.jdmagicbox.com/comp/kannur/u6/9999px497.x497.181113165711.u4u6/catalogue/in...
[08:44:39]   [4] [IMG] Erumadam Restaurant | +(91)-9496735854 | 9 photos
[08:44:39]        [1] https://content.jdmagicbox.com/comp/kannur/n7/9999px497.x497.170515092826.g3n7/catalogue/e...
[08:44:39]        [2] https://images.jdmagicbox.com/comp/kannur/n7/9999px497.x497.170515092826.g3n7/catalogue/er...
[08:44:39]        [3] https://images.jdmagicbox.com/v2/comp/kannur/n7/9999px497.x497.170515092826.g3n7/catalogue...
[08:44:40]   [5] [IMG] Ajwa Biryani's Mandi | +(91)-8590211600 | 5 photos
[08:44:40]        [1] https://content.jdmagicbox.com/v2/comp/kannur/n9/9999px497.x497.241008171301.v4n9/catalogu...
[08:44:40]        [2] https://images.jdmagicbox.com/v2/comp/kannur/n9/9999px497.x497.241008171301.v4n9/catalogue...
[08:44:40]        [3] https://images.jdmagicbox.com/v2/comp/kannur/n9/9999px497.x497.241008171301.v4n9/catalogue...
[08:44:40]   [6] [IMG] Beirut Mandhi | +(91)-6282332478 | 8 photos
[08:44:40]        [1] https://content.jdmagicbox.com/comp/kannur/b6/9999px497.x497.230912031349.p2b6/catalogue/b...
[08:44:40]        [2] https://images.jdmagicbox.com/comp/kannur/b6/9999px497.x497.230912031349.p2b6/catalogue/be...
[08:44:40]        [3] https://images.jdmagicbox.com/comp/kannur/b6/9999px497.x497.230912031349.p2b6/catalogue/be...
[08:44:40]   [7] [IMG] Turkwise | +(91)-9895229008 | 9 photos
[08:44:40]        [1] https://content.jdmagicbox.com/comp/kannur/j5/9999px497.x497.190312071553.p1j5/catalogue/t...
[08:44:40]        [2] https://images.jdmagicbox.com/comp/kannur/j5/9999px497.x497.190312071553.p1j5/catalogue/tu...
[08:44:40]        [3] https://images.jdmagicbox.com/comp/kannur/j5/9999px497.x497.190312071553.p1j5/catalogue/tu...
[08:44:41]   [8] [IMG] Omas Restaurant Mambaram |  | 9 photos
[08:44:41]        [1] https://content.jdmagicbox.com/v2/comp/kannur/h1/9999px497.x497.241025023541.c8h1/catalogu...
[08:44:41]        [2] https://images.jdmagicbox.com/v2/comp/kannur/h1/9999px497.x497.241025023541.c8h1/catalogue...
[08:44:41]        [3] https://images.jdmagicbox.com/v2/comp/kannur/h1/9999px497.x497.241025023541.c8h1/catalogue...
[08:44:41]   [9] [IMG] Cita Pani | +(91)-8136888730 | 9 photos
[08:44:41]        [1] https://content.jdmagicbox.com/comp/kannur/w7/9999px497.x497.140902111537.l3w7/catalogue/c...
[08:44:41]        [2] https://images.jdmagicbox.com/comp/kannur/w7/9999px497.x497.140902111537.l3w7/catalogue/ci...
[08:44:41]        [3] https://images.jdmagicbox.com/comp/kannur/w7/9999px497.x497.140902111537.l3w7/catalogue/ci...
[08:44:42]   [10] [IMG] TOWN TABLE Veggie & MORE | +(91)-9895843137 | 9 photos
[08:44:42]        [1] https://content.jdmagicbox.com/comp/kannur/p9/9999px497.x497.180606133049.n4p9/catalogue/t...
[08:44:42]        [2] https://images.jdmagicbox.com/comp/kannur/p9/9999px497.x497.180606133049.n4p9/catalogue/to...
[08:44:42]        [3] https://images.jdmagicbox.com/comp/kannur/p9/9999px497.x497.180606133049.n4p9/catalogue/to...
[08:44:44]   Scraping page 9 (got 10 results)...
[08:44:44]   Checking page 10 for the next batch...
[08:44:44]   [1] [IMG] Vasanth Vihar | +(91)-7356799979 | 9 photos
[08:44:44]        [1] https://content.jdmagicbox.com/comp/taliparamba/l7/9999px497.x497.220901205856.s1l7/catalo...
[08:44:44]        [2] https://images.jdmagicbox.com/comp/taliparamba/l7/9999px497.x497.220901205856.s1l7/catalog...
[08:44:44]        [3] https://images.jdmagicbox.com/comp/taliparamba/l7/9999px497.x497.220901205856.s1l7/catalog...
[08:44:44]   [2] [IMG] Kannur Darbar (G Mall) | +(91)-8304986786 | 9 photos
[08:44:44]        [1] https://content.jdmagicbox.com/comp/kannur/n8/9999px497.x497.180414052324.n7n8/catalogue/k...
[08:44:44]        [2] https://images.jdmagicbox.com/comp/kannur/n8/9999px497.x497.180414052324.n7n8/catalogue/ka...
[08:44:44]        [3] https://images.jdmagicbox.com/comp/kannur/n8/9999px497.x497.180414052324.n7n8/catalogue/ka...
[08:44:44]   [3] [IMG] Mvk Heritage Foods |  | 9 photos
[08:44:44]        [1] https://content.jdmagicbox.com/v2/comp/kannur/c1/9999px497.x497.250402081104.r5c1/catalogu...
[08:44:44]        [2] https://images.jdmagicbox.com/v2/comp/kannur/c1/9999px497.x497.250402081104.r5c1/catalogue...
[08:44:44]        [3] https://images.jdmagicbox.com/v2/comp/kannur/c1/9999px497.x497.250402081104.r5c1/catalogue...
[08:44:45]   [4] [IMG] New Pulari | +(91)-7055603080 | 9 photos
[08:44:45]        [1] https://content.jdmagicbox.com/v2/comp/kannur/g3/9999px497.x497.240228130053.w2g3/catalogu...
[08:44:45]        [2] https://images.jdmagicbox.com/v2/comp/kannur/g3/9999px497.x497.240228130053.w2g3/catalogue...
[08:44:45]        [3] https://images.jdmagicbox.com/v2/comp/kannur/g3/9999px497.x497.240228130053.w2g3/catalogue...
[08:44:45]   [5] [IMG] Paris Restaurant |  | 5 photos
[08:44:45]        [1] https://content.jdmagicbox.com/comp/kannur/c5/9999px497.x497.140716163122.y4c5/catalogue/p...
[08:44:45]        [2] https://images.jdmagicbox.com/comp/kannur/c5/9999px497.x497.140716163122.y4c5/catalogue/pa...
[08:44:45]        [3] https://images.jdmagicbox.com/comp/kannur/c5/9999px497.x497.140716163122.y4c5/catalogue/pa...
[08:44:46]   [6] [IMG] Mvk Ghatway Restaurant | +(91)-7902278100 | 9 photos
[08:44:46]        [1] https://content.jdmagicbox.com/v2/comp/kannur/j1/9999px497.x497.250226202136.g6j1/catalogu...
[08:44:46]        [2] https://images.jdmagicbox.com/v2/comp/kannur/j1/9999px497.x497.250226202136.g6j1/catalogue...
[08:44:46]        [3] https://images.jdmagicbox.com/v2/comp/kannur/j1/9999px497.x497.250226202136.g6j1/catalogue...
[08:44:46]   [7] [IMG] Janakeeya Hotel |  | 3 photos
[08:44:46]        [1] https://content.jdmagicbox.com/v2/comp/kannur/e4/9999px497.x497.231022133844.w3e4/catalogu...
[08:44:46]        [2] https://images.jdmagicbox.com/v2/comp/kannur/e4/9999px497.x497.231022133844.w3e4/catalogue...
[08:44:46]        [3] https://images.jdmagicbox.com/v2/comp/kannur/e4/9999px497.x497.231022133844.w3e4/catalogue...
[08:44:46]   [8] [IMG] Savoury Restaurant | +(91)-7034748748 | 9 photos
[08:44:46]        [1] https://content.jdmagicbox.com/comp/kannur/u2/9999px497.x497.191128182459.q2u2/catalogue/s...
[08:44:46]        [2] https://images.jdmagicbox.com/comp/kannur/u2/9999px497.x497.191128182459.q2u2/catalogue/sa...
[08:44:46]        [3] https://images.jdmagicbox.com/comp/kannur/u2/9999px497.x497.191128182459.q2u2/catalogue/sa...
[08:44:47]   [9] [IMG] Rak Kabab | +(91)-9061032032 | 9 photos
[08:44:47]        [1] https://content.jdmagicbox.com/comp/kannur/y3/9999px497.x497.200617203430.p8y3/catalogue/r...
[08:44:47]        [2] https://images.jdmagicbox.com/comp/kannur/y3/9999px497.x497.200617203430.p8y3/catalogue/ra...
[08:44:47]        [3] https://images.jdmagicbox.com/comp/kannur/y3/9999px497.x497.200617203430.p8y3/catalogue/ra...
[08:44:47]   [10] [IMG] Hotel Pulari | +(91)-9633960747 | 9 photos
[08:44:47]        [1] https://content.jdmagicbox.com/comp/kannur/w8/9999px497.x497.180913052646.i5w8/catalogue/h...
[08:44:47]        [2] https://images.jdmagicbox.com/comp/kannur/w8/9999px497.x497.180913052646.i5w8/catalogue/ho...
[08:44:47]        [3] https://images.jdmagicbox.com/v2/comp/kannur/w8/9999px497.x497.180913052646.i5w8/catalogue...
[08:44:50]   Scraping page 10 (got 10 results)...
[08:44:50]   No more pages found (END OF RESULTS).
[08:44:50]   [1] [IMG] Harbour Restaurant | +(91)-7994438438 | 9 photos
[08:44:50]        [1] https://content.jdmagicbox.com/comp/kannur/q1/9999px497.x497.230224182436.t5q1/catalogue/h...
[08:44:50]        [2] https://images.jdmagicbox.com/comp/kannur/q1/9999px497.x497.230224182436.t5q1/catalogue/ha...
[08:44:50]        [3] https://images.jdmagicbox.com/comp/kannur/q1/9999px497.x497.230224182436.t5q1/catalogue/ha...
[08:44:50]   [2] [IMG] Hotel Dakshin | +(91)-9744042888 | 2 photos
[08:44:50]        [1] https://content.jdmagicbox.com/comp/def_content/pure_veg_restaurants/default-pure-veg-rest...
[08:44:50]        [2] https://images.jdmagicbox.com/comp/def_content/pure_veg_restaurants/default-pure-veg-resta...
[08:44:51]   [3] [IMG] Perakka Grill Hub Manna | +(91)-9895969394 | 2 photos
[08:44:51]        [1] https://content.jdmagicbox.com/comp/def_content/restaurants/default-restaurants-1.jpg...
[08:44:51]        [2] https://images.jdmagicbox.com/comp/def_content/restaurants/default-restaurants-1.jpg...
[08:44:51]   [4] [IMG] Steak House Restaurant | +(91)-8281729999 | 9 photos
[08:44:51]        [1] https://content.jdmagicbox.com/comp/kannur/h7/9999px497.x497.170404142735.z9h7/catalogue/s...
[08:44:51]        [2] https://images.jdmagicbox.com/comp/kannur/h7/9999px497.x497.170404142735.z9h7/catalogue/st...
[08:44:51]        [3] https://images.jdmagicbox.com/comp/kannur/h7/9999px497.x497.170404142735.z9h7/catalogue/st...
[08:44:51]   [5] [IMG] Poovathumkunnu Toddy Shop | +(91)-9447386496 | 9 photos
[08:44:51]        [1] https://content.jdmagicbox.com/comp/kannur/w3/9999px497.x497.221231214333.y5w3/catalogue/p...
[08:44:51]        [2] https://images.jdmagicbox.com/comp/kannur/w3/9999px497.x497.221231214333.y5w3/catalogue/po...
[08:44:51]        [3] https://images.jdmagicbox.com/v2/comp/kannur/w3/9999px497.x497.221231214333.y5w3/catalogue...
[08:44:52]   [6] [IMG] Savoury Restaurant | +(91)-9047899299 | 9 photos
[08:44:52]        [1] https://content.jdmagicbox.com/comp/kannur/q5/9999px497.x497.190731072449.g2q5/catalogue/s...
[08:44:52]        [2] https://images.jdmagicbox.com/comp/kannur/q5/9999px497.x497.190731072449.g2q5/catalogue/sa...
[08:44:52]        [3] https://images.jdmagicbox.com/comp/kannur/q5/9999px497.x497.190731072449.g2q5/catalogue/sa...
[08:44:52]   [7] [IMG] Golden Peacock - Multi-Cuisine Restaurant |  | 5 photos
[08:44:52]        [1] https://content.jdmagicbox.com/v2/comp/kannur/w9/9999px497.x497.230727024923.z7w9/catalogu...
[08:44:52]        [2] https://images.jdmagicbox.com/v2/comp/kannur/w9/9999px497.x497.230727024923.z7w9/catalogue...
[08:44:52]        [3] https://images.jdmagicbox.com/v2/comp/kannur/w9/9999px497.x497.230727024923.z7w9/catalogue...
[08:44:53]   [8] [IMG] Pepperpot Restaurant | +(91)-7012140819 | 9 photos
[08:44:53]        [1] https://content.jdmagicbox.com/comp/kannur/i1/9999px497.x497.170604113331.n6i1/catalogue/p...
[08:44:53]        [2] https://images.jdmagicbox.com/comp/kannur/i1/9999px497.x497.170604113331.n6i1/catalogue/pe...
[08:44:53]        [3] https://images.jdmagicbox.com/comp/kannur/i1/9999px497.x497.170604113331.n6i1/catalogue/pe...
[08:44:53]   [9] [IMG] Citapani Fried Chicken | +(91)-8089540342 | 9 photos
[08:44:53]        [1] https://content.jdmagicbox.com/comp/kannur/g6/9999px497.x497.220722223404.u6g6/catalogue/c...
[08:44:53]        [2] https://images.jdmagicbox.com/comp/kannur/g6/9999px497.x497.220722223404.u6g6/catalogue/ci...
[08:44:53]        [3] https://images.jdmagicbox.com/comp/kannur/g6/9999px497.x497.220722223404.u6g6/catalogue/ci...
[08:44:53]   [10] [IMG] The Bamboo Restaurant | +(91)-8244258283 | 9 photos
[08:44:53]        [1] https://content.jdmagicbox.com/comp/kannur/c5/9999px497.x497.151229114630.i5c5/catalogue/t...
[08:44:53]        [2] https://images.jdmagicbox.com/comp/kannur/c5/9999px497.x497.151229114630.i5c5/catalogue/th...
[08:44:53]        [3] https://images.jdmagicbox.com/comp/kannur/c5/9999px497.x497.151229114630.i5c5/catalog/the-...
[08:44:54]   Reached last page for this target.
[08:44:55] 
==========================================
[08:44:55] [*] Scraping target 2/7: Thalassery
[08:44:55] ==========================================
[08:44:56] ? Found 100 total Restaurants in Thalassery.
[08:44:56]   Scraping page 1 (got 10 results)...
[08:44:56]   Checking page 2 for the next batch...
[08:44:56]   [1] [IMG] RICE N Roti Restaurant | +(91)-9980115973 | 8 photos
[08:44:56]        [1] https://content.jdmagicbox.com/comp/thalassery/c4/9999px490.x490.190702000354.e7c4/catalog...
[08:44:56]        [2] https://images.jdmagicbox.com/comp/thalassery/c4/9999px490.x490.190702000354.e7c4/catalogu...
[08:44:56]        [3] https://images.jdmagicbox.com/comp/thalassery/c4/9999px490.x490.190702000354.e7c4/catalogu...
[08:44:56]   [2] [IMG] Pepper Palace Restaurant | +(91)-9562327555 | 9 photos
[08:44:56]        [1] https://content.jdmagicbox.com/comp/thalassery/e5/9999px490.x490.220205205311.g4e5/catalog...
[08:44:56]        [2] https://images.jdmagicbox.com/comp/thalassery/e5/9999px490.x490.220205205311.g4e5/catalogu...
[08:44:56]        [3] https://images.jdmagicbox.com/comp/thalassery/e5/9999px490.x490.220205205311.g4e5/catalogu...
[08:44:56]   [3] [IMG] Rara Avis | +(91)-9895601060 | 9 photos
[08:44:56]        [1] https://content.jdmagicbox.com/comp/thalassery/a1/9999px490.x490.110313204738.r2a1/catalog...
[08:44:56]        [2] https://images.jdmagicbox.com/comp/thalassery/a1/9999px490.x490.110313204738.r2a1/catalogu...
[08:44:56]        [3] https://images.jdmagicbox.com/comp/thalassery/a1/9999px490.x490.110313204738.r2a1/catalogu...
[08:44:57]   [4] [IMG] Indian Coffee House |  | 9 photos
[08:44:57]        [1] https://content.jdmagicbox.com/comp/thalassery/m5/9999px490.x490.181127234956.l3m5/catalog...
[08:44:57]        [2] https://images.jdmagicbox.com/comp/thalassery/m5/9999px490.x490.181127234956.l3m5/catalogu...
[08:44:57]        [3] https://images.jdmagicbox.com/comp/thalassery/m5/9999px490.x490.181127234956.l3m5/catalogu...
[08:44:57]   [5] [IMG] Paris Restaurant | +(91)-9526147665 | 7 photos
[08:44:57]        [1] https://content.jdmagicbox.com/comp/thalassery/r4/9999px490.x490.180921222114.i5r4/catalog...
[08:44:57]        [2] https://images.jdmagicbox.com/comp/thalassery/r4/9999px490.x490.180921222114.i5r4/catalogu...
[08:44:57]        [3] https://images.jdmagicbox.com/comp/thalassery/r4/9999px490.x490.180921222114.i5r4/catalogu...
[08:44:58]   [6] [IMG] Holidays Restaurants |  | 4 photos
[08:44:58]        [1] https://content.jdmagicbox.com/v2/comp/thalassery/g7/9999px490.x490.250212180023.v3g7/cata...
[08:44:58]        [2] https://images.jdmagicbox.com/v2/comp/thalassery/g7/9999px490.x490.250212180023.v3g7/catal...
[08:44:58]        [3] https://images.jdmagicbox.com/v2/comp/thalassery/g7/9999px490.x490.250212180023.v3g7/catal...
[08:44:58]   [7] [IMG] Mra Restaurant | +(91)-7300400700 | 9 photos
[08:44:58]        [1] https://content.jdmagicbox.com/comp/thalassery/v5/9999px490.x490.230523180356.y2v5/catalog...
[08:44:58]        [2] https://images.jdmagicbox.com/comp/thalassery/v5/9999px490.x490.230523180356.y2v5/catalogu...
[08:44:58]        [3] https://images.jdmagicbox.com/comp/thalassery/v5/9999px490.x490.230523180356.y2v5/catalogu...
[08:44:58]   [8] [IMG] Indian Coffee House |  | 9 photos
[08:44:58]        [1] https://content.jdmagicbox.com/v2/comp/thalassery/z4/9999px490.x490.181113153351.q8z4/cata...
[08:44:58]        [2] https://images.jdmagicbox.com/v2/comp/thalassery/z4/9999px490.x490.181113153351.q8z4/catal...
[08:44:58]        [3] https://images.jdmagicbox.com/comp/thalassery/z4/9999px490.x490.181113153351.q8z4/catalogu...
[08:44:59]   [9] [IMG] Hotel Binaca | +(91)-9173612740 | 9 photos
[08:44:59]        [1] https://content.jdmagicbox.com/v2/comp/thalassery/b3/9999px490.x490.200627211903.r2b3/cata...
[08:44:59]        [2] https://images.jdmagicbox.com/v2/comp/thalassery/b3/9999px490.x490.200627211903.r2b3/catal...
[08:44:59]        [3] https://images.jdmagicbox.com/v2/comp/thalassery/b3/9999px490.x490.200627211903.r2b3/catal...
[08:44:59]   [10] [IMG] Hotel Ichayi'S Food Court |  | 2 photos
[08:44:59]        [1] https://content.jdmagicbox.com/v2/comp/thalassery/m9/9999px490.x490.240210111635.a6m9/cata...
[08:44:59]        [2] https://images.jdmagicbox.com/v2/comp/thalassery/m9/9999px490.x490.240210111635.a6m9/catal...
[08:45:02]   Scraping page 2 (got 10 results)...
[08:45:02]   Checking page 3 for the next batch...
[08:45:02]   [1] [IMG] Duniyav Restaurant | +(91)-7567202020 | 9 photos
[08:45:02]        [1] https://content.jdmagicbox.com/comp/thalassery/a3/9999px490.x490.220316232709.e1a3/catalog...
[08:45:02]        [2] https://images.jdmagicbox.com/comp/thalassery/a3/9999px490.x490.220316232709.e1a3/catalogu...
[08:45:02]        [3] https://images.jdmagicbox.com/comp/thalassery/a3/9999px490.x490.220316232709.e1a3/catalogu...
[08:45:02]   [2] [IMG] Adithya Vegetarian Restaurant | +(91)-8111888903 | 9 photos
[08:45:02]        [1] https://content.jdmagicbox.com/comp/thalassery/s1/9999px490.x490.190323111633.i1s1/catalog...
[08:45:02]        [2] https://images.jdmagicbox.com/comp/thalassery/s1/9999px490.x490.190323111633.i1s1/catalogu...
[08:45:02]        [3] https://images.jdmagicbox.com/comp/thalassery/s1/9999px490.x490.190323111633.i1s1/catalogu...
[08:45:02]   [3] [IMG] AFC Fried Chicken | +(91)-9947166381 | 8 photos
[08:45:02]        [1] https://content.jdmagicbox.com/comp/thalassery/i1/9999px490.x490.220613003205.l6i1/catalog...
[08:45:02]        [2] https://images.jdmagicbox.com/comp/thalassery/i1/9999px490.x490.220613003205.l6i1/catalogu...
[08:45:02]        [3] https://images.jdmagicbox.com/comp/thalassery/i1/9999px490.x490.220613003205.l6i1/catalogu...
[08:45:03]   [4] [IMG] Selesta Restaurant | +(91)-9744915916 | 6 photos
[08:45:03]        [1] https://content.jdmagicbox.com/comp/thalassery/u9/9999px490.x490.220316002642.i2u9/catalog...
[08:45:03]        [2] https://images.jdmagicbox.com/comp/thalassery/u9/9999px490.x490.220316002642.i2u9/catalogu...
[08:45:03]        [3] https://images.jdmagicbox.com/comp/thalassery/u9/9999px490.x490.220316002642.i2u9/catalogu...
[08:45:03]   [5] [IMG] Chicking Thalassery | +(91)-7510611138 | 9 photos
[08:45:03]        [1] https://content.jdmagicbox.com/v2/comp/thalassery/i7/9999px490.x490.210906191032.q4i7/cata...
[08:45:03]        [2] https://images.jdmagicbox.com/v2/comp/thalassery/i7/9999px490.x490.210906191032.q4i7/catal...
[08:45:03]        [3] https://images.jdmagicbox.com/v2/comp/thalassery/i7/9999px490.x490.210906191032.q4i7/catal...
[08:45:04]   [6] [IMG] Modern Hotel | +(91)-9497127292 | 8 photos
[08:45:04]        [1] https://content.jdmagicbox.com/comp/thalassery/z8/9999px490.x490.180301113245.d8z8/catalog...
[08:45:04]        [2] https://images.jdmagicbox.com/comp/thalassery/z8/9999px490.x490.180301113245.d8z8/catalogu...
[08:45:04]        [3] https://images.jdmagicbox.com/comp/thalassery/z8/9999px490.x490.180301113245.d8z8/catalogu...
[08:45:04]   [7] [IMG] Park View Restaurant | +(91)-8086080654 | 8 photos
[08:45:04]        [1] https://content.jdmagicbox.com/comp/thalassery/q2/9999px490.x490.110401132024.p6q2/catalog...
[08:45:04]        [2] https://images.jdmagicbox.com/comp/thalassery/q2/9999px490.x490.110401132024.p6q2/catalogu...
[08:45:04]        [3] https://images.jdmagicbox.com/comp/thalassery/q2/9999px490.x490.110401132024.p6q2/catalogu...
[08:45:04]   [8] [IMG] Caravan Arabian Cuisine | +(91)-8714381239 | 9 photos
[08:45:04]        [1] https://content.jdmagicbox.com/comp/kannur/b4/9999px497.x497.180223002617.d2b4/catalogue/c...
[08:45:04]        [2] https://images.jdmagicbox.com/comp/kannur/b4/9999px497.x497.180223002617.d2b4/catalogue/ca...
[08:45:04]        [3] https://images.jdmagicbox.com/comp/thalassery/b4/9999px497.x497.180223002617.d2b4/catalogu...
[08:45:05]   [9] [IMG] Rasam Restaurant |  | 4 photos
[08:45:05]        [1] https://content.jdmagicbox.com/v2/comp/thalassery/f6/9999px490.x490.240102215029.i3f6/cata...
[08:45:05]        [2] https://images.jdmagicbox.com/v2/comp/thalassery/f6/9999px490.x490.240102215029.i3f6/catal...
[08:45:05]        [3] https://images.jdmagicbox.com/v2/comp/thalassery/f6/9999px490.x490.240102215029.i3f6/catal...
[08:45:05]   [10] [IMG] Khaana peena | +(91)-8138062383 | 7 photos
[08:45:05]        [1] https://content.jdmagicbox.com/comp/thalassery/t3/9999px490.x490.190410180548.y1t3/catalog...
[08:45:05]        [2] https://images.jdmagicbox.com/comp/thalassery/t3/9999px490.x490.190410180548.y1t3/catalogu...
[08:45:05]        [3] https://images.jdmagicbox.com/v2/comp/thalassery/t3/9999px490.x490.190410180548.y1t3/catal...
[08:45:07]   Scraping page 3 (got 10 results)...
[08:45:07]   Checking page 4 for the next batch...
[08:45:07]   [1] [IMG] Lyndas |  | 3 photos
[08:45:07]        [1] https://content.jdmagicbox.com/comp/thalassery/g8/9999px490.x490.170927221253.z3g8/catalog...
[08:45:07]        [2] https://images.jdmagicbox.com/comp/thalassery/g8/9999px490.x490.170927221253.z3g8/catalogu...
[08:45:07]        [3] https://images.jdmagicbox.com/comp/thalassery/g8/9999px490.x490.170927221253.z3g8/catalogu...
[08:45:07]   [2] [IMG] Malabar Cafe |  | 2 photos
[08:45:07]        [1] https://content.jdmagicbox.com/comp/def_content/home_delivery_restaurants/default-home-del...
[08:45:07]        [2] https://images.jdmagicbox.com/comp/def_content/home_delivery_restaurants/default-home-deli...
[08:45:08]   [3] [IMG] Hotel Western |  | 6 photos
[08:45:08]        [1] https://content.jdmagicbox.com/comp/thalassery/a5/9999px490.x490.180819192828.x2a5/catalog...
[08:45:08]        [2] https://images.jdmagicbox.com/comp/thalassery/a5/9999px490.x490.180819192828.x2a5/catalogu...
[08:45:08]        [3] https://images.jdmagicbox.com/comp/thalassery/a5/9999px490.x490.180819192828.x2a5/catalogu...
[08:45:08]   [4] [IMG] Sarovar Hotel | +(91)-9446438066 | 5 photos
[08:45:08]        [1] https://content.jdmagicbox.com/comp/thalassery/d5/9999px490.x490.170606112818.q6d5/catalog...
[08:45:08]        [2] https://images.jdmagicbox.com/comp/thalassery/d5/9999px490.x490.170606112818.q6d5/catalogu...
[08:45:08]        [3] https://images.jdmagicbox.com/v2/comp/thalassery/d5/9999px490.x490.170606112818.q6d5/catal...
[08:45:09]   [5] [IMG] Chick Now |  | 9 photos
[08:45:09]        [1] https://content.jdmagicbox.com/comp/thalassery/p3/9999px490.x490.190702000427.v6p3/catalog...
[08:45:09]        [2] https://images.jdmagicbox.com/comp/thalassery/p3/9999px490.x490.190702000427.v6p3/catalogu...
[08:45:09]        [3] https://images.jdmagicbox.com/comp/thalassery/p3/9999px490.x490.190702000427.v6p3/catalogu...
[08:45:09]   [6] [IMG] Luais Kitchen | +(91)-8089481847 | 6 photos
[08:45:09]        [1] https://content.jdmagicbox.com/comp/thalassery/x4/9999px490.x490.230309094225.f7x4/catalog...
[08:45:09]        [2] https://images.jdmagicbox.com/comp/thalassery/x4/9999px490.x490.230309094225.f7x4/catalogu...
[08:45:09]        [3] https://images.jdmagicbox.com/v2/comp/thalassery/x4/9999px490.x490.230309094225.f7x4/catal...
[08:45:09]   [7] [IMG] Bombay Restaurant | +(91)-9142474727 | 9 photos
[08:45:09]        [1] https://content.jdmagicbox.com/comp/thalassery/g9/9999px490.x490.180816202613.s4g9/catalog...
[08:45:09]        [2] https://images.jdmagicbox.com/comp/thalassery/g9/9999px490.x490.180816202613.s4g9/catalogu...
[08:45:09]        [3] https://images.jdmagicbox.com/comp/thalassery/g9/9999px490.x490.180816202613.s4g9/catalogu...
[08:45:10]   [8] [IMG] Radhakrishna |  | 9 photos
[08:45:10]        [1] https://content.jdmagicbox.com/v2/comp/thalassery/r5/9999px490.x490.170928215630.e3r5/cata...
[08:45:10]        [2] https://images.jdmagicbox.com/v2/comp/thalassery/r5/9999px490.x490.170928215630.e3r5/catal...
[08:45:10]        [3] https://images.jdmagicbox.com/v2/comp/thalassery/r5/9999px490.x490.170928215630.e3r5/catal...
[08:45:10]   [9] [IMG] Caravan Arabic Cuisine | +(91)-7025500222 | 9 photos
[08:45:10]        [1] https://content.jdmagicbox.com/comp/thalassery/n5/9999px490.x490.191204212343.g4n5/catalog...
[08:45:10]        [2] https://images.jdmagicbox.com/comp/thalassery/n5/9999px490.x490.191204212343.g4n5/catalogu...
[08:45:10]        [3] https://images.jdmagicbox.com/comp/thalassery/n5/9999px490.x490.191204212343.g4n5/catalogu...
[08:45:10]   [10] [IMG] Majlis Restaurant | +(91)-9895689218 | 9 photos
[08:45:10]        [1] https://content.jdmagicbox.com/comp/thalassery/w5/9999px490.x490.190205022336.f6w5/catalog...
[08:45:10]        [2] https://images.jdmagicbox.com/comp/thalassery/w5/9999px490.x490.190205022336.f6w5/catalogu...
[08:45:10]        [3] https://images.jdmagicbox.com/v2/comp/thalassery/w5/9999px490.x490.190205022336.f6w5/catal...
[08:45:13]   Scraping page 4 (got 10 results)...
[08:45:13]   Checking page 5 for the next batch...
[08:45:13]   [1] [IMG] Arabian Treats |  | 9 photos
[08:45:13]        [1] https://content.jdmagicbox.com/comp/thalassery/a7/9999px490.x490.200628005356.b4a7/catalog...
[08:45:13]        [2] https://images.jdmagicbox.com/comp/thalassery/a7/9999px490.x490.200628005356.b4a7/catalogu...
[08:45:13]        [3] https://images.jdmagicbox.com/comp/thalassery/a7/9999px490.x490.200628005356.b4a7/catalogu...
[08:45:13]   [2] [IMG] Sreekrishna Hotel |  | 2 photos
[08:45:13]        [1] https://content.jdmagicbox.com/comp/def_content/restaurants/default-restaurants-6.jpg...
[08:45:13]        [2] https://images.jdmagicbox.com/comp/def_content/restaurants/default-restaurants-6.jpg...
[08:45:13]   [3] [IMG] Shylaja Hotel | +(91)-9605976106 | 9 photos
[08:45:13]        [1] https://content.jdmagicbox.com/v2/comp/thalassery/r8/9999px490.x490.240829222739.l1r8/cata...
[08:45:13]        [2] https://images.jdmagicbox.com/v2/comp/thalassery/r8/9999px490.x490.240829222739.l1r8/catal...
[08:45:13]        [3] https://images.jdmagicbox.com/v2/comp/thalassery/r8/9999px490.x490.240829222739.l1r8/catal...
[08:45:14]   [4] [IMG] Hotel Victoria | +(91)-9448488525 | 9 photos
[08:45:14]        [1] https://content.jdmagicbox.com/comp/thalassery/x3/9999px490.x490.191030232533.n6x3/catalog...
[08:45:14]        [2] https://images.jdmagicbox.com/comp/thalassery/x3/9999px490.x490.191030232533.n6x3/catalogu...
[08:45:14]        [3] https://images.jdmagicbox.com/comp/thalassery/x3/9999px490.x490.191030232533.n6x3/catalogu...
[08:45:14]   [5] [IMG] Hotel Reshma |  | 2 photos
[08:45:14]        [1] https://content.jdmagicbox.com/comp/def_content/restaurants/default-restaurants-4.jpg...
[08:45:14]        [2] https://images.jdmagicbox.com/comp/def_content/restaurants/default-restaurants-4.jpg...
[08:45:15]   [6] [IMG] Jubilee Restaurant | +(91)-9496189189 | 9 photos
[08:45:15]        [1] https://content.jdmagicbox.com/comp/thalassery/d4/9999px490.x490.170927191617.r3d4/catalog...
[08:45:15]        [2] https://images.jdmagicbox.com/comp/thalassery/d4/9999px490.x490.170927191617.r3d4/catalogu...
[08:45:15]        [3] https://images.jdmagicbox.com/comp/thalassery/d4/9999px490.x490.170927191617.r3d4/catalogu...
[08:45:15]   [7] [IMG] Laibachoos | +(91)-9846218782 | 9 photos
[08:45:15]        [1] https://content.jdmagicbox.com/v2/comp/thalassery/l3/9999px490.x490.250125103516.l3l3/cata...
[08:45:15]        [2] https://images.jdmagicbox.com/v2/comp/thalassery/l3/9999px490.x490.250125103516.l3l3/catal...
[08:45:15]        [3] https://images.jdmagicbox.com/v2/comp/thalassery/l3/9999px490.x490.250125103516.l3l3/catal...
[08:45:15]   [8] [IMG] Eben Ezer Food Court | +(91)-9446659610 | 2 photos
[08:45:15]        [1] https://content.jdmagicbox.com/comp/def_content/restaurants/default-restaurants-11.jpg...
[08:45:15]        [2] https://images.jdmagicbox.com/comp/def_content/restaurants/default-restaurants-11.jpg...
[08:45:16]   [9] [IMG] Khaana The Cloud Kitchen | +(91)-9744571007 | 2 photos
[08:45:16]        [1] https://content.jdmagicbox.com/comp/def_content/kerala-restaurants/5-kerala-restaurants-5-...
[08:45:16]        [2] https://images.jdmagicbox.com/comp/def_content/kerala-restaurants/5-kerala-restaurants-5-v...
[08:45:16]   [10] [IMG] Ammus Hotel | +(91)-9388257741 | 2 photos
[08:45:16]        [1] https://content.jdmagicbox.com/comp/def_content/restaurants/default-restaurants-1.jpg...
[08:45:16]        [2] https://images.jdmagicbox.com/comp/def_content/restaurants/default-restaurants-1.jpg...
[08:45:18]   Scraping page 5 (got 10 results)...
[08:45:18]   Checking page 6 for the next batch...
[08:45:18]   [1] [IMG] Emirates Family Restaurant | +(91)-9947203121 | 4 photos
[08:45:18]        [1] https://content.jdmagicbox.com/comp/thalassery/q2/9999px490.x490.180327103813.v4q2/catalog...
[08:45:18]        [2] https://images.jdmagicbox.com/comp/thalassery/q2/9999px490.x490.180327103813.v4q2/catalogu...
[08:45:18]        [3] https://images.jdmagicbox.com/comp/thalassery/q2/9999px490.x490.180327103813.v4q2/catalogu...
[08:45:18]   [2] [IMG] Green Leaf Restaurant |  | 9 photos
[08:45:18]        [1] https://content.jdmagicbox.com/comp/thalassery/j6/9999px490.x490.190910204305.v2j6/catalog...
[08:45:18]        [2] https://images.jdmagicbox.com/comp/thalassery/j6/9999px490.x490.190910204305.v2j6/catalogu...
[08:45:18]        [3] https://images.jdmagicbox.com/comp/thalassery/j6/9999px490.x490.190910204305.v2j6/catalogu...
[08:45:18]   [3] [IMG] Saradas Bakes & Restaurant | +(91)-9895260300 | 9 photos
[08:45:18]        [1] https://content.jdmagicbox.com/comp/thalassery/f8/9999px490.x490.170612164408.r1f8/catalog...
[08:45:18]        [2] https://images.jdmagicbox.com/comp/thalassery/f8/9999px490.x490.170612164408.r1f8/catalogu...
[08:45:18]        [3] https://images.jdmagicbox.com/v2/comp/thalassery/f8/9999px490.x490.170612164408.r1f8/catal...
[08:45:19]   [4] [IMG] The Afc | +(91)-9526357871 | 8 photos
[08:45:19]        [1] https://content.jdmagicbox.com/comp/thalassery/c5/9999px490.x490.220521214413.x3c5/catalog...
[08:45:19]        [2] https://images.jdmagicbox.com/comp/thalassery/c5/9999px490.x490.220521214413.x3c5/catalogu...
[08:45:19]        [3] https://images.jdmagicbox.com/comp/thalassery/c5/9999px490.x490.220521214413.x3c5/catalogu...
[08:45:19]   [5] [IMG] Raghava Hotel |  | 2 photos
[08:45:19]        [1] https://content.jdmagicbox.com/v2/comp/thalassery/f2/9999px490.x490.230225162023.a8f2/cata...
[08:45:19]        [2] https://images.jdmagicbox.com/v2/comp/thalassery/f2/9999px490.x490.230225162023.a8f2/catal...
[08:45:20]   [6] [IMG] Priya Family Restaurant |  | 2 photos
[08:45:20]        [1] https://content.jdmagicbox.com/comp/def_content/restaurants/default-restaurants-2.jpg...
[08:45:20]        [2] https://images.jdmagicbox.com/comp/def_content/restaurants/default-restaurants-2.jpg...
[08:45:20]   [7] [IMG] Grill House Koothuparamb | +(91)-9567965677 | 6 photos
[08:45:20]        [1] https://content.jdmagicbox.com/v2/comp/thalassery/z1/9999px490.x490.250401135051.d6z1/cata...
[08:45:20]        [2] https://images.jdmagicbox.com/v2/comp/thalassery/z1/9999px490.x490.250401135051.d6z1/catal...
[08:45:20]        [3] https://images.jdmagicbox.com/v2/comp/thalassery/z1/9999px490.x490.250401135051.d6z1/catal...
[08:45:21]   [8] [IMG] Eatery Club | +(91)-8606121818 | 7 photos
[08:45:21]        [1] https://content.jdmagicbox.com/comp/thalassery/q5/9999px490.x490.230830235327.d8q5/catalog...
[08:45:21]        [2] https://images.jdmagicbox.com/comp/thalassery/q5/9999px490.x490.230830235327.d8q5/catalogu...
[08:45:21]        [3] https://images.jdmagicbox.com/comp/thalassery/q5/9999px490.x490.230830235327.d8q5/catalogu...
[08:45:21]   [9] [IMG] Falafel | +(91)-9744415170 | 9 photos
[08:45:21]        [1] https://content.jdmagicbox.com/v2/comp/thalassery/m9/9999px490.x490.230224105609.e9m9/cata...
[08:45:21]        [2] https://images.jdmagicbox.com/v2/comp/thalassery/m9/9999px490.x490.230224105609.e9m9/catal...
[08:45:21]        [3] https://images.jdmagicbox.com/comp/thalassery/m9/9999px490.x490.230224105609.e9m9/catalogu...
[08:45:21]   [10] [IMG] Chikeys | +(91)-7902233222 | 9 photos
[08:45:21]        [1] https://content.jdmagicbox.com/comp/def_content_category/chikeys/86689044-2704886126304500...
[08:45:21]        [2] https://images.jdmagicbox.com/comp/def_content_category/chikeys/86689044-2704886126304500-...
[08:45:21]        [3] https://images.jdmagicbox.com/comp/def_content_category/chikeys/87596501-2723400677786378-...
[08:45:23]   Scraping page 6 (got 10 results)...
[08:45:23]   Checking page 7 for the next batch...
[08:45:23]   [1] [IMG] Grill House Thalassery | +(91)-9746920677 | 2 photos
[08:45:23]        [1] https://content.jdmagicbox.com/comp/def_content_category/restaurants/photo-1517248135467-4...
[08:45:23]        [2] https://images.jdmagicbox.com/comp/def_content_category/restaurants/photo-1517248135467-4c...
[08:45:24]   [2] [IMG] Amma Country Food Shala | +(91)-8921206417 | 2 photos
[08:45:24]        [1] https://content.jdmagicbox.com/comp/def_content/restaurants/default-restaurants-7.jpg...
[08:45:24]        [2] https://images.jdmagicbox.com/comp/def_content/restaurants/default-restaurants-7.jpg...
[08:45:24]   [3] [IMG] Aneesh Hotel |  | 2 photos
[08:45:24]        [1] https://content.jdmagicbox.com/comp/def_content/restaurants/default-restaurants-7.jpg...
[08:45:24]        [2] https://images.jdmagicbox.com/comp/def_content/restaurants/default-restaurants-7.jpg...
[08:45:25]   [4] [IMG] Ameen Hotel | +(91)-9895678914 | 9 photos
[08:45:25]        [1] https://content.jdmagicbox.com/comp/service_catalogue/restaurants-attr-meal-boxes-res72-1....
[08:45:25]        [2] https://images.jdmagicbox.com/comp/service_catalogue/restaurants-attr-meal-boxes-res72-1.j...
[08:45:25]        [3] https://images.jdmagicbox.com/comp/thalassery/d1/9999px490.x490.220619000835.a4d1/catalogu...
[08:45:25]   [5] [IMG] Hot Box Thalassery | +(91)-8129605850 | 9 photos
[08:45:25]        [1] https://content.jdmagicbox.com/comp/thalassery/k5/9999px490.x490.230129120648.v2k5/catalog...
[08:45:25]        [2] https://images.jdmagicbox.com/comp/thalassery/k5/9999px490.x490.230129120648.v2k5/catalogu...
[08:45:25]        [3] https://images.jdmagicbox.com/comp/thalassery/k5/9999px490.x490.230129120648.v2k5/catalogu...
[08:45:26]   [6] [IMG] Best Family Restaurant (Balram City Mall) | +(91)-9947291041 | 9 photos
[08:45:26]        [1] https://content.jdmagicbox.com/v2/comp/thalassery/k6/9999px490.x490.160401124050.s3k6/cata...
[08:45:26]        [2] https://images.jdmagicbox.com/v2/comp/thalassery/k6/9999px490.x490.160401124050.s3k6/catal...
[08:45:26]        [3] https://images.jdmagicbox.com/v2/comp/thalassery/k6/9999px490.x490.160401124050.s3k6/catal...
[08:45:26]   [7] [IMG] Shona Restaurant |  | 2 photos
[08:45:26]        [1] https://content.jdmagicbox.com/comp/def_content/restaurants/default-restaurants-6.jpg...
[08:45:26]        [2] https://images.jdmagicbox.com/comp/def_content/restaurants/default-restaurants-6.jpg...
[08:45:26]   [8] [IMG] Papreeka | +(91)-9746777655 | 9 photos
[08:45:26]        [1] https://content.jdmagicbox.com/v2/comp/thalassery/y2/9999px490.x490.230310114505.b9y2/cata...
[08:45:26]        [2] https://images.jdmagicbox.com/v2/comp/thalassery/y2/9999px490.x490.230310114505.b9y2/catal...
[08:45:26]        [3] https://images.jdmagicbox.com/v2/comp/thalassery/y2/9999px490.x490.230310114505.b9y2/catal...
[08:45:27]   [9] [IMG] Hotel Shailaja |  | 6 photos
[08:45:27]        [1] https://content.jdmagicbox.com/comp/thalassery/a6/9999px490.x490.190911005610.e8a6/catalog...
[08:45:27]        [2] https://images.jdmagicbox.com/comp/thalassery/a6/9999px490.x490.190911005610.e8a6/catalogu...
[08:45:27]        [3] https://images.jdmagicbox.com/comp/thalassery/a6/9999px490.x490.190911005610.e8a6/catalogu...
[08:45:27]   [10] [IMG] Regency Fried Chicken | +(91)-9846320039 | 6 photos
[08:45:27]        [1] https://content.jdmagicbox.com/comp/thalassery/i5/9999px490.x490.181113153607.u1i5/catalog...
[08:45:27]        [2] https://images.jdmagicbox.com/comp/thalassery/i5/9999px490.x490.181113153607.u1i5/catalogu...
[08:45:27]        [3] https://images.jdmagicbox.com/comp/thalassery/i5/9999px490.x490.181113153607.u1i5/catalogu...
[08:45:29]   Scraping page 7 (got 10 results)...
[08:45:29]   Checking page 8 for the next batch...
[08:45:29]   [1] [IMG] Al Baraka Foodcourt | +(91)-9746100171 | 2 photos
[08:45:29]        [1] https://content.jdmagicbox.com/comp/def_content/restaurants/default-restaurants-2.jpg...
[08:45:29]        [2] https://images.jdmagicbox.com/comp/def_content/restaurants/default-restaurants-2.jpg...
[08:45:29]   [2] [IMG] Pranam Restaurant | +(91)-9744118561 | 4 photos
[08:45:29]        [1] https://content.jdmagicbox.com/comp/thalassery/e5/9999px490.x490.180302120243.p2e5/catalog...
[08:45:29]        [2] https://images.jdmagicbox.com/comp/thalassery/e5/9999px490.x490.180302120243.p2e5/catalogu...
[08:45:29]        [3] https://images.jdmagicbox.com/comp/thalassery/e5/9999px490.x490.180302120243.p2e5/catalogu...
[08:45:30]   [3] [IMG] Royal Restaurant | +(91)-6282909440 | 9 photos
[08:45:30]        [1] https://content.jdmagicbox.com/v2/comp/thalassery/x6/9999px490.x490.230901092900.u9x6/cata...
[08:45:30]        [2] https://images.jdmagicbox.com/v2/comp/thalassery/x6/9999px490.x490.230901092900.u9x6/catal...
[08:45:30]        [3] https://images.jdmagicbox.com/v2/comp/thalassery/x6/9999px490.x490.230901092900.u9x6/catal...
[08:45:30]   [4] [IMG] Ashoka Hotel | +(91)-9447321527 | 4 photos
[08:45:30]        [1] https://content.jdmagicbox.com/v2/comp/thalassery/v2/9999px497.x497.170928100240.d4v2/cata...
[08:45:30]        [2] https://images.jdmagicbox.com/v2/comp/thalassery/v2/9999px497.x497.170928100240.d4v2/catal...
[08:45:30]        [3] https://images.jdmagicbox.com/v2/comp/thalassery/v2/9999px497.x497.170928100240.d4v2/catal...
[08:45:30]   [5] [IMG] Afamia Multi Cuisine Restaurant |  | 8 photos
[08:45:30]        [1] https://content.jdmagicbox.com/comp/thalassery/l4/9999px490.x490.171014150028.b5l4/catalog...
[08:45:30]        [2] https://images.jdmagicbox.com/comp/thalassery/l4/9999px490.x490.171014150028.b5l4/catalogu...
[08:45:30]        [3] https://images.jdmagicbox.com/comp/thalassery/l4/9999px490.x490.171014150028.b5l4/catalogu...
[08:45:31]   [6] [IMG] Pudina Restaurant | +(91)-7025866226 | 7 photos
[08:45:31]        [1] https://content.jdmagicbox.com/comp/thalassery/n1/9999px490.x490.190517050926.l9n1/catalog...
[08:45:31]        [2] https://images.jdmagicbox.com/comp/thalassery/n1/9999px490.x490.190517050926.l9n1/catalogu...
[08:45:31]        [3] https://images.jdmagicbox.com/comp/thalassery/n1/9999px490.x490.190517050926.l9n1/catalogu...
[08:45:31]   [7] [IMG] Thalassery Bangalore Cafe | +(91)-9895331746 | 2 photos
[08:45:31]        [1] https://content.jdmagicbox.com/comp/def_content/restaurants/default-restaurants-2.jpg...
[08:45:31]        [2] https://images.jdmagicbox.com/comp/def_content/restaurants/default-restaurants-2.jpg...
[08:45:32]   [8] [IMG] Pavithram Hotel |  | 2 photos
[08:45:32]        [1] https://content.jdmagicbox.com/comp/def_content/restaurants/default-restaurants-3.jpg...
[08:45:32]        [2] https://images.jdmagicbox.com/comp/def_content/restaurants/default-restaurants-3.jpg...
[08:45:32]   [9] [IMG] Salim Hassan's Parkview | +(91)-9946180654 | 9 photos
[08:45:32]        [1] https://content.jdmagicbox.com/comp/thalassery/b3/9999px490.x490.170604211058.f1b3/catalog...
[08:45:32]        [2] https://images.jdmagicbox.com/comp/thalassery/b3/9999px490.x490.170604211058.f1b3/catalogu...
[08:45:32]        [3] https://images.jdmagicbox.com/comp/thalassery/b3/9999px490.x490.170604211058.f1b3/catalogu...
[08:45:32]   [10] [IMG] Deenaj Hotel |  | 2 photos
[08:45:32]        [1] https://content.jdmagicbox.com/comp/def_content/restaurants/default-restaurants-3.jpg...
[08:45:32]        [2] https://images.jdmagicbox.com/comp/def_content/restaurants/default-restaurants-3.jpg...
[08:45:35]   Scraping page 8 (got 10 results)...
[08:45:35]   Checking page 9 for the next batch...
[08:45:35]   [1] [IMG] Kudumbashree Vanitha Hotel | +(91)-8943981934 | 3 photos
[08:45:35]        [1] https://content.jdmagicbox.com/comp/thalassery/a3/9999px490.x490.180208185826.d4a3/catalog...
[08:45:35]        [2] https://images.jdmagicbox.com/comp/thalassery/a3/9999px490.x490.180208185826.d4a3/catalogu...
[08:45:35]        [3] https://images.jdmagicbox.com/comp/thalassery/a3/9999px490.x490.180208185826.d4a3/catalogu...
[08:45:35]   [2] [IMG] Sreenarayana-Babus Kitchen | +(91)-9961216399 | 8 photos
[08:45:35]        [1] https://content.jdmagicbox.com/v2/comp/thalassery/h2/9999px490.x490.260428205752.s6h2/cata...
[08:45:35]        [2] https://images.jdmagicbox.com/v2/comp/thalassery/h2/9999px490.x490.260428205752.s6h2/catal...
[08:45:35]        [3] https://images.jdmagicbox.com/v2/comp/thalassery/h2/9999px490.x490.260428205752.s6h2/catal...
[08:45:36]   [3] [IMG] Janatha Thattukada |  | 4 photos
[08:45:36]        [1] https://content.jdmagicbox.com/comp/thalassery/v4/9999px490.x490.220619011550.b8v4/catalog...
[08:45:36]        [2] https://images.jdmagicbox.com/comp/thalassery/v4/9999px490.x490.220619011550.b8v4/catalogu...
[08:45:36]        [3] https://images.jdmagicbox.com/comp/thalassery/v4/9999px490.x490.220619011550.b8v4/catalogu...
[08:45:36]   [4] [IMG] Magic Grill |  | 2 photos
[08:45:36]        [1] https://content.jdmagicbox.com/comp/def_content/home_delivery_restaurants/default-home-del...
[08:45:36]        [2] https://images.jdmagicbox.com/comp/def_content/home_delivery_restaurants/default-home-deli...
[08:45:36]   [5] [IMG] Suchitra Restaurant |  | 2 photos
[08:45:36]        [1] https://content.jdmagicbox.com/comp/def_content/restaurants/default-restaurants-9.jpg...
[08:45:36]        [2] https://images.jdmagicbox.com/comp/def_content/restaurants/default-restaurants-9.jpg...
[08:45:37]   [6] [IMG] Ammus Hotel | +(91)-9388257741 | 2 photos
[08:45:37]        [1] https://content.jdmagicbox.com/comp/def_content/restaurants/default-restaurants-11.jpg...
[08:45:37]        [2] https://images.jdmagicbox.com/comp/def_content/restaurants/default-restaurants-11.jpg...
[08:45:37]   [7] [IMG] Lakshmi Hotel |  | 2 photos
[08:45:37]        [1] https://content.jdmagicbox.com/comp/def_content/restaurants/default-restaurants-11.jpg...
[08:45:37]        [2] https://images.jdmagicbox.com/comp/def_content/restaurants/default-restaurants-11.jpg...
[08:45:38]   [8] [IMG] Bfc Thalassery | +(91)-9744591041 | 8 photos
[08:45:38]        [1] https://content.jdmagicbox.com/v2/comp/thalassery/v8/9999px490.x490.251119164611.d6v8/cata...
[08:45:38]        [2] https://images.jdmagicbox.com/v2/comp/thalassery/v8/9999px490.x490.251119164611.d6v8/catal...
[08:45:38]        [3] https://images.jdmagicbox.com/v2/comp/thalassery/v8/9999px490.x490.251119164611.d6v8/catal...
[08:45:38]   [9] [IMG] Club Pudina |  | 2 photos
[08:45:38]        [1] https://content.jdmagicbox.com/comp/def_content/restaurants/default-restaurants-6.jpg...
[08:45:38]        [2] https://images.jdmagicbox.com/comp/def_content/restaurants/default-restaurants-6.jpg...
[08:45:39]   [10] [IMG] Saradas Live Kitchen | +(91)-9895448557 | 2 photos
[08:45:39]        [1] https://content.jdmagicbox.com/comp/def_content/restaurants/default-restaurants-5.jpg...
[08:45:39]        [2] https://images.jdmagicbox.com/comp/def_content/restaurants/default-restaurants-5.jpg...
[08:45:41]   Scraping page 9 (got 10 results)...
[08:45:41]   Checking page 10 for the next batch...
[08:45:41]   [1] [IMG] Nttf Mess | +(91)-9036003431 | 2 photos
[08:45:41]        [1] https://content.jdmagicbox.com/comp/thalassery/m6/9999px490.x490.171223232543.t5m6/catalog...
[08:45:41]        [2] https://images.jdmagicbox.com/comp/thalassery/m6/9999px490.x490.171223232543.t5m6/catalogu...
[08:45:41]   [2] [IMG] Visitor S |  | 2 photos
[08:45:41]        [1] https://content.jdmagicbox.com/comp/def_content/multicuisine_restaurants/default-multicuis...
[08:45:41]        [2] https://images.jdmagicbox.com/comp/def_content/multicuisine_restaurants/default-multicuisi...
[08:45:41]   [3] [IMG] Saroma Aditya Vegetarian Restaurant |  | 2 photos
[08:45:41]        [1] https://content.jdmagicbox.com/comp/def_content/restaurants/default-restaurants-1.jpg...
[08:45:41]        [2] https://images.jdmagicbox.com/comp/def_content/restaurants/default-restaurants-1.jpg...
[08:45:42]   [4] [IMG] Karthika Dine In Pure Veg | +(91)-7034560303 | 9 photos
[08:45:42]        [1] https://content.jdmagicbox.com/v2/comp/thalassery/d4/9999px490.x490.250121141138.b6d4/cata...
[08:45:42]        [2] https://images.jdmagicbox.com/v2/comp/thalassery/d4/9999px490.x490.250121141138.b6d4/catal...
[08:45:42]        [3] https://images.jdmagicbox.com/v2/comp/thalassery/d4/9999px490.x490.250121141138.b6d4/catal...
[08:45:42]   [5] [IMG] Memories | +(91)-8714944688 | 7 photos
[08:45:42]        [1] https://content.jdmagicbox.com/comp/thalassery/f9/9999px490.x490.230725041958.p6f9/catalog...
[08:45:42]        [2] https://images.jdmagicbox.com/comp/thalassery/f9/9999px490.x490.230725041958.p6f9/catalogu...
[08:45:42]        [3] https://images.jdmagicbox.com/comp/thalassery/f9/9999px490.x490.230725041958.p6f9/catalogu...
[08:45:43]   [6] [IMG] Hamdan Food Court |  | 2 photos
[08:45:43]        [1] https://content.jdmagicbox.com/comp/def_content/restaurants/default-restaurants-2.jpg...
[08:45:43]        [2] https://images.jdmagicbox.com/comp/def_content/restaurants/default-restaurants-2.jpg...
[08:45:43]   [7] [IMG] Zaithuun Hotel |  | 2 photos
[08:45:43]        [1] https://content.jdmagicbox.com/comp/def_content/restaurants/default-restaurants-5.jpg...
[08:45:43]        [2] https://images.jdmagicbox.com/comp/def_content/restaurants/default-restaurants-5.jpg...
[08:45:43]   [8] [IMG] Nurumb Hotel |  | 2 photos
[08:45:43]        [1] https://content.jdmagicbox.com/comp/def_content/restaurants/default-restaurants-3.jpg...
[08:45:43]        [2] https://images.jdmagicbox.com/comp/def_content/restaurants/default-restaurants-3.jpg...
[08:45:44]   [9] [IMG] Tellistory | +(91)-8157872222 | 7 photos
[08:45:44]        [1] https://content.jdmagicbox.com/comp/thalassery/d4/9999px490.x490.171224000420.j6d4/catalog...
[08:45:44]        [2] https://images.jdmagicbox.com/comp/thalassery/d4/9999px490.x490.171224000420.j6d4/catalogu...
[08:45:44]        [3] https://images.jdmagicbox.com/comp/thalassery/d4/9999px490.x490.171224000420.j6d4/catalogu...
[08:45:44]   [10] [IMG] The Giza Grill | +(91)-9747965656 | 9 photos
[08:45:44]        [1] https://content.jdmagicbox.com/v2/comp/thalassery/z5/9999px490.x490.240731025140.u4z5/cata...
[08:45:44]        [2] https://images.jdmagicbox.com/v2/comp/thalassery/z5/9999px490.x490.240731025140.u4z5/catal...
[08:45:44]        [3] https://images.jdmagicbox.com/v2/comp/thalassery/z5/9999px490.x490.240731025140.u4z5/catal...
[08:45:46]   Scraping page 10 (got 10 results)...
[08:45:46]   No more pages found (END OF RESULTS).
[08:45:46]   [1] [IMG] Kadaloram Family Restaurant |  | 2 photos
[08:45:46]        [1] https://content.jdmagicbox.com/comp/def_content/restaurants/default-restaurants-4.jpg...
[08:45:46]        [2] https://images.jdmagicbox.com/comp/def_content/restaurants/default-restaurants-4.jpg...
[08:45:46]   [2] [IMG] White Cafe Restaurant | +(91)-8606697945 | 2 photos
[08:45:46]        [1] https://content.jdmagicbox.com/comp/def_content/restaurants/default-restaurants-2.jpg...
[08:45:46]        [2] https://images.jdmagicbox.com/comp/def_content/restaurants/default-restaurants-2.jpg...
[08:45:47]   [3] [IMG] Kudumbashree Mukulam Hotel | +(91)-9497726914 | 3 photos
[08:45:47]        [1] https://content.jdmagicbox.com/comp/thalassery/r2/9999px490.x490.180217052757.v2r2/catalog...
[08:45:47]        [2] https://images.jdmagicbox.com/comp/thalassery/r2/9999px490.x490.180217052757.v2r2/catalogu...
[08:45:47]        [3] https://images.jdmagicbox.com/comp/thalassery/r2/9999px490.x490.180217052757.v2r2/catalogu...
[08:45:47]   [4] [IMG] Mini Caravan | +(91)-7994373222 | 2 photos
[08:45:47]        [1] https://content.jdmagicbox.com/comp/def_content/afghani-restaurants/shutterstock-575169715...
[08:45:47]        [2] https://images.jdmagicbox.com/comp/def_content/afghani-restaurants/shutterstock-575169715-...
[08:45:48]   [5] [IMG] Arabian Fort Restaurant | +(91)-7012638957 | 9 photos
[08:45:48]        [1] https://content.jdmagicbox.com/comp/thalassery/n6/9999px490.x490.220419224305.d7n6/catalog...
[08:45:48]        [2] https://images.jdmagicbox.com/comp/thalassery/n6/9999px490.x490.220419224305.d7n6/catalogu...
[08:45:48]        [3] https://images.jdmagicbox.com/comp/thalassery/n6/9999px490.x490.220419224305.d7n6/catalogu...
[08:45:48]   [6] [IMG] Thanima Kitchen |  | 2 photos
[08:45:48]        [1] https://content.jdmagicbox.com/comp/def_content/restaurants/default-restaurants-2.jpg...
[08:45:48]        [2] https://images.jdmagicbox.com/comp/def_content/restaurants/default-restaurants-2.jpg...
[08:45:48]   [7] [IMG] Hotel Manna |  | 2 photos
[08:45:48]        [1] https://content.jdmagicbox.com/comp/def_content/restaurants/default-restaurants-8.jpg...
[08:45:48]        [2] https://images.jdmagicbox.com/comp/def_content/restaurants/default-restaurants-8.jpg...
[08:45:49]   [8] [IMG] Ammas Hotel | +(91)-9847784954 | 2 photos
[08:45:49]        [1] https://content.jdmagicbox.com/comp/def_content/restaurants/default-restaurants-1.jpg...
[08:45:49]        [2] https://images.jdmagicbox.com/comp/def_content/restaurants/default-restaurants-1.jpg...
[08:45:49]   [9] [IMG] Roopasree Hotel | +(91)-8129050124 | 2 photos
[08:45:49]        [1] https://content.jdmagicbox.com/comp/def_content/restaurants/default-restaurants-5.jpg...
[08:45:49]        [2] https://images.jdmagicbox.com/comp/def_content/restaurants/default-restaurants-5.jpg...
[08:45:49]   [10] [IMG] Hotel Sithara | +(91)-9847860939 | 3 photos
[08:45:49]        [1] https://content.jdmagicbox.com/comp/thalassery/a5/9999px490.x490.140129061535.z6a5/catalog...
[08:45:49]        [2] https://images.jdmagicbox.com/comp/thalassery/a5/9999px490.x490.140129061535.z6a5/catalogu...
[08:45:49]        [3] https://images.jdmagicbox.com/comp/thalassery/j9/9999px490.x490.140610174742.k1j9/catalogu...
[08:45:50]   Reached last page for this target.
[08:45:51] 
==========================================
[08:45:51] [*] Scraping target 3/7: Payyannur
[08:45:51] ==========================================
[08:45:51] ? Found 100 total Restaurants in Payyannur.
[08:45:51]   Scraping page 1 (got 10 results)...
[08:45:51]   Checking page 2 for the next batch...
[08:45:51]   [1] [IMG] IGLOO Restaurant & Ice Cream Parlour | +(91)-9054644245 | 9 photos
[08:45:51]        [1] https://content.jdmagicbox.com/comp/kannur/s9/9999px497.x497.131202152326.h3s9/catalogue/i...
[08:45:51]        [2] https://images.jdmagicbox.com/comp/kannur/s9/9999px497.x497.131202152326.h3s9/catalogue/ig...
[08:45:51]        [3] https://images.jdmagicbox.com/comp/kannur/s9/9999px497.x497.131202152326.h3s9/catalogue/ig...
[08:45:52]   [2] [IMG] WESTBURG DARMASHALA | +(91)-7411790657 | 7 photos
[08:45:52]        [1] https://content.jdmagicbox.com/v2/comp/kannur/z9/9999px497.x497.250712160334.d1z9/catalogu...
[08:45:52]        [2] https://images.jdmagicbox.com/v2/comp/kannur/z9/9999px497.x497.250712160334.d1z9/catalogue...
[08:45:52]        [3] https://images.jdmagicbox.com/v2/comp/kannur/z9/9999px497.x497.250712160334.d1z9/catalogue...
[08:45:52]   [3] [IMG] Raras Family Food Court | +(91)-7487978259 | 9 photos
[08:45:52]        [1] https://content.jdmagicbox.com/v2/comp/kannur/i6/9999px497.x497.250412033736.h8i6/catalogu...
[08:45:52]        [2] https://images.jdmagicbox.com/v2/comp/kannur/i6/9999px497.x497.250412033736.h8i6/catalogue...
[08:45:52]        [3] https://images.jdmagicbox.com/v2/comp/kannur/i6/9999px497.x497.250412033736.h8i6/catalogue...
[08:45:53]   [4] [IMG] Jubily Hotel | +(91)-9895321341 | 3 photos
[08:45:53]        [1] https://content.jdmagicbox.com/v2/comp/kannur/k2/9999px497.x497.171204201145.x3k2/catalogu...
[08:45:53]        [2] https://images.jdmagicbox.com/v2/comp/kannur/k2/9999px497.x497.171204201145.x3k2/catalogue...
[08:45:53]        [3] https://images.jdmagicbox.com/comp/service_catalogue/restaurants-attr-valet-parking-rvp-2....
[08:45:53]   [5] [IMG] MVK travellers Restaurant | +(91)-9207788994 | 9 photos
[08:45:53]        [1] https://content.jdmagicbox.com/comp/kannur/w6/9999px497.x497.190418220905.a1w6/catalogue/m...
[08:45:53]        [2] https://images.jdmagicbox.com/comp/kannur/w6/9999px497.x497.190418220905.a1w6/catalogue/mv...
[08:45:53]        [3] https://images.jdmagicbox.com/comp/kannur/w6/9999px497.x497.190418220905.a1w6/catalogue/mv...
[08:45:53]   [6] [IMG] Steak House Restaurant | +(91)-8281729999 | 9 photos
[08:45:53]        [1] https://content.jdmagicbox.com/comp/kannur/h7/9999px497.x497.170404142735.z9h7/catalogue/s...
[08:45:53]        [2] https://images.jdmagicbox.com/comp/kannur/h7/9999px497.x497.170404142735.z9h7/catalogue/st...
[08:45:53]        [3] https://images.jdmagicbox.com/comp/kannur/h7/9999px497.x497.170404142735.z9h7/catalogue/st...
[08:45:54]   [7] [IMG] Sufi Makhan | +(91)-8137820820 | 9 photos
[08:45:54]        [1] https://content.jdmagicbox.com/comp/kannur/v9/9999px497.x497.180425151526.t6v9/catalogue/s...
[08:45:54]        [2] https://images.jdmagicbox.com/comp/kannur/v9/9999px497.x497.180425151526.t6v9/catalogue/su...
[08:45:54]        [3] https://images.jdmagicbox.com/comp/kannur/v9/9999px497.x497.180425151526.t6v9/catalogue/su...
[08:45:54]   [8] [IMG] Ajwa Restaurant |  | 9 photos
[08:45:54]        [1] https://content.jdmagicbox.com/v2/comp/taliparamba/n3/9999px497.x497.230312100906.y6n3/cat...
[08:45:54]        [2] https://images.jdmagicbox.com/v2/comp/taliparamba/n3/9999px497.x497.230312100906.y6n3/cata...
[08:45:54]        [3] https://images.jdmagicbox.com/v2/comp/taliparamba/n3/9999px497.x497.230312100906.y6n3/cata...
[08:45:54]   [9] [IMG] Taazah Restaurant | +(91)-9237100800 | 9 photos
[08:45:54]        [1] https://content.jdmagicbox.com/comp/muzhappilangad/x8/9999px497.x497.230625104047.e1x8/cat...
[08:45:54]        [2] https://images.jdmagicbox.com/comp/muzhappilangad/x8/9999px497.x497.230625104047.e1x8/cata...
[08:45:54]        [3] https://images.jdmagicbox.com/comp/muzhappilangad/x8/9999px497.x497.230625104047.e1x8/cata...
[08:45:55]   [10] [IMG] Moonampeedika | +(91)-7034897303 | 2 photos
[08:45:55]        [1] https://content.jdmagicbox.com/comp/def_content/restaurants/default-restaurants-3.jpg...
[08:45:55]        [2] https://images.jdmagicbox.com/comp/def_content/restaurants/default-restaurants-3.jpg...
[08:45:57]   Scraping page 2 (got 10 results)...
[08:45:57]   Checking page 3 for the next batch...
[08:45:57]   [1] [IMG] Tripti Family Restaurant | +(91)-9633639925 | 9 photos
[08:45:57]        [1] https://content.jdmagicbox.com/comp/kannur/z9/9999px497.x497.221005203840.w1z9/catalogue/t...
[08:45:57]        [2] https://images.jdmagicbox.com/comp/kannur/z9/9999px497.x497.221005203840.w1z9/catalogue/tr...
[08:45:57]        [3] https://images.jdmagicbox.com/comp/kannur/z9/9999px497.x497.221005203840.w1z9/catalogue/tr...
[08:45:57]   [2] [IMG] Indian Coffee House |  | 9 photos
[08:45:57]        [1] https://content.jdmagicbox.com/v2/comp/taliparamba/y4/9999px497.x497.130308163423.z4y4/cat...
[08:45:57]        [2] https://images.jdmagicbox.com/v2/comp/taliparamba/y4/9999px497.x497.130308163423.z4y4/cata...
[08:45:57]        [3] https://images.jdmagicbox.com/v2/comp/taliparamba/y4/9999px497.x497.130308163423.z4y4/cata...
[08:45:58]   [3] [IMG] Sahar Hotfood Restaurant & Catering | +(91)-7012405499 | 6 photos
[08:45:58]        [1] https://content.jdmagicbox.com/comp/kannur/t7/9999px497.x497.200207002314.g6t7/catalogue/s...
[08:45:58]        [2] https://images.jdmagicbox.com/comp/kannur/t7/9999px497.x497.200207002314.g6t7/catalogue/sa...
[08:45:58]        [3] https://images.jdmagicbox.com/v2/comp/kannur/t7/9999px497.x497.200207002314.g6t7/catalogue...
[08:45:58]   [4] [IMG] Al Jouf Restaurant | +(91)-9747067726 | 9 photos
[08:45:58]        [1] https://content.jdmagicbox.com/comp/kannur/e7/9999px497.x497.170609212839.f4e7/catalogue/a...
[08:45:58]        [2] https://images.jdmagicbox.com/comp/kannur/e7/9999px497.x497.170609212839.f4e7/catalogue/al...
[08:45:58]        [3] https://images.jdmagicbox.com/comp/kannur/e7/9999px497.x497.170609212839.f4e7/catalogue/al...
[08:45:58]   [5] [IMG] Chicking | +(91)-7594060649 | 2 photos
[08:45:58]        [1] https://content.jdmagicbox.com/comp/def_content/home_delivery_restaurants/default-home-del...
[08:45:58]        [2] https://images.jdmagicbox.com/comp/def_content/home_delivery_restaurants/default-home-deli...
[08:45:59]   [6] [IMG] Kakkadans Hotel | +(91)-9495032325 | 2 photos
[08:45:59]        [1] https://content.jdmagicbox.com/comp/kannur/q4/9999px497.x497.190725224659.i9q4/catalogue/k...
[08:45:59]        [2] https://images.jdmagicbox.com/comp/kannur/q4/9999px497.x497.190725224659.i9q4/catalogue/ka...
[08:45:59]   [7] [IMG] Bamboo Fresh | +(91)-9633963390 | 9 photos
[08:45:59]        [1] https://content.jdmagicbox.com/v2/comp/kannur/p5/9999px497.x497.231205085208.p2p5/catalogu...
[08:45:59]        [2] https://images.jdmagicbox.com/v2/comp/kannur/p5/9999px497.x497.231205085208.p2p5/catalogue...
[08:45:59]        [3] https://images.jdmagicbox.com/v2/comp/kannur/p5/9999px497.x497.231205085208.p2p5/catalogue...
[08:46:00]   [8] [IMG] National Hotel | +(91)-9847438119 | 9 photos
[08:46:00]        [1] https://content.jdmagicbox.com/v2/comp/kannur/c4/9999px497.x497.170928092153.e3c4/catalogu...
[08:46:00]        [2] https://images.jdmagicbox.com/v2/comp/kannur/c4/9999px497.x497.170928092153.e3c4/catalogue...
[08:46:00]        [3] https://images.jdmagicbox.com/v2/comp/kannur/c4/9999px497.x497.170928092153.e3c4/catalogue...
[08:46:00]   [9] [IMG] Cita Pani Family Restaurant | +(91)-8129612858 | 9 photos
[08:46:00]        [1] https://content.jdmagicbox.com/comp/kannur/i8/9999px497.x497.230704150842.q4i8/catalogue/c...
[08:46:00]        [2] https://images.jdmagicbox.com/comp/kannur/i8/9999px497.x497.230704150842.q4i8/catalogue/ci...
[08:46:00]        [3] https://images.jdmagicbox.com/comp/kannur/w6/9999px497.x497.171201162128.p4w6/catalogue/ci...
[08:46:00]   [10] [IMG] Indian Coffee House |  | 9 photos
[08:46:00]        [1] https://content.jdmagicbox.com/comp/kannur/u6/9999px497.x497.181113165711.u4u6/catalogue/i...
[08:46:00]        [2] https://images.jdmagicbox.com/comp/kannur/u6/9999px497.x497.181113165711.u4u6/catalogue/in...
[08:46:00]        [3] https://images.jdmagicbox.com/comp/kannur/u6/9999px497.x497.181113165711.u4u6/catalogue/in...
[08:46:02]   Scraping page 3 (got 10 results)...
[08:46:02]   Checking page 4 for the next batch...
[08:46:02]   [1] [IMG] Cafe Ghazal | +(91)-9400805060 | 9 photos
[08:46:02]        [1] https://content.jdmagicbox.com/comp/kannur/c5/9999px497.x497.220317003442.w8c5/catalogue/c...
[08:46:02]        [2] https://images.jdmagicbox.com/comp/kannur/c5/9999px497.x497.220317003442.w8c5/catalogue/ca...
[08:46:02]        [3] https://images.jdmagicbox.com/comp/kannur/c5/9999px497.x497.220317003442.w8c5/catalogue/ca...
[08:46:03]   [2] [IMG] Ondhens Hotel | +(91)-9895188722 | 9 photos
[08:46:03]        [1] https://content.jdmagicbox.com/comp/kannur/g8/9999px497.x497.170608122354.g5g8/catalogue/o...
[08:46:03]        [2] https://images.jdmagicbox.com/comp/kannur/g8/9999px497.x497.170608122354.g5g8/catalogue/on...
[08:46:03]        [3] https://images.jdmagicbox.com/comp/kannur/g8/9999px497.x497.170608122354.g5g8/catalogue/on...
[08:46:03]   [3] [IMG] Sree Ramachandra Vilas Brahmanal Hotel | +(91)-9746510369 | 9 photos
[08:46:03]        [1] https://content.jdmagicbox.com/v2/comp/kannur/k4/9999px497.x497.171226072911.g5k4/catalogu...
[08:46:03]        [2] https://images.jdmagicbox.com/v2/comp/kannur/k4/9999px497.x497.171226072911.g5k4/catalogue...
[08:46:03]        [3] https://images.jdmagicbox.com/v2/comp/kannur/k4/9999px497.x497.171226072911.g5k4/catalogue...
[08:46:04]   [4] [IMG] Nabooda |  | 7 photos
[08:46:04]        [1] https://content.jdmagicbox.com/v2/comp/kannur/n7/9999px497.x497.220620224217.t1n7/catalogu...
[08:46:04]        [2] https://images.jdmagicbox.com/v2/comp/kannur/n7/9999px497.x497.220620224217.t1n7/catalogue...
[08:46:04]        [3] https://images.jdmagicbox.com/v2/comp/kannur/n7/9999px497.x497.220620224217.t1n7/catalogue...
[08:46:04]   [5] [IMG] Komalavilas Hotel | +(91)-8547364192 | 9 photos
[08:46:04]        [1] https://content.jdmagicbox.com/comp/kannur/y2/9999px497.x497.131023112820.w2y2/catalogue/k...
[08:46:04]        [2] https://images.jdmagicbox.com/comp/kannur/y2/9999px497.x497.131023112820.w2y2/catalogue/ko...
[08:46:04]        [3] https://images.jdmagicbox.com/v2/comp/kannur/y2/9999px497.x497.131023112820.w2y2/catalogue...
[08:46:04]   [6] [IMG] Shafi Thattukada | +(91)-9633121212 | 9 photos
[08:46:04]        [1] https://content.jdmagicbox.com/comp/kannur/t5/9999px497.x497.181218140716.e2t5/catalogue/s...
[08:46:04]        [2] https://images.jdmagicbox.com/comp/kannur/t5/9999px497.x497.181218140716.e2t5/catalogue/sh...
[08:46:04]        [3] https://images.jdmagicbox.com/comp/kannur/t5/9999px497.x497.181218140716.e2t5/catalogue/sh...
[08:46:05]   [7] [IMG] Chikeys | +(91)-9567222111 | 9 photos
[08:46:05]        [1] https://content.jdmagicbox.com/comp/def_content_category/chikeys/184580009-393742527638390...
[08:46:05]        [2] https://images.jdmagicbox.com/comp/def_content_category/chikeys/184580009-3937425276383906...
[08:46:05]        [3] https://images.jdmagicbox.com/comp/def_content_category/chikeys/131432263-3516046558521782...
[08:46:05]   [8] [IMG] Merchant Cafe |  | 9 photos
[08:46:05]        [1] https://content.jdmagicbox.com/v2/comp/kannur/g4/9999px497.x497.230901035351.h7g4/catalogu...
[08:46:05]        [2] https://images.jdmagicbox.com/v2/comp/kannur/g4/9999px497.x497.230901035351.h7g4/catalogue...
[08:46:05]        [3] https://images.jdmagicbox.com/v2/comp/kannur/g4/9999px497.x497.230901035351.h7g4/catalogue...
[08:46:06]   [9] [IMG] Beijing Wok | +(91)-9020921990 | 4 photos
[08:46:06]        [1] https://content.jdmagicbox.com/comp/kannur/d5/9999px497.x497.200331202238.u8d5/catalogue/b...
[08:46:06]        [2] https://images.jdmagicbox.com/comp/kannur/d5/9999px497.x497.200331202238.u8d5/catalogue/be...
[08:46:06]        [3] https://images.jdmagicbox.com/comp/kannur/d5/9999px497.x497.200331202238.u8d5/catalogue/be...
[08:46:06]   [10] [IMG] Onden Hotel | +(91)-9895188722 | 9 photos
[08:46:06]        [1] https://content.jdmagicbox.com/v2/comp/kannur/v2/9999px497.x497.200617210257.t4v2/catalogu...
[08:46:06]        [2] https://images.jdmagicbox.com/v2/comp/kannur/v2/9999px497.x497.200617210257.t4v2/catalogue...
[08:46:06]        [3] https://images.jdmagicbox.com/v2/comp/kannur/v2/9999px497.x497.200617210257.t4v2/catalogue...
[08:46:09]   Scraping page 4 (got 10 results)...
[08:46:09]   Checking page 5 for the next batch...
[08:46:09]   [1] [IMG] Omas Restaurant | +(91)-9526051554 | 9 photos
[08:46:09]        [1] https://content.jdmagicbox.com/comp/kannur/c1/9999px497.x497.180906200230.m5c1/catalogue/o...
[08:46:09]        [2] https://images.jdmagicbox.com/comp/kannur/c1/9999px497.x497.180906200230.m5c1/catalogue/om...
[08:46:09]        [3] https://images.jdmagicbox.com/comp/kannur/c1/9999px497.x497.180906200230.m5c1/catalogue/om...
[08:46:09]   [2] [IMG] Wimbies Restaurant And Fried Chicken | +(91)-9895868789 | 7 photos
[08:46:09]        [1] https://content.jdmagicbox.com/comp/kannur/u9/9999px497.x497.170607163909.z1u9/catalogue/w...
[08:46:09]        [2] https://images.jdmagicbox.com/comp/kannur/u9/9999px497.x497.170607163909.z1u9/catalogue/wi...
[08:46:09]        [3] https://images.jdmagicbox.com/comp/kannur/u9/9999px497.x497.170607163909.z1u9/catalogue/wi...
[08:46:09]   [3] [IMG] Costa Malabari | +(91)-9447775696 | 9 photos
[08:46:09]        [1] https://content.jdmagicbox.com/comp/kannur/e8/9999px497.x497.130517172610.r3e8/catalogue/c...
[08:46:09]        [2] https://images.jdmagicbox.com/comp/kannur/e8/9999px497.x497.130517172610.r3e8/catalogue/co...
[08:46:09]        [3] https://images.jdmagicbox.com/comp/kannur/e8/9999px497.x497.130517172610.r3e8/catalogue/co...
[08:46:10]   [4] [IMG] Kairali Hotel Non Veg | +(91)-9947408010 | 3 photos
[08:46:10]        [1] https://content.jdmagicbox.com/comp/kannur/j8/9999px497.x497.171230225106.w9j8/catalogue/k...
[08:46:10]        [2] https://images.jdmagicbox.com/comp/kannur/j8/9999px497.x497.171230225106.w9j8/catalogue/ka...
[08:46:10]        [3] https://images.jdmagicbox.com/comp/kannur/j8/9999px497.x497.171230225106.w9j8/catalogue/ka...
[08:46:10]   [5] [IMG] Maroosh Hotel | +(91)-9744400024 | 9 photos
[08:46:10]        [1] https://content.jdmagicbox.com/comp/kannur/r9/9999px497.x497.180817204509.d9r9/catalogue/m...
[08:46:10]        [2] https://images.jdmagicbox.com/comp/kannur/r9/9999px497.x497.180817204509.d9r9/catalogue/ma...
[08:46:10]        [3] https://images.jdmagicbox.com/comp/kannur/r9/9999px497.x497.180817204509.d9r9/catalogue/ma...
[08:46:11]   [6] [IMG] Jesna Lunch Room | +(91)-9605683147 | 7 photos
[08:46:11]        [1] https://content.jdmagicbox.com/comp/kannur/f2/9999px497.x497.190220121951.z4f2/catalogue/j...
[08:46:11]        [2] https://images.jdmagicbox.com/comp/kannur/f2/9999px497.x497.190220121951.z4f2/catalogue/je...
[08:46:11]        [3] https://images.jdmagicbox.com/comp/kannur/f2/9999px497.x497.190220121951.z4f2/catalogue/je...
[08:46:11]   [7] [IMG] Menjus Spices | +(91)-7012753625 | 6 photos
[08:46:11]        [1] https://content.jdmagicbox.com/comp/kannur/m9/9999px497.x497.220813203021.m6m9/catalogue/m...
[08:46:11]        [2] https://images.jdmagicbox.com/comp/kannur/m9/9999px497.x497.220813203021.m6m9/catalogue/me...
[08:46:11]        [3] https://images.jdmagicbox.com/comp/kannur/m9/9999px497.x497.220813203021.m6m9/catalogue/me...
[08:46:11]   [8] [IMG] Kfc | +(91)-7942725809 | 9 photos
[08:46:11]        [1] https://content.jdmagicbox.com/comp/def_content_category/kfc/274744306-5359482000748984-67...
[08:46:11]        [2] https://images.jdmagicbox.com/comp/def_content_category/kfc/274744306-5359482000748984-675...
[08:46:11]        [3] https://images.jdmagicbox.com/comp/def_content_category/kfc/275889960-5402476773116173-904...
[08:46:12]   [9] [IMG] BARKA RESTAURANT | +(91)-8714218399 | 9 photos
[08:46:12]        [1] https://content.jdmagicbox.com/comp/kannur/d4/9999px497.x497.230420141210.i3d4/catalogue/b...
[08:46:12]        [2] https://images.jdmagicbox.com/comp/kannur/d4/9999px497.x497.230420141210.i3d4/catalogue/ba...
[08:46:12]        [3] https://images.jdmagicbox.com/comp/kannur/d4/9999px497.x497.230420141210.i3d4/catalogue/yj...
[08:46:12]   [10] [IMG] Al Taza | +(91)-8606660421 | 9 photos
[08:46:12]        [1] https://content.jdmagicbox.com/comp/def_content_category/al-taza/106987823-168430087173501...
[08:46:12]        [2] https://images.jdmagicbox.com/comp/def_content_category/al-taza/106987823-1684300871735014...
[08:46:12]        [3] https://images.jdmagicbox.com/comp/def_content_category/al-taza/82943759-1536342199864216-...
[08:46:14]   Scraping page 5 (got 10 results)...
[08:46:14]   Checking page 6 for the next batch...
[08:46:14]   [1] [IMG] Hotel Karthika | +(91)-7012552288 | 9 photos
[08:46:14]        [1] https://content.jdmagicbox.com/v2/comp/kannur/e9/9999px497.x497.220507211618.c3e9/catalogu...
[08:46:14]        [2] https://images.jdmagicbox.com/v2/comp/kannur/e9/9999px497.x497.220507211618.c3e9/catalogue...
[08:46:14]        [3] https://images.jdmagicbox.com/v2/comp/kannur/e9/9999px497.x497.220507211618.c3e9/catalogue...
[08:46:14]   [2] [IMG] Chick N Chick Family Restaurant Rangoon | +(91)-9447952874 | 2 photos
[08:46:14]        [1] https://content.jdmagicbox.com/comp/def_content/restaurants/default-restaurants-5.jpg...
[08:46:14]        [2] https://images.jdmagicbox.com/comp/def_content/restaurants/default-restaurants-5.jpg...
[08:46:15]   [3] [IMG] Wedesi Dhaba | +(91)-8075168864 | 5 photos
[08:46:15]        [1] https://content.jdmagicbox.com/comp/kannur/a2/9999px497.x497.211208215245.r4a2/catalogue/w...
[08:46:15]        [2] https://images.jdmagicbox.com/comp/kannur/a2/9999px497.x497.211208215245.r4a2/catalogue/we...
[08:46:15]        [3] https://images.jdmagicbox.com/comp/kannur/a2/9999px497.x497.211208215245.r4a2/catalogue/we...
[08:46:15]   [4] [IMG] Barka Restaurant | +(91)-8559944999 | 9 photos
[08:46:15]        [1] https://content.jdmagicbox.com/comp/kannur/s8/9999px497.x497.220129220617.v2s8/catalogue/b...
[08:46:15]        [2] https://images.jdmagicbox.com/comp/kannur/s8/9999px497.x497.220129220617.v2s8/catalogue/ba...
[08:46:15]        [3] https://images.jdmagicbox.com/comp/kannur/s8/9999px497.x497.220129220617.v2s8/catalogue/ba...
[08:46:15]   [5] [IMG] Hotel Dakshin | +(91)-9744042888 | 2 photos
[08:46:15]        [1] https://content.jdmagicbox.com/comp/def_content/pure_veg_restaurants/default-pure-veg-rest...
[08:46:15]        [2] https://images.jdmagicbox.com/comp/def_content/pure_veg_restaurants/default-pure-veg-resta...
[08:46:16]   [6] [IMG] Uvvaa Cafe | +(91)-9633955068 | 9 photos
[08:46:16]        [1] https://content.jdmagicbox.com/comp/kannur/d4/9999px497.x497.180413161946.g4d4/catalogue/u...
[08:46:16]        [2] https://images.jdmagicbox.com/comp/kannur/d4/9999px497.x497.180413161946.g4d4/catalogue/uv...
[08:46:16]        [3] https://images.jdmagicbox.com/comp/kannur/d4/9999px497.x497.180413161946.g4d4/catalogue/uv...
[08:46:16]   [7] [IMG] Jesna Lunch Room |  | 2 photos
[08:46:16]        [1] https://content.jdmagicbox.com/comp/def_content/restaurants/default-restaurants-11.jpg...
[08:46:16]        [2] https://images.jdmagicbox.com/comp/def_content/restaurants/default-restaurants-11.jpg...
[08:46:17]   [8] [IMG] Kannur Dakshin Hotel | +(91)-9048708452 | 9 photos
[08:46:17]        [1] https://content.jdmagicbox.com/comp/kannur/n6/9999px497.x497.120613142819.w1n6/catalogue/k...
[08:46:17]        [2] https://images.jdmagicbox.com/comp/kannur/n6/9999px497.x497.120613142819.w1n6/catalogue/ka...
[08:46:17]        [3] https://images.jdmagicbox.com/comp/kannur/n6/9999px497.x497.120613142819.w1n6/catalogue/ka...
[08:46:17]   [9] [IMG] New Pulari | +(91)-7055603080 | 9 photos
[08:46:17]        [1] https://content.jdmagicbox.com/v2/comp/kannur/g3/9999px497.x497.240228130053.w2g3/catalogu...
[08:46:17]        [2] https://images.jdmagicbox.com/v2/comp/kannur/g3/9999px497.x497.240228130053.w2g3/catalogue...
[08:46:17]        [3] https://images.jdmagicbox.com/v2/comp/kannur/g3/9999px497.x497.240228130053.w2g3/catalogue...
[08:46:17]   [10] [IMG] Aadams Fried Chicken | +(91)-9562651554 | 9 photos
[08:46:17]        [1] https://content.jdmagicbox.com/comp/kannur/a1/9999px497.x497.220602220211.x9a1/catalogue/a...
[08:46:17]        [2] https://images.jdmagicbox.com/comp/kannur/a1/9999px497.x497.220602220211.x9a1/catalogue/aa...
[08:46:17]        [3] https://images.jdmagicbox.com/comp/kannur/a1/9999px497.x497.220602220211.x9a1/catalogue/aa...
[08:46:20]   Scraping page 6 (got 10 results)...
[08:46:20]   Checking page 7 for the next batch...
[08:46:20]   [1] [IMG] Majlis | +(91)-9562009216 | 9 photos
[08:46:20]        [1] https://content.jdmagicbox.com/comp/kannur/i3/9999px497.x497.180223120730.x7i3/catalogue/m...
[08:46:20]        [2] https://images.jdmagicbox.com/comp/kannur/i3/9999px497.x497.180223120730.x7i3/catalogue/ma...
[08:46:20]        [3] https://images.jdmagicbox.com/comp/taliparamba/i3/9999px497.x497.180223120730.x7i3/catalog...
[08:46:20]   [2] [IMG] Raravies Family Restaurant | +(91)-9656076071 | 7 photos
[08:46:20]        [1] https://content.jdmagicbox.com/comp/kannur/e2/9999px497.x497.180816191220.y5e2/catalogue/r...
[08:46:20]        [2] https://images.jdmagicbox.com/comp/kannur/e2/9999px497.x497.180816191220.y5e2/catalogue/ra...
[08:46:20]        [3] https://images.jdmagicbox.com/comp/kannur/e2/9999px497.x497.180816191220.y5e2/catalogue/ra...
[08:46:21]   [3] [IMG] Raravies Mandhi House Mattanur |  | 2 photos
[08:46:21]        [1] https://content.jdmagicbox.com/comp/def_content/restaurants/default-restaurants-5.jpg...
[08:46:21]        [2] https://images.jdmagicbox.com/comp/def_content/restaurants/default-restaurants-5.jpg...
[08:46:21]   [4] [IMG] Raandhal Restaurant | +(91)-8891191919 | 9 photos
[08:46:21]        [1] https://content.jdmagicbox.com/comp/kannur/e3/9999px497.x497.130621200037.y1e3/catalogue/r...
[08:46:21]        [2] https://images.jdmagicbox.com/comp/kannur/e3/9999px497.x497.130621200037.y1e3/catalogue/ra...
[08:46:21]        [3] https://images.jdmagicbox.com/comp/kannur/e3/9999px497.x497.130621200037.y1e3/catalogue/ra...
[08:46:22]   [5] [IMG] Bharath Restaurant & Lodging | +(91)-8075258393 | 9 photos
[08:46:22]        [1] https://content.jdmagicbox.com/comp/kannur/e1/9999px497.x497.170127124745.v8e1/catalogue/b...
[08:46:22]        [2] https://images.jdmagicbox.com/comp/kannur/e1/9999px497.x497.170127124745.v8e1/catalogue/bh...
[08:46:22]        [3] https://images.jdmagicbox.com/comp/kannur/e1/9999px497.x497.170127124745.v8e1/catalogue/bh...
[08:46:22]   [6] [IMG] Onyva | +(91)-9895576854 | 9 photos
[08:46:22]        [1] https://content.jdmagicbox.com/comp/kannur/x8/9999px497.x497.220128231118.n8x8/catalogue/o...
[08:46:22]        [2] https://images.jdmagicbox.com/comp/kannur/x8/9999px497.x497.220128231118.n8x8/catalogue/on...
[08:46:22]        [3] https://images.jdmagicbox.com/comp/kannur/x8/9999px497.x497.220128231118.n8x8/catalogue/on...
[08:46:22]   [7] [IMG] Meals Club Restaurant | +(91)-9495954248 | 9 photos
[08:46:22]        [1] https://content.jdmagicbox.com/v2/comp/kannur/b6/9999px497.x497.211101232255.q5b6/catalogu...
[08:46:22]        [2] https://images.jdmagicbox.com/v2/comp/kannur/b6/9999px497.x497.211101232255.q5b6/catalogue...
[08:46:22]        [3] https://images.jdmagicbox.com/v2/comp/kannur/b6/9999px497.x497.211101232255.q5b6/catalogue...
[08:46:23]   [8] [IMG] Zoest | +(91)-8282823022 | 9 photos
[08:46:23]        [1] https://content.jdmagicbox.com/v2/comp/kannur/c7/9999px497.x497.230226220844.g8c7/catalogu...
[08:46:23]        [2] https://images.jdmagicbox.com/v2/comp/kannur/c7/9999px497.x497.230226220844.g8c7/catalogue...
[08:46:23]        [3] https://images.jdmagicbox.com/v2/comp/kannur/c7/9999px497.x497.230226220844.g8c7/catalogue...
[08:46:23]   [9] [IMG] Paris Restaurant |  | 5 photos
[08:46:23]        [1] https://content.jdmagicbox.com/comp/kannur/c5/9999px497.x497.140716163122.y4c5/catalogue/p...
[08:46:23]        [2] https://images.jdmagicbox.com/comp/kannur/c5/9999px497.x497.140716163122.y4c5/catalogue/pa...
[08:46:23]        [3] https://images.jdmagicbox.com/comp/kannur/c5/9999px497.x497.140716163122.y4c5/catalogue/pa...
[08:46:23]   [10] [IMG] Thathetti Thattkafa | +(91)-9747140135 | 2 photos
[08:46:23]        [1] https://content.jdmagicbox.com/comp/def_content/restaurants/default-restaurants-12.jpg...
[08:46:23]        [2] https://images.jdmagicbox.com/comp/def_content/restaurants/default-restaurants-12.jpg...
[08:46:26]   Scraping page 7 (got 10 results)...
[08:46:26]   Checking page 8 for the next batch...
[08:46:26]   [1] [IMG] Qtoo Restaurant | +(91)-8111880014 | 3 photos
[08:46:26]        [1] https://content.jdmagicbox.com/v2/comp/kannur/b7/9999px497.x497.230204210417.n2b7/catalogu...
[08:46:26]        [2] https://images.jdmagicbox.com/v2/comp/kannur/b7/9999px497.x497.230204210417.n2b7/catalogue...
[08:46:26]        [3] https://images.jdmagicbox.com/comp/service_catalogue/restaurants-attr-karaoke-nights-rkn-3...
[08:46:26]   [2] [IMG] Cita Pani | +(91)-8136888730 | 9 photos
[08:46:26]        [1] https://content.jdmagicbox.com/comp/kannur/w7/9999px497.x497.140902111537.l3w7/catalogue/c...
[08:46:26]        [2] https://images.jdmagicbox.com/comp/kannur/w7/9999px497.x497.140902111537.l3w7/catalogue/ci...
[08:46:26]        [3] https://images.jdmagicbox.com/comp/kannur/w7/9999px497.x497.140902111537.l3w7/catalogue/ci...
[08:46:27]   [3] [IMG] Savoury Restaurant | +(91)-9047899299 | 9 photos
[08:46:27]        [1] https://content.jdmagicbox.com/comp/kannur/q5/9999px497.x497.190731072449.g2q5/catalogue/s...
[08:46:27]        [2] https://images.jdmagicbox.com/comp/kannur/q5/9999px497.x497.190731072449.g2q5/catalogue/sa...
[08:46:27]        [3] https://images.jdmagicbox.com/comp/kannur/q5/9999px497.x497.190731072449.g2q5/catalogue/sa...
[08:46:27]   [4] [IMG] Mra Restaurant | +(91)-9048999984 | 9 photos
[08:46:27]        [1] https://content.jdmagicbox.com/comp/kannur/l2/9999px497.x497.160430205330.y4l2/catalogue/m...
[08:46:27]        [2] https://images.jdmagicbox.com/comp/kannur/l2/9999px497.x497.160430205330.y4l2/catalogue/mr...
[08:46:27]        [3] https://images.jdmagicbox.com/comp/kannur/l2/9999px497.x497.160430205330.y4l2/catalogue/mr...
[08:46:27]   [5] [IMG] Anugraha Hotel (Veg) | +(91)-9656267874 | 9 photos
[08:46:27]        [1] https://content.jdmagicbox.com/comp/kannur/p1/9999px497.x497.170828201336.a3p1/catalogue/a...
[08:46:27]        [2] https://images.jdmagicbox.com/comp/kannur/p1/9999px497.x497.170828201336.a3p1/catalogue/an...
[08:46:27]        [3] https://images.jdmagicbox.com/comp/kannur/p1/9999px497.x497.170828201336.a3p1/catalogue/an...
[08:46:28]   [6] [IMG] Sahib's Grill Kitchen | +(91)-9312548356 | 9 photos
[08:46:28]        [1] https://content.jdmagicbox.com/comp/kannur/v5/9999px497.x497.170107151113.s4v5/catalogue/s...
[08:46:28]        [2] https://images.jdmagicbox.com/comp/kannur/v5/9999px497.x497.170107151113.s4v5/catalogue/sa...
[08:46:28]        [3] https://images.jdmagicbox.com/comp/kannur/v5/9999px497.x497.170107151113.s4v5/catalogue/sa...
[08:46:28]   [7] [IMG] New Pulari | +(91)-7055609030 | 9 photos
[08:46:28]        [1] https://content.jdmagicbox.com/v2/comp/kannur/n6/9999px497.x497.240927120240.t7n6/catalogu...
[08:46:28]        [2] https://images.jdmagicbox.com/v2/comp/kannur/n6/9999px497.x497.240927120240.t7n6/catalogue...
[08:46:28]        [3] https://images.jdmagicbox.com/v2/comp/kannur/n6/9999px497.x497.240927120240.t7n6/catalogue...
[08:46:28]   [8] [IMG] Brothers Restaurant | +(91)-8129566677 | 5 photos
[08:46:28]        [1] https://content.jdmagicbox.com/comp/kannur/m1/9999px497.x497.221218205826.p3m1/catalogue/b...
[08:46:28]        [2] https://images.jdmagicbox.com/comp/kannur/m1/9999px497.x497.221218205826.p3m1/catalogue/br...
[08:46:28]        [3] https://images.jdmagicbox.com/comp/kannur/m1/9999px497.x497.221218205826.p3m1/catalogue/br...
[08:46:29]   [9] [IMG] Beirut Mandhi | +(91)-6282332478 | 8 photos
[08:46:29]        [1] https://content.jdmagicbox.com/comp/kannur/b6/9999px497.x497.230912031349.p2b6/catalogue/b...
[08:46:29]        [2] https://images.jdmagicbox.com/comp/kannur/b6/9999px497.x497.230912031349.p2b6/catalogue/be...
[08:46:29]        [3] https://images.jdmagicbox.com/comp/kannur/b6/9999px497.x497.230912031349.p2b6/catalogue/be...
[08:46:29]   [10] [IMG] Cool Land | +(91)-8547781583 | 9 photos
[08:46:29]        [1] https://content.jdmagicbox.com/comp/kannur/z9/9999px497.x497.131113065424.d5z9/catalogue/c...
[08:46:29]        [2] https://images.jdmagicbox.com/comp/kannur/z9/9999px497.x497.131113065424.d5z9/catalogue/co...
[08:46:29]        [3] https://images.jdmagicbox.com/comp/kannur/z9/9999px497.x497.131113065424.d5z9/catalogue/co...
[08:46:31]   Scraping page 8 (got 10 results)...
[08:46:31]   Checking page 9 for the next batch...
[08:46:31]   [1] [IMG] The Dumpling House | +(91)-7012873232 | 9 photos
[08:46:31]        [1] https://content.jdmagicbox.com/comp/kannur/w8/9999px497.x497.231017002542.s5w8/catalogue/t...
[08:46:31]        [2] https://images.jdmagicbox.com/comp/kannur/w8/9999px497.x497.231017002542.s5w8/catalogue/th...
[08:46:31]        [3] https://images.jdmagicbox.com/comp/kannur/w8/9999px497.x497.231017002542.s5w8/catalogue/th...
[08:46:32]   [2] [IMG] Citapani Fried Chicken | +(91)-8089540342 | 9 photos
[08:46:32]        [1] https://content.jdmagicbox.com/comp/kannur/g6/9999px497.x497.220722223404.u6g6/catalogue/c...
[08:46:32]        [2] https://images.jdmagicbox.com/comp/kannur/g6/9999px497.x497.220722223404.u6g6/catalogue/ci...
[08:46:32]        [3] https://images.jdmagicbox.com/comp/kannur/g6/9999px497.x497.220722223404.u6g6/catalogue/ci...
[08:46:32]   [3] [IMG] Ajwa Restaurant | +(91)-9447030436 | 9 photos
[08:46:32]        [1] https://content.jdmagicbox.com/comp/kannur/c8/9999px497.x497.200331202032.s9c8/catalogue/a...
[08:46:32]        [2] https://images.jdmagicbox.com/comp/kannur/c8/9999px497.x497.200331202032.s9c8/catalogue/aj...
[08:46:32]        [3] https://images.jdmagicbox.com/comp/kannur/c8/9999px497.x497.200331202032.s9c8/catalogue/aj...
[08:46:33]   [4] [IMG] Tarboush |  | 7 photos
[08:46:33]        [1] https://content.jdmagicbox.com/v2/comp/kannur/k9/9999px497.x497.260426043709.z8k9/catalogu...
[08:46:33]        [2] https://images.jdmagicbox.com/v2/comp/kannur/k9/9999px497.x497.260426043709.z8k9/catalogue...
[08:46:33]        [3] https://images.jdmagicbox.com/v2/comp/kannur/k9/9999px497.x497.260426043709.z8k9/catalogue...
[08:46:33]   [5] [IMG] The Grillax | +(91)-9539081117 | 9 photos
[08:46:33]        [1] https://content.jdmagicbox.com/comp/kannur/n4/9999px497.x497.230808201319.e1n4/catalogue/t...
[08:46:33]        [2] https://images.jdmagicbox.com/comp/kannur/n4/9999px497.x497.230808201319.e1n4/catalogue/th...
[08:46:33]        [3] https://images.jdmagicbox.com/v2/comp/kannur/n4/9999px497.x497.230808201319.e1n4/catalogue...
[08:46:33]   [6] [IMG] Skandapuri vegetarian restaurant | +(91)-8138014849 | 9 photos
[08:46:33]        [1] https://content.jdmagicbox.com/comp/kannur/l7/9999px497.x497.220217165648.q8l7/catalogue/-...
[08:46:33]        [2] https://images.jdmagicbox.com/comp/kannur/l7/9999px497.x497.220217165648.q8l7/catalogue/-3...
[08:46:33]        [3] https://images.jdmagicbox.com/v2/comp/kannur/l7/9999px497.x497.220217165648.q8l7/catalogue...
[08:46:34]   [7] [IMG] Royal Keerthi | +(91)-9633919105 | 9 photos
[08:46:34]        [1] https://content.jdmagicbox.com/comp/kannur/i6/9999px497.x497.221219145555.v2i6/catalogue/r...
[08:46:34]        [2] https://images.jdmagicbox.com/comp/kannur/i6/9999px497.x497.221219145555.v2i6/catalogue/ro...
[08:46:34]        [3] https://images.jdmagicbox.com/comp/kannur/i6/9999px497.x497.221219145555.v2i6/catalogue/ro...
[08:46:34]   [8] [IMG] Lafair | +(91)-7994058437 | 9 photos
[08:46:34]        [1] https://content.jdmagicbox.com/comp/kannur/c6/9999px497.x497.221004094954.m7c6/catalogue/l...
[08:46:34]        [2] https://images.jdmagicbox.com/comp/kannur/c6/9999px497.x497.221004094954.m7c6/catalogue/la...
[08:46:34]        [3] https://images.jdmagicbox.com/v2/comp/kannur/c6/9999px497.x497.221004094954.m7c6/catalogue...
[08:46:35]   [9] [IMG] Santhosh Restaurant | +(91)-9446165954 | 4 photos
[08:46:35]        [1] https://content.jdmagicbox.com/v2/comp/kannur/n2/9999px497.x497.170612163847.h6n2/catalogu...
[08:46:35]        [2] https://images.jdmagicbox.com/v2/comp/kannur/n2/9999px497.x497.170612163847.h6n2/catalogue...
[08:46:35]        [3] https://images.jdmagicbox.com/v2/comp/kannur/n2/9999px497.x497.170612163847.h6n2/catalogue...
[08:46:35]   [10] [IMG] Ithaathas Kitchen | +(91)-7594041111 | 9 photos
[08:46:35]        [1] https://content.jdmagicbox.com/comp/kannur/x7/9999px497.x497.191231205604.y1x7/catalogue/i...
[08:46:35]        [2] https://images.jdmagicbox.com/comp/kannur/x7/9999px497.x497.191231205604.y1x7/catalogue/it...
[08:46:35]        [3] https://images.jdmagicbox.com/comp/kannur/x7/9999px497.x497.191231205604.y1x7/catalogue/it...
[08:46:37]   Scraping page 9 (got 10 results)...
[08:46:37]   Checking page 10 for the next batch...
[08:46:37]   [1] [IMG] Kalco Restaurant |  | 2 photos
[08:46:37]        [1] https://content.jdmagicbox.com/comp/def_content/restaurants/default-restaurants-6.jpg...
[08:46:37]        [2] https://images.jdmagicbox.com/comp/def_content/restaurants/default-restaurants-6.jpg...
[08:46:38]        ? [NEW] Saved to DB ?
[08:46:38]   [2] [IMG] Casa Rasa | +(91)-7994395551 | 7 photos
[08:46:38]        [1] https://content.jdmagicbox.com/v2/comp/kannur/x7/9999px497.x497.240213160710.j9x7/catalogu...
[08:46:38]        [2] https://images.jdmagicbox.com/v2/comp/kannur/x7/9999px497.x497.240213160710.j9x7/catalogue...
[08:46:38]        [3] https://images.jdmagicbox.com/v2/comp/kannur/x7/9999px497.x497.240213160710.j9x7/catalogue...
[08:46:39]   [3] [IMG] Sree Krishnas Hotel | +(91)-8891001020 | 4 photos
[08:46:39]        [1] https://content.jdmagicbox.com/comp/def_content_category/south-indian-restaurants/new-dish...
[08:46:39]        [2] https://images.jdmagicbox.com/comp/def_content_category/south-indian-restaurants/new-dish-...
[08:46:39]        [3] https://images.jdmagicbox.com/comp/def_content_category/south-indian-restaurants/new-dish-...
[08:46:39]   [4] [IMG] The Bamboo Restaurant | +(91)-8089933695 | 9 photos
[08:46:39]        [1] https://content.jdmagicbox.com/comp/kannur/l8/9999px497.x497.140814101526.n8l8/catalogue/t...
[08:46:39]        [2] https://images.jdmagicbox.com/comp/kannur/l8/9999px497.x497.140814101526.n8l8/catalogue/th...
[08:46:39]        [3] https://images.jdmagicbox.com/comp/kannur/l8/9999px497.x497.140814101526.n8l8/catalogue/th...
[08:46:40]   [5] [IMG] M R A Restaurant | +(91)-6235062350 | 9 photos
[08:46:40]        [1] https://content.jdmagicbox.com/v2/comp/taliparamba/r9/9999px497.x497.220621231033.d2r9/cat...
[08:46:40]        [2] https://images.jdmagicbox.com/v2/comp/taliparamba/r9/9999px497.x497.220621231033.d2r9/cata...
[08:46:40]        [3] https://images.jdmagicbox.com/v2/comp/taliparamba/r9/9999px497.x497.220621231033.d2r9/cata...
[08:46:40]   [6] [IMG] Al Bahar Restaurant |  | 2 photos
[08:46:40]        [1] https://content.jdmagicbox.com/comp/def_content/restaurants/default-restaurants-7.jpg...
[08:46:40]        [2] https://images.jdmagicbox.com/comp/def_content/restaurants/default-restaurants-7.jpg...
[08:46:41]   [7] [IMG] Ktdc Restaurant |  | 9 photos
[08:46:41]        [1] https://content.jdmagicbox.com/comp/taliparamba/x1/9999px497.x497.220418214327.n5x1/catalo...
[08:46:41]        [2] https://images.jdmagicbox.com/comp/taliparamba/x1/9999px497.x497.220418214327.n5x1/catalog...
[08:46:41]        [3] https://images.jdmagicbox.com/comp/taliparamba/x1/9999px497.x497.220418214327.n5x1/catalog...
[08:46:41]   [8] [IMG] Hotel Pulari | +(91)-9633960747 | 9 photos
[08:46:41]        [1] https://content.jdmagicbox.com/comp/kannur/w8/9999px497.x497.180913052646.i5w8/catalogue/h...
[08:46:41]        [2] https://images.jdmagicbox.com/comp/kannur/w8/9999px497.x497.180913052646.i5w8/catalogue/ho...
[08:46:41]        [3] https://images.jdmagicbox.com/v2/comp/kannur/w8/9999px497.x497.180913052646.i5w8/catalogue...
[08:46:41]   [9] [IMG] Hotel Odhens | +(91)-9895365115 | 9 photos
[08:46:41]        [1] https://content.jdmagicbox.com/comp/kannur/j5/9999px497.x497.131112214901.l2j5/catalogue/h...
[08:46:41]        [2] https://images.jdmagicbox.com/comp/kannur/j5/9999px497.x497.131112214901.l2j5/catalogue/ho...
[08:46:41]        [3] https://images.jdmagicbox.com/comp/kannur/j5/9999px497.x497.131112214901.l2j5/catalogue/ho...
[08:46:42]   [10] [IMG] Kannur Kitchen | +(91)-7907044960 | 6 photos
[08:46:42]        [1] https://content.jdmagicbox.com/v2/comp/kannur/t5/9999px497.x497.230414002729.t7t5/catalogu...
[08:46:42]        [2] https://images.jdmagicbox.com/v2/comp/kannur/t5/9999px497.x497.230414002729.t7t5/catalogue...
[08:46:42]        [3] https://images.jdmagicbox.com/v2/comp/kannur/t5/9999px497.x497.230414002729.t7t5/catalogue...
[08:46:43]   Scraping page 10 (got 10 results)...
[08:46:43]   No more pages found (END OF RESULTS).
[08:46:43]   [1] [IMG] Hotel Top Form | +(91)-9947166854 | 9 photos
[08:46:43]        [1] https://content.jdmagicbox.com/comp/kannur/a2/9999px497.x497.170109123956.n6a2/catalogue/h...
[08:46:43]        [2] https://images.jdmagicbox.com/comp/kannur/a2/9999px497.x497.170109123956.n6a2/catalogue/ho...
[08:46:43]        [3] https://images.jdmagicbox.com/comp/kannur/a2/9999px497.x497.170109123956.n6a2/catalogue/ho...
[08:46:44]   [2] [IMG] Regency Chick |  | 9 photos
[08:46:44]        [1] https://content.jdmagicbox.com/comp/kannur/g4/9999px497.x497.200331203749.c9g4/catalogue/r...
[08:46:44]        [2] https://images.jdmagicbox.com/comp/kannur/g4/9999px497.x497.200331203749.c9g4/catalogue/re...
[08:46:44]        [3] https://images.jdmagicbox.com/comp/kannur/g4/9999px497.x497.200331203749.c9g4/catalogue/re...
[08:46:44]   [3] [IMG] Rooster Fried & Grill | +(91)-8113001100 | 9 photos
[08:46:44]        [1] https://content.jdmagicbox.com/comp/kannur/v3/9999px497.x497.190517204357.c5v3/catalogue/r...
[08:46:44]        [2] https://images.jdmagicbox.com/comp/kannur/v3/9999px497.x497.190517204357.c5v3/catalogue/ro...
[08:46:44]        [3] https://images.jdmagicbox.com/comp/kannur/v3/9999px497.x497.190517204357.c5v3/catalogue/ro...
[08:46:44]   [4] [IMG] Korico.In | +(91)-8436838383 | 4 photos
[08:46:44]        [1] https://content.jdmagicbox.com/v2/comp/kannur/u7/9999px497.x497.250813184834.c5u7/catalogu...
[08:46:44]        [2] https://images.jdmagicbox.com/v2/comp/kannur/u7/9999px497.x497.250813184834.c5u7/catalogue...
[08:46:44]        [3] https://images.jdmagicbox.com/v2/comp/kannur/u7/9999px497.x497.250813184834.c5u7/catalogue...
[08:46:45]   [5] [IMG] Nani Vilas Hotel |  | 2 photos
[08:46:45]        [1] https://content.jdmagicbox.com/v2/comp/kannur/j3/9999px497.x497.250306101538.l1j3/catalogu...
[08:46:45]        [2] https://images.jdmagicbox.com/v2/comp/kannur/j3/9999px497.x497.250306101538.l1j3/catalogue...
[08:46:45]   [6] [IMG] Pepperpot Restaurant | +(91)-7012140819 | 9 photos
[08:46:45]        [1] https://content.jdmagicbox.com/comp/kannur/i1/9999px497.x497.170604113331.n6i1/catalogue/p...
[08:46:45]        [2] https://images.jdmagicbox.com/comp/kannur/i1/9999px497.x497.170604113331.n6i1/catalogue/pe...
[08:46:45]        [3] https://images.jdmagicbox.com/comp/kannur/i1/9999px497.x497.170604113331.n6i1/catalogue/pe...
[08:46:46]   [7] [IMG] Orchid Family Restaurant | +(91)-7034076688 | 9 photos
[08:46:46]        [1] https://content.jdmagicbox.com/comp/kannur/t4/9999px497.x497.110201005408.k9t4/catalogue/o...
[08:46:46]        [2] https://images.jdmagicbox.com/comp/kannur/t4/9999px497.x497.110201005408.k9t4/catalogue/or...
[08:46:46]        [3] https://images.jdmagicbox.com/comp/kannur/t4/9999px497.x497.110201005408.k9t4/catalogue/or...
[08:46:46]   [8] [IMG] Surya Heritage Hotel | +(91)-9895755414 | 9 photos
[08:46:46]        [1] https://content.jdmagicbox.com/comp/kannur/s7/9999px497.x497.210331110026.n9s7/catalogue/s...
[08:46:46]        [2] https://images.jdmagicbox.com/comp/kannur/s7/9999px497.x497.210331110026.n9s7/catalogue/su...
[08:46:46]        [3] https://images.jdmagicbox.com/comp/kannur/s7/9999px497.x497.210331110026.n9s7/catalogue/su...
[08:46:46]   [9] [IMG] SPICY hotel and restaurant | +(91)-9747393773 | 9 photos
[08:46:46]        [1] https://content.jdmagicbox.com/comp/muzhappilangad/e7/9999px497.x497.230625114209.n5e7/cat...
[08:46:46]        [2] https://images.jdmagicbox.com/comp/muzhappilangad/e7/9999px497.x497.230625114209.n5e7/cata...
[08:46:46]        [3] https://images.jdmagicbox.com/comp/muzhappilangad/e7/9999px497.x497.230625114209.n5e7/cata...
[08:46:47]   [10] [IMG] Calicut Rahmath | +(91)-9744937032 | 9 photos
[08:46:47]        [1] https://content.jdmagicbox.com/comp/kannur/v1/9999px497.x497.200917132024.y9v1/catalogue/c...
[08:46:47]        [2] https://images.jdmagicbox.com/comp/kannur/v1/9999px497.x497.200917132024.y9v1/catalogue/ca...
[08:46:47]        [3] https://images.jdmagicbox.com/comp/kannur/v1/9999px497.x497.200917132024.y9v1/catalogue/ca...
[08:46:47]   Reached last page for this target.
[08:46:48] 
==========================================
[08:46:48] [*] Scraping target 4/7: Taliparamba
[08:46:48] ==========================================
[08:46:49] ? Found 100 total Restaurants in Taliparamba.
[08:46:49]   Scraping page 1 (got 10 results)...
[08:46:49]   Checking page 2 for the next batch...
[08:46:49]   [1] [IMG] WESTBURG DARMASHALA | +(91)-7411790657 | 7 photos
[08:46:49]        [1] https://content.jdmagicbox.com/v2/comp/kannur/z9/9999px497.x497.250712160334.d1z9/catalogu...
[08:46:49]        [2] https://images.jdmagicbox.com/v2/comp/kannur/z9/9999px497.x497.250712160334.d1z9/catalogue...
[08:46:49]        [3] https://images.jdmagicbox.com/v2/comp/kannur/z9/9999px497.x497.250712160334.d1z9/catalogue...
[08:46:49]   [2] [IMG] Raras Family Food Court | +(91)-7487978259 | 9 photos
[08:46:49]        [1] https://content.jdmagicbox.com/v2/comp/kannur/i6/9999px497.x497.250412033736.h8i6/catalogu...
[08:46:49]        [2] https://images.jdmagicbox.com/v2/comp/kannur/i6/9999px497.x497.250412033736.h8i6/catalogue...
[08:46:49]        [3] https://images.jdmagicbox.com/v2/comp/kannur/i6/9999px497.x497.250412033736.h8i6/catalogue...
[08:46:49]   [3] [IMG] IGLOO Restaurant & Ice Cream Parlour | +(91)-9054644245 | 9 photos
[08:46:49]        [1] https://content.jdmagicbox.com/comp/kannur/s9/9999px497.x497.131202152326.h3s9/catalogue/i...
[08:46:49]        [2] https://images.jdmagicbox.com/comp/kannur/s9/9999px497.x497.131202152326.h3s9/catalogue/ig...
[08:46:49]        [3] https://images.jdmagicbox.com/comp/kannur/s9/9999px497.x497.131202152326.h3s9/catalogue/ig...
[08:46:50]   [4] [IMG] Zoya Factor Restaurant | +(91)-8606832802 | 2 photos
[08:46:50]        [1] https://content.jdmagicbox.com/comp/def_content/restaurants/default-restaurants-7.jpg...
[08:46:50]        [2] https://images.jdmagicbox.com/comp/def_content/restaurants/default-restaurants-7.jpg...
[08:46:51]        ? [NEW] Saved to DB ?
[08:46:51]   [5] [IMG] M R A Restaurant | +(91)-6235062350 | 9 photos
[08:46:51]        [1] https://content.jdmagicbox.com/v2/comp/taliparamba/r9/9999px497.x497.220621231033.d2r9/cat...
[08:46:51]        [2] https://images.jdmagicbox.com/v2/comp/taliparamba/r9/9999px497.x497.220621231033.d2r9/cata...
[08:46:51]        [3] https://images.jdmagicbox.com/v2/comp/taliparamba/r9/9999px497.x497.220621231033.d2r9/cata...
[08:46:52]   [6] [IMG] Hotel Kairali | +(91)-9895717330 | 9 photos
[08:46:52]        [1] https://content.jdmagicbox.com/comp/kannur/u8/9999px497.x497.131107072304.v2u8/catalogue/h...
[08:46:52]        [2] https://images.jdmagicbox.com/comp/kannur/u8/9999px497.x497.131107072304.v2u8/catalogue/ho...
[08:46:52]        [3] https://images.jdmagicbox.com/comp/kannur/u8/9999px497.x497.131107072304.v2u8/catalogue/ho...
[08:46:52]   [7] [IMG] Hotel Odhens | +(91)-9895365115 | 9 photos
[08:46:52]        [1] https://content.jdmagicbox.com/comp/kannur/j5/9999px497.x497.131112214901.l2j5/catalogue/h...
[08:46:52]        [2] https://images.jdmagicbox.com/comp/kannur/j5/9999px497.x497.131112214901.l2j5/catalogue/ho...
[08:46:52]        [3] https://images.jdmagicbox.com/comp/kannur/j5/9999px497.x497.131112214901.l2j5/catalogue/ho...
[08:46:53]   [8] [IMG] Cafe Dinesh | +(91)-8078835202 | 9 photos
[08:46:53]        [1] https://content.jdmagicbox.com/comp/kannur/b3/9999px497.x497.230614163338.j6b3/catalogue/n...
[08:46:53]        [2] https://images.jdmagicbox.com/comp/kannur/b3/9999px497.x497.230614163338.j6b3/catalogue/n4...
[08:46:53]        [3] https://images.jdmagicbox.com/comp/kannur/b3/9999px497.x497.230614163338.j6b3/catalogue/ft...
[08:46:53]   [9] [IMG] Raravies family restaurant | +(91)-8156839494 | 7 photos
[08:46:53]        [1] https://content.jdmagicbox.com/comp/kannur/e2/9999px497.x497.180816191220.y5e2/catalogue/r...
[08:46:53]        [2] https://images.jdmagicbox.com/comp/kannur/e2/9999px497.x497.180816191220.y5e2/catalogue/ra...
[08:46:53]        [3] https://images.jdmagicbox.com/comp/kannur/e2/9999px497.x497.180816191220.y5e2/catalogue/ra...
[08:46:54]   [10] [IMG] Dasa Dine Premium Vegetarian Restaurant | +(91)-9744458411 | 9 photos
[08:46:54]        [1] https://content.jdmagicbox.com/comp/kannur/w4/9999px497.x497.170121131454.w7w4/catalogue/d...
[08:46:54]        [2] https://images.jdmagicbox.com/comp/kannur/w4/9999px497.x497.170121131454.w7w4/catalogue/da...
[08:46:54]        [3] https://images.jdmagicbox.com/comp/kannur/w4/9999px497.x497.170121131454.w7w4/catalogue/da...
[08:46:56]   Scraping page 2 (got 10 results)...
[08:46:56]   Checking page 3 for the next batch...
[08:46:56]   [1] [IMG] Hotel Deepam | +(91)-8129224173 | 2 photos
[08:46:56]        [1] https://content.jdmagicbox.com/comp/def_content/restaurants/default-restaurants-3.jpg...
[08:46:56]        [2] https://images.jdmagicbox.com/comp/def_content/restaurants/default-restaurants-3.jpg...
[08:46:56]   [2] [IMG] Hotel Dakshin | +(91)-9744042888 | 2 photos
[08:46:56]        [1] https://content.jdmagicbox.com/comp/def_content/pure_veg_restaurants/default-pure-veg-rest...
[08:46:56]        [2] https://images.jdmagicbox.com/comp/def_content/pure_veg_restaurants/default-pure-veg-resta...
[08:46:56]   [3] [IMG] Kairali Hotel Non Veg | +(91)-9947408010 | 3 photos
[08:46:56]        [1] https://content.jdmagicbox.com/comp/kannur/j8/9999px497.x497.171230225106.w9j8/catalogue/k...
[08:46:56]        [2] https://images.jdmagicbox.com/comp/kannur/j8/9999px497.x497.171230225106.w9j8/catalogue/ka...
[08:46:56]        [3] https://images.jdmagicbox.com/comp/kannur/j8/9999px497.x497.171230225106.w9j8/catalogue/ka...
[08:46:57]   [4] [IMG] Bay4 Beachfront Restaurant | +(91)-9061362244 | 2 photos
[08:46:57]        [1] https://content.jdmagicbox.com/v2/comp/kannur/a3/9999px497.x497.230224000445.v8a3/catalogu...
[08:46:57]        [2] https://images.jdmagicbox.com/v2/comp/kannur/a3/9999px497.x497.230224000445.v8a3/catalogue...
[08:46:57]   [5] [IMG] Broad Bean Hotel | +(91)-7902787777 | 9 photos
[08:46:57]        [1] https://content.jdmagicbox.com/comp/kannur/i5/9999px497.x497.190701213846.v6i5/catalogue/b...
[08:46:57]        [2] https://images.jdmagicbox.com/comp/kannur/i5/9999px497.x497.190701213846.v6i5/catalogue/br...
[08:46:57]        [3] https://images.jdmagicbox.com/comp/kannur/i5/9999px497.x497.190701213846.v6i5/catalogue/br...
[08:46:58]   [6] [IMG] TOWN TABLE Veggie & MORE | +(91)-9895843137 | 9 photos
[08:46:58]        [1] https://content.jdmagicbox.com/comp/kannur/p9/9999px497.x497.180606133049.n4p9/catalogue/t...
[08:46:58]        [2] https://images.jdmagicbox.com/comp/kannur/p9/9999px497.x497.180606133049.n4p9/catalogue/to...
[08:46:58]        [3] https://images.jdmagicbox.com/comp/kannur/p9/9999px497.x497.180606133049.n4p9/catalogue/to...
[08:46:58]   [7] [IMG] Indian Coffee House |  | 9 photos
[08:46:58]        [1] https://content.jdmagicbox.com/v2/comp/taliparamba/y4/9999px497.x497.130308163423.z4y4/cat...
[08:46:58]        [2] https://images.jdmagicbox.com/v2/comp/taliparamba/y4/9999px497.x497.130308163423.z4y4/cata...
[08:46:58]        [3] https://images.jdmagicbox.com/v2/comp/taliparamba/y4/9999px497.x497.130308163423.z4y4/cata...
[08:46:58]   [8] [IMG] Mvk Ghatway Restaurant | +(91)-7902278100 | 9 photos
[08:46:58]        [1] https://content.jdmagicbox.com/v2/comp/kannur/j1/9999px497.x497.250226202136.g6j1/catalogu...
[08:46:58]        [2] https://images.jdmagicbox.com/v2/comp/kannur/j1/9999px497.x497.250226202136.g6j1/catalogue...
[08:46:58]        [3] https://images.jdmagicbox.com/v2/comp/kannur/j1/9999px497.x497.250226202136.g6j1/catalogue...
[08:46:59]   [9] [IMG] Otturuli Restaurant | +(91)-9895541801 | 9 photos
[08:46:59]        [1] https://content.jdmagicbox.com/comp/kannur/h5/9999px497.x497.181205083734.d3h5/catalogue/o...
[08:46:59]        [2] https://images.jdmagicbox.com/comp/kannur/h5/9999px497.x497.181205083734.d3h5/catalogue/ot...
[08:46:59]        [3] https://images.jdmagicbox.com/comp/kannur/h5/9999px497.x497.181205083734.d3h5/catalogue/ot...
[08:46:59]   [10] [IMG] Kannur Dakshin Hotel | +(91)-9048708452 | 9 photos
[08:46:59]        [1] https://content.jdmagicbox.com/comp/kannur/n6/9999px497.x497.120613142819.w1n6/catalogue/k...
[08:46:59]        [2] https://images.jdmagicbox.com/comp/kannur/n6/9999px497.x497.120613142819.w1n6/catalogue/ka...
[08:46:59]        [3] https://images.jdmagicbox.com/comp/kannur/n6/9999px497.x497.120613142819.w1n6/catalogue/ka...
[08:47:01]   Scraping page 3 (got 10 results)...
[08:47:01]   Checking page 4 for the next batch...
[08:47:01]   [1] [IMG] Raandhal Restaurant | +(91)-8891191919 | 9 photos
[08:47:01]        [1] https://content.jdmagicbox.com/comp/kannur/e3/9999px497.x497.130621200037.y1e3/catalogue/r...
[08:47:01]        [2] https://images.jdmagicbox.com/comp/kannur/e3/9999px497.x497.130621200037.y1e3/catalogue/ra...
[08:47:01]        [3] https://images.jdmagicbox.com/comp/kannur/e3/9999px497.x497.130621200037.y1e3/catalogue/ra...
[08:47:01]   [2] [IMG] Bamboo Fresh | +(91)-9633963390 | 9 photos
[08:47:01]        [1] https://content.jdmagicbox.com/v2/comp/kannur/p5/9999px497.x497.231205085208.p2p5/catalogu...
[08:47:01]        [2] https://images.jdmagicbox.com/v2/comp/kannur/p5/9999px497.x497.231205085208.p2p5/catalogue...
[08:47:01]        [3] https://images.jdmagicbox.com/v2/comp/kannur/p5/9999px497.x497.231205085208.p2p5/catalogue...
[08:47:02]   [3] [IMG] Alis Food Court | +(91)-7306506739 | 9 photos
[08:47:02]        [1] https://content.jdmagicbox.com/comp/kannur/y7/9999px497.x497.170117185810.r4y7/catalogue/a...
[08:47:02]        [2] https://images.jdmagicbox.com/comp/kannur/y7/9999px497.x497.170117185810.r4y7/catalogue/al...
[08:47:02]        [3] https://images.jdmagicbox.com/comp/kannur/y7/9999px497.x497.170117185810.r4y7/catalogue/al...
[08:47:02]   [4] [IMG] Wedesi Dhaba | +(91)-8075168864 | 5 photos
[08:47:02]        [1] https://content.jdmagicbox.com/comp/kannur/a2/9999px497.x497.211208215245.r4a2/catalogue/w...
[08:47:02]        [2] https://images.jdmagicbox.com/comp/kannur/a2/9999px497.x497.211208215245.r4a2/catalogue/we...
[08:47:02]        [3] https://images.jdmagicbox.com/comp/kannur/a2/9999px497.x497.211208215245.r4a2/catalogue/we...
[08:47:02]   [5] [IMG] Taazah Restaurant | +(91)-9237100800 | 9 photos
[08:47:02]        [1] https://content.jdmagicbox.com/comp/muzhappilangad/x8/9999px497.x497.230625104047.e1x8/cat...
[08:47:02]        [2] https://images.jdmagicbox.com/comp/muzhappilangad/x8/9999px497.x497.230625104047.e1x8/cata...
[08:47:02]        [3] https://images.jdmagicbox.com/comp/muzhappilangad/x8/9999px497.x497.230625104047.e1x8/cata...
[08:47:03]   [6] [IMG] Kinara Restaurant | +(91)-7510664449 | 9 photos
[08:47:03]        [1] https://content.jdmagicbox.com/comp/kannur/i3/9999px497.x497.220128010457.l6i3/catalogue/k...
[08:47:03]        [2] https://images.jdmagicbox.com/comp/kannur/i3/9999px497.x497.220128010457.l6i3/catalogue/ki...
[08:47:03]        [3] https://images.jdmagicbox.com/comp/kannur/i3/9999px497.x497.220128010457.l6i3/catalogue/ki...
[08:47:03]   [7] [IMG] Mra Restaurant | +(91)-9048999984 | 9 photos
[08:47:03]        [1] https://content.jdmagicbox.com/comp/kannur/l2/9999px497.x497.160430205330.y4l2/catalogue/m...
[08:47:03]        [2] https://images.jdmagicbox.com/comp/kannur/l2/9999px497.x497.160430205330.y4l2/catalogue/mr...
[08:47:03]        [3] https://images.jdmagicbox.com/comp/kannur/l2/9999px497.x497.160430205330.y4l2/catalogue/mr...
[08:47:04]   [8] [IMG] Vasanth Vihar | +(91)-7356799979 | 9 photos
[08:47:04]        [1] https://content.jdmagicbox.com/comp/taliparamba/l7/9999px497.x497.220901205856.s1l7/catalo...
[08:47:04]        [2] https://images.jdmagicbox.com/comp/taliparamba/l7/9999px497.x497.220901205856.s1l7/catalog...
[08:47:04]        [3] https://images.jdmagicbox.com/comp/taliparamba/l7/9999px497.x497.220901205856.s1l7/catalog...
[08:47:04]   [9] [IMG] Casa Rasa Restaurant | +(91)-6235941941 | 9 photos
[08:47:04]        [1] https://content.jdmagicbox.com/comp/kannur/t6/9999px497.x497.190308190042.f1t6/catalogue/c...
[08:47:04]        [2] https://images.jdmagicbox.com/comp/kannur/t6/9999px497.x497.190308190042.f1t6/catalogue/ca...
[08:47:04]        [3] https://images.jdmagicbox.com/comp/kannur/t6/9999px497.x497.190308190042.f1t6/catalogue/ca...
[08:47:05]   [10] [IMG] Sufi Makhan | +(91)-8137820820 | 9 photos
[08:47:05]        [1] https://content.jdmagicbox.com/comp/kannur/v9/9999px497.x497.180425151526.t6v9/catalogue/s...
[08:47:05]        [2] https://images.jdmagicbox.com/comp/kannur/v9/9999px497.x497.180425151526.t6v9/catalogue/su...
[08:47:05]        [3] https://images.jdmagicbox.com/comp/kannur/v9/9999px497.x497.180425151526.t6v9/catalogue/su...
[08:47:07]   Scraping page 4 (got 10 results)...
[08:47:07]   Checking page 5 for the next batch...
[08:47:07]   [1] [IMG] Harbour Restaurant | +(91)-7994438438 | 9 photos
[08:47:07]        [1] https://content.jdmagicbox.com/comp/kannur/q1/9999px497.x497.230224182436.t5q1/catalogue/h...
[08:47:07]        [2] https://images.jdmagicbox.com/comp/kannur/q1/9999px497.x497.230224182436.t5q1/catalogue/ha...
[08:47:07]        [3] https://images.jdmagicbox.com/comp/kannur/q1/9999px497.x497.230224182436.t5q1/catalogue/ha...
[08:47:07]   [2] [IMG] Paris Restaurant |  | 5 photos
[08:47:07]        [1] https://content.jdmagicbox.com/comp/kannur/c5/9999px497.x497.140716163122.y4c5/catalogue/p...
[08:47:07]        [2] https://images.jdmagicbox.com/comp/kannur/c5/9999px497.x497.140716163122.y4c5/catalogue/pa...
[08:47:07]        [3] https://images.jdmagicbox.com/comp/kannur/c5/9999px497.x497.140716163122.y4c5/catalogue/pa...
[08:47:07]   [3] [IMG] M V K Restaurant |  | 9 photos
[08:47:07]        [1] https://content.jdmagicbox.com/comp/kannur/y3/9999px497.x497.140716165449.q8y3/catalogue/m...
[08:47:07]        [2] https://images.jdmagicbox.com/comp/kannur/y3/9999px497.x497.140716165449.q8y3/catalogue/m-...
[08:47:07]        [3] https://images.jdmagicbox.com/comp/kannur/y3/9999px497.x497.140716165449.q8y3/catalogue/m-...
[08:47:08]   [4] [IMG] Raidan Kuzhimanthi Kottayampoyil | +(91)-9747791293 | 9 photos
[08:47:08]        [1] https://content.jdmagicbox.com/v2/comp/kannur/t2/9999px497.x497.240731010729.r1t2/catalogu...
[08:47:08]        [2] https://images.jdmagicbox.com/v2/comp/kannur/t2/9999px497.x497.240731010729.r1t2/catalogue...
[08:47:08]        [3] https://images.jdmagicbox.com/v2/comp/kannur/t2/9999px497.x497.240731010729.r1t2/catalogue...
[08:47:08]   [5] [IMG] Cafe Ghazal | +(91)-9400805060 | 9 photos
[08:47:08]        [1] https://content.jdmagicbox.com/comp/kannur/c5/9999px497.x497.220317003442.w8c5/catalogue/c...
[08:47:08]        [2] https://images.jdmagicbox.com/comp/kannur/c5/9999px497.x497.220317003442.w8c5/catalogue/ca...
[08:47:08]        [3] https://images.jdmagicbox.com/comp/kannur/c5/9999px497.x497.220317003442.w8c5/catalogue/ca...
[08:47:09]   [6] [IMG] Pent Restaurant and Catering | +(91)-8281223699 | 9 photos
[08:47:09]        [1] https://content.jdmagicbox.com/comp/kannur/j7/9999px497.x497.200629003712.q5j7/catalogue/p...
[08:47:09]        [2] https://images.jdmagicbox.com/comp/kannur/j7/9999px497.x497.200629003712.q5j7/catalogue/pe...
[08:47:09]        [3] https://images.jdmagicbox.com/comp/kannur/j7/9999px497.x497.200629003712.q5j7/catalogue/pe...
[08:47:09]   [7] [IMG] Ajwa Restaurant | +(91)-9447030436 | 9 photos
[08:47:09]        [1] https://content.jdmagicbox.com/comp/kannur/c8/9999px497.x497.200331202032.s9c8/catalogue/a...
[08:47:09]        [2] https://images.jdmagicbox.com/comp/kannur/c8/9999px497.x497.200331202032.s9c8/catalogue/aj...
[08:47:09]        [3] https://images.jdmagicbox.com/comp/kannur/c8/9999px497.x497.200331202032.s9c8/catalogue/aj...
[08:47:09]   [8] [IMG] Malabar Salkkaaram Restaurant | +(91)-8891903488 | 9 photos
[08:47:09]        [1] https://content.jdmagicbox.com/v2/comp/kannur/f3/9999px497.x497.241014195037.u1f3/catalogu...
[08:47:09]        [2] https://images.jdmagicbox.com/v2/comp/kannur/f3/9999px497.x497.241014195037.u1f3/catalogue...
[08:47:09]        [3] https://images.jdmagicbox.com/v2/comp/kannur/f3/9999px497.x497.241014195037.u1f3/catalogue...
[08:47:10]   [9] [IMG] Mvk Heritage Foods |  | 9 photos
[08:47:10]        [1] https://content.jdmagicbox.com/v2/comp/kannur/c1/9999px497.x497.250402081104.r5c1/catalogu...
[08:47:10]        [2] https://images.jdmagicbox.com/v2/comp/kannur/c1/9999px497.x497.250402081104.r5c1/catalogue...
[08:47:10]        [3] https://images.jdmagicbox.com/v2/comp/kannur/c1/9999px497.x497.250402081104.r5c1/catalogue...
[08:47:10]   [10] [IMG] Bel Canto Multi Cuisine Restaurant | +(91)-9288034447 | 9 photos
[08:47:10]        [1] https://content.jdmagicbox.com/comp/kannur/p2/9999px497.x497.230216222249.g8p2/catalogue/b...
[08:47:10]        [2] https://images.jdmagicbox.com/comp/kannur/p2/9999px497.x497.230216222249.g8p2/catalogue/be...
[08:47:10]        [3] https://images.jdmagicbox.com/comp/kannur/p2/9999px497.x497.230216222249.g8p2/catalogue/be...
[08:47:12]   Scraping page 5 (got 10 results)...
[08:47:12]   Checking page 6 for the next batch...
[08:47:12]   [1] [IMG] Raravies Mandhi House Mattanur |  | 2 photos
[08:47:12]        [1] https://content.jdmagicbox.com/comp/def_content/restaurants/default-restaurants-5.jpg...
[08:47:12]        [2] https://images.jdmagicbox.com/comp/def_content/restaurants/default-restaurants-5.jpg...
[08:47:13]   [2] [IMG] Ondhens Hotel | +(91)-9895188722 | 9 photos
[08:47:13]        [1] https://content.jdmagicbox.com/comp/kannur/g8/9999px497.x497.170608122354.g5g8/catalogue/o...
[08:47:13]        [2] https://images.jdmagicbox.com/comp/kannur/g8/9999px497.x497.170608122354.g5g8/catalogue/on...
[08:47:13]        [3] https://images.jdmagicbox.com/comp/kannur/g8/9999px497.x497.170608122354.g5g8/catalogue/on...
[08:47:13]   [3] [IMG] The Grillax | +(91)-9539081117 | 9 photos
[08:47:13]        [1] https://content.jdmagicbox.com/comp/kannur/n4/9999px497.x497.230808201319.e1n4/catalogue/t...
[08:47:13]        [2] https://images.jdmagicbox.com/comp/kannur/n4/9999px497.x497.230808201319.e1n4/catalogue/th...
[08:47:13]        [3] https://images.jdmagicbox.com/v2/comp/kannur/n4/9999px497.x497.230808201319.e1n4/catalogue...
[08:47:14]   [4] [IMG] Sahib's Grill Kitchen | +(91)-9312548356 | 9 photos
[08:47:14]        [1] https://content.jdmagicbox.com/comp/kannur/v5/9999px497.x497.170107151113.s4v5/catalogue/s...
[08:47:14]        [2] https://images.jdmagicbox.com/comp/kannur/v5/9999px497.x497.170107151113.s4v5/catalogue/sa...
[08:47:14]        [3] https://images.jdmagicbox.com/comp/kannur/v5/9999px497.x497.170107151113.s4v5/catalogue/sa...
[08:47:14]   [5] [IMG] Steak House Restaurant | +(91)-8281729999 | 9 photos
[08:47:14]        [1] https://content.jdmagicbox.com/comp/kannur/h7/9999px497.x497.170404142735.z9h7/catalogue/s...
[08:47:14]        [2] https://images.jdmagicbox.com/comp/kannur/h7/9999px497.x497.170404142735.z9h7/catalogue/st...
[08:47:14]        [3] https://images.jdmagicbox.com/comp/kannur/h7/9999px497.x497.170404142735.z9h7/catalogue/st...
[08:47:14]   [6] [IMG] Komalavilas Hotel | +(91)-8547364192 | 9 photos
[08:47:14]        [1] https://content.jdmagicbox.com/comp/kannur/y2/9999px497.x497.131023112820.w2y2/catalogue/k...
[08:47:14]        [2] https://images.jdmagicbox.com/comp/kannur/y2/9999px497.x497.131023112820.w2y2/catalogue/ko...
[08:47:14]        [3] https://images.jdmagicbox.com/v2/comp/kannur/y2/9999px497.x497.131023112820.w2y2/catalogue...
[08:47:15]   [7] [IMG] Savoury Restaurant | +(91)-9047899299 | 9 photos
[08:47:15]        [1] https://content.jdmagicbox.com/comp/kannur/q5/9999px497.x497.190731072449.g2q5/catalogue/s...
[08:47:15]        [2] https://images.jdmagicbox.com/comp/kannur/q5/9999px497.x497.190731072449.g2q5/catalogue/sa...
[08:47:15]        [3] https://images.jdmagicbox.com/comp/kannur/q5/9999px497.x497.190731072449.g2q5/catalogue/sa...
[08:47:15]   [8] [IMG] Machali Sea Food Restaurant | +(91)-7034720005 | 9 photos
[08:47:15]        [1] https://content.jdmagicbox.com/comp/kannur/a3/9999px497.x497.221018181552.c5a3/catalogue/-...
[08:47:15]        [2] https://images.jdmagicbox.com/comp/kannur/a3/9999px497.x497.221018181552.c5a3/catalogue/-0...
[08:47:15]        [3] https://images.jdmagicbox.com/comp/kannur/a3/9999px497.x497.221018181552.c5a3/catalogue/-f...
[08:47:15]   [9] [IMG] The Bamboo Restaurant | +(91)-8244258283 | 9 photos
[08:47:15]        [1] https://content.jdmagicbox.com/comp/kannur/c5/9999px497.x497.151229114630.i5c5/catalogue/t...
[08:47:15]        [2] https://images.jdmagicbox.com/comp/kannur/c5/9999px497.x497.151229114630.i5c5/catalogue/th...
[08:47:15]        [3] https://images.jdmagicbox.com/comp/kannur/c5/9999px497.x497.151229114630.i5c5/catalog/the-...
[08:47:16]   [10] [IMG] Hotel Pulari | +(91)-9633960747 | 9 photos
[08:47:16]        [1] https://content.jdmagicbox.com/comp/kannur/w8/9999px497.x497.180913052646.i5w8/catalogue/h...
[08:47:16]        [2] https://images.jdmagicbox.com/comp/kannur/w8/9999px497.x497.180913052646.i5w8/catalogue/ho...
[08:47:16]        [3] https://images.jdmagicbox.com/v2/comp/kannur/w8/9999px497.x497.180913052646.i5w8/catalogue...
[08:47:18]   Scraping page 6 (got 10 results)...
[08:47:18]   Checking page 7 for the next batch...
[08:47:18]   [1] [IMG] Royal Fried Chicken (RFC) | +(91)-9400466694 | 3 photos
[08:47:18]        [1] https://content.jdmagicbox.com/v2/comp/kannur/g5/9999px497.x497.231205092025.b9g5/catalogu...
[08:47:18]        [2] https://images.jdmagicbox.com/v2/comp/kannur/g5/9999px497.x497.231205092025.b9g5/catalogue...
[08:47:18]        [3] https://images.jdmagicbox.com/v2/comp/kannur/g5/9999px497.x497.231205092025.b9g5/catalogue...
[08:47:18]   [2] [IMG] Herbal Kitchen |  | 2 photos
[08:47:18]        [1] https://content.jdmagicbox.com/comp/def_content/restaurants/default-restaurants-9.jpg...
[08:47:18]        [2] https://images.jdmagicbox.com/comp/def_content/restaurants/default-restaurants-9.jpg...
[08:47:19]   [3] [IMG] Kfc | +(91)-7942725809 | 9 photos
[08:47:19]        [1] https://content.jdmagicbox.com/comp/def_content_category/kfc/274744306-5359482000748984-67...
[08:47:19]        [2] https://images.jdmagicbox.com/comp/def_content_category/kfc/274744306-5359482000748984-675...
[08:47:19]        [3] https://images.jdmagicbox.com/comp/def_content_category/kfc/275889960-5402476773116173-904...
[08:47:19]   [4] [IMG] Raravies Family Restaurant | +(91)-9656076071 | 7 photos
[08:47:19]        [1] https://content.jdmagicbox.com/comp/kannur/e2/9999px497.x497.180816191220.y5e2/catalogue/r...
[08:47:19]        [2] https://images.jdmagicbox.com/comp/kannur/e2/9999px497.x497.180816191220.y5e2/catalogue/ra...
[08:47:19]        [3] https://images.jdmagicbox.com/comp/kannur/e2/9999px497.x497.180816191220.y5e2/catalogue/ra...
[08:47:19]   [5] [IMG] Akathalam Restaurant | +(91)-9562777758 | 9 photos
[08:47:19]        [1] https://content.jdmagicbox.com/comp/kannur/q4/9999px497.x497.181205122531.k8q4/catalogue/a...
[08:47:19]        [2] https://images.jdmagicbox.com/comp/kannur/q4/9999px497.x497.181205122531.k8q4/catalogue/ak...
[08:47:19]        [3] https://images.jdmagicbox.com/comp/kannur/q4/9999px497.x497.181205122531.k8q4/catalogue/ak...
[08:47:20]   [6] [IMG] Royal Omars | +(91)-8075245474 | 9 photos
[08:47:20]        [1] https://content.jdmagicbox.com/v2/comp/kannur/w7/9999px497.x497.230606181856.c4w7/catalogu...
[08:47:20]        [2] https://images.jdmagicbox.com/v2/comp/kannur/w7/9999px497.x497.230606181856.c4w7/catalogue...
[08:47:20]        [3] https://images.jdmagicbox.com/v2/comp/kannur/w7/9999px497.x497.230606181856.c4w7/catalogue...
[08:47:21]   [7] [IMG] MVK travellers Restaurant | +(91)-9207788994 | 9 photos
[08:47:21]        [1] https://content.jdmagicbox.com/comp/kannur/w6/9999px497.x497.190418220905.a1w6/catalogue/m...
[08:47:21]        [2] https://images.jdmagicbox.com/comp/kannur/w6/9999px497.x497.190418220905.a1w6/catalogue/mv...
[08:47:21]        [3] https://images.jdmagicbox.com/comp/kannur/w6/9999px497.x497.190418220905.a1w6/catalogue/mv...
[08:47:21]   [8] [IMG] Maroosh Restaurant | +(91)-9567440384 | 7 photos
[08:47:21]        [1] https://content.jdmagicbox.com/comp/kannur/k5/9999px497.x497.170605165041.d4k5/catalogue/m...
[08:47:21]        [2] https://images.jdmagicbox.com/comp/kannur/k5/9999px497.x497.170605165041.d4k5/catalogue/ma...
[08:47:21]        [3] https://images.jdmagicbox.com/comp/kannur/k5/9999px497.x497.170605165041.d4k5/catalogue/ma...
[08:47:21]   [9] [IMG] Hotel Top Form | +(91)-9947166854 | 9 photos
[08:47:21]        [1] https://content.jdmagicbox.com/comp/kannur/a2/9999px497.x497.170109123956.n6a2/catalogue/h...
[08:47:21]        [2] https://images.jdmagicbox.com/comp/kannur/a2/9999px497.x497.170109123956.n6a2/catalogue/ho...
[08:47:21]        [3] https://images.jdmagicbox.com/comp/kannur/a2/9999px497.x497.170109123956.n6a2/catalogue/ho...
[08:47:22]   [10] [IMG] Nahdi Mandi Kannur | +(91)-9605777781 | 2 photos
[08:47:22]        [1] https://content.jdmagicbox.com/comp/def_content/arabic_restaurants/default-arabic-restaura...
[08:47:22]        [2] https://images.jdmagicbox.com/comp/def_content/arabic_restaurants/default-arabic-restauran...
[08:47:24]   Scraping page 7 (got 10 results)...
[08:47:24]   Checking page 8 for the next batch...
[08:47:24]   [1] [IMG] Kenoth Thaliyil Mana | +(91)-8200094967 | 9 photos
[08:47:24]        [1] https://content.jdmagicbox.com/comp/kannur/g8/9999px497.x497.210705223637.e6g8/catalogue/k...
[08:47:24]        [2] https://images.jdmagicbox.com/comp/kannur/g8/9999px497.x497.210705223637.e6g8/catalogue/ke...
[08:47:24]        [3] https://images.jdmagicbox.com/comp/kannur/g8/9999px497.x497.210705223637.e6g8/catalogue/ke...
[08:47:24]   [2] [IMG] Bombay Hotel | +(91)-9995664854 | 6 photos
[08:47:24]        [1] https://content.jdmagicbox.com/comp/kannur/j1/9999px497.x497.170930181159.e1j1/catalogue/b...
[08:47:24]        [2] https://images.jdmagicbox.com/comp/kannur/j1/9999px497.x497.170930181159.e1j1/catalogue/bo...
[08:47:24]        [3] https://images.jdmagicbox.com/comp/kannur/j1/9999px497.x497.170930181159.e1j1/catalogue/bo...
[08:47:25]   [3] [IMG] Chirag Restaurant | +(91)-9847112029 | 7 photos
[08:47:25]        [1] https://content.jdmagicbox.com/comp/kannur/q9/9999px497.x497.181113215600.c6q9/catalogue/c...
[08:47:25]        [2] https://images.jdmagicbox.com/comp/kannur/q9/9999px497.x497.181113215600.c6q9/catalogue/ch...
[08:47:25]        [3] https://images.jdmagicbox.com/comp/kannur/q9/9999px497.x497.181113215600.c6q9/catalogue/ch...
[08:47:25]   [4] [IMG] Golden Grains Family Restaurant | +(91)-9048656699 | 9 photos
[08:47:25]        [1] https://content.jdmagicbox.com/comp/kannur/c7/9999px497.x497.200925202257.e6c7/catalogue/g...
[08:47:25]        [2] https://images.jdmagicbox.com/comp/kannur/c7/9999px497.x497.200925202257.e6c7/catalogue/go...
[08:47:25]        [3] https://images.jdmagicbox.com/comp/kannur/c7/9999px497.x497.200925202257.e6c7/catalogue/go...
[08:47:25]   [5] [IMG] Omas Restaurant | +(91)-9526051554 | 9 photos
[08:47:25]        [1] https://content.jdmagicbox.com/comp/kannur/c1/9999px497.x497.180906200230.m5c1/catalogue/o...
[08:47:25]        [2] https://images.jdmagicbox.com/comp/kannur/c1/9999px497.x497.180906200230.m5c1/catalogue/om...
[08:47:25]        [3] https://images.jdmagicbox.com/comp/kannur/c1/9999px497.x497.180906200230.m5c1/catalogue/om...
[08:47:26]   [6] [IMG] Mayoori North Indian Food | +(91)-9656436099 | 9 photos
[08:47:26]        [1] https://content.jdmagicbox.com/comp/kannur/q2/9999px497.x497.190819091321.b3q2/catalogue/m...
[08:47:26]        [2] https://images.jdmagicbox.com/comp/kannur/q2/9999px497.x497.190819091321.b3q2/catalogue/ma...
[08:47:26]        [3] https://images.jdmagicbox.com/v2/comp/kannur/q2/9999px497.x497.190819091321.b3q2/catalogue...
[08:47:26]   [7] [IMG] Al Taza | +(91)-8606660421 | 9 photos
[08:47:26]        [1] https://content.jdmagicbox.com/comp/def_content_category/al-taza/106987823-168430087173501...
[08:47:26]        [2] https://images.jdmagicbox.com/comp/def_content_category/al-taza/106987823-1684300871735014...
[08:47:26]        [3] https://images.jdmagicbox.com/comp/def_content_category/al-taza/82943759-1536342199864216-...
[08:47:27]   [8] [IMG] Udupi Cafe | +(91)-9656623630 | 9 photos
[08:47:27]        [1] https://content.jdmagicbox.com/v2/comp/kannur/p1/9999px497.x497.240127121231.f1p1/catalogu...
[08:47:27]        [2] https://images.jdmagicbox.com/v2/comp/kannur/p1/9999px497.x497.240127121231.f1p1/catalogue...
[08:47:27]        [3] https://images.jdmagicbox.com/v2/comp/kannur/p1/9999px497.x497.240127121231.f1p1/catalogue...
[08:47:27]   [9] [IMG] Angel Restaurant | +(91)-9447137427 | 9 photos
[08:47:27]        [1] https://content.jdmagicbox.com/v2/comp/kannur/i8/9999px497.x497.171128221802.i7i8/catalogu...
[08:47:27]        [2] https://images.jdmagicbox.com/v2/comp/kannur/i8/9999px497.x497.171128221802.i7i8/catalogue...
[08:47:27]        [3] https://images.jdmagicbox.com/v2/comp/kannur/i8/9999px497.x497.171128221802.i7i8/catalogue...
[08:47:27]   [10] [IMG] The Bamboo Restaurant | +(91)-8244258283 | 9 photos
[08:47:27]        [1] https://content.jdmagicbox.com/comp/kannur/g1/9999px497.x497.180816202621.c6g1/catalogue/t...
[08:47:27]        [2] https://images.jdmagicbox.com/comp/kannur/g1/9999px497.x497.180816202621.c6g1/catalogue/th...
[08:47:27]        [3] https://images.jdmagicbox.com/comp/kannur/g1/9999px497.x497.180816202621.c6g1/catalogue/th...
[08:47:29]   Scraping page 8 (got 10 results)...
[08:47:29]   Checking page 9 for the next batch...
[08:47:29]   [1] [IMG] Pathayam Restaurant |  | 2 photos
[08:47:29]        [1] https://content.jdmagicbox.com/comp/def_content/restaurants/default-restaurants-8.jpg...
[08:47:29]        [2] https://images.jdmagicbox.com/comp/def_content/restaurants/default-restaurants-8.jpg...
[08:47:30]   [2] [IMG] Olam Naadan Food Joint | +(91)-8921312499 | 6 photos
[08:47:30]        [1] https://content.jdmagicbox.com/comp/kannur/l4/9999px497.x497.230313212303.p8l4/catalogue/o...
[08:47:30]        [2] https://images.jdmagicbox.com/comp/kannur/l4/9999px497.x497.230313212303.p8l4/catalogue/ol...
[08:47:30]        [3] https://images.jdmagicbox.com/comp/kannur/l4/9999px497.x497.230313212303.p8l4/catalogue/ol...
[08:47:30]   [3] [IMG] Alis Arabic Restaurant |  | 2 photos
[08:47:30]        [1] https://content.jdmagicbox.com/comp/def_content/restaurants/default-restaurants-2.jpg...
[08:47:30]        [2] https://images.jdmagicbox.com/comp/def_content/restaurants/default-restaurants-2.jpg...
[08:47:30]   [4] [IMG] New Pulari | +(91)-7055603080 | 9 photos
[08:47:30]        [1] https://content.jdmagicbox.com/v2/comp/kannur/g3/9999px497.x497.240228130053.w2g3/catalogu...
[08:47:30]        [2] https://images.jdmagicbox.com/v2/comp/kannur/g3/9999px497.x497.240228130053.w2g3/catalogue...
[08:47:30]        [3] https://images.jdmagicbox.com/v2/comp/kannur/g3/9999px497.x497.240228130053.w2g3/catalogue...
[08:47:31]   [5] [IMG] Surya Heritage Hotel | +(91)-9895755414 | 9 photos
[08:47:31]        [1] https://content.jdmagicbox.com/comp/kannur/s7/9999px497.x497.210331110026.n9s7/catalogue/s...
[08:47:31]        [2] https://images.jdmagicbox.com/comp/kannur/s7/9999px497.x497.210331110026.n9s7/catalogue/su...
[08:47:31]        [3] https://images.jdmagicbox.com/comp/kannur/s7/9999px497.x497.210331110026.n9s7/catalogue/su...
[08:47:31]   [6] [IMG] Cita Pani Restaurant |  | 9 photos
[08:47:31]        [1] https://content.jdmagicbox.com/comp/kannur/l5/9999px497.x497.190823072930.z7l5/catalogue/c...
[08:47:31]        [2] https://images.jdmagicbox.com/comp/kannur/l5/9999px497.x497.190823072930.z7l5/catalogue/ci...
[08:47:31]        [3] https://images.jdmagicbox.com/comp/kannur/l5/9999px497.x497.190823072930.z7l5/catalogue/ci...
[08:47:32]   [7] [IMG] The Sharjah Palace | +(91)-9961081818 | 9 photos
[08:47:32]        [1] https://content.jdmagicbox.com/comp/kannur/g3/9999px497.x497.180906113625.m3g3/catalogue/t...
[08:47:32]        [2] https://images.jdmagicbox.com/comp/kannur/g3/9999px497.x497.180906113625.m3g3/catalogue/th...
[08:47:32]        [3] https://images.jdmagicbox.com/comp/kannur/g3/9999px497.x497.180906113625.m3g3/catalogue/th...
[08:47:32]   [8] [IMG] Amis Kitchen |  | 3 photos
[08:47:32]        [1] https://content.jdmagicbox.com/v2/comp/kannur/y6/9999px497.x497.230909123423.a3y6/catalogu...
[08:47:32]        [2] https://images.jdmagicbox.com/v2/comp/kannur/y6/9999px497.x497.230909123423.a3y6/catalogue...
[08:47:32]        [3] https://images.jdmagicbox.com/v2/comp/kannur/y6/9999px497.x497.230909123423.a3y6/catalogue...
[08:47:32]   [9] [IMG] Afc Panoor | +(91)-6235472222 | 7 photos
[08:47:32]        [1] https://content.jdmagicbox.com/comp/kannur/b6/9999px497.x497.230526081433.y8b6/catalogue/a...
[08:47:32]        [2] https://images.jdmagicbox.com/comp/kannur/b6/9999px497.x497.230526081433.y8b6/catalogue/af...
[08:47:32]        [3] https://images.jdmagicbox.com/comp/kannur/b6/9999px497.x497.230526081433.y8b6/catalogue/af...
[08:47:33]   [10] [IMG] Banglore Cafe |  | 4 photos
[08:47:33]        [1] https://content.jdmagicbox.com/v2/comp/kannur/s9/9999px497.x497.231222061255.e9s9/catalogu...
[08:47:33]        [2] https://images.jdmagicbox.com/v2/comp/kannur/s9/9999px497.x497.231222061255.e9s9/catalogue...
[08:47:33]        [3] https://images.jdmagicbox.com/v2/comp/kannur/s9/9999px497.x497.231222061255.e9s9/catalogue...
[08:47:35]   Scraping page 9 (got 10 results)...
[08:47:35]   Checking page 10 for the next batch...
[08:47:35]   [1] [IMG] Modern Raraavis | +(91)-8589988303 | 5 photos
[08:47:35]        [1] https://content.jdmagicbox.com/comp/kannur/j3/9999px497.x497.230607070754.a7j3/catalogue/m...
[08:47:35]        [2] https://images.jdmagicbox.com/comp/kannur/j3/9999px497.x497.230607070754.a7j3/catalogue/mo...
[08:47:35]        [3] https://images.jdmagicbox.com/comp/kannur/j3/9999px497.x497.230607070754.a7j3/catalogue/mo...
[08:47:36]   [2] [IMG] Brothers Hotel | +(91)-9447853646 | 7 photos
[08:47:36]        [1] https://content.jdmagicbox.com/v2/comp/kannur/z9/9999px497.x497.120118125559.u7z9/catalogu...
[08:47:36]        [2] https://images.jdmagicbox.com/v2/comp/kannur/z9/9999px497.x497.120118125559.u7z9/catalogue...
[08:47:36]        [3] https://images.jdmagicbox.com/comp/kannur/z9/9999px497.x497.120118125559.u7z9/catalogue/br...
[08:47:36]   [3] [IMG] Grand Chirakkal Kitchen | +(91)-7012615554 | 2 photos
[08:47:36]        [1] https://content.jdmagicbox.com/comp/def_content/restaurants/default-restaurants-4.jpg...
[08:47:36]        [2] https://images.jdmagicbox.com/comp/def_content/restaurants/default-restaurants-4.jpg...
[08:47:36]   [4] [IMG] National Hotel | +(91)-9847438119 | 9 photos
[08:47:36]        [1] https://content.jdmagicbox.com/v2/comp/kannur/c4/9999px497.x497.170928092153.e3c4/catalogu...
[08:47:36]        [2] https://images.jdmagicbox.com/v2/comp/kannur/c4/9999px497.x497.170928092153.e3c4/catalogue...
[08:47:36]        [3] https://images.jdmagicbox.com/v2/comp/kannur/c4/9999px497.x497.170928092153.e3c4/catalogue...
[08:47:37]   [5] [IMG] Regency Restaurant | +(91)-7907015489 | 2 photos
[08:47:37]        [1] https://content.jdmagicbox.com/comp/def_content/arabic_restaurants/default-arabic-restaura...
[08:47:37]        [2] https://images.jdmagicbox.com/comp/def_content/arabic_restaurants/default-arabic-restauran...
[08:47:37]   [6] [IMG] Barka Restaurant | +(91)-8559944999 | 9 photos
[08:47:37]        [1] https://content.jdmagicbox.com/comp/kannur/s8/9999px497.x497.220129220617.v2s8/catalogue/b...
[08:47:37]        [2] https://images.jdmagicbox.com/comp/kannur/s8/9999px497.x497.220129220617.v2s8/catalogue/ba...
[08:47:37]        [3] https://images.jdmagicbox.com/comp/kannur/s8/9999px497.x497.220129220617.v2s8/catalogue/ba...
[08:47:38]   [7] [IMG] Cita Pani | +(91)-8136888730 | 9 photos
[08:47:38]        [1] https://content.jdmagicbox.com/comp/kannur/w7/9999px497.x497.140902111537.l3w7/catalogue/c...
[08:47:38]        [2] https://images.jdmagicbox.com/comp/kannur/w7/9999px497.x497.140902111537.l3w7/catalogue/ci...
[08:47:38]        [3] https://images.jdmagicbox.com/comp/kannur/w7/9999px497.x497.140902111537.l3w7/catalogue/ci...
[08:47:38]   [8] [IMG] Hotel Muthappan |  | 2 photos
[08:47:38]        [1] https://content.jdmagicbox.com/comp/def_content/restaurants/default-restaurants-1.jpg...
[08:47:38]        [2] https://images.jdmagicbox.com/comp/def_content/restaurants/default-restaurants-1.jpg...
[08:47:39]        ? [NEW] Saved to DB ?
[08:47:39]   [9] [IMG] Indian Coffee House |  | 9 photos
[08:47:39]        [1] https://content.jdmagicbox.com/comp/kannur/u6/9999px497.x497.181113165711.u4u6/catalogue/i...
[08:47:39]        [2] https://images.jdmagicbox.com/comp/kannur/u6/9999px497.x497.181113165711.u4u6/catalogue/in...
[08:47:39]        [3] https://images.jdmagicbox.com/comp/kannur/u6/9999px497.x497.181113165711.u4u6/catalogue/in...
[08:47:40]   [10] [IMG] Cantaloupes | +(91)-7025695569 | 9 photos
[08:47:40]        [1] https://content.jdmagicbox.com/comp/kannur/w5/9999px497.x497.190308190049.a4w5/catalogue/c...
[08:47:40]        [2] https://images.jdmagicbox.com/comp/kannur/w5/9999px497.x497.190308190049.a4w5/catalogue/ca...
[08:47:40]        [3] https://images.jdmagicbox.com/comp/kannur/w5/9999px497.x497.190308190049.a4w5/catalogue/ca...
[08:47:42]   Scraping page 10 (got 10 results)...
[08:47:42]   No more pages found (END OF RESULTS).
[08:47:42]   [1] [IMG] Bombay Hotel | +(91)-9947491954 | 7 photos
[08:47:42]        [1] https://content.jdmagicbox.com/comp/kannur/v5/9999px497.x497.180226104421.m7v5/catalogue/b...
[08:47:42]        [2] https://images.jdmagicbox.com/comp/kannur/v5/9999px497.x497.180226104421.m7v5/catalogue/bo...
[08:47:42]        [3] https://images.jdmagicbox.com/v2/comp/kannur/v5/9999px497.x497.180226104421.m7v5/catalogue...
[08:47:42]   [2] [IMG] Caf 916 | +(91)-9072716916 | 9 photos
[08:47:42]        [1] https://content.jdmagicbox.com/comp/kannur/t9/9999px497.x497.190301031710.h6t9/catalogue/c...
[08:47:42]        [2] https://images.jdmagicbox.com/comp/kannur/t9/9999px497.x497.190301031710.h6t9/catalogue/ca...
[08:47:42]        [3] https://images.jdmagicbox.com/comp/kannur/t9/9999px497.x497.190301031710.h6t9/catalogue/ca...
[08:47:43]   [3] [IMG] Malabar Restaurant | +(91)-9895192864 | 2 photos
[08:47:43]        [1] https://content.jdmagicbox.com/comp/def_content/north_indian_restaurants/default-north-ind...
[08:47:43]        [2] https://images.jdmagicbox.com/comp/def_content/north_indian_restaurants/default-north-indi...
[08:47:43]   [4] [IMG] Kareems 1982 Story |  | 2 photos
[08:47:43]        [1] https://content.jdmagicbox.com/comp/def_content/restaurants/default-restaurants-6.jpg...
[08:47:43]        [2] https://images.jdmagicbox.com/comp/def_content/restaurants/default-restaurants-6.jpg...
[08:47:44]   [5] [IMG] Rak Kabab | +(91)-9061032032 | 9 photos
[08:47:44]        [1] https://content.jdmagicbox.com/comp/kannur/y3/9999px497.x497.200617203430.p8y3/catalogue/r...
[08:47:44]        [2] https://images.jdmagicbox.com/comp/kannur/y3/9999px497.x497.200617203430.p8y3/catalogue/ra...
[08:47:44]        [3] https://images.jdmagicbox.com/comp/kannur/y3/9999px497.x497.200617203430.p8y3/catalogue/ra...
[08:47:44]   [6] [IMG] Lollino | +(91)-8606600053 | 9 photos
[08:47:44]        [1] https://content.jdmagicbox.com/v2/comp/kannur/y5/9999px497.x497.240404212258.j9y5/catalogu...
[08:47:44]        [2] https://images.jdmagicbox.com/v2/comp/kannur/y5/9999px497.x497.240404212258.j9y5/catalogue...
[08:47:44]        [3] https://images.jdmagicbox.com/comp/kannur/h9/9999px497.x497.220322184913.a2h9/catalogue/lo...
[08:47:44]   [7] [IMG] Aroma Flavours Multi Cuisine Ac Restaurant | +(91)-7025900017 | 9 photos
[08:47:44]        [1] https://content.jdmagicbox.com/comp/kannur/s5/9999px497.x497.191112223659.r6s5/catalogue/a...
[08:47:44]        [2] https://images.jdmagicbox.com/comp/kannur/s5/9999px497.x497.191112223659.r6s5/catalogue/ar...
[08:47:44]        [3] https://images.jdmagicbox.com/comp/kannur/s5/9999px497.x497.191112223659.r6s5/catalogue/ar...
[08:47:45]   [8] [IMG] Omars Inn Restaurant | +(91)-8714421903 | 9 photos
[08:47:45]        [1] https://content.jdmagicbox.com/v2/comp/kannur/n7/9999px497.x497.191026173615.y3n7/catalogu...
[08:47:45]        [2] https://images.jdmagicbox.com/v2/comp/kannur/n7/9999px497.x497.191026173615.y3n7/catalogue...
[08:47:45]        [3] https://images.jdmagicbox.com/comp/kannur/n7/9999px497.x497.191026173615.y3n7/catalogue/om...
[08:47:45]   [9] [IMG] D Cafe | +(91)-8129293627 | 5 photos
[08:47:45]        [1] https://content.jdmagicbox.com/v2/comp/kannur/z9/9999px497.x497.240821161358.x8z9/catalogu...
[08:47:45]        [2] https://images.jdmagicbox.com/v2/comp/kannur/z9/9999px497.x497.240821161358.x8z9/catalogue...
[08:47:45]        [3] https://images.jdmagicbox.com/v2/comp/kannur/z9/9999px497.x497.240821161358.x8z9/catalogue...
[08:47:45]   [10] [IMG] Onden Hotel | +(91)-9895188722 | 9 photos
[08:47:45]        [1] https://content.jdmagicbox.com/v2/comp/kannur/v2/9999px497.x497.200617210257.t4v2/catalogu...
[08:47:45]        [2] https://images.jdmagicbox.com/v2/comp/kannur/v2/9999px497.x497.200617210257.t4v2/catalogue...
[08:47:45]        [3] https://images.jdmagicbox.com/v2/comp/kannur/v2/9999px497.x497.200617210257.t4v2/catalogue...
[08:47:46]   Reached last page for this target.
[08:47:47] 
==========================================
[08:47:47] [*] Scraping target 5/7: Iritty
[08:47:47] ==========================================
[08:47:48] ? Found 100 total Restaurants in Iritty.
[08:47:48]   Scraping page 1 (got 10 results)...
[08:47:48]   Checking page 2 for the next batch...
[08:47:48]   [1] [IMG] WESTBURG DARMASHALA | +(91)-7411790657 | 7 photos
[08:47:48]        [1] https://content.jdmagicbox.com/v2/comp/kannur/z9/9999px497.x497.250712160334.d1z9/catalogu...
[08:47:48]        [2] https://images.jdmagicbox.com/v2/comp/kannur/z9/9999px497.x497.250712160334.d1z9/catalogue...
[08:47:48]        [3] https://images.jdmagicbox.com/v2/comp/kannur/z9/9999px497.x497.250712160334.d1z9/catalogue...
[08:47:48]   [2] [IMG] Raras Family Food Court | +(91)-7487978259 | 9 photos
[08:47:48]        [1] https://content.jdmagicbox.com/v2/comp/kannur/i6/9999px497.x497.250412033736.h8i6/catalogu...
[08:47:48]        [2] https://images.jdmagicbox.com/v2/comp/kannur/i6/9999px497.x497.250412033736.h8i6/catalogue...
[08:47:48]        [3] https://images.jdmagicbox.com/v2/comp/kannur/i6/9999px497.x497.250412033736.h8i6/catalogue...
[08:47:49]   [3] [IMG] IGLOO Restaurant & Ice Cream Parlour | +(91)-9054644245 | 9 photos
[08:47:49]        [1] https://content.jdmagicbox.com/comp/kannur/s9/9999px497.x497.131202152326.h3s9/catalogue/i...
[08:47:49]        [2] https://images.jdmagicbox.com/comp/kannur/s9/9999px497.x497.131202152326.h3s9/catalogue/ig...
[08:47:49]        [3] https://images.jdmagicbox.com/comp/kannur/s9/9999px497.x497.131202152326.h3s9/catalogue/ig...
[08:47:49]   [4] [IMG] Malabar Salkkaaram Restaurant | +(91)-8891903488 | 9 photos
[08:47:49]        [1] https://content.jdmagicbox.com/v2/comp/kannur/f3/9999px497.x497.241014195037.u1f3/catalogu...
[08:47:49]        [2] https://images.jdmagicbox.com/v2/comp/kannur/f3/9999px497.x497.241014195037.u1f3/catalogue...
[08:47:49]        [3] https://images.jdmagicbox.com/v2/comp/kannur/f3/9999px497.x497.241014195037.u1f3/catalogue...
[08:47:49]   [5] [IMG] Barka Restaurant | +(91)-8559944999 | 9 photos
[08:47:50]        [1] https://content.jdmagicbox.com/comp/kannur/s8/9999px497.x497.220129220617.v2s8/catalogue/b...
[08:47:50]        [2] https://images.jdmagicbox.com/comp/kannur/s8/9999px497.x497.220129220617.v2s8/catalogue/ba...
[08:47:50]        [3] https://images.jdmagicbox.com/comp/kannur/s8/9999px497.x497.220129220617.v2s8/catalogue/ba...
[08:47:50]   [6] [IMG] Royal Omars | +(91)-8075245474 | 9 photos
[08:47:50]        [1] https://content.jdmagicbox.com/v2/comp/kannur/w7/9999px497.x497.230606181856.c4w7/catalogu...
[08:47:50]        [2] https://images.jdmagicbox.com/v2/comp/kannur/w7/9999px497.x497.230606181856.c4w7/catalogue...
[08:47:50]        [3] https://images.jdmagicbox.com/v2/comp/kannur/w7/9999px497.x497.230606181856.c4w7/catalogue...
[08:47:50]   [7] [IMG] Kareems 1982 Story |  | 2 photos
[08:47:50]        [1] https://content.jdmagicbox.com/comp/def_content/restaurants/default-restaurants-6.jpg...
[08:47:50]        [2] https://images.jdmagicbox.com/comp/def_content/restaurants/default-restaurants-6.jpg...
[08:47:51]   [8] [IMG] Al Taza | +(91)-8606660421 | 9 photos
[08:47:51]        [1] https://content.jdmagicbox.com/comp/def_content_category/al-taza/106987823-168430087173501...
[08:47:51]        [2] https://images.jdmagicbox.com/comp/def_content_category/al-taza/106987823-1684300871735014...
[08:47:51]        [3] https://images.jdmagicbox.com/comp/def_content_category/al-taza/82943759-1536342199864216-...
[08:47:51]   [9] [IMG] Taazah Restaurant | +(91)-9237100800 | 9 photos
[08:47:51]        [1] https://content.jdmagicbox.com/comp/muzhappilangad/x8/9999px497.x497.230625104047.e1x8/cat...
[08:47:51]        [2] https://images.jdmagicbox.com/comp/muzhappilangad/x8/9999px497.x497.230625104047.e1x8/cata...
[08:47:51]        [3] https://images.jdmagicbox.com/comp/muzhappilangad/x8/9999px497.x497.230625104047.e1x8/cata...
[08:47:51]   [10] [IMG] Raras Family Restaurant | +(91)-9847370407 | 9 photos
[08:47:51]        [1] https://content.jdmagicbox.com/comp/kannur/q4/9999px497.x497.181226001421.d7q4/catalogue/r...
[08:47:51]        [2] https://images.jdmagicbox.com/comp/kannur/q4/9999px497.x497.181226001421.d7q4/catalogue/ra...
[08:47:51]        [3] https://images.jdmagicbox.com/comp/kannur/q4/9999px497.x497.181226001421.d7q4/catalogue/ra...
[08:47:54]   Scraping page 2 (got 10 results)...
[08:47:54]   Checking page 3 for the next batch...
[08:47:54]   [1] [IMG] Kinara Restaurant | +(91)-7510664449 | 9 photos
[08:47:54]        [1] https://content.jdmagicbox.com/comp/kannur/i3/9999px497.x497.220128010457.l6i3/catalogue/k...
[08:47:54]        [2] https://images.jdmagicbox.com/comp/kannur/i3/9999px497.x497.220128010457.l6i3/catalogue/ki...
[08:47:54]        [3] https://images.jdmagicbox.com/comp/kannur/i3/9999px497.x497.220128010457.l6i3/catalogue/ki...
[08:47:54]   [2] [IMG] Onden Hotel | +(91)-9895188722 | 9 photos
[08:47:54]        [1] https://content.jdmagicbox.com/v2/comp/kannur/v2/9999px497.x497.200617210257.t4v2/catalogu...
[08:47:54]        [2] https://images.jdmagicbox.com/v2/comp/kannur/v2/9999px497.x497.200617210257.t4v2/catalogue...
[08:47:54]        [3] https://images.jdmagicbox.com/v2/comp/kannur/v2/9999px497.x497.200617210257.t4v2/catalogue...
[08:47:55]   [3] [IMG] Steak House Restaurant | +(91)-8281729999 | 9 photos
[08:47:55]        [1] https://content.jdmagicbox.com/comp/kannur/h7/9999px497.x497.170404142735.z9h7/catalogue/s...
[08:47:55]        [2] https://images.jdmagicbox.com/comp/kannur/h7/9999px497.x497.170404142735.z9h7/catalogue/st...
[08:47:55]        [3] https://images.jdmagicbox.com/comp/kannur/h7/9999px497.x497.170404142735.z9h7/catalogue/st...
[08:47:55]   [4] [IMG] Kanaal Pot Restaurant | +(91)-9074610678 | 9 photos
[08:47:55]        [1] https://content.jdmagicbox.com/v2/comp/kannur/d1/9999px497.x497.240227201248.l2d1/catalogu...
[08:47:55]        [2] https://images.jdmagicbox.com/v2/comp/kannur/d1/9999px497.x497.240227201248.l2d1/catalogue...
[08:47:55]        [3] https://images.jdmagicbox.com/v2/comp/kannur/d1/9999px497.x497.240227201248.l2d1/catalogue...
[08:47:56]   [5] [IMG] Indian Coffee House |  | 9 photos
[08:47:56]        [1] https://content.jdmagicbox.com/comp/kannur/u6/9999px497.x497.181113165711.u4u6/catalogue/i...
[08:47:56]        [2] https://images.jdmagicbox.com/comp/kannur/u6/9999px497.x497.181113165711.u4u6/catalogue/in...
[08:47:56]        [3] https://images.jdmagicbox.com/comp/kannur/u6/9999px497.x497.181113165711.u4u6/catalogue/in...
[08:47:56]   [6] [IMG] Ondhens Hotel | +(91)-9895188722 | 9 photos
[08:47:56]        [1] https://content.jdmagicbox.com/comp/kannur/g8/9999px497.x497.170608122354.g5g8/catalogue/o...
[08:47:56]        [2] https://images.jdmagicbox.com/comp/kannur/g8/9999px497.x497.170608122354.g5g8/catalogue/on...
[08:47:56]        [3] https://images.jdmagicbox.com/comp/kannur/g8/9999px497.x497.170608122354.g5g8/catalogue/on...
[08:47:56]   [7] [IMG] Spinney Cafe Kurumathur | +(91)-8926800080 | 9 photos
[08:47:56]        [1] https://content.jdmagicbox.com/comp/kannur/q2/9999px497.x497.230328200808.j5q2/catalogue/s...
[08:47:56]        [2] https://images.jdmagicbox.com/comp/kannur/q2/9999px497.x497.230328200808.j5q2/catalogue/sp...
[08:47:56]        [3] https://images.jdmagicbox.com/comp/kannur/q2/9999px497.x497.230328200808.j5q2/catalogue/sp...
[08:47:57]   [8] [IMG] Malabar Kitchen | +(91)-9886767585 | 9 photos
[08:47:57]        [1] https://content.jdmagicbox.com/comp/kannur/q1/9999px497.x497.180210200628.p4q1/catalogue/m...
[08:47:57]        [2] https://images.jdmagicbox.com/comp/kannur/q1/9999px497.x497.180210200628.p4q1/catalogue/ma...
[08:47:57]        [3] https://images.jdmagicbox.com/comp/kannur/q1/9999px497.x497.180210200628.p4q1/catalogue/ma...
[08:47:57]   [9] [IMG] Aquarius Veg Restaurant | +(91)-7994535400 | 9 photos
[08:47:57]        [1] https://content.jdmagicbox.com/comp/kannur/g7/9999px497.x497.131112213939.i3g7/catalogue/a...
[08:47:57]        [2] https://images.jdmagicbox.com/comp/kannur/g7/9999px497.x497.131112213939.i3g7/catalogue/aq...
[08:47:57]        [3] https://images.jdmagicbox.com/v2/comp/kannur/g7/9999px497.x497.131112213939.i3g7/catalogue...
[08:47:57]   [10] [IMG] Hotel Annapoorna Veg-Nonveg |  | 5 photos
[08:47:57]        [1] https://content.jdmagicbox.com/comp/kannur/g6/9999px497.x497.180227113904.y4g6/catalogue/h...
[08:47:57]        [2] https://images.jdmagicbox.com/comp/kannur/g6/9999px497.x497.180227113904.y4g6/catalogue/ho...
[08:47:57]        [3] https://images.jdmagicbox.com/comp/kannur/g6/9999px497.x497.180227113904.y4g6/catalogue/ho...
[08:47:59]   Scraping page 3 (got 10 results)...
[08:47:59]   Checking page 4 for the next batch...
[08:47:59]   [1] [IMG] Hotel Odhens | +(91)-9895365115 | 9 photos
[08:47:59]        [1] https://content.jdmagicbox.com/comp/kannur/j5/9999px497.x497.131112214901.l2j5/catalogue/h...
[08:47:59]        [2] https://images.jdmagicbox.com/comp/kannur/j5/9999px497.x497.131112214901.l2j5/catalogue/ho...
[08:47:59]        [3] https://images.jdmagicbox.com/comp/kannur/j5/9999px497.x497.131112214901.l2j5/catalogue/ho...
[08:48:00]   [2] [IMG] Rara Avis | +(91)-9539942633 | 9 photos
[08:48:00]        [1] https://content.jdmagicbox.com/comp/kannur/r4/9999px497.x497.180921222640.k9r4/catalogue/r...
[08:48:00]        [2] https://images.jdmagicbox.com/comp/kannur/r4/9999px497.x497.180921222640.k9r4/catalogue/ra...
[08:48:00]        [3] https://images.jdmagicbox.com/comp/kannur/r4/9999px497.x497.180921222640.k9r4/catalogue/ra...
[08:48:00]   [3] [IMG] Kfc | +(91)-7942725809 | 9 photos
[08:48:00]        [1] https://content.jdmagicbox.com/comp/def_content_category/kfc/274744306-5359482000748984-67...
[08:48:00]        [2] https://images.jdmagicbox.com/comp/def_content_category/kfc/274744306-5359482000748984-675...
[08:48:00]        [3] https://images.jdmagicbox.com/comp/def_content_category/kfc/275889960-5402476773116173-904...
[08:48:00]   [4] [IMG] Chicking | +(91)-8606996622 | 9 photos
[08:48:00]        [1] https://content.jdmagicbox.com/comp/kannur/e6/9999px497.x497.181214121636.u5e6/catalogue/c...
[08:48:00]        [2] https://images.jdmagicbox.com/comp/kannur/e6/9999px497.x497.181214121636.u5e6/catalogue/ch...
[08:48:00]        [3] https://images.jdmagicbox.com/v2/comp/kannur/e6/9999px497.x497.181214121636.u5e6/catalogue...
[08:48:01]   [5] [IMG] Bamboo Fresh | +(91)-9633963390 | 9 photos
[08:48:01]        [1] https://content.jdmagicbox.com/comp/kannur/q4/9999px497.x497.170606111000.s9q4/catalogue/b...
[08:48:01]        [2] https://images.jdmagicbox.com/comp/kannur/q4/9999px497.x497.170606111000.s9q4/catalogue/ba...
[08:48:01]        [3] https://images.jdmagicbox.com/comp/taliparamba/q4/9999px497.x497.170606111000.s9q4/catalog...
[08:48:01]   [6] [IMG] Zaffran Multi Cuisine Restaurant |  | 9 photos
[08:48:01]        [1] https://content.jdmagicbox.com/v2/comp/kannur/n3/9999px497.x497.250416045031.e9n3/catalogu...
[08:48:01]        [2] https://images.jdmagicbox.com/v2/comp/kannur/n3/9999px497.x497.250416045031.e9n3/catalogue...
[08:48:01]        [3] https://images.jdmagicbox.com/v2/comp/kannur/n3/9999px497.x497.250416045031.e9n3/catalogue...
[08:48:01]   [7] [IMG] Nandhu Hotel |  | 2 photos
[08:48:01]        [1] https://content.jdmagicbox.com/comp/def_content/restaurants/default-restaurants-6.jpg...
[08:48:01]        [2] https://images.jdmagicbox.com/comp/def_content/restaurants/default-restaurants-6.jpg...
[08:48:02]   [8] [IMG] Ithaathas Kitchen | +(91)-7594041111 | 9 photos
[08:48:02]        [1] https://content.jdmagicbox.com/comp/kannur/x7/9999px497.x497.191231205604.y1x7/catalogue/i...
[08:48:02]        [2] https://images.jdmagicbox.com/comp/kannur/x7/9999px497.x497.191231205604.y1x7/catalogue/it...
[08:48:02]        [3] https://images.jdmagicbox.com/comp/kannur/x7/9999px497.x497.191231205604.y1x7/catalogue/it...
[08:48:02]   [9] [IMG] Kairali Restaurant | +(91)-9747000972 | 9 photos
[08:48:02]        [1] https://content.jdmagicbox.com/comp/kannur/j2/9999px497.x497.191024205229.h1j2/catalogue/k...
[08:48:02]        [2] https://images.jdmagicbox.com/comp/kannur/j2/9999px497.x497.191024205229.h1j2/catalogue/ka...
[08:48:02]        [3] https://images.jdmagicbox.com/v2/comp/kannur/j2/9999px497.x497.191024205229.h1j2/catalogue...
[08:48:03]   [10] [IMG] Raaz Palace | +(91)-8547357421 | 6 photos
[08:48:03]        [1] https://content.jdmagicbox.com/comp/kannur/f8/9999px497.x497.170928214532.y8f8/catalogue/r...
[08:48:03]        [2] https://images.jdmagicbox.com/comp/kannur/f8/9999px497.x497.170928214532.y8f8/catalogue/ra...
[08:48:03]        [3] https://images.jdmagicbox.com/comp/kannur/f8/9999px497.x497.170928214532.y8f8/catalogue/ra...
[08:48:04]   Scraping page 4 (got 10 results)...
[08:48:04]   Checking page 5 for the next batch...
[08:48:04]   [1] [IMG] Vazhiyora Thattukata | +(91)-8714489316 | 2 photos
[08:48:04]        [1] https://content.jdmagicbox.com/v2/comp/kannur/n5/9999px497.x497.250213022441.u6n5/catalogu...
[08:48:04]        [2] https://images.jdmagicbox.com/v2/comp/kannur/n5/9999px497.x497.250213022441.u6n5/catalogue...
[08:48:05]   [2] [IMG] Fat Chef | +(91)-6235363331 | 9 photos
[08:48:05]        [1] https://content.jdmagicbox.com/comp/kannur/e4/9999px497.x497.221225024237.a9e4/catalogue/f...
[08:48:05]        [2] https://images.jdmagicbox.com/comp/kannur/e4/9999px497.x497.221225024237.a9e4/catalogue/fa...
[08:48:05]        [3] https://images.jdmagicbox.com/v2/comp/kannur/e4/9999px497.x497.221225024237.a9e4/catalogue...
[08:48:05]   [3] [IMG] Broad Bean Hotel | +(91)-7902787777 | 9 photos
[08:48:05]        [1] https://content.jdmagicbox.com/comp/kannur/i5/9999px497.x497.190701213846.v6i5/catalogue/b...
[08:48:05]        [2] https://images.jdmagicbox.com/comp/kannur/i5/9999px497.x497.190701213846.v6i5/catalogue/br...
[08:48:05]        [3] https://images.jdmagicbox.com/comp/kannur/i5/9999px497.x497.190701213846.v6i5/catalogue/br...
[08:48:06]   [4] [IMG] Kenoth Thaliyil Mana | +(91)-8200094967 | 9 photos
[08:48:06]        [1] https://content.jdmagicbox.com/comp/kannur/g8/9999px497.x497.210705223637.e6g8/catalogue/k...
[08:48:06]        [2] https://images.jdmagicbox.com/comp/kannur/g8/9999px497.x497.210705223637.e6g8/catalogue/ke...
[08:48:06]        [3] https://images.jdmagicbox.com/comp/kannur/g8/9999px497.x497.210705223637.e6g8/catalogue/ke...
[08:48:06]   [5] [IMG] Regency Restaurant | +(91)-7907015489 | 2 photos
[08:48:06]        [1] https://content.jdmagicbox.com/comp/def_content/arabic_restaurants/default-arabic-restaura...
[08:48:06]        [2] https://images.jdmagicbox.com/comp/def_content/arabic_restaurants/default-arabic-restauran...
[08:48:06]   [6] [IMG] Kannur Dakshin Hotel | +(91)-9048708452 | 9 photos
[08:48:06]        [1] https://content.jdmagicbox.com/comp/kannur/n6/9999px497.x497.120613142819.w1n6/catalogue/k...
[08:48:06]        [2] https://images.jdmagicbox.com/comp/kannur/n6/9999px497.x497.120613142819.w1n6/catalogue/ka...
[08:48:06]        [3] https://images.jdmagicbox.com/comp/kannur/n6/9999px497.x497.120613142819.w1n6/catalogue/ka...
[08:48:07]   [7] [IMG] Komalavilas Hotel | +(91)-8547364192 | 9 photos
[08:48:07]        [1] https://content.jdmagicbox.com/comp/kannur/y2/9999px497.x497.131023112820.w2y2/catalogue/k...
[08:48:07]        [2] https://images.jdmagicbox.com/comp/kannur/y2/9999px497.x497.131023112820.w2y2/catalogue/ko...
[08:48:07]        [3] https://images.jdmagicbox.com/v2/comp/kannur/y2/9999px497.x497.131023112820.w2y2/catalogue...
[08:48:07]   [8] [IMG] The Bamboo Restaurant | +(91)-8244258283 | 9 photos
[08:48:07]        [1] https://content.jdmagicbox.com/comp/kannur/c5/9999px497.x497.151229114630.i5c5/catalogue/t...
[08:48:07]        [2] https://images.jdmagicbox.com/comp/kannur/c5/9999px497.x497.151229114630.i5c5/catalogue/th...
[08:48:07]        [3] https://images.jdmagicbox.com/comp/kannur/c5/9999px497.x497.151229114630.i5c5/catalog/the-...
[08:48:08]   [9] [IMG] Casa Rasa Restaurant | +(91)-6235941941 | 9 photos
[08:48:08]        [1] https://content.jdmagicbox.com/comp/kannur/t6/9999px497.x497.190308190042.f1t6/catalogue/c...
[08:48:08]        [2] https://images.jdmagicbox.com/comp/kannur/t6/9999px497.x497.190308190042.f1t6/catalogue/ca...
[08:48:08]        [3] https://images.jdmagicbox.com/comp/kannur/t6/9999px497.x497.190308190042.f1t6/catalogue/ca...
[08:48:08]   [10] [IMG] Thottathi Restaurant |  | 9 photos
[08:48:08]        [1] https://content.jdmagicbox.com/comp/kannur/i2/9999px497.x497.181217173625.v5i2/catalogue/t...
[08:48:08]        [2] https://images.jdmagicbox.com/comp/kannur/i2/9999px497.x497.181217173625.v5i2/catalogue/th...
[08:48:08]        [3] https://images.jdmagicbox.com/v2/comp/kannur/i2/9999px497.x497.181217173625.v5i2/catalogue...
[08:48:11]   Scraping page 5 (got 10 results)...
[08:48:11]   Checking page 6 for the next batch...
[08:48:11]   [1] [IMG] Hotel Savoy |  | 2 photos
[08:48:11]        [1] https://content.jdmagicbox.com/comp/def_content/restaurants/default-restaurants-8.jpg...
[08:48:11]        [2] https://images.jdmagicbox.com/comp/def_content/restaurants/default-restaurants-8.jpg...
[08:48:11]   [2] [IMG] Haji Ali Juice Centre Kannur | +(91)-9846047305 | 9 photos
[08:48:11]        [1] https://content.jdmagicbox.com/comp/kannur/j4/9999px497.x497.220316215919.u3j4/catalogue/h...
[08:48:11]        [2] https://images.jdmagicbox.com/comp/kannur/j4/9999px497.x497.220316215919.u3j4/catalogue/ha...
[08:48:11]        [3] https://images.jdmagicbox.com/comp/kannur/j4/9999px497.x497.220316215919.u3j4/catalogue/ha...
[08:48:11]   [3] [IMG] Lam Cafe | +(91)-9497347999 | 9 photos
[08:48:11]        [1] https://content.jdmagicbox.com/comp/kannur/f1/9999px497.x497.180915020924.l9f1/catalogue/l...
[08:48:11]        [2] https://images.jdmagicbox.com/comp/kannur/f1/9999px497.x497.180915020924.l9f1/catalogue/la...
[08:48:11]        [3] https://images.jdmagicbox.com/comp/kannur/f1/9999px497.x497.180915020924.l9f1/catalogue/la...
[08:48:12]   [4] [IMG] Shadhi Mubarak | +(91)-9745720081 | 2 photos
[08:48:12]        [1] https://content.jdmagicbox.com/comp/kannur/f9/9999px497.x497.220619234043.h5f9/catalogue/s...
[08:48:12]        [2] https://images.jdmagicbox.com/comp/kannur/f9/9999px497.x497.220619234043.h5f9/catalogue/sh...
[08:48:14]        ? [NEW] Saved to DB ?
[08:48:14]   [5] [IMG] Yippee Chinese | +(91)-8138943431 | 9 photos
[08:48:14]        [1] https://content.jdmagicbox.com/comp/kannur/t7/9999px497.x497.221217000527.e3t7/catalogue/y...
[08:48:14]        [2] https://images.jdmagicbox.com/comp/kannur/t7/9999px497.x497.221217000527.e3t7/catalogue/yi...
[08:48:14]        [3] https://images.jdmagicbox.com/comp/kannur/t7/9999px497.x497.221217000527.e3t7/catalogue/yi...
[08:48:14]   [6] [IMG] Orchid Family Restaurant | +(91)-7034076688 | 9 photos
[08:48:14]        [1] https://content.jdmagicbox.com/comp/kannur/t4/9999px497.x497.110201005408.k9t4/catalogue/o...
[08:48:14]        [2] https://images.jdmagicbox.com/comp/kannur/t4/9999px497.x497.110201005408.k9t4/catalogue/or...
[08:48:14]        [3] https://images.jdmagicbox.com/comp/kannur/t4/9999px497.x497.110201005408.k9t4/catalogue/or...
[08:48:15]   [7] [IMG] Hiqmath Restaurant |  | 9 photos
[08:48:15]        [1] https://content.jdmagicbox.com/comp/kannur/r8/9999px497.x497.230607113305.t8r8/catalogue/h...
[08:48:15]        [2] https://images.jdmagicbox.com/comp/kannur/r8/9999px497.x497.230607113305.t8r8/catalogue/hi...
[08:48:15]        [3] https://images.jdmagicbox.com/comp/kannur/r8/9999px497.x497.230607113305.t8r8/catalogue/hi...
[08:48:15]   [8] [IMG] Afc Panoor | +(91)-6235472222 | 7 photos
[08:48:15]        [1] https://content.jdmagicbox.com/comp/kannur/b6/9999px497.x497.230526081433.y8b6/catalogue/a...
[08:48:15]        [2] https://images.jdmagicbox.com/comp/kannur/b6/9999px497.x497.230526081433.y8b6/catalogue/af...
[08:48:15]        [3] https://images.jdmagicbox.com/comp/kannur/b6/9999px497.x497.230526081433.y8b6/catalogue/af...
[08:48:15]   [9] [IMG] Gokulam Fort Restaurant | +(91)-6238414952 | 6 photos
[08:48:15]        [1] https://content.jdmagicbox.com/comp/kannur/g4/9999px497.x497.230201205004.t7g4/catalogue/g...
[08:48:15]        [2] https://images.jdmagicbox.com/comp/kannur/g4/9999px497.x497.230201205004.t7g4/catalogue/go...
[08:48:15]        [3] https://images.jdmagicbox.com/comp/kannur/g4/9999px497.x497.230201205004.t7g4/catalogue/go...
[08:48:16]   [10] [IMG] Malabar Bites |  | 3 photos
[08:48:16]        [1] https://content.jdmagicbox.com/v2/comp/kannur/m8/9999px497.x497.190702004855.r2m8/catalogu...
[08:48:16]        [2] https://images.jdmagicbox.com/v2/comp/kannur/m8/9999px497.x497.190702004855.r2m8/catalogue...
[08:48:16]        [3] https://images.jdmagicbox.com/v2/comp/kannur/m8/9999px497.x497.190702004855.r2m8/catalogue...
[08:48:18]   Scraping page 6 (got 10 results)...
[08:48:18]   Checking page 7 for the next batch...
[08:48:18]   [1] [IMG] Cafe Ghazal | +(91)-9400805060 | 9 photos
[08:48:18]        [1] https://content.jdmagicbox.com/comp/kannur/c5/9999px497.x497.220317003442.w8c5/catalogue/c...
[08:48:18]        [2] https://images.jdmagicbox.com/comp/kannur/c5/9999px497.x497.220317003442.w8c5/catalogue/ca...
[08:48:18]        [3] https://images.jdmagicbox.com/comp/kannur/c5/9999px497.x497.220317003442.w8c5/catalogue/ca...
[08:48:19]   [2] [IMG] BARKA RESTAURANT | +(91)-8714218399 | 9 photos
[08:48:19]        [1] https://content.jdmagicbox.com/comp/kannur/d4/9999px497.x497.230420141210.i3d4/catalogue/b...
[08:48:19]        [2] https://images.jdmagicbox.com/comp/kannur/d4/9999px497.x497.230420141210.i3d4/catalogue/ba...
[08:48:19]        [3] https://images.jdmagicbox.com/comp/kannur/d4/9999px497.x497.230420141210.i3d4/catalogue/yj...
[08:48:19]   [3] [IMG] The Grillax | +(91)-9539081117 | 9 photos
[08:48:19]        [1] https://content.jdmagicbox.com/comp/kannur/n4/9999px497.x497.230808201319.e1n4/catalogue/t...
[08:48:19]        [2] https://images.jdmagicbox.com/comp/kannur/n4/9999px497.x497.230808201319.e1n4/catalogue/th...
[08:48:19]        [3] https://images.jdmagicbox.com/v2/comp/kannur/n4/9999px497.x497.230808201319.e1n4/catalogue...
[08:48:19]   [4] [IMG] Hotel Soft | +(91)-9746994080 | 6 photos
[08:48:19]        [1] https://content.jdmagicbox.com/v2/comp/kannur/p8/9999px497.x497.161208172614.s2p8/catalogu...
[08:48:19]        [2] https://images.jdmagicbox.com/v2/comp/kannur/p8/9999px497.x497.161208172614.s2p8/catalogue...
[08:48:19]        [3] https://images.jdmagicbox.com/comp/kannur/p8/9999px497.x497.161208172614.s2p8/catalogue/ho...
[08:48:20]   [5] [IMG] Arackan'S Restaurant |  | 2 photos
[08:48:20]        [1] https://content.jdmagicbox.com/comp/def_content_category/restaurants/photo-1497644083578-6...
[08:48:20]        [2] https://images.jdmagicbox.com/comp/def_content_category/restaurants/photo-1497644083578-61...
[08:48:21]        ? [NEW] Saved to DB ?
[08:48:21]   [6] [IMG] Shafi Thattukada | +(91)-9633121212 | 9 photos
[08:48:21]        [1] https://content.jdmagicbox.com/comp/kannur/t5/9999px497.x497.181218140716.e2t5/catalogue/s...
[08:48:21]        [2] https://images.jdmagicbox.com/comp/kannur/t5/9999px497.x497.181218140716.e2t5/catalogue/sh...
[08:48:21]        [3] https://images.jdmagicbox.com/comp/kannur/t5/9999px497.x497.181218140716.e2t5/catalogue/sh...
[08:48:22]   [7] [IMG] Raravies family restaurant | +(91)-8156839494 | 7 photos
[08:48:22]        [1] https://content.jdmagicbox.com/comp/kannur/e2/9999px497.x497.180816191220.y5e2/catalogue/r...
[08:48:22]        [2] https://images.jdmagicbox.com/comp/kannur/e2/9999px497.x497.180816191220.y5e2/catalogue/ra...
[08:48:22]        [3] https://images.jdmagicbox.com/comp/kannur/e2/9999px497.x497.180816191220.y5e2/catalogue/ra...
[08:48:23]   [8] [IMG] De Muthassi Restaurant |  | 5 photos
[08:48:23]        [1] https://content.jdmagicbox.com/comp/kannur/d7/9999px497.x497.220618211651.g4d7/catalogue/d...
[08:48:23]        [2] https://images.jdmagicbox.com/comp/kannur/d7/9999px497.x497.220618211651.g4d7/catalogue/de...
[08:48:23]        [3] https://images.jdmagicbox.com/comp/kannur/d7/9999px497.x497.220618211651.g4d7/catalogue/de...
[08:48:23]   [9] [IMG] Caf 916 | +(91)-9072716916 | 9 photos
[08:48:23]        [1] https://content.jdmagicbox.com/comp/kannur/t9/9999px497.x497.190301031710.h6t9/catalogue/c...
[08:48:23]        [2] https://images.jdmagicbox.com/comp/kannur/t9/9999px497.x497.190301031710.h6t9/catalogue/ca...
[08:48:23]        [3] https://images.jdmagicbox.com/comp/kannur/t9/9999px497.x497.190301031710.h6t9/catalogue/ca...
[08:48:23]   [10] [IMG] Hotel Top Form | +(91)-9947166854 | 9 photos
[08:48:23]        [1] https://content.jdmagicbox.com/comp/kannur/a2/9999px497.x497.170109123956.n6a2/catalogue/h...
[08:48:23]        [2] https://images.jdmagicbox.com/comp/kannur/a2/9999px497.x497.170109123956.n6a2/catalogue/ho...
[08:48:23]        [3] https://images.jdmagicbox.com/comp/kannur/a2/9999px497.x497.170109123956.n6a2/catalogue/ho...
[08:48:25]   Scraping page 7 (got 10 results)...
[08:48:25]   Checking page 8 for the next batch...
[08:48:25]   [1] [IMG] Omas Restaurant | +(91)-9526051554 | 9 photos
[08:48:25]        [1] https://content.jdmagicbox.com/comp/kannur/c1/9999px497.x497.180906200230.m5c1/catalogue/o...
[08:48:25]        [2] https://images.jdmagicbox.com/comp/kannur/c1/9999px497.x497.180906200230.m5c1/catalogue/om...
[08:48:25]        [3] https://images.jdmagicbox.com/comp/kannur/c1/9999px497.x497.180906200230.m5c1/catalogue/om...
[08:48:26]   [2] [IMG] Raravies Family Restaurant | +(91)-9656076071 | 7 photos
[08:48:26]        [1] https://content.jdmagicbox.com/comp/kannur/e2/9999px497.x497.180816191220.y5e2/catalogue/r...
[08:48:26]        [2] https://images.jdmagicbox.com/comp/kannur/e2/9999px497.x497.180816191220.y5e2/catalogue/ra...
[08:48:26]        [3] https://images.jdmagicbox.com/comp/kannur/e2/9999px497.x497.180816191220.y5e2/catalogue/ra...
[08:48:26]   [3] [IMG] Pent Restaurant and Catering | +(91)-8281223699 | 9 photos
[08:48:26]        [1] https://content.jdmagicbox.com/comp/kannur/j7/9999px497.x497.200629003712.q5j7/catalogue/p...
[08:48:26]        [2] https://images.jdmagicbox.com/comp/kannur/j7/9999px497.x497.200629003712.q5j7/catalogue/pe...
[08:48:26]        [3] https://images.jdmagicbox.com/comp/kannur/j7/9999px497.x497.200629003712.q5j7/catalogue/pe...
[08:48:26]   [4] [IMG] Malaysian Food court | +(91)-9061818818 | 9 photos
[08:48:26]        [1] https://content.jdmagicbox.com/comp/kannur/u6/9999px497.x497.230623110615.e6u6/catalogue/x...
[08:48:26]        [2] https://images.jdmagicbox.com/comp/kannur/u6/9999px497.x497.230623110615.e6u6/catalogue/xy...
[08:48:26]        [3] https://images.jdmagicbox.com/comp/kannur/u6/9999px497.x497.230623110615.e6u6/catalogue/3z...
[08:48:27]   [5] [IMG] Raandhal Restaurant | +(91)-8891191919 | 9 photos
[08:48:27]        [1] https://content.jdmagicbox.com/comp/kannur/e3/9999px497.x497.130621200037.y1e3/catalogue/r...
[08:48:27]        [2] https://images.jdmagicbox.com/comp/kannur/e3/9999px497.x497.130621200037.y1e3/catalogue/ra...
[08:48:27]        [3] https://images.jdmagicbox.com/comp/kannur/e3/9999px497.x497.130621200037.y1e3/catalogue/ra...
[08:48:27]   [6] [IMG] New Pulari | +(91)-7055603080 | 9 photos
[08:48:27]        [1] https://content.jdmagicbox.com/v2/comp/kannur/g3/9999px497.x497.240228130053.w2g3/catalogu...
[08:48:27]        [2] https://images.jdmagicbox.com/v2/comp/kannur/g3/9999px497.x497.240228130053.w2g3/catalogue...
[08:48:27]        [3] https://images.jdmagicbox.com/v2/comp/kannur/g3/9999px497.x497.240228130053.w2g3/catalogue...
[08:48:28]   [7] [IMG] Cita Pani Restaurant |  | 9 photos
[08:48:28]        [1] https://content.jdmagicbox.com/comp/kannur/l5/9999px497.x497.190823072930.z7l5/catalogue/c...
[08:48:28]        [2] https://images.jdmagicbox.com/comp/kannur/l5/9999px497.x497.190823072930.z7l5/catalogue/ci...
[08:48:28]        [3] https://images.jdmagicbox.com/comp/kannur/l5/9999px497.x497.190823072930.z7l5/catalogue/ci...
[08:48:28]   [8] [IMG] Indian Coffee House |  | 9 photos
[08:48:28]        [1] https://content.jdmagicbox.com/comp/kannur/y4/9999px497.x497.191129013857.t8y4/catalogue/i...
[08:48:28]        [2] https://images.jdmagicbox.com/comp/kannur/y4/9999px497.x497.191129013857.t8y4/catalogue/in...
[08:48:28]        [3] https://images.jdmagicbox.com/v2/comp/kannur/y4/9999px497.x497.191129013857.t8y4/catalogue...
[08:48:28]   [9] [IMG] Meals Club Restaurant | +(91)-9495954248 | 9 photos
[08:48:28]        [1] https://content.jdmagicbox.com/v2/comp/kannur/b6/9999px497.x497.211101232255.q5b6/catalogu...
[08:48:28]        [2] https://images.jdmagicbox.com/v2/comp/kannur/b6/9999px497.x497.211101232255.q5b6/catalogue...
[08:48:28]        [3] https://images.jdmagicbox.com/v2/comp/kannur/b6/9999px497.x497.211101232255.q5b6/catalogue...
[08:48:29]   [10] [IMG] Safire Restaurant | +(91)-8111884455 | 9 photos
[08:48:29]        [1] https://content.jdmagicbox.com/comp/kannur/e3/9999px497.x497.171122194133.c6e3/catalogue/s...
[08:48:29]        [2] https://images.jdmagicbox.com/comp/kannur/e3/9999px497.x497.171122194133.c6e3/catalogue/sa...
[08:48:29]        [3] https://images.jdmagicbox.com/comp/kannur/e3/9999px497.x497.171122194133.c6e3/catalogue/sa...
[08:48:31]   Scraping page 8 (got 10 results)...
[08:48:31]   Checking page 9 for the next batch...
[08:48:31]   [1] [IMG] Indian Coffee House |  | 9 photos
[08:48:31]        [1] https://content.jdmagicbox.com/v2/comp/taliparamba/y4/9999px497.x497.130308163423.z4y4/cat...
[08:48:31]        [2] https://images.jdmagicbox.com/v2/comp/taliparamba/y4/9999px497.x497.130308163423.z4y4/cata...
[08:48:31]        [3] https://images.jdmagicbox.com/v2/comp/taliparamba/y4/9999px497.x497.130308163423.z4y4/cata...
[08:48:32]   [2] [IMG] Neeno'S Restaurant | +(91)-9076829076 | 2 photos
[08:48:32]        [1] https://content.jdmagicbox.com/comp/def_content/restaurants/default-restaurants-1.jpg...
[08:48:32]        [2] https://images.jdmagicbox.com/comp/def_content/restaurants/default-restaurants-1.jpg...
[08:48:32]   [3] [IMG] Ambadi Hotel |  | 7 photos
[08:48:32]        [1] https://content.jdmagicbox.com/comp/kannur/u1/9999px497.x497.180818225054.e1u1/catalogue/a...
[08:48:32]        [2] https://images.jdmagicbox.com/comp/kannur/u1/9999px497.x497.180818225054.e1u1/catalogue/am...
[08:48:32]        [3] https://images.jdmagicbox.com/comp/kannur/u1/9999px497.x497.180818225054.e1u1/catalogue/am...
[08:48:32]   [4] [IMG] Indian Coffee House |  | 9 photos
[08:48:32]        [1] https://content.jdmagicbox.com/comp/kannur/h6/9999px497.x497.230625190322.t2h6/catalogue/i...
[08:48:32]        [2] https://images.jdmagicbox.com/comp/kannur/h6/9999px497.x497.230625190322.t2h6/catalogue/in...
[08:48:32]        [3] https://images.jdmagicbox.com/comp/kannur/h6/9999px497.x497.230625190322.t2h6/catalogue/in...
[08:48:33]   [5] [IMG] Turkwise | +(91)-9895229008 | 9 photos
[08:48:33]        [1] https://content.jdmagicbox.com/comp/kannur/j5/9999px497.x497.190312071553.p1j5/catalogue/t...
[08:48:33]        [2] https://images.jdmagicbox.com/comp/kannur/j5/9999px497.x497.190312071553.p1j5/catalogue/tu...
[08:48:33]        [3] https://images.jdmagicbox.com/comp/kannur/j5/9999px497.x497.190312071553.p1j5/catalogue/tu...
[08:48:33]   [6] [IMG] Maroosh Hotel | +(91)-9744400024 | 9 photos
[08:48:33]        [1] https://content.jdmagicbox.com/comp/kannur/r9/9999px497.x497.180817204509.d9r9/catalogue/m...
[08:48:33]        [2] https://images.jdmagicbox.com/comp/kannur/r9/9999px497.x497.180817204509.d9r9/catalogue/ma...
[08:48:33]        [3] https://images.jdmagicbox.com/comp/kannur/r9/9999px497.x497.180817204509.d9r9/catalogue/ma...
[08:48:34]   [7] [IMG] Sasu Cafe | +(91)-9072725003 | 9 photos
[08:48:34]        [1] https://content.jdmagicbox.com/v2/comp/kannur/k9/9999px497.x497.240126142055.m9k9/catalogu...
[08:48:34]        [2] https://images.jdmagicbox.com/v2/comp/kannur/k9/9999px497.x497.240126142055.m9k9/catalogue...
[08:48:34]        [3] https://images.jdmagicbox.com/v2/comp/kannur/k9/9999px497.x497.240126142055.m9k9/catalogue...
[08:48:34]   [8] [IMG] Akathalam Restaurant | +(91)-9562777758 | 9 photos
[08:48:34]        [1] https://content.jdmagicbox.com/comp/kannur/q4/9999px497.x497.181205122531.k8q4/catalogue/a...
[08:48:34]        [2] https://images.jdmagicbox.com/comp/kannur/q4/9999px497.x497.181205122531.k8q4/catalogue/ak...
[08:48:34]        [3] https://images.jdmagicbox.com/comp/kannur/q4/9999px497.x497.181205122531.k8q4/catalogue/ak...
[08:48:34]   [9] [IMG] Cafe Manakeesh Chokli | +(91)-8096002002 | 9 photos
[08:48:34]        [1] https://content.jdmagicbox.com/v2/comp/kannur/f4/9999px497.x497.231217075513.j3f4/catalogu...
[08:48:34]        [2] https://images.jdmagicbox.com/v2/comp/kannur/f4/9999px497.x497.231217075513.j3f4/catalogue...
[08:48:34]        [3] https://images.jdmagicbox.com/v2/comp/kannur/f4/9999px497.x497.231217075513.j3f4/catalogue...
[08:48:35]   [10] [IMG] Shylaja Hotel | +(91)-9562848274 | 7 photos
[08:48:35]        [1] https://content.jdmagicbox.com/comp/kannur/n2/9999px497.x497.180304085148.d1n2/catalogue/s...
[08:48:35]        [2] https://images.jdmagicbox.com/comp/kannur/n2/9999px497.x497.180304085148.d1n2/catalogue/sh...
[08:48:35]        [3] https://images.jdmagicbox.com/comp/kannur/n2/9999px497.x497.180304085148.d1n2/catalogue/sh...
[08:48:37]   Scraping page 9 (got 10 results)...
[08:48:37]   Checking page 10 for the next batch...
[08:48:37]   [1] [IMG] M V K Restaurant |  | 9 photos
[08:48:37]        [1] https://content.jdmagicbox.com/comp/kannur/y3/9999px497.x497.140716165449.q8y3/catalogue/m...
[08:48:37]        [2] https://images.jdmagicbox.com/comp/kannur/y3/9999px497.x497.140716165449.q8y3/catalogue/m-...
[08:48:37]        [3] https://images.jdmagicbox.com/comp/kannur/y3/9999px497.x497.140716165449.q8y3/catalogue/m-...
[08:48:37]   [2] [IMG] Hotel Santhi Sagar | +(91)-9447936190 | 9 photos
[08:48:37]        [1] https://content.jdmagicbox.com/comp/kannur/s3/9999px497.x497.170604204456.p9s3/catalogue/h...
[08:48:37]        [2] https://images.jdmagicbox.com/comp/kannur/s3/9999px497.x497.170604204456.p9s3/catalogue/ho...
[08:48:37]        [3] https://images.jdmagicbox.com/comp/kannur/s3/9999px497.x497.170604204456.p9s3/catalogue/ho...
[08:48:37]   [3] [IMG] Golden Grains Family Restaurant | +(91)-9048656699 | 9 photos
[08:48:37]        [1] https://content.jdmagicbox.com/comp/kannur/c7/9999px497.x497.200925202257.e6c7/catalogue/g...
[08:48:37]        [2] https://images.jdmagicbox.com/comp/kannur/c7/9999px497.x497.200925202257.e6c7/catalogue/go...
[08:48:37]        [3] https://images.jdmagicbox.com/comp/kannur/c7/9999px497.x497.200925202257.e6c7/catalogue/go...
[08:48:38]   [4] [IMG] Savoury Restaurant | +(91)-7034748748 | 9 photos
[08:48:38]        [1] https://content.jdmagicbox.com/comp/kannur/u2/9999px497.x497.191128182459.q2u2/catalogue/s...
[08:48:38]        [2] https://images.jdmagicbox.com/comp/kannur/u2/9999px497.x497.191128182459.q2u2/catalogue/sa...
[08:48:38]        [3] https://images.jdmagicbox.com/comp/kannur/u2/9999px497.x497.191128182459.q2u2/catalogue/sa...
[08:48:38]   [5] [IMG] Citapani Fried Chicken | +(91)-8089540342 | 9 photos
[08:48:38]        [1] https://content.jdmagicbox.com/comp/kannur/g6/9999px497.x497.220722223404.u6g6/catalogue/c...
[08:48:38]        [2] https://images.jdmagicbox.com/comp/kannur/g6/9999px497.x497.220722223404.u6g6/catalogue/ci...
[08:48:38]        [3] https://images.jdmagicbox.com/comp/kannur/g6/9999px497.x497.220722223404.u6g6/catalogue/ci...
[08:48:39]   [6] [IMG] Bombay Cafe | +(91)-8089086944 | 6 photos
[08:48:39]        [1] https://content.jdmagicbox.com/v2/comp/kannur/z2/9999px497.x497.231021131437.n4z2/catalogu...
[08:48:39]        [2] https://images.jdmagicbox.com/v2/comp/kannur/z2/9999px497.x497.231021131437.n4z2/catalogue...
[08:48:39]        [3] https://images.jdmagicbox.com/v2/comp/kannur/z2/9999px497.x497.231021131437.n4z2/catalogue...
[08:48:39]   [7] [IMG] Ajwa Restaurant | +(91)-9447030436 | 9 photos
[08:48:39]        [1] https://content.jdmagicbox.com/comp/kannur/c8/9999px497.x497.200331202032.s9c8/catalogue/a...
[08:48:39]        [2] https://images.jdmagicbox.com/comp/kannur/c8/9999px497.x497.200331202032.s9c8/catalogue/aj...
[08:48:39]        [3] https://images.jdmagicbox.com/comp/kannur/c8/9999px497.x497.200331202032.s9c8/catalogue/aj...
[08:48:39]   [8] [IMG] Deema Restaurant | +(91)-7025000951 | 9 photos
[08:48:39]        [1] https://content.jdmagicbox.com/comp/kannur/d9/9999px497.x497.181219122709.p3d9/catalogue/d...
[08:48:39]        [2] https://images.jdmagicbox.com/comp/kannur/d9/9999px497.x497.181219122709.p3d9/catalogue/de...
[08:48:39]        [3] https://images.jdmagicbox.com/comp/kannur/d9/9999px497.x497.181219122709.p3d9/catalogue/de...
[08:48:40]   [9] [IMG] Cafe Deewani And Halwa Deewaniya | +(91)-6235511392 | 9 photos
[08:48:40]        [1] https://content.jdmagicbox.com/v2/comp/kannur/a3/9999px497.x497.240425193608.m8a3/catalogu...
[08:48:40]        [2] https://images.jdmagicbox.com/v2/comp/kannur/a3/9999px497.x497.240425193608.m8a3/catalogue...
[08:48:40]        [3] https://images.jdmagicbox.com/v2/comp/kannur/a3/9999px497.x497.240425193608.m8a3/catalogue...
[08:48:40]   [10] [IMG] Sahib's Grill Kitchen | +(91)-9312548356 | 9 photos
[08:48:40]        [1] https://content.jdmagicbox.com/comp/kannur/v5/9999px497.x497.170107151113.s4v5/catalogue/s...
[08:48:40]        [2] https://images.jdmagicbox.com/comp/kannur/v5/9999px497.x497.170107151113.s4v5/catalogue/sa...
[08:48:40]        [3] https://images.jdmagicbox.com/comp/kannur/v5/9999px497.x497.170107151113.s4v5/catalogue/sa...
[08:48:42]   Scraping page 10 (got 10 results)...
[08:48:42]   No more pages found (END OF RESULTS).
[08:48:42]   [1] [IMG] Malayatoor St Antony's Hotel | +(91)-9605857777 | 3 photos
[08:48:42]        [1] https://content.jdmagicbox.com/comp/kannur/g4/9999px497.x497.181225220016.l4g4/catalogue/m...
[08:48:42]        [2] https://images.jdmagicbox.com/comp/kannur/g4/9999px497.x497.181225220016.l4g4/catalogue/ma...
[08:48:42]        [3] https://images.jdmagicbox.com/comp/kannur/g4/9999px497.x497.181225220016.l4g4/catalogue/ma...
[08:48:42]   [2] [IMG] Kuttan'S Thattukada |  | 3 photos
[08:48:42]        [1] https://content.jdmagicbox.com/v2/comp/kannur/s9/9999px497.x497.240925005036.t1s9/catalogu...
[08:48:42]        [2] https://images.jdmagicbox.com/v2/comp/kannur/s9/9999px497.x497.240925005036.t1s9/catalogue...
[08:48:42]        [3] https://images.jdmagicbox.com/v2/comp/kannur/s9/9999px497.x497.240925005036.t1s9/catalogue...
[08:48:43]   [3] [IMG] The Village Family Restaurant & Bar | +(91)-9287279279 | 9 photos
[08:48:43]        [1] https://content.jdmagicbox.com/comp/kannur/b2/9999px497.x497.170930045202.p6b2/catalogue/t...
[08:48:43]        [2] https://images.jdmagicbox.com/comp/kannur/b2/9999px497.x497.170930045202.p6b2/catalogue/th...
[08:48:43]        [3] https://images.jdmagicbox.com/comp/kannur/b2/9999px497.x497.170930045202.p6b2/catalogue/th...
[08:48:43]   [4] [IMG] Omas Restaurant Mambaram |  | 9 photos
[08:48:43]        [1] https://content.jdmagicbox.com/v2/comp/kannur/h1/9999px497.x497.241025023541.c8h1/catalogu...
[08:48:43]        [2] https://images.jdmagicbox.com/v2/comp/kannur/h1/9999px497.x497.241025023541.c8h1/catalogue...
[08:48:43]        [3] https://images.jdmagicbox.com/v2/comp/kannur/h1/9999px497.x497.241025023541.c8h1/catalogue...
[08:48:43]   [5] [IMG] Hotel Bamboo Grand |  | 9 photos
[08:48:43]        [1] https://content.jdmagicbox.com/v2/comp/kannur/c6/9999px497.x497.231113070002.c3c6/catalogu...
[08:48:43]        [2] https://images.jdmagicbox.com/v2/comp/kannur/c6/9999px497.x497.231113070002.c3c6/catalogue...
[08:48:43]        [3] https://images.jdmagicbox.com/v2/comp/kannur/c6/9999px497.x497.231113070002.c3c6/catalogue...
[08:48:44]   [6] [IMG] M R A Restaurant | +(91)-6235062350 | 9 photos
[08:48:44]        [1] https://content.jdmagicbox.com/v2/comp/taliparamba/r9/9999px497.x497.220621231033.d2r9/cat...
[08:48:44]        [2] https://images.jdmagicbox.com/v2/comp/taliparamba/r9/9999px497.x497.220621231033.d2r9/cata...
[08:48:44]        [3] https://images.jdmagicbox.com/v2/comp/taliparamba/r9/9999px497.x497.220621231033.d2r9/cata...
[08:48:44]   [7] [IMG] MVK travellers Restaurant | +(91)-9207788994 | 9 photos
[08:48:44]        [1] https://content.jdmagicbox.com/comp/kannur/w6/9999px497.x497.190418220905.a1w6/catalogue/m...
[08:48:44]        [2] https://images.jdmagicbox.com/comp/kannur/w6/9999px497.x497.190418220905.a1w6/catalogue/mv...
[08:48:44]        [3] https://images.jdmagicbox.com/comp/kannur/w6/9999px497.x497.190418220905.a1w6/catalogue/mv...
[08:48:44]   [8] [IMG] Uvvaa Cafe | +(91)-9633955068 | 9 photos
[08:48:44]        [1] https://content.jdmagicbox.com/comp/kannur/d4/9999px497.x497.180413161946.g4d4/catalogue/u...
[08:48:44]        [2] https://images.jdmagicbox.com/comp/kannur/d4/9999px497.x497.180413161946.g4d4/catalogue/uv...
[08:48:44]        [3] https://images.jdmagicbox.com/comp/kannur/d4/9999px497.x497.180413161946.g4d4/catalogue/uv...
[08:48:45]   [9] [IMG] Naadan Bhakshanam | +(91)-8943903420 | 6 photos
[08:48:45]        [1] https://content.jdmagicbox.com/v2/comp/kannur/k8/9999px497.x497.180530045936.b3k8/catalogu...
[08:48:45]        [2] https://images.jdmagicbox.com/v2/comp/kannur/k8/9999px497.x497.180530045936.b3k8/catalogue...
[08:48:45]        [3] https://images.jdmagicbox.com/v2/comp/kannur/k8/9999px497.x497.180530045936.b3k8/catalogue...
[08:48:45]   [10] [IMG] Cool Land | +(91)-8547781583 | 9 photos
[08:48:45]        [1] https://content.jdmagicbox.com/comp/kannur/z9/9999px497.x497.131113065424.d5z9/catalogue/c...
[08:48:45]        [2] https://images.jdmagicbox.com/comp/kannur/z9/9999px497.x497.131113065424.d5z9/catalogue/co...
[08:48:45]        [3] https://images.jdmagicbox.com/comp/kannur/z9/9999px497.x497.131113065424.d5z9/catalogue/co...
[08:48:46]   Reached last page for this target.
[08:48:48] 
==========================================
[08:48:48] [*] Scraping target 6/7: Kuthuparamba
[08:48:48] ==========================================
[08:48:48] ? Found 100 total Restaurants in Kuthuparamba.
[08:48:48]   Scraping page 1 (got 10 results)...
[08:48:48]   Checking page 2 for the next batch...
[08:48:48]   [1] [IMG] RICE N Roti Restaurant | +(91)-9980115973 | 8 photos
[08:48:48]        [1] https://content.jdmagicbox.com/comp/thalassery/c4/9999px490.x490.190702000354.e7c4/catalog...
[08:48:48]        [2] https://images.jdmagicbox.com/comp/thalassery/c4/9999px490.x490.190702000354.e7c4/catalogu...
[08:48:48]        [3] https://images.jdmagicbox.com/comp/thalassery/c4/9999px490.x490.190702000354.e7c4/catalogu...
[08:48:49]   [2] [IMG] Rara Avis | +(91)-9895601060 | 9 photos
[08:48:49]        [1] https://content.jdmagicbox.com/comp/thalassery/a1/9999px490.x490.110313204738.r2a1/catalog...
[08:48:49]        [2] https://images.jdmagicbox.com/comp/thalassery/a1/9999px490.x490.110313204738.r2a1/catalogu...
[08:48:49]        [3] https://images.jdmagicbox.com/comp/thalassery/a1/9999px490.x490.110313204738.r2a1/catalogu...
[08:48:49]   [3] [IMG] Indian Coffee House |  | 9 photos
[08:48:49]        [1] https://content.jdmagicbox.com/comp/thalassery/m5/9999px490.x490.181127234956.l3m5/catalog...
[08:48:49]        [2] https://images.jdmagicbox.com/comp/thalassery/m5/9999px490.x490.181127234956.l3m5/catalogu...
[08:48:49]        [3] https://images.jdmagicbox.com/comp/thalassery/m5/9999px490.x490.181127234956.l3m5/catalogu...
[08:48:49]   [4] [IMG] Pepper Palace Restaurant | +(91)-9562327555 | 9 photos
[08:48:49]        [1] https://content.jdmagicbox.com/comp/thalassery/e5/9999px490.x490.220205205311.g4e5/catalog...
[08:48:49]        [2] https://images.jdmagicbox.com/comp/thalassery/e5/9999px490.x490.220205205311.g4e5/catalogu...
[08:48:49]        [3] https://images.jdmagicbox.com/comp/thalassery/e5/9999px490.x490.220205205311.g4e5/catalogu...
[08:48:50]   [5] [IMG] Paris Restaurant | +(91)-9526147665 | 7 photos
[08:48:50]        [1] https://content.jdmagicbox.com/comp/thalassery/r4/9999px490.x490.180921222114.i5r4/catalog...
[08:48:50]        [2] https://images.jdmagicbox.com/comp/thalassery/r4/9999px490.x490.180921222114.i5r4/catalogu...
[08:48:50]        [3] https://images.jdmagicbox.com/comp/thalassery/r4/9999px490.x490.180921222114.i5r4/catalogu...
[08:48:50]   [6] [IMG] Hot Box Thalassery | +(91)-8129605850 | 9 photos
[08:48:50]        [1] https://content.jdmagicbox.com/comp/thalassery/k5/9999px490.x490.230129120648.v2k5/catalog...
[08:48:50]        [2] https://images.jdmagicbox.com/comp/thalassery/k5/9999px490.x490.230129120648.v2k5/catalogu...
[08:48:50]        [3] https://images.jdmagicbox.com/comp/thalassery/k5/9999px490.x490.230129120648.v2k5/catalogu...
[08:48:50]   [7] [IMG] AFC Fried Chicken | +(91)-9947166381 | 8 photos
[08:48:50]        [1] https://content.jdmagicbox.com/comp/thalassery/i1/9999px490.x490.220613003205.l6i1/catalog...
[08:48:50]        [2] https://images.jdmagicbox.com/comp/thalassery/i1/9999px490.x490.220613003205.l6i1/catalogu...
[08:48:50]        [3] https://images.jdmagicbox.com/comp/thalassery/i1/9999px490.x490.220613003205.l6i1/catalogu...
[08:48:51]   [8] [IMG] Mra Restaurant | +(91)-7300400700 | 9 photos
[08:48:51]        [1] https://content.jdmagicbox.com/comp/thalassery/v5/9999px490.x490.230523180356.y2v5/catalog...
[08:48:51]        [2] https://images.jdmagicbox.com/comp/thalassery/v5/9999px490.x490.230523180356.y2v5/catalogu...
[08:48:51]        [3] https://images.jdmagicbox.com/comp/thalassery/v5/9999px490.x490.230523180356.y2v5/catalogu...
[08:48:51]   [9] [IMG] Selesta Restaurant | +(91)-9744915916 | 6 photos
[08:48:51]        [1] https://content.jdmagicbox.com/comp/thalassery/u9/9999px490.x490.220316002642.i2u9/catalog...
[08:48:51]        [2] https://images.jdmagicbox.com/comp/thalassery/u9/9999px490.x490.220316002642.i2u9/catalogu...
[08:48:51]        [3] https://images.jdmagicbox.com/comp/thalassery/u9/9999px490.x490.220316002642.i2u9/catalogu...
[08:48:52]   [10] [IMG] Hotel Shailaja |  | 6 photos
[08:48:52]        [1] https://content.jdmagicbox.com/comp/thalassery/a6/9999px490.x490.190911005610.e8a6/catalog...
[08:48:52]        [2] https://images.jdmagicbox.com/comp/thalassery/a6/9999px490.x490.190911005610.e8a6/catalogu...
[08:48:52]        [3] https://images.jdmagicbox.com/comp/thalassery/a6/9999px490.x490.190911005610.e8a6/catalogu...
[08:48:54]   Scraping page 2 (got 10 results)...
[08:48:54]   Checking page 3 for the next batch...
[08:48:54]   [1] [IMG] Holidays Restaurants |  | 4 photos
[08:48:54]        [1] https://content.jdmagicbox.com/v2/comp/thalassery/g7/9999px490.x490.250212180023.v3g7/cata...
[08:48:54]        [2] https://images.jdmagicbox.com/v2/comp/thalassery/g7/9999px490.x490.250212180023.v3g7/catal...
[08:48:54]        [3] https://images.jdmagicbox.com/v2/comp/thalassery/g7/9999px490.x490.250212180023.v3g7/catal...
[08:48:54]   [2] [IMG] Chicking Thalassery | +(91)-7510611138 | 9 photos
[08:48:54]        [1] https://content.jdmagicbox.com/v2/comp/thalassery/i7/9999px490.x490.210906191032.q4i7/cata...
[08:48:54]        [2] https://images.jdmagicbox.com/v2/comp/thalassery/i7/9999px490.x490.210906191032.q4i7/catal...
[08:48:54]        [3] https://images.jdmagicbox.com/v2/comp/thalassery/i7/9999px490.x490.210906191032.q4i7/catal...
[08:48:55]   [3] [IMG] Karthika Dine In Pure Veg | +(91)-7034560303 | 9 photos
[08:48:55]        [1] https://content.jdmagicbox.com/v2/comp/thalassery/d4/9999px490.x490.250121141138.b6d4/cata...
[08:48:55]        [2] https://images.jdmagicbox.com/v2/comp/thalassery/d4/9999px490.x490.250121141138.b6d4/catal...
[08:48:55]        [3] https://images.jdmagicbox.com/v2/comp/thalassery/d4/9999px490.x490.250121141138.b6d4/catal...
[08:48:55]   [4] [IMG] Hotel Victoria | +(91)-9448488525 | 9 photos
[08:48:55]        [1] https://content.jdmagicbox.com/comp/thalassery/x3/9999px490.x490.191030232533.n6x3/catalog...
[08:48:55]        [2] https://images.jdmagicbox.com/comp/thalassery/x3/9999px490.x490.191030232533.n6x3/catalogu...
[08:48:55]        [3] https://images.jdmagicbox.com/comp/thalassery/x3/9999px490.x490.191030232533.n6x3/catalogu...
[08:48:55]   [5] [IMG] Modern Hotel | +(91)-9497127292 | 8 photos
[08:48:55]        [1] https://content.jdmagicbox.com/comp/thalassery/z8/9999px490.x490.180301113245.d8z8/catalog...
[08:48:55]        [2] https://images.jdmagicbox.com/comp/thalassery/z8/9999px490.x490.180301113245.d8z8/catalogu...
[08:48:55]        [3] https://images.jdmagicbox.com/comp/thalassery/z8/9999px490.x490.180301113245.d8z8/catalogu...
[08:48:56]   [6] [IMG] Radhakrishna |  | 9 photos
[08:48:56]        [1] https://content.jdmagicbox.com/v2/comp/thalassery/r5/9999px490.x490.170928215630.e3r5/cata...
[08:48:56]        [2] https://images.jdmagicbox.com/v2/comp/thalassery/r5/9999px490.x490.170928215630.e3r5/catal...
[08:48:56]        [3] https://images.jdmagicbox.com/v2/comp/thalassery/r5/9999px490.x490.170928215630.e3r5/catal...
[08:48:56]   [7] [IMG] Thalassery Bangalore Cafe | +(91)-9895331746 | 2 photos
[08:48:56]        [1] https://content.jdmagicbox.com/comp/def_content/restaurants/default-restaurants-2.jpg...
[08:48:56]        [2] https://images.jdmagicbox.com/comp/def_content/restaurants/default-restaurants-2.jpg...
[08:48:56]   [8] [IMG] Indian Coffee House |  | 9 photos
[08:48:56]        [1] https://content.jdmagicbox.com/v2/comp/thalassery/z4/9999px490.x490.181113153351.q8z4/cata...
[08:48:56]        [2] https://images.jdmagicbox.com/v2/comp/thalassery/z4/9999px490.x490.181113153351.q8z4/catal...
[08:48:56]        [3] https://images.jdmagicbox.com/comp/thalassery/z4/9999px490.x490.181113153351.q8z4/catalogu...
[08:48:57]   [9] [IMG] Caravan Arabic Cuisine | +(91)-7025500222 | 9 photos
[08:48:57]        [1] https://content.jdmagicbox.com/comp/thalassery/n5/9999px490.x490.191204212343.g4n5/catalog...
[08:48:57]        [2] https://images.jdmagicbox.com/comp/thalassery/n5/9999px490.x490.191204212343.g4n5/catalogu...
[08:48:57]        [3] https://images.jdmagicbox.com/comp/thalassery/n5/9999px490.x490.191204212343.g4n5/catalogu...
[08:48:57]   [10] [IMG] Mini Caravan | +(91)-7994373222 | 2 photos
[08:48:57]        [1] https://content.jdmagicbox.com/comp/def_content/afghani-restaurants/shutterstock-575169715...
[08:48:57]        [2] https://images.jdmagicbox.com/comp/def_content/afghani-restaurants/shutterstock-575169715-...
[08:48:59]   Scraping page 3 (got 10 results)...
[08:48:59]   Checking page 4 for the next batch...
[08:48:59]   [1] [IMG] Majlis Restaurant | +(91)-9895689218 | 9 photos
[08:48:59]        [1] https://content.jdmagicbox.com/comp/thalassery/w5/9999px490.x490.190205022336.f6w5/catalog...
[08:48:59]        [2] https://images.jdmagicbox.com/comp/thalassery/w5/9999px490.x490.190205022336.f6w5/catalogu...
[08:48:59]        [3] https://images.jdmagicbox.com/v2/comp/thalassery/w5/9999px490.x490.190205022336.f6w5/catal...
[08:49:00]   [2] [IMG] Falafel | +(91)-9744415170 | 9 photos
[08:49:00]        [1] https://content.jdmagicbox.com/v2/comp/thalassery/m9/9999px490.x490.230224105609.e9m9/cata...
[08:49:00]        [2] https://images.jdmagicbox.com/v2/comp/thalassery/m9/9999px490.x490.230224105609.e9m9/catal...
[08:49:00]        [3] https://images.jdmagicbox.com/comp/thalassery/m9/9999px490.x490.230224105609.e9m9/catalogu...
[08:49:00]   [3] [IMG] Caravan Arabian Cuisine | +(91)-8714381239 | 9 photos
[08:49:00]        [1] https://content.jdmagicbox.com/comp/kannur/b4/9999px497.x497.180223002617.d2b4/catalogue/c...
[08:49:00]        [2] https://images.jdmagicbox.com/comp/kannur/b4/9999px497.x497.180223002617.d2b4/catalogue/ca...
[08:49:00]        [3] https://images.jdmagicbox.com/comp/thalassery/b4/9999px497.x497.180223002617.d2b4/catalogu...
[08:49:00]   [4] [IMG] Sarovar Hotel | +(91)-9446438066 | 5 photos
[08:49:00]        [1] https://content.jdmagicbox.com/comp/thalassery/d5/9999px490.x490.170606112818.q6d5/catalog...
[08:49:00]        [2] https://images.jdmagicbox.com/comp/thalassery/d5/9999px490.x490.170606112818.q6d5/catalogu...
[08:49:00]        [3] https://images.jdmagicbox.com/v2/comp/thalassery/d5/9999px490.x490.170606112818.q6d5/catal...
[08:49:01]   [5] [IMG] Hotel Ichayi'S Food Court |  | 2 photos
[08:49:01]        [1] https://content.jdmagicbox.com/v2/comp/thalassery/m9/9999px490.x490.240210111635.a6m9/cata...
[08:49:01]        [2] https://images.jdmagicbox.com/v2/comp/thalassery/m9/9999px490.x490.240210111635.a6m9/catal...
[08:49:01]   [6] [IMG] Hotel Reshma |  | 2 photos
[08:49:01]        [1] https://content.jdmagicbox.com/comp/def_content/restaurants/default-restaurants-4.jpg...
[08:49:01]        [2] https://images.jdmagicbox.com/comp/def_content/restaurants/default-restaurants-4.jpg...
[08:49:01]   [7] [IMG] Shylaja Hotel | +(91)-9605976106 | 9 photos
[08:49:01]        [1] https://content.jdmagicbox.com/v2/comp/thalassery/r8/9999px490.x490.240829222739.l1r8/cata...
[08:49:01]        [2] https://images.jdmagicbox.com/v2/comp/thalassery/r8/9999px490.x490.240829222739.l1r8/catal...
[08:49:01]        [3] https://images.jdmagicbox.com/v2/comp/thalassery/r8/9999px490.x490.240829222739.l1r8/catal...
[08:49:02]   [8] [IMG] Duniyav Restaurant | +(91)-7567202020 | 9 photos
[08:49:02]        [1] https://content.jdmagicbox.com/comp/thalassery/a3/9999px490.x490.220316232709.e1a3/catalog...
[08:49:02]        [2] https://images.jdmagicbox.com/comp/thalassery/a3/9999px490.x490.220316232709.e1a3/catalogu...
[08:49:02]        [3] https://images.jdmagicbox.com/comp/thalassery/a3/9999px490.x490.220316232709.e1a3/catalogu...
[08:49:02]   [9] [IMG] Ameen Hotel | +(91)-9895678914 | 9 photos
[08:49:02]        [1] https://content.jdmagicbox.com/comp/service_catalogue/restaurants-attr-meal-boxes-res72-1....
[08:49:02]        [2] https://images.jdmagicbox.com/comp/service_catalogue/restaurants-attr-meal-boxes-res72-1.j...
[08:49:02]        [3] https://images.jdmagicbox.com/comp/thalassery/d1/9999px490.x490.220619000835.a4d1/catalogu...
[08:49:03]   [10] [IMG] Eatery Club | +(91)-8606121818 | 7 photos
[08:49:03]        [1] https://content.jdmagicbox.com/comp/thalassery/q5/9999px490.x490.230830235327.d8q5/catalog...
[08:49:03]        [2] https://images.jdmagicbox.com/comp/thalassery/q5/9999px490.x490.230830235327.d8q5/catalogu...
[08:49:03]        [3] https://images.jdmagicbox.com/comp/thalassery/q5/9999px490.x490.230830235327.d8q5/catalogu...
[08:49:04]   Scraping page 4 (got 10 results)...
[08:49:04]   Checking page 5 for the next batch...
[08:49:04]   [1] [IMG] Salim Hassan's Parkview | +(91)-9946180654 | 9 photos
[08:49:04]        [1] https://content.jdmagicbox.com/comp/thalassery/b3/9999px490.x490.170604211058.f1b3/catalog...
[08:49:04]        [2] https://images.jdmagicbox.com/comp/thalassery/b3/9999px490.x490.170604211058.f1b3/catalogu...
[08:49:04]        [3] https://images.jdmagicbox.com/comp/thalassery/b3/9999px490.x490.170604211058.f1b3/catalogu...
[08:49:05]   [2] [IMG] Khaana peena | +(91)-8138062383 | 7 photos
[08:49:05]        [1] https://content.jdmagicbox.com/comp/thalassery/t3/9999px490.x490.190410180548.y1t3/catalog...
[08:49:05]        [2] https://images.jdmagicbox.com/comp/thalassery/t3/9999px490.x490.190410180548.y1t3/catalogu...
[08:49:05]        [3] https://images.jdmagicbox.com/v2/comp/thalassery/t3/9999px490.x490.190410180548.y1t3/catal...
[08:49:05]   [3] [IMG] Legend'S Cafe |  | 3 photos
[08:49:05]        [1] https://content.jdmagicbox.com/comp/thalassery/z1/9999px490.x490.230309081853.y1z1/catalog...
[08:49:05]        [2] https://images.jdmagicbox.com/comp/thalassery/z1/9999px490.x490.230309081853.y1z1/catalogu...
[08:49:05]        [3] https://images.jdmagicbox.com/comp/thalassery/z1/9999px490.x490.230309081853.y1z1/catalogu...
[08:49:05]   [4] [IMG] Afamia Multi Cuisine Restaurant |  | 8 photos
[08:49:05]        [1] https://content.jdmagicbox.com/comp/thalassery/l4/9999px490.x490.171014150028.b5l4/catalog...
[08:49:05]        [2] https://images.jdmagicbox.com/comp/thalassery/l4/9999px490.x490.171014150028.b5l4/catalogu...
[08:49:05]        [3] https://images.jdmagicbox.com/comp/thalassery/l4/9999px490.x490.171014150028.b5l4/catalogu...
[08:49:06]   [5] [IMG] Luais Kitchen | +(91)-8089481847 | 6 photos
[08:49:06]        [1] https://content.jdmagicbox.com/comp/thalassery/x4/9999px490.x490.230309094225.f7x4/catalog...
[08:49:06]        [2] https://images.jdmagicbox.com/comp/thalassery/x4/9999px490.x490.230309094225.f7x4/catalogu...
[08:49:06]        [3] https://images.jdmagicbox.com/v2/comp/thalassery/x4/9999px490.x490.230309094225.f7x4/catal...
[08:49:06]   [6] [IMG] Malabar Cafe |  | 2 photos
[08:49:06]        [1] https://content.jdmagicbox.com/comp/def_content/home_delivery_restaurants/default-home-del...
[08:49:06]        [2] https://images.jdmagicbox.com/comp/def_content/home_delivery_restaurants/default-home-deli...
[08:49:07]   [7] [IMG] Pudina Restaurant | +(91)-7025866226 | 7 photos
[08:49:07]        [1] https://content.jdmagicbox.com/comp/thalassery/n1/9999px490.x490.190517050926.l9n1/catalog...
[08:49:07]        [2] https://images.jdmagicbox.com/comp/thalassery/n1/9999px490.x490.190517050926.l9n1/catalogu...
[08:49:07]        [3] https://images.jdmagicbox.com/comp/thalassery/n1/9999px490.x490.190517050926.l9n1/catalogu...
[08:49:07]   [8] [IMG] Bombay Restaurant | +(91)-9142474727 | 9 photos
[08:49:07]        [1] https://content.jdmagicbox.com/comp/thalassery/g9/9999px490.x490.180816202613.s4g9/catalog...
[08:49:07]        [2] https://images.jdmagicbox.com/comp/thalassery/g9/9999px490.x490.180816202613.s4g9/catalogu...
[08:49:07]        [3] https://images.jdmagicbox.com/comp/thalassery/g9/9999px490.x490.180816202613.s4g9/catalogu...
[08:49:07]   [9] [IMG] Green Leaf Restaurant |  | 9 photos
[08:49:07]        [1] https://content.jdmagicbox.com/comp/thalassery/j6/9999px490.x490.190910204305.v2j6/catalog...
[08:49:07]        [2] https://images.jdmagicbox.com/comp/thalassery/j6/9999px490.x490.190910204305.v2j6/catalogu...
[08:49:07]        [3] https://images.jdmagicbox.com/comp/thalassery/j6/9999px490.x490.190910204305.v2j6/catalogu...
[08:49:08]   [10] [IMG] Ard 70 Tly | +(91)-9847247052 | 2 photos
[08:49:08]        [1] https://content.jdmagicbox.com/comp/def_content/home_delivery_restaurants/default-home-del...
[08:49:08]        [2] https://images.jdmagicbox.com/comp/def_content/home_delivery_restaurants/default-home-deli...
[08:49:09]   Scraping page 5 (got 10 results)...
[08:49:09]   Checking page 6 for the next batch...
[08:49:09]   [1] [IMG] Jubilee Restaurant | +(91)-9496189189 | 9 photos
[08:49:09]        [1] https://content.jdmagicbox.com/comp/thalassery/d4/9999px490.x490.170927191617.r3d4/catalog...
[08:49:09]        [2] https://images.jdmagicbox.com/comp/thalassery/d4/9999px490.x490.170927191617.r3d4/catalogu...
[08:49:09]        [3] https://images.jdmagicbox.com/comp/thalassery/d4/9999px490.x490.170927191617.r3d4/catalogu...
[08:49:10]   [2] [IMG] Chikeys | +(91)-7902233222 | 9 photos
[08:49:10]        [1] https://content.jdmagicbox.com/comp/def_content_category/chikeys/86689044-2704886126304500...
[08:49:10]        [2] https://images.jdmagicbox.com/comp/def_content_category/chikeys/86689044-2704886126304500-...
[08:49:10]        [3] https://images.jdmagicbox.com/comp/def_content_category/chikeys/87596501-2723400677786378-...
[08:49:10]   [3] [IMG] Raghava Hotel |  | 2 photos
[08:49:10]        [1] https://content.jdmagicbox.com/v2/comp/thalassery/f2/9999px490.x490.230225162023.a8f2/cata...
[08:49:10]        [2] https://images.jdmagicbox.com/v2/comp/thalassery/f2/9999px490.x490.230225162023.a8f2/catal...
[08:49:11]   [4] [IMG] Khaana The Cloud Kitchen | +(91)-9744571007 | 2 photos
[08:49:11]        [1] https://content.jdmagicbox.com/comp/def_content/kerala-restaurants/5-kerala-restaurants-5-...
[08:49:11]        [2] https://images.jdmagicbox.com/comp/def_content/kerala-restaurants/5-kerala-restaurants-5-v...
[08:49:11]   [5] [IMG] Royal Restaurant | +(91)-6282909440 | 9 photos
[08:49:11]        [1] https://content.jdmagicbox.com/v2/comp/thalassery/x6/9999px490.x490.230901092900.u9x6/cata...
[08:49:11]        [2] https://images.jdmagicbox.com/v2/comp/thalassery/x6/9999px490.x490.230901092900.u9x6/catal...
[08:49:11]        [3] https://images.jdmagicbox.com/v2/comp/thalassery/x6/9999px490.x490.230901092900.u9x6/catal...
[08:49:11]   [6] [IMG] Grill House Thalassery | +(91)-9746920677 | 2 photos
[08:49:11]        [1] https://content.jdmagicbox.com/comp/def_content_category/restaurants/photo-1517248135467-4...
[08:49:11]        [2] https://images.jdmagicbox.com/comp/def_content_category/restaurants/photo-1517248135467-4c...
[08:49:12]   [7] [IMG] Chick Now |  | 9 photos
[08:49:12]        [1] https://content.jdmagicbox.com/comp/thalassery/p3/9999px490.x490.190702000427.v6p3/catalog...
[08:49:12]        [2] https://images.jdmagicbox.com/comp/thalassery/p3/9999px490.x490.190702000427.v6p3/catalogu...
[08:49:12]        [3] https://images.jdmagicbox.com/comp/thalassery/p3/9999px490.x490.190702000427.v6p3/catalogu...
[08:49:12]   [8] [IMG] The Afc | +(91)-9526357871 | 8 photos
[08:49:12]        [1] https://content.jdmagicbox.com/comp/thalassery/c5/9999px490.x490.220521214413.x3c5/catalog...
[08:49:12]        [2] https://images.jdmagicbox.com/comp/thalassery/c5/9999px490.x490.220521214413.x3c5/catalogu...
[08:49:12]        [3] https://images.jdmagicbox.com/comp/thalassery/c5/9999px490.x490.220521214413.x3c5/catalogu...
[08:49:13]   [9] [IMG] Adithya Vegetarian Restaurant | +(91)-8111888903 | 9 photos
[08:49:13]        [1] https://content.jdmagicbox.com/comp/thalassery/s1/9999px490.x490.190323111633.i1s1/catalog...
[08:49:13]        [2] https://images.jdmagicbox.com/comp/thalassery/s1/9999px490.x490.190323111633.i1s1/catalogu...
[08:49:13]        [3] https://images.jdmagicbox.com/comp/thalassery/s1/9999px490.x490.190323111633.i1s1/catalogu...
[08:49:13]   [10] [IMG] Grill House Koothuparamb | +(91)-9567965677 | 6 photos
[08:49:13]        [1] https://content.jdmagicbox.com/v2/comp/thalassery/z1/9999px490.x490.250401135051.d6z1/cata...
[08:49:13]        [2] https://images.jdmagicbox.com/v2/comp/thalassery/z1/9999px490.x490.250401135051.d6z1/catal...
[08:49:13]        [3] https://images.jdmagicbox.com/v2/comp/thalassery/z1/9999px490.x490.250401135051.d6z1/catal...
[08:49:15]   Scraping page 6 (got 10 results)...
[08:49:15]   Checking page 7 for the next batch...
[08:49:15]   [1] [IMG] Papreeka | +(91)-9746777655 | 9 photos
[08:49:15]        [1] https://content.jdmagicbox.com/v2/comp/thalassery/y2/9999px490.x490.230310114505.b9y2/cata...
[08:49:15]        [2] https://images.jdmagicbox.com/v2/comp/thalassery/y2/9999px490.x490.230310114505.b9y2/catal...
[08:49:15]        [3] https://images.jdmagicbox.com/v2/comp/thalassery/y2/9999px490.x490.230310114505.b9y2/catal...
[08:49:15]   [2] [IMG] Mallu Wok | +(91)-9656746854 | 6 photos
[08:49:15]        [1] https://content.jdmagicbox.com/v2/comp/thalassery/s7/9999px490.x490.250321063241.m6s7/cata...
[08:49:15]        [2] https://images.jdmagicbox.com/v2/comp/thalassery/s7/9999px490.x490.250321063241.m6s7/catal...
[08:49:15]        [3] https://images.jdmagicbox.com/v2/comp/thalassery/s7/9999px490.x490.250321063241.m6s7/catal...
[08:49:16]   [3] [IMG] Regency Fried Chicken | +(91)-9846320039 | 6 photos
[08:49:16]        [1] https://content.jdmagicbox.com/comp/thalassery/i5/9999px490.x490.181113153607.u1i5/catalog...
[08:49:16]        [2] https://images.jdmagicbox.com/comp/thalassery/i5/9999px490.x490.181113153607.u1i5/catalogu...
[08:49:16]        [3] https://images.jdmagicbox.com/comp/thalassery/i5/9999px490.x490.181113153607.u1i5/catalogu...
[08:49:16]   [4] [IMG] Priya Family Restaurant |  | 2 photos
[08:49:16]        [1] https://content.jdmagicbox.com/comp/def_content/restaurants/default-restaurants-2.jpg...
[08:49:16]        [2] https://images.jdmagicbox.com/comp/def_content/restaurants/default-restaurants-2.jpg...
[08:49:16]   [5] [IMG] Magic Grill |  | 2 photos
[08:49:16]        [1] https://content.jdmagicbox.com/comp/def_content/home_delivery_restaurants/default-home-del...
[08:49:16]        [2] https://images.jdmagicbox.com/comp/def_content/home_delivery_restaurants/default-home-deli...
[08:49:17]   [6] [IMG] Janatha Thattukada |  | 4 photos
[08:49:17]        [1] https://content.jdmagicbox.com/comp/thalassery/v4/9999px490.x490.220619011550.b8v4/catalog...
[08:49:17]        [2] https://images.jdmagicbox.com/comp/thalassery/v4/9999px490.x490.220619011550.b8v4/catalogu...
[08:49:17]        [3] https://images.jdmagicbox.com/comp/thalassery/v4/9999px490.x490.220619011550.b8v4/catalogu...
[08:49:17]   [7] [IMG] Nttf Mess | +(91)-9036003431 | 2 photos
[08:49:17]        [1] https://content.jdmagicbox.com/comp/thalassery/m6/9999px490.x490.171223232543.t5m6/catalog...
[08:49:17]        [2] https://images.jdmagicbox.com/comp/thalassery/m6/9999px490.x490.171223232543.t5m6/catalogu...
[08:49:18]   [8] [IMG] Kadaloram Family Restaurant |  | 2 photos
[08:49:18]        [1] https://content.jdmagicbox.com/comp/def_content/restaurants/default-restaurants-4.jpg...
[08:49:18]        [2] https://images.jdmagicbox.com/comp/def_content/restaurants/default-restaurants-4.jpg...
[08:49:18]   [9] [IMG] Hotel Binaca | +(91)-9173612740 | 9 photos
[08:49:18]        [1] https://content.jdmagicbox.com/v2/comp/thalassery/b3/9999px490.x490.200627211903.r2b3/cata...
[08:49:18]        [2] https://images.jdmagicbox.com/v2/comp/thalassery/b3/9999px490.x490.200627211903.r2b3/catal...
[08:49:18]        [3] https://images.jdmagicbox.com/v2/comp/thalassery/b3/9999px490.x490.200627211903.r2b3/catal...
[08:49:19]   [10] [IMG] Al Baraka Foodcourt | +(91)-9746100171 | 2 photos
[08:49:19]        [1] https://content.jdmagicbox.com/comp/def_content/restaurants/default-restaurants-2.jpg...
[08:49:19]        [2] https://images.jdmagicbox.com/comp/def_content/restaurants/default-restaurants-2.jpg...
[08:49:21]   Scraping page 7 (got 10 results)...
[08:49:21]   Checking page 8 for the next batch...
[08:49:21]   [1] [IMG] Hotel Ammus Bekkarakkar Self Service |  | 2 photos
[08:49:21]        [1] https://content.jdmagicbox.com/comp/def_content/restaurants/default-restaurants-6.jpg...
[08:49:21]        [2] https://images.jdmagicbox.com/comp/def_content/restaurants/default-restaurants-6.jpg...
[08:49:22]   [2] [IMG] Chingam Thottathil House | +(91)-7994225544 | 2 photos
[08:49:22]        [1] https://content.jdmagicbox.com/comp/def_content/restaurants/default-restaurants-4.jpg...
[08:49:22]        [2] https://images.jdmagicbox.com/comp/def_content/restaurants/default-restaurants-4.jpg...
[08:49:22]   [3] [IMG] Sreenarayana Hotel |  | 9 photos
[08:49:22]        [1] https://content.jdmagicbox.com/v2/comp/thalassery/b8/9999px490.x490.250213052152.z7b8/cata...
[08:49:22]        [2] https://images.jdmagicbox.com/v2/comp/thalassery/b8/9999px490.x490.250213052152.z7b8/catal...
[08:49:22]        [3] https://images.jdmagicbox.com/v2/comp/thalassery/b8/9999px490.x490.250213052152.z7b8/catal...
[08:49:22]   [4] [IMG] Arabian Fort Restaurant | +(91)-7012638957 | 9 photos
[08:49:22]        [1] https://content.jdmagicbox.com/comp/thalassery/n6/9999px490.x490.220419224305.d7n6/catalog...
[08:49:22]        [2] https://images.jdmagicbox.com/comp/thalassery/n6/9999px490.x490.220419224305.d7n6/catalogu...
[08:49:22]        [3] https://images.jdmagicbox.com/comp/thalassery/n6/9999px490.x490.220419224305.d7n6/catalogu...
[08:49:23]   [5] [IMG] Laibachoos | +(91)-9846218782 | 9 photos
[08:49:23]        [1] https://content.jdmagicbox.com/v2/comp/thalassery/l3/9999px490.x490.250125103516.l3l3/cata...
[08:49:23]        [2] https://images.jdmagicbox.com/v2/comp/thalassery/l3/9999px490.x490.250125103516.l3l3/catal...
[08:49:23]        [3] https://images.jdmagicbox.com/v2/comp/thalassery/l3/9999px490.x490.250125103516.l3l3/catal...
[08:49:23]   [6] [IMG] Memories | +(91)-8714944688 | 7 photos
[08:49:23]        [1] https://content.jdmagicbox.com/comp/thalassery/f9/9999px490.x490.230725041958.p6f9/catalog...
[08:49:23]        [2] https://images.jdmagicbox.com/comp/thalassery/f9/9999px490.x490.230725041958.p6f9/catalogu...
[08:49:23]        [3] https://images.jdmagicbox.com/comp/thalassery/f9/9999px490.x490.230725041958.p6f9/catalogu...
[08:49:23]   [7] [IMG] The Giza Grill | +(91)-9747965656 | 9 photos
[08:49:23]        [1] https://content.jdmagicbox.com/v2/comp/thalassery/z5/9999px490.x490.240731025140.u4z5/cata...
[08:49:23]        [2] https://images.jdmagicbox.com/v2/comp/thalassery/z5/9999px490.x490.240731025140.u4z5/catal...
[08:49:23]        [3] https://images.jdmagicbox.com/v2/comp/thalassery/z5/9999px490.x490.240731025140.u4z5/catal...
[08:49:24]   [8] [IMG] K K Hotel Palabazar |  | 2 photos
[08:49:24]        [1] https://content.jdmagicbox.com/comp/def_content/restaurants/default-restaurants-1.jpg...
[08:49:24]        [2] https://images.jdmagicbox.com/comp/def_content/restaurants/default-restaurants-1.jpg...
[08:49:24]   [9] [IMG] Best Family Restaurant (Balram City Mall) | +(91)-9947291041 | 9 photos
[08:49:24]        [1] https://content.jdmagicbox.com/v2/comp/thalassery/k6/9999px490.x490.160401124050.s3k6/cata...
[08:49:24]        [2] https://images.jdmagicbox.com/v2/comp/thalassery/k6/9999px490.x490.160401124050.s3k6/catal...
[08:49:24]        [3] https://images.jdmagicbox.com/v2/comp/thalassery/k6/9999px490.x490.160401124050.s3k6/catal...
[08:49:25]   [10] [IMG] Lyndas |  | 3 photos
[08:49:25]        [1] https://content.jdmagicbox.com/comp/thalassery/g8/9999px490.x490.170927221253.z3g8/catalog...
[08:49:25]        [2] https://images.jdmagicbox.com/comp/thalassery/g8/9999px490.x490.170927221253.z3g8/catalogu...
[08:49:25]        [3] https://images.jdmagicbox.com/comp/thalassery/g8/9999px490.x490.170927221253.z3g8/catalogu...
[08:49:27]   Scraping page 8 (got 10 results)...
[08:49:27]   Checking page 9 for the next batch...
[08:49:27]   [1] [IMG] Saradas Bakes & Restaurant | +(91)-9895260300 | 9 photos
[08:49:27]        [1] https://content.jdmagicbox.com/comp/thalassery/f8/9999px490.x490.170612164408.r1f8/catalog...
[08:49:27]        [2] https://images.jdmagicbox.com/comp/thalassery/f8/9999px490.x490.170612164408.r1f8/catalogu...
[08:49:27]        [3] https://images.jdmagicbox.com/v2/comp/thalassery/f8/9999px490.x490.170612164408.r1f8/catal...
[08:49:27]   [2] [IMG] Ashoka Hotel | +(91)-9447321527 | 4 photos
[08:49:27]        [1] https://content.jdmagicbox.com/v2/comp/thalassery/v2/9999px497.x497.170928100240.d4v2/cata...
[08:49:27]        [2] https://images.jdmagicbox.com/v2/comp/thalassery/v2/9999px497.x497.170928100240.d4v2/catal...
[08:49:27]        [3] https://images.jdmagicbox.com/v2/comp/thalassery/v2/9999px497.x497.170928100240.d4v2/catal...
[08:49:28]   [3] [IMG] Udhaya Hotel |  | 2 photos
[08:49:28]        [1] https://content.jdmagicbox.com/comp/def_content/restaurants/default-restaurants-9.jpg...
[08:49:28]        [2] https://images.jdmagicbox.com/comp/def_content/restaurants/default-restaurants-9.jpg...
[08:49:28]   [4] [IMG] Park View Restaurant | +(91)-8086080654 | 8 photos
[08:49:28]        [1] https://content.jdmagicbox.com/comp/thalassery/q2/9999px490.x490.110401132024.p6q2/catalog...
[08:49:28]        [2] https://images.jdmagicbox.com/comp/thalassery/q2/9999px490.x490.110401132024.p6q2/catalogu...
[08:49:28]        [3] https://images.jdmagicbox.com/comp/thalassery/q2/9999px490.x490.110401132024.p6q2/catalogu...
[08:49:28]   [5] [IMG] Seashore - Drive In Cafeteria | +(91)-7736627297 | 4 photos
[08:49:28]        [1] https://content.jdmagicbox.com/comp/thalassery/p2/9999px490.x490.170723184306.i9p2/catalog...
[08:49:28]        [2] https://images.jdmagicbox.com/comp/thalassery/p2/9999px490.x490.170723184306.i9p2/catalogu...
[08:49:28]        [3] https://images.jdmagicbox.com/comp/thalassery/p2/9999px490.x490.170723184306.i9p2/catalogu...
[08:49:29]   [6] [IMG] Ammus Hotel | +(91)-9388257741 | 2 photos
[08:49:29]        [1] https://content.jdmagicbox.com/comp/def_content/restaurants/default-restaurants-1.jpg...
[08:49:29]        [2] https://images.jdmagicbox.com/comp/def_content/restaurants/default-restaurants-1.jpg...
[08:49:29]   [7] [IMG] Fathima Food Court | +(91)-9746689342 | 2 photos
[08:49:29]        [1] https://content.jdmagicbox.com/v2/comp/thalassery/k7/9999px490.x490.250407190944.j5k7/cata...
[08:49:29]        [2] https://images.jdmagicbox.com/v2/comp/thalassery/k7/9999px490.x490.250407190944.j5k7/catal...
[08:49:29]   [8] [IMG] Arabian Treats |  | 9 photos
[08:49:29]        [1] https://content.jdmagicbox.com/comp/thalassery/a7/9999px490.x490.200628005356.b4a7/catalog...
[08:49:29]        [2] https://images.jdmagicbox.com/comp/thalassery/a7/9999px490.x490.200628005356.b4a7/catalogu...
[08:49:29]        [3] https://images.jdmagicbox.com/comp/thalassery/a7/9999px490.x490.200628005356.b4a7/catalogu...
[08:49:30]   [9] [IMG] Saroma Aditya Vegetarian Restaurant |  | 2 photos
[08:49:30]        [1] https://content.jdmagicbox.com/comp/def_content/restaurants/default-restaurants-1.jpg...
[08:49:30]        [2] https://images.jdmagicbox.com/comp/def_content/restaurants/default-restaurants-1.jpg...
[08:49:30]   [10] [IMG] Bfc Thalassery | +(91)-9744591041 | 8 photos
[08:49:30]        [1] https://content.jdmagicbox.com/v2/comp/thalassery/v8/9999px490.x490.251119164611.d6v8/cata...
[08:49:30]        [2] https://images.jdmagicbox.com/v2/comp/thalassery/v8/9999px490.x490.251119164611.d6v8/catal...
[08:49:30]        [3] https://images.jdmagicbox.com/v2/comp/thalassery/v8/9999px490.x490.251119164611.d6v8/catal...
[08:49:32]   Scraping page 9 (got 10 results)...
[08:49:32]   Checking page 10 for the next batch...
[08:49:32]   [1] [IMG] Ammas Hotel | +(91)-9847784954 | 2 photos
[08:49:32]        [1] https://content.jdmagicbox.com/comp/def_content/restaurants/default-restaurants-1.jpg...
[08:49:32]        [2] https://images.jdmagicbox.com/comp/def_content/restaurants/default-restaurants-1.jpg...
[08:49:32]   [2] [IMG] Mandi Souk |  | 2 photos
[08:49:32]        [1] https://content.jdmagicbox.com/v2/comp/thalassery/l5/9999px490.x490.230309143806.e8l5/cata...
[08:49:32]        [2] https://images.jdmagicbox.com/v2/comp/thalassery/l5/9999px490.x490.230309143806.e8l5/catal...
[08:49:33]   [3] [IMG] Aneesh Hotel |  | 2 photos
[08:49:33]        [1] https://content.jdmagicbox.com/comp/def_content/restaurants/default-restaurants-7.jpg...
[08:49:33]        [2] https://images.jdmagicbox.com/comp/def_content/restaurants/default-restaurants-7.jpg...
[08:49:33]   [4] [IMG] Thanima Kitchen |  | 2 photos
[08:49:33]        [1] https://content.jdmagicbox.com/comp/def_content/restaurants/default-restaurants-2.jpg...
[08:49:33]        [2] https://images.jdmagicbox.com/comp/def_content/restaurants/default-restaurants-2.jpg...
[08:49:33]   [5] [IMG] Sreenarayana-Babus Kitchen | +(91)-9961216399 | 8 photos
[08:49:33]        [1] https://content.jdmagicbox.com/v2/comp/thalassery/h2/9999px490.x490.260428205752.s6h2/cata...
[08:49:33]        [2] https://images.jdmagicbox.com/v2/comp/thalassery/h2/9999px490.x490.260428205752.s6h2/catal...
[08:49:33]        [3] https://images.jdmagicbox.com/v2/comp/thalassery/h2/9999px490.x490.260428205752.s6h2/catal...
[08:49:34]   [6] [IMG] Roopasree Hotel | +(91)-8129050124 | 2 photos
[08:49:34]        [1] https://content.jdmagicbox.com/comp/def_content/restaurants/default-restaurants-5.jpg...
[08:49:34]        [2] https://images.jdmagicbox.com/comp/def_content/restaurants/default-restaurants-5.jpg...
[08:49:34]   [7] [IMG] Kudumbashree Aiswarya Hotel | +(91)-8606056467 | 2 photos
[08:49:34]        [1] https://content.jdmagicbox.com/comp/thalassery/m8/9999px490.x490.180217052753.j4m8/catalog...
[08:49:34]        [2] https://images.jdmagicbox.com/comp/thalassery/m8/9999px490.x490.180217052753.j4m8/catalogu...
[08:49:35]   [8] [IMG] Hash Eats | +(91)-8075980810 | 2 photos
[08:49:35]        [1] https://content.jdmagicbox.com/comp/def_content/restaurants/default-restaurants-1.jpg...
[08:49:35]        [2] https://images.jdmagicbox.com/comp/def_content/restaurants/default-restaurants-1.jpg...
[08:49:35]   [9] [IMG] White Cafe Restaurant | +(91)-8606697945 | 2 photos
[08:49:35]        [1] https://content.jdmagicbox.com/comp/def_content/restaurants/default-restaurants-2.jpg...
[08:49:35]        [2] https://images.jdmagicbox.com/comp/def_content/restaurants/default-restaurants-2.jpg...
