school_code,section,email,phone
24294,HS,insightgvr@gmail.com,4872999488.0
29029,HS,29029sghs@gmail.com,4862224905.0
17055,HS,cmcboyshs@gmail.com,4952462038.0
30025,HS,cpmghsspeermade@gmail.com,4869232607.0
29070,HS,ghsmuniyara@gmail.com,4868269129.0
23058,HS,stantonyshsspudukkad@yahoo.com,4802752672.0
13052,HS,naduvilhighschool@gmail.com,4602250330.0
25073,HS,ghssvazhakulam2017@gmail.com,4842678258.0
22065,HS,ghssanchery@gmail.com,2251299.0
23046,HS,stantonyshssmala@yahoo.com,4802894632.0
46042,HS,atgvhssmoncompu@gmail.com,4772703730.0
37035,HS,cmshspnly@gmail.com,4692685372.0
23061,HS,rhsthumbur@yahoo.com,4802786427.0
31064,HS,govthssedakkoly@gmail.com,4822263671.0
26027,HS,santacruzhss@gmail.com,4842493714.0
25096,HS,kmeahss@yahoo.com,2411374.0
23053,HS,skhsanandapuram@yahoo.com,4802881175.0
17056,HS,cmcgirlshs@gmail.com,4952462840.0
21080,HS,dbhsthachampara@gmail.com,9207243315.0
21110,HS,mestpublichsskarimpara@gmail.com,4923245233.0
13116,HS,rhsmuttom@gmail.com,4972877518.0
22050,HS,hmstthomastsr@gmail.com,4872420585.0
17007,HS,gvhsskinassery@gmail.com,4952964138.0
45014,HS,vmbs45014@gmail.com,4829236240.0
25013,HS,alwaye_settlement@yahoo.co.in,4842964429.0
24064,HS,gfvhsskpm@gmail.com,4802844046.0
47084,HS,sahskannoth@gmail.com,8078261048.0
22012,HS,pjmsghssksu@yahoo.com,4872633744.0
32074,HS,mycaschool@yahoo.com,8590834776.0
24398,HS,snehalayamschool@gmail.com,4885224578.0
47118,HS,ghsvengappatta@gmail.com,4962610964.0
24031,HS,hmghstvmala@gmail.com,4884282065.0
45052,HS,depaulhssn@gmail.com,4822230371.0
21038,HS,ghsperumatty@gmail.com,9946655373.0
28009,HS,vadakaralfhs@gmail.com,9496542340.0
14062,HS,hmknhss@gmail.com,4902394299.0
29014,HS,29014smhs@gmail.com,4862204281.0
36044,HS,tmvmhsvettiyar71@gmail.com,4792356840.0
24021,HS,stthomasschoolmayannur@gmail.com,4884286060.0
16060,HS,vadakara16060@gmail.com,4962591513.0
28022,HS,sphsm28022@gmail.com,4852258357.0
36024,HS,mattomstjohns@gmail.com,4792302859.0
47108,HS,nellipoilsjhs@gmail.com,9847237880.0
17010,HS,gvhssgirlsnadakkavu@gmail.com,4952768506.0
36013,HS,36013alappuzha@gmail.com,4792378017.0
24061,HS,24061vpmsndphss@gmail.com,4802837998.0
29501,HS,gthsadimali@gmail.com,4864222931.0
47080,HS,ghsrec19@gmail.com,4952287155.0
21018,HS,ghst.vilayannur@gmail.com,4922284368.0
13012,HS,hmghsspallikunnu@gmail.com,4972746430.0
11063,HS,11063hydrosekalanad@gmail.com,4672265092.0
34031,HS,34031.alappuzha@gmail.com,4782592003.0
12039,HS,12039cheruvathurgvhss@gmail.com,4672261470.0
11002,HS,11002ghsskgd@gmail.com,4994221626.0
13783,HS,ghsrayarome@gmail.com,4602284580.0
13076,HS,gvhsspariyaram@gmail.com,4972808760.0
46024,HS,smhsschampakulam@gmail.com,4772736239.0
36025,HS,36025alappuzha@gmail.com,4792302014.0
31038,HS,nsskidangoor_k@rediffmail.com,4822254180.0
13017,HS,azhikodehs008@gmail.com,4972771049.0
13082,HS,ghsmalappattam@gmail.com,4602999866.0
46040,HS,n.s.seara@gmail.com,4772710208.0
34016,HS,34016alappuzha@gmail.com,4782862294.0
32005,HS,lfhschemmalamattam@gmail.com,4828235497.0
31048,HS,emrhs@mangalam.in,4812537945.0
16039,HS,vadakara16039@gmail.com,4962440048.0
12005,HS,12005lfghsskanhangad@gmail.com,4672204411.0
38082,HS,ghskokkathodu@gmail.com,4682365180.0
32046,HS,kply32046@yahoo.co.in,4812488033.0
23075,HS,aloorsnvhss@yahoo.com,4802720340.0
28030,HS,28030gvhssmarady@gmail.com,4852832948.0
23060,HS,stmaryshschengaloor@yahoo.com,4802750993.0
14034,HS,santhomehs@gmail.com,4902445010.0
12023,HS,12023.balanthode@gmail.com,9778485224.0
12010,HS,12010periya@gmail.com,4672233700.0
27038,HS,gvhsskadavoor27038@gmail.com,4852566626.0
17086,HS,cmmhsthalakkulathur@gmail.com,4952080836.0
37001,HS,ammhssedl@gmail.com,4682319276.0
20019,HS,hmghssvadanam@gmail.com,4662233060.0
28035,HS,28035imhskaoor@gmail.com,4862267576.0
30454,HS,st.josephvpr@gmail.com,4869253696.0
17048,HS,jdtvhss@gmail.com,4952730421.0
35046,HS,35046alappuzha@gmail.com,4792410750.0
32034,HS,kply32034@yahoo.co.in,4828230237.0
47064,HS,koduvallyghs@gmail.com,4952210593.0
13575,HS,schoolmeca@gmail.com,4972870960.0
11096,HS,saadiyaups@gmail.com,4994239971.0
17002,HS,gghskallai@gmail.com,4952323962.0
32002,HS,kply32002@yahoo.co.in,4822279613.0
31080,HS,stjvilakkumadom@gmail.com,4822225296.0
13074,HS,shhspayyavoor@gmail.com,4602210166.0
34044,HS,34044alappuzha@gmail.com,4772292209.0
30029,HS,sshsscheenthalar@gmail.com,9447735280.0
29503,HS,thspurapuzha@gmail.com,4862242797.0
35010,HS,35010alappuzha@gmail.com,4777961624.0
13027,HS,ghsschuzhali@gmail.com,4602260060.0
21042,HS,principalvijayamatha@gmail.com,4923222465.0
33062,HS,pemthiruvanchoor@gmail.com,9400274387.0
30050,HS,sxhsschemmannar@gmail.com,4868238224.0
24025,HS,stjoseph.stcyrils@yahoo.com,4885275550.0
46060,HS,ghskuppappuram@gmail.com,4772252845.0
12046,HS,12046chittarikkal@gmail.com,4672221730.0
11061,HS,11061dhakeerath@gmail.com,4994222329.0
33009,HS,sbschoolchy@gmail.com,4812420269.0
26045,HS,govthssmlty@gmail.com,4842740353.0
32023,HS,tvhsmuttappally@yahoo.in,4828254530.0
21032,HS,ghsmuthalamada@gmail.com,4923275345.0
29019,HS,29019nsshs@gmail.com,4862202226.0
16051,HS,vadakara16051@gmail.com,9497209134.0
31073,HS,cmshssmelukavu2016@gmail.com,4822220440.0
38024,HS,ghssmancode@gmail.com,4752379100.0
36063,HS,ghssangadicalsouth@gmail.com,4792469689.0
11031,HS,11031pandi@gmail.com,4994270510.0
14030,HS,ramavilasam@gmail.com,4902338986.0
21122,HS,ashramamhs@gmail.com,4912815894.0
47075,HS,chembanodasjhs@gmail.com,9745578619.0
27016,HS,salemvengola27016@yahoo.co.in,4842524812.0
20012,HS,parudurhs@gmail.com,4662238430.0
14009,HS,ghs.chirakkara@gmail.com,4903594787.0
23080,HS,olfghsmathilakam@yahoo.com,4802843023.0
25075,HS,fmcthskarumalloor@gmail.com,4842671640.0
38088,HS,tmghssperinganadu@gmail.com,4743230921.0
27054,HS,ghsmamalakkandam@gmail.com,6282080885.0
26072,HS,gghss.tpra@gmail.com,4842777790.0
35001,HS,35001alappuzha@gmail.com,4772264674.0
28051,HS,28051infantjesus@gmail.com,4852251360.0
37057,HS,nsshskunnam@gmail.com,4692795890.0
27026,HS,keerampara27026@yahoo.in,4852570136.0
47026,HS,velamcodestgeorgehs@gmail.com,4952237132.0
24068,HS,knmvhssvatanappally@gmail.com,9072347077.0
14050,HS,hmsivapuramhs@gmail.com,4902400313.0
13057,HS,school13057@gmail.com,4972851676.0
25499,HS,st.clareschoolmkm@gmail.com,2460752.0
38099,HS,stpaulsnariyapuram99@gmail.com,4682356379.0
13078,HS,kannadiparambaghss@gmail.com,4972796080.0
32052,HS,kply32052@yahoo.co.in,4828228453.0
11034,HS,11034padre@gmail.com,4998266222.0
25126,HS,nochimahs2014@gmail.com,4842837022.0
30038,HS,govthsanakkara@gmail.com,4868282263.0
47071,HS,hfhskattippara@gmail.com,4952270581.0
26010,HS,hssjesuskothad@gmail.com,4842431590.0
37034,HS,ksghsskadapra08@gmail.com,4692611602.0
33079,HS,mgemhsschool@gmail.com,8281359580.0
31501,HS,thspala@gmail.com,4822205285.0
25062,HS,crhskuttipuzha27@gmail.com,9544408107.0
13097,HS,ghssvellur@gmail.com,4985266625.0
26074,HS,sndphsudp@gmail.com,4842792036.0
26055,HS,stjosephchullickal@gmail.com,4842222099.0
36067,HS,vhssk36067@gmail.com,4792426356.0
28011,HS,28011nssmannoor@gmail.com,4842652125.0
17015,HS,ghskaraparamba@gmail.com,4952382377.0
13025,HS,vidyaniketant@gmail.com,4602203237.0
36018,HS,sndpsktv@gmail.com,4792336321.0
13117,HS,sirsyedhighschool@gmail.com,4602937019.0
11073,HS,11073munnad@gmail.com,4994206565.0
23003,HS,bvmhskallettumkara@yahoo.com,4802720309.0
23011,HS,stjosephshsmeloor@yahoo.com,4802739295.0
25121,HS,gvtupschool@gmail.com,4842597219.0
21056,HS,kannadihighschool@gmail.com,4912539598.0
26089,HS,hihsschool@gmail.com,4842505170.0
33051,HS,govthsskumarakam@gmail.com,4812524228.0
30008,HS,gvhssdevikulam@gmail.com,4865264351.0
51045,HS,gupsnechully@gmail.com,4924231071.0
11006,HS,11006ggvhss@gmail.com,4994230368.0
24015,HS,bcghshm@gmail.com,4885224806.0
24091,HS,mrsvadakkanchery@gmail.com,4884235356.0
20043,HS,ghscherpulassery@gmail.com,4662282667.0
21043,HS,chitturpshs@gmail.com,4923222126.0
16079,HS,vadakara16079@gmail.com,4962085230.0
28005,HS,hmhss28005@gmail.com,9746634091.0
25112,HS,stannseloor@yahoo.co.in,9747517172.0
23055,HS,stgeorgeshspariyaram@yahoo.com,4802746334.0
20058,HS,iesehss@gmail.com,4662272935.0
12051,HS,12051vellarikundu@gmail.com,4672242421.0
38019,HS,gvhsskaipattoor@gmail.com,4682350548.0
37027,HS,cmshsmdply@gmail.com,4692692212.0
22053,HS,hfcghstcr@gmail.com,4872333389.0
26026,HS,stmaryshsvallarpadam@gmail.com,4842750406.0
37004,HS,govthsthottakkonam@gmail.com,4734251091.0
12070,HS,12070bare@gmail.com,8943085631.0
35007,HS,35007alappuzha@gmail.com,9633559445.0
47119,HS,rarothgmhs@gmail.com,4952224822.0
37029,HS,gvhsskvpr@gmail.com,4692680472.0
31058,HS,ollhsuzhavoor@gmail.com,4822240108.0
26082,HS,darululoompullepady@gmail.com,4842353817.0
29050,HS,29050ghsmuttom@gmail.com,4862255399.0
14003,HS,gghsstly01@gmail.com,4902321962.0
21048,HS,ghskozhippara@gmail.com,4923235450.0
35020,HS,35020alappuzha@gmail.com,4772273011.0
46072,HS,cmsthalavady@gmail.com,4772211630.0
33017,HS,chengalamstantonys@gmail.com,4812705557.0
30026,HS,mariagiriemhss@yahoo.com,4869232069.0
38095,HS,nssmannamnagar@yahoo.in,4734259578.0
36055,HS,vsshsknma@gmail.com,9447480898.0
25057,HS,muppathadamgovt.h.s@gmail.com,4842559635.0
27050,HS,hihschool@gmail.com,8301040089.0
35003,HS,35003alappuzha@gmail.com,4772254194.0
35048,HS,35048alappuzha@gmail.com,4792411471.0
28050,HS,28050gaemhss@gmail.com,8281602611.0
13105,HS,avsghss.kvr@gmail.com,4985260010.0
38028,HS,kattoornsshs@gmail.com,9497100570.0
29502,HS,thsvannappuram@gmail.com,4862245421.0
13118,HS,hemhsppns@gmail.com,4972985045.0
14044,HS,ghspattiam2014@gmail.com,4902364338.0
30058,HS,sjhschinnar@gmail.com,4869242782.0
33018,HS,stthomashscgv@gmail.com,9446892477.0
30016,HS,mmhsnariampara@yahoo.com,4868274881.0
14024,HS,schskolayad@gmail.com,4902302410.0
16048,HS,vadakara16048@gmail.com,4962211031.0
26110,HS,sreevenkateswara1976@yahoo.in,9188285481.0
28049,HS,28049sphsveliyanad@gmail.com,4842747005.0
12365,HS,12365boonpublicschoolkallar@gmail.com,4672225985.0
38001,HS,gbhsadoor@gmail.com,4734226262.0
25046,HS,mcmhss@gmail.com,4842688620.0
23023,HS,stmaryshssirinjalakuda@yahoo.com,4802823107.0
38054,HS,hskodumon@gmail.com,4734285557.0
20048,HS,hsthottara@gmail.com,4662266460.0
17005,HS,ghssazchavattom@gmail.com,4952332620.0
32065,HS,kply32065ptm@yahoo.co.in,4828226012.0
17004,HS,gvhspayyanakkal@gmail.com,4952320049.0
25040,HS,akavoorhs@gmail.com,4842601322.0
34017,HS,34017alappuzha@gmail.com,4782564997.0
22020,HS,nssemhsstsr@rediffmail.com,4872381942.0
25092,HS,stjosephshspoovathussery@gmail.com,8281931424.0
31047,HS,boysettumanoor@yahoo.co.in,4812535491.0
34008,HS,34008alappuzha@gmail.com,4772258749.0
22031,HS,elthuruthhs@gmail.com,4872360433.0
37021,HS,stjosephshskulathur@gmail.com,9447662415.0
21113,HS,carmelhighschool@ymail.com,4924256411.0
32031,HS,akjmschool@gmail.com,4828202566.0
30001,HS,gvhssmunnar@gmail.com,4865231214.0
21116,HS,principalvidyodayaemhs@gmail.com,4923216288.0
30059,HS,sahsmundakayam@gmail.com,9446368546.0
17009,HS,nsshssmeenchanda@gmail.com,4952320187.0
27053,HS,ghsnellikuzhi@gmail.com,4852278531.0
45001,HS,smhssvechoor@gmail.com,4829275322.0
30068,HS,ghssamaravathy@gmail.com,4869222594.0
13086,HS,gvhsskmr@gmail.com,4602224701.0
24027,HS,focusislamic@gmail.com,4872531964.0
32015,HS,stmaryshsteekoy@gmail.com,4822281049.0
24014,HS,mjdhskkm@gmail.com,4885226585.0
11058,HS,11058namhs@gmail.com,4994256137.0
22011,HS,govthssmanalur@gmail.com,4872630515.0
13041,HS,parassinikadavuhs@gmail.com,9446040017.0
29039,HS,29039sndphs@gmail.com,4864223347.0
38105,HS,ghsstgm@gmail.com,4734288071.0
20040,HS,hmfmhs@yahoo.com,9447391345.0
14036,HS,chmkavumpady@gmail.com,4902405001.0
45016,HS,vhssb1949@gmail.com,4829273226.0
11192,HS,mujungavu@gmail.com,4998215625.0
23024,HS,nhssirinjalakuda@yahoo.co.in,4802822086.0
45053,HS,vbsnhsshm@gmail.com,4829263105.0
29060,HS,29060ghs@gmail.com,4865285254.0
12056,HS,12056ambalathara@gmail.com,4672244050.0
32071,HS,ghspanackachira@gmail.com,9746414176.0
26106,HS,georgianacademy@gmail.com,4842777400.0
22071,HS,mathahsmannampetta@gmail.com,4802752320.0
38084,HS,evhsselamannoor@gmail.com,4734247273.0
33090,HS,ghsvazhappally@gmail.com,4812401670.0
36003,HS,cmshsktnm@gmail.com,4792334480.0
26004,HS,stmaryshskannamaly@gmail.com,4842247930.0
46068,HS,mithrakaryschool@gmail.com,8547785962.0
24042,HS,sttheresasbkm@gmail.com,4872550258.0
35052,HS,35052alappuzha@gmail.com,4772249466.0
11064,HS,11064kunjar@gmail.com,4994241814.0
12036,HS,12036southtrikarpur@gmail.com,4672211404.0
11066,HS,11066muhimmath@gmail.com,4998246078.0
13030,HS,chmksghssmattul@gmail.com,4972843085.0
26065,HS,headmistressnorthedappally@gmail.com,4842801673.0
20057,HS,englishschool@mountseena.com,4912872087.0
28039,HS,ijhss28039@gmail.com,4852260405.0
26068,HS,ccplmekm@gmail.com,4842358491.0
22034,HS,cmshsthrissur@gmail.com,4872335047.0
38089,HS,ghsmaroor@gmail.com,4734275373.0
30047,HS,nsshsskoottar@gmail.com,4868279557.0
26050,HS,stmaryskandanad@gmail.com,4842792752.0
24081,HS,sntnattika@gmail.com,4872397172.0
22008,HS,snbhskanimangalam@gmail.com,4872247679.0
23039,HS,ghsschemboochira@yahoo.com,4802780035.0
14053,HS,stmaryshssedoor@gmail.com,4902450518.0
33032,HS,sndphss@gmail.com,4812381920.0
50012,HS,ashabhavan08@gmail.com,4872352814.0
27009,HS,snhssokkal@gmail.com,4842462175.0
47037,HS,sthskoorachund@gmail.com,9961225661.0
12060,HS,12060thachangad@gmail.com,9495806510.0
31075,HS,stantonysplassanal@gmail.com,4822292362.0
47110,HS,nochathss@gmail.com,4962610340.0
28041,HS,28041slths@gmail.com,4852260049.0
13046,HS,hsmarygiri@gmail.com,4602285642.0
32041,HS,kply32041@yahoo.co.in,4828247162.0
35041,HS,35041alappuzha@gmail.com,4792482130.0
14002,HS,shghschool@gmail.com,4902343676.0
22019,HS,gvhssayyanthole@gmail.com,4872364440.0
25119,HS,vijnanam1976@gmail.com,8330097973.0
45045,HS,ghskadappoor@gmail.com,4812536744.0
23054,HS,ghssnandikkara@yahoo.com,4802753280.0
12013,HS,12013udma@gmail.com,4672238012.0
21020,HS,ghskunissery1@gmail.com,4922234213.0
32024,HS,kply32024@yahoo.co.in,4828210397.0
45025,HS,nsshskattampak@gmail.com,4829265256.0
23038,HS,sreekrishnahsmattathur@yahoo.com,4802740647.0
35059,HS,35059alappuzha@gmail.com,4792319550.0
26005,HS,rvuhscherai@gmail.com,9496821384.0
11010,HS,11010miyapadav@gmail.com,4998252100.0
25023,HS,stjhsang@gmail.com,4842453543.0
13021,HS,rajashschirakkal@gmail.com,4972779472.0
33044,HS,shmounthssktm@gmail.com,0.0
21094,HS,kahhs262460@gmail.com,4924262460.0
28004,HS,28004gmhs@gmail.com,9947816967.0
27044,HS,kottappadyschool27044@yahoo.in,4852843312.0
11052,HS,11052heroor@gmail.com,4998262030.0
24033,HS,gbhswky24033@gmail.com,4884232460.0
24066,HS,ghssmanathala@gmail.com,4872508752.0
36066,HS,govthsthiruvanvandoor@gmail.com,4792427104.0
38065,HS,josephnarana@gmail.com,9745050797.0
11091,HS,sbvp97badiadka@gmail.com,4998293307.0
35055,HS,35055alappuzha@gmail.com,8547306352.0
38107,HS,mrspta@yahoo.in,9497051153.0
17006,HS,pantheerankavuhs@gmail.com,4952430102.0
27048,HS,queenmudickal@gmail.com,2593417.0
33013,HS,stanneshschry@gmail.com,4812400373.0
20035,HS,ghssottapalam@gmail.com,4662246585.0
12006,HS,12006kanhnagad@gmail.com,4672209592.0
27021,HS,kothamangalam27021@yahoo.co.in,4852862372.0
47115,HS,alirshadhighschool@gmail.com,9747816434.0
35044,HS,35044alappuzha@gmail.com,4792474001.0
24080,HS,ghss.kadikkad@yahoo.com,4872546485.0
25027,HS,ghs17mookkannoor@gmail.com,4842615249.0
30027,HS,phsselappara@gmail.com,4869242329.0
31063,HS,svnsshsedanad@gmail.com,4822258932.0
46063,HS,lmhss.pacha@gmail.com,4772211402.0
12021,HS,12021kottodi@gmail.com,9446239065.0
38055,HS,mthighschool@yahoo.com,4682222395.0
23047,HS,stantonyshsmoorkanad@yahoo.com,4802885480.0
21070,HS,mhssparali@gmail.com,9497181838.0
28001,HS,nirmala28001@gmail.com,4852832489.0
37015,HS,ammhsothera@gmail.com,4692656722.0
24030,HS,highschoolpengamuck@gmail.com,4885274155.0
37039,HS,pmvhsperingara2013@gmail.com,4692700059.0
25098,HS,ghs22nayathode@gmail.com,4842962230.0
13770,HS,gups.thadikkadavu9@gmail.com,4602238088.0
36011,HS,hschettikulangara2009@gmail.com,4792348013.0
21054,HS,gmmghss@gmail.com,4912544747.0
21001,HS,cghsvdy1964@gmail.com,4922255503.0
33046,HS,stannesktm@gmail.com,4812562250.0
12053,HS,12053mkasba@gmail.com,4672999251.0
17100,HS,ghsskunduparamba@gmail.com,4952391499.0
21021,HS,vimhspallassena@gmail.com,9447858720.0
20008,HS,hsperingode@gmail.com,4662370144.0
38080,HS,nedumonvhss@gmail.com,4734241550.0
24004,HS,ghspanjal@gmail.com,4884274892.0
11032,HS,11032delampady@gmail.com,4994265024.0
33021,HS,ithithanamhs@gmail.com,4812321450.0
36065,HS,36065alappuzha@gmail.com,4792472175.0
45034,HS,ehsskothanalloor@gmail.com,4829248082.0
27052,HS,gupspkdy@gmail.com,0.0
13040,HS,kprghss@gmail.com,4972781046.0
26019,HS,scgvhss@gmail.com,4842223230.0
29055,HS,29055sths@gmail.com,4862239208.0
23043,HS,pshssthirumudikunnu@yahoo.com,4802732801.0
33035,HS,cmshsolassa@gmail.com,4812517960.0
46073,HS,tmtneerattu@gmail.com,4772219424.0
47022,HS,nhsslab@gmail.com,4952855070.0
20009,HS,chathanurghss@yahoo.in,8848438819.0
29051,HS,29051ghssp@gmail.com,4868262059.0
37052,HS,mrslbvghs@gmail.com,4692685014.0
21012,HS,gghsalathur@gmail.com,4922222284.0
25093,HS,mahsthuravoor@gmail.com,4842617866.0
22063,HS,strcghs@gmail.com,4872354362.0
12018,HS,12018bellikoth@gmail.com,4672266273.0
38045,HS,highschoolmaniyar@gmail.com,8281673481.0
12035,HS,12035mettammal@gmail.com,4672212125.0
25059,HS,ghs26puthiyakavu@gmail.com,4842443173.0
22044,HS,kauhsvka@gmail.com,4872962018.0
13063,HS,hm13063@gmail.com,4602230332.0
47068,HS,chennamangallurhss@gmail.com,9526276005.0
24006,HS,nsshsmka@gmail.com,4884272102.0
26071,HS,sktsh2006@gmail.com,4842785332.0
38027,HS,gvhsselanthoor@yahoo.in,4682362082.0
46062,HS,sahsseda@gmail.com,4772212296.0
16080,HS,vadakara16080@gmail.com,4962560259.0
26066,HS,ghsvennala@gmail.com,4842809255.0
21022,HS,hmmnkm21022@gmail.com,4922243249.0
12009,HS,12009periye@gmail.com,4672234340.0
32004,HS,kply_32004@yahoo.co.in,4828235797.0
28014,HS,hsr28014@yahoo.in,4852278171.0
26090,HS,ghsedakochi@gmail.com,2327477.0
26011,HS,tdhsmattancherry@yahoo.com,4842225920.0
16502,HS,thspayyoli@gmail.com,4962603299.0
20025,HS,lsnghsotpm@gmail.com,4662247290.0
21091,HS,arogyamathahss@gmail.com,9497244526.0
11039,HS,11039neerchal@gmail.com,4998284090.0
30052,HS,sthssthankamany@gmail.com,4868275239.0
17030,HS,gbhssparayanchery@gmail.com,4952742024.0
23067,HS,stmarysvynthala@yahoo.com,4802770430.0
14056,HS,sshs14056@gmail.com,4902454452.0
34024,HS,34024alappuzha@gmail.com,4782813398.0
23076,HS,uhsannanad@yahoo.com,4802719816.0
31077,HS,stmaryshssbhnm@gmail.com,4822236209.0
11071,HS,11071udyawar@gmail.com,4998272125.0
16042,HS,vadakara16042@gmail.com,4962572525.0
11070,HS,11070kodiammeghs@gmail.com,4998217855.0
22026,HS,ghssperingottukara@gmail.com,4872273117.0
35064,HS,35064alappuzha@gmail.com,4772297978.0
13501,HS,thsthottada@gmail.com,4972835260.0
32068,HS,ksmbhskarakad@yahoo.com,9744007894.0
38037,HS,psvpmhs38037@gmail.com,4682242385.0
29041,HS,29041ghs@gmail.com,4864222434.0
47098,HS,ptmhskodiyathur@gmail.com,4952209557.0
34032,HS,34032alappuzha@gmail.com,4782814534.0
20020,HS,ghsshoranur@gmail.com,4662222854.0
12045,HS,12045thomapuram@gmail.com,4672221850.0
36049,HS,skvhspathiyoor@yahoo.com,4792444646.0
38066,HS,ghsskadimeenchira12@gmail.com,8921877750.0
32501,HS,thsteekoy@gmail.com,914822200425.0
20045,HS,chalavarahss@gmail.com,4662930492.0
33005,HS,nssbhsperunna@gmail.com,4812420735.0
12027,HS,12027madikai@gmail.com,4672240720.0
11049,HS,11049patla@gmail.com,4994241430.0
25042,HS,sjhskizhakkambalam@gmail.com,9605025042.0
35036,HS,35036alappuzha@gmail.com,4792492232.0
33068,HS,pvsghsspampady@gmail.com,4812508414.0
17019,HS,gujarathividhyalayam@gmail.com,4952365215.0
26036,HS,lmccschoolchathiath@gmail.com,4842393586.0
26063,HS,stgeorgeedappally@gmail.com,2344460.0
38058,HS,oghsonline@gmail.com,4682230205.0
28026,HS,stmaryshs28026@gmail.com,4852256391.0
11013,HS,11013mangalpady@gmail.com,4998243399.0
13058,HS,chs13058@gmail.com,4972852290.0
29034,HS,29034sshs@gmail.com,4862273300.0
37023,HS,bemhskmb@gmail.com,4692664316.0
17083,HS,ghsmavoor@gmail.com,4952883117.0
13022,HS,puzhathighss@gmail.com,4972746164.0
28010,HS,28010stjohns@gmail.com,4852252302.0
27043,HS,dbhstkyr@gmail.com,4852822686.0
14849,HS,aralamfarmghss@gmail.com,4902549200.0
33052,HS,chengalamschool@gmail.com,4812524828.0
21118,HS,modelhspezhumkara@gmail.com,8593810011.0
32030,HS,kply32030@yahoo.co.in,4828202074.0
47120,HS,hmstfrancisperambra@gmail.com,4962961809.0
25468,HS,stfrancisassisiups@gmail.com,4842966966.0
37046,HS,gmghs37046@gmail.com,4692601865.0
12073,HS,12073pullureriya@gmail.com,4672246400.0
22059,HS,vsmmgvhssollur@gmail.com,4872352628.0
14061,HS,ramakrishnahsolavilam@gmail.com,4902335220.0
25089,HS,lilyhillvalley@gmail.com,4842577343.0
45003,HS,ghsvechoor@gmail.com,4829275106.0
26051,HS,ghsthiruvankulam@gmail.com,4842787413.0
27034,HS,neriamangalam27034@gmail.com,4852554256.0
13502,HS,thsneruvambram@gmail.com,4972871789.0
46071,HS,vhsstldy@gmail.com,4772212792.0
22041,HS,vivekodayamghs@gmail.com,4872335831.0
33502,HS,thskurichy@gmail.com,4812723092.0
13061,HS,ghschala@gmail.com,4972821821.0
13020,HS,ghssv09@gmail.com,4972778041.0
36053,HS,nrpmhsschool@gmail.com,4792430418.0
23049,HS,vhsskaralam@yahoo.com,4802885250.0
21031,HS,vmhsvadavannur@gmail.com,4923215639.0
28046,HS,ghssmlsry28046@yahoo.in,4852272215.0
26103,HS,acsemhss@gmail.com,4842530380.0
32026,HS,kply32026@gmail.com,4828210696.0
20047,HS,ananganadihs@gmail.com,4662243832.0
21081,HS,ghss.pottassery@gmail.com,4924238358.0
24092,HS,alameenehskkd@gmail.com,4885284605.0
25108,HS,vcshssputhenvelikara@gmail.com,4842487498.0
38030,HS,krpmhss@gmail.com,4735258887.0
11009,HS,11009kunjathur@gmail.com,4998278985.0
26001,HS,stgeorgeshighschool@gmail.com,9446837525.0
13002,HS,cherupuzhastmaryshs@gmail.com,4985241199.0
24032,HS,ghspampady@gmail.com,4884283467.0
17036,HS,grfthsbeypore@gmail.com,4952921728.0
17076,HS,farookhhss@gmail.com,4952440670.0
24022,HS,sarvodayam_24022@rediffmail.com,4885286309.0
25037,HS,sndphsnlm@gmail.com,4842460260.0
36034,HS,vhsschathiyara@gmail.com,4792370473.0
38025,HS,hmsndphss@gmail.com,4682213751.0
14038,HS,stthomashsk@gmail.com,9447689895.0
26031,HS,ghspanampilly@gmail.com,4842318816.0
47042,HS,neeleswaramhighschool@gmail.com,4952297009.0
22085,HS,stjosephschooleravu@gmail.com,4872311450.0
31055,HS,holycrosshsmonippally@gmail.com,4822242440.0
12008,HS,12008pallikkare@gmail.com,4672273200.0
27040,HS,ghsayyankavu27040@gmail.com,4852860569.0
17114,HS,nivedithaschool@gmail.com,4832082555.0
38093,HS,pandalamnss2009@gmail.com,4734252620.0
32053,HS,kply32053@gmail.com,4812456350.0
21111,HS,inicprincipal@gmail.com,4924237576.0
24052,HS,stgeorgehsthozhiyoor@gmail.com,4872681855.0
45046,HS,gvhsvayala@gmail.com,4822228286.0
23035,HS,gnbhskodakara@yahoo.com,4802720464.0
13042,HS,arolighs@gmail.com,4972788404.0
13094,HS,ghssmathamangalam@gmail.com,4985277175.0
21008,HS,kcphss@gmail.com,8281017056.0
45009,HS,girlsghssvaikom633@gmail.com,4829231428.0
21092,HS,ymghskollengode@gmail.com,4923262797.0
36026,HS,bhhssmvk@gmail.com,4792302523.0
23501,HS,thskodungallur@gmail.com,4802802974.0
17074,HS,akkrgirlshss@gmail.com,4952260222.0
16501,HS,gths31vatakara@gmail.com,4962523140.0
33056,HS,stephremsmannanam@gmail.com,2597719.0
16038,HS,vadakara16038@gmail.com,4962547407.0
25115,HS,depaulemhss@gmail.com,4842455334.0
33045,HS,bakermemorialghs@gmail.com,4812563530.0
30055,HS,smhsmariyapuram@gmail.com,9447019656.0
38040,HS,ghskozh@gmail.com,4682963419.0
16054,HS,vadakara16054@gmail.com,4962633978.0
30075,HS,mrspeermade@gmail.com,4869299557.0
30077,HS,ghschinnakanal@gmail.com,4868249040.0
21085,HS,dhsnellipuzha@gmail.com,4924222073.0
25038,HS,stthomashssmltr@gmail.com,9496059740.0
30072,HS,mrsmunnar@gmail.com,4865296044.0
13011,HS,deenulislamsabha@gmail.com,4977962281.0
29017,HS,29017sghss@gmail.com,4862235391.0
24037,HS,24037ghssvaravoor@gmail.com,4884277354.0
37056,HS,scvkottanad@gmail.com,4692774099.0
32012,HS,sgkoottickal@gmail.com,9946445806.0
26078,HS,stthomasghsp@gmail.com,4842665377.0
38096,HS,phskulanada@gmail.com,4734260255.0
35011,HS,35011alappuzha@gmail.com,4772267763.0
13090,HS,chmhss@gmail.com,4985217070.0
35050,HS,35050alappuzha@gmail.com,2261661.0
31059,HS,sreekrishnavhs@gmail.com,4822251919.0
25078,HS,stjosephsvpz@gmail.com,4842512191.0
27020,HS,cheranalloor27020@yahoo.in,4842640869.0
30501,HS,thsspeermade.ihrd@gmail.com,4869233982.0
34002,HS,34002alappuzha@gmail.com,4782573357.0
35051,HS,35051alpystthomas@gmail.com,4772242988.0
21045,HS,stpaulshss@gmail.com,9946021101.0
29042,HS,29042sghs@gmail.com,4868262365.0
22043,HS,vvshsmannuthy@gmail.com,4872373140.0
26028,HS,ladyofhopevypin@gmail.com,2502330.0
27039,HS,ghsschathamattom@gmail.com,4852568606.0
24057,HS,gvhssthalikulam77@gmail.com,4872600506.0
23018,HS,ghssiranikulam@yahoo.com,4802778127.0
16041,HS,vadakara16041@gmail.com,4962460480.0
47099,HS,mjhsselettil@gmail.com,4952200209.0
11090,HS,stmarysbela@gmail.com,4998246969.0
32072,HS,ghskappad@yahoo.in,4828236666.0
47061,HS,markazhss@gmail.com,4952800456.0
36039,HS,svhsskud@gmail.com,4734255590.0
26033,HS,alberts_26033@yahoo.com,4842351736.0
17049,HS,ghssngoquaters@gmail.com,9495247682.0
27032,HS,kavalangadschool@yahoo.co.in,4852859024.0
23083,HS,mrschalakudy@yahoo.com,4802960400.0
31039,HS,stmaryshsskidangoor@yahoo.com,4822254140.0
22033,HS,lfcghsolari@gmail.com,4872365656.0
20041,HS,vellinezhi710@gmail.com,4662285710.0
24043,HS,24043vrammhss@gmail.com,2550896.0
22030,HS,sbhskurumpilavu1@gmail.com,4872271668.0
31067,HS,sshsskadanad@gmail.com,4822246230.0
22013,HS,shmcghs@gmail.com,4872633138.0
13024,HS,moothedathhss@yahoo.co.in,7902203269.0
27007,HS,perumbavoor27007@yahoo.in,4842596186.0
32035,HS,stmarysghskply@gmail.com,4828202161.0
27001,HS,kodanad27001@yahoo.co.in,4842646410.0
29021,HS,29021snmhs@gmail.com,4862246098.0
29040,HS,29040fmghss@gmail.com,4864222673.0
16005,HS,vadakara16005@gmail.com,4962528385.0
25003,HS,ghs7edathala@gmail.com,4842837424.0
35002,HS,smhsthathampally@gmail.com,4772235709.0
11014,HS,shiriya11014@gmail.com,4998244700.0
20021,HS,sttheresehs20021@gmail.com,4662222504.0
37061,HS,ghskuttor@gmail.com,914692616812.0
45051,HS,bhskuravilangad@gmail.com,4822230479.0
17011,HS,providencegirlshss@gmail.com,2766170.0
24083,HS,concordehss@gmail.com,4885281871.0
23008,HS,shcghsschalakudy@yahoo.com,4802701347.0
45020,HS,gbhsperuva@gmail.com,4829251215.0
26076,HS,stlhs2021@gmail.com,4842985891.0
14027,HS,prmhsspanoor@gmail.com,4902312500.0
12062,HS,12062iemhss@gmail.com,4672310800.0
31088,HS,sanvinpala@yahoo.com,4822212975.0
32008,HS,ghseratupeta@gmail.com,4822274258.0
21050,HS,hmghskanjikode@gmail.com,4912567788.0
20365,HS,hkcmms@gmail.com,4662266303.0
30010,HS,shhsknlr.alangaram689@gmail.com,4865200353.0
34021,HS,34021alappuzha@gmail.com,4782876036.0
47040,HS,shhstbady@gmail.com,4952252096.0
30056,HS,vhsvimalagiri@gmail.com,9562307088.0
13083,HS,maryqueenshskudianmala@gmail.com,4602218611.0
12042,HS,12042kalichanadukkamghs@gmail.com,4672256420.0
14005,HS,bemphstly@gmail.com,4902320531.0
29025,HS,29025ghss@gmail.com,4862223217.0
27030,HS,fjmputhuppady@yahoo.in,4852816334.0
30066,HS,gthskattappana@gmail.com,4868272124.0
24059,HS,gfhssntk@gmail.com,4872392934.0
22046,HS,st.sebastiancghs@gmail.com,4872422325.0
27501,HS,thsvarappetty@gmail.com,4852862268.0
16032,HS,vadakara16032@gmail.com,4962550249.0
32011,HS,jjmurphymemorialyendayar@gmail.com,4828286316.0
23028,HS,lbsmhssavittathur@yahoo.com,4802822322.0
17563,HS,calicuthandicappedhs@gmail.com,4952482931.0
31081,HS,hmsahsmutholy@gmail.com,4822205020.0
31037,HS,stpaulsghs@yahoo.co.in,48212539765.0
47019,HS,kayannaghss@gmail.com,4962659518.0
26020,HS,govtghskochi@gmail.com,4842227220.0
16001,HS,vadakara16001@gmail.com,4962522750.0
11089,HS,stmaryshsmarypuram@gmail.com,7306709097.0
25026,HS,hollyfamilyschool@rediff.com,4842450395.0
29053,HS,29053ghs@gmail.com,4862237818.0
25014,HS,ghs8eloor@gmail.com,4842545440.0
22024,HS,gnhsskizhuppillikara@gmail.com,4802874620.0
23041,HS,vimalahssvellikulangara@yahoo.com,4802740605.0
30085,HS,ghsparathodu@gmail.com,4868292326.0
24094,HS,cleliaangels@gmail.com,4884234702.0
16016,HS,vadakara16016@gmail.com,4962765150.0
46064,HS,mtsghsanaprampal@gmail.com,4772215322.0
31071,HS,mdcmskonipad@gmail.com,4822219186.0
20046,HS,ghssmarayamangalam@gmail.com,4662382110.0
21114,HS,meshsmdr@yahoo.com,7902451979.0
26013,HS,brittoschool2020@gmail.com,4842217068.0
37055,HS,stmarysvaliakunnam@gmail.com,4692774948.0
12071,HS,12071chamundikunnu@gmail.com,4672229640.0
11045,HS,11045belluru@gmail.com,4994260455.0
17003,HS,gvhssmeenchanda@gmai.com,4952320594.0
25004,HS,ghskutmy@gmail.com,4842624980.0
24002,HS,stjosephshspangarappilly@gmail.com,4884251980.0
25031,HS,vhssambalamugal@gmail.com,4842720264.0
12058,HS,12058kodoth@gmail.com,4672246494.0
30028,HS,ghsvagamon@gmail.com,4869248533.0
24093,HS,trehsandathode@gmail.com,8943211116.0
20022,HS,hmkvrhs@gmail.com,4662222354.0
20061,HS,ghsnellikkurissi@gmail.com,4662230008.0
29018,HS,29018gvhss@gmail.com,4862235635.0
32013,HS,kply32013@yahoo.co.in,4822276386.0
30002,HS,ghssothuparai@gmail.com,9497868951.0
12057,HS,12057attenganam@gmail.com,4672246700.0
14855,HS,perinkaryups@gmail.com,4902420047.0
16046,HS,vadakara16046@gmail.com,4962620311.0
45028,HS,sthomashskallara@gmail.com,9207005081.0
47066,HS,mukkomhs@gmail.com,4952298499.0
14018,HS,edayannurgvhss@gmail.com,4902484245.0
24016,HS,lighschoondal@gmail.com,4885236275.0
25063,HS,nsshssparakkadavu@gmail.com,4842473119.0
24089,HS,stmmchsknm@gmail.com,4885208350.0
32051,HS,kply32051@yahoo.co.in,4828221017.0
34011,HS,34011alappuzha@gmail.com,4782862451.0
38046,HS,gthskattachira1@gmail.com,9495156622.0
25090,HS,rajagirihss@gmail.com,4842911401.0
22203,HS,echipparagts@gmail.com,4802993300.0
25106,HS,ghs29wkadungalloor@gmail.com,4842603911.0
12014,HS,12014ajanur@gmail.com,4672207818.0
22083,HS,gvilladam2@gmail.com,4872695737.0
21055,HS,pmghss@gmail.com,4912539846.0
11053,HS,11053chss@gmail.com,4994280664.0
20002,HS,gvhssvattenad@gmail.com,4662370084.0
12065,HS,12065gmrsnadakkavu@gmail.com,4985262622.0
13098,HS,gghspayyanur@gmail.com,4985294885.0
17038,HS,mcchssclt@gmail.com,4952768790.0
46075,HS,stmarysghse@gmail.com,4772212548.0
23032,HS,stxaviershskaranchira@yahoo.com,4802879599.0
22082,HS,gvhssrvpuram@gmail.com,2333868.0
21075,HS,hskeralassery@gmail.com,9497629809.0
24020,HS,stfrancisghsmattom@gmail.com,4885235367.0
20001,HS,ghsschalissery@gmail.com,4662255750.0
31065,HS,ramapuramstaugustineshss@gmail.com,4822260371.0
27037,HS,pallarimangalam27037@gmail.com,4852562340.0
33089,HS,manarcadinfantjesus@gmail.com,4812370484.0
32063,HS,kply32063@yahoo.co.in,4828281030.0
22017,HS,ijghsa@gmail.com,4872084789.0
25053,HS,nssbhsmanickamangalam@gmail.com,4842462535.0
21123,HS,ghsthenkara964@gmail.com,4924226964.0
26053,HS,lfhsnarakal@gmail.com,2493892.0
29046,HS,29046cmhs@gmail.com,9496911692.0
26006,HS,stmarypallipuram@yahoo.com,4842489660.0
24012,HS,hmgmghsskkm@gmail.com,4885223072.0
26046,HS,hailmaryemhss@gmail.com,4842740229.0
36054,HS,36054alappuzha@gmail.com,4792478802.0
22060,HS,holyangels88@yahoo.com,4872352701.0
28052,HS,28052vivekanandamvpa@gmail.com,4850811903.0
26084,HS,stantonyshss2007@yahoo.com,4842353294.0
13069,HS,nellikuttyhs@gmail.com,4602264503.0
22070,HS,hskannattupadam@gmail.com,4802760379.0
33037,HS,mdshss@gmail.com,4812563949.0
26105,HS,schoolloretto@yahoo.in,4842221388.0
34035,HS,34035alappuzha@gmail.com,4782532159.0
23007,HS,carmelhsschalakudy@yahoo.com,4802708706.0
25065,HS,stphsthiruvaniyoor@gmail.com,4842730295.0
12001,HS,12001dhsskanhangad@gmail.com,4672204430.0
36051,HS,msmhsskylm@gmail.com,4792444905.0
29052,HS,29052ghs@gmail.com,4862272393.0
38035,HS,0421amritavhss@gmail.com,4682242226.0
19503,HS,thssvattamkulam@ihrd.ac.in,4942681498.0
43014,HS,gghsskan@gmail.com,4722832346.0
24090,HS,mhspty@gmail.com,4872402660.0
34043,HS,34043alappuzha@gmail.com,4782583900.0
19018,HS,ezhurghss@gmail.com,4942425123.0
30069,HS,fmhsckl@gmail.com,4868249266.0
47065,HS,kmohsskdy@gmail.com,2210005.0
18029,HS,hmrhsr@gmail.com,4832791969.0
48144,HS,ghsmarutha@gmail.com,4931288560.0
19671,HS,gmupsmeenadathur@gmail.com,4942584020.0
18028,HS,gvhssnllkth@gmail.com,9446480519.0
21108,HS,stmartinsemhs12athicode@gmail.com,4923272451.0
31040,HS,holycrosshs@yahoo.in,4822267311.0
24009,HS,ghsserumapetty@gmail.com,4885262098.0
36007,HS,stannesghschengannur@gmail.com,4792080387.0
44042,HS,samuellmshsparassala@gmail.com,2203109.0
21119,HS,besemhsnurani@yahoo.com,4912520008.0
48140,HS,ghsvadasseri@gmail.com,4832862030.0
35062,HS,35062punnapra@gmail.com,4772268442.0
38106,HS,aryabharathi9@gmail.com,4682350058.0
38081,HS,ghsstkd@gmail.com,4682380379.0
26009,HS,alfarookhia@gmail.com,4842431104.0
21097,HS,mesktm@gmail.com,9495856710.0
38098,HS,svhspongalady274@gmail.com,4734225450.0
23009,HS,stantonyscghskottat@yahoo.com,4802701307.0
25006,HS,nivhss2008@gmail.com,4842677858.0
42076,HS,hmidinjarschool@gmail.com,4722845122.0
19014,HS,ggvhssvengara@gmail.com,4942451677.0
11088,HS,mbemsd@gmail.com,4998208342.0
40014,HS,sabarigirihss@gmail.com,4752276904.0
12034,HS,12034trikarpur@gmail.com,4672210123.0
20015,HS,gvhsskoppam@gmail.com,4662265333.0
20052,HS,mmps@eram.edu.in,9048166313.0
22072,HS,aphsalagapanagar@gmail.com,4802750958.0
18368,HS,ghschaliappuram@gmail.com,4832725410.0
12043,HS,12043kayyoorgvhss@gmail.com,4672230182.0
30037,HS,gthsvalakode@gmail.com,4869240010.0
15042,HS,ghsirulath@gmail.com,4936238828.0
21088,HS,mountcarmelhsmamanna@gmail.com,8111815655.0
25047,HS,stpetershsklcy@gmail.com,4842760269.0
13092,HS,mathil13092@gmail.com,9497612400.0
34001,HS,34001alappuzha@gmail.com,4782572574.0
12054,HS,12054kamballurghss@gmail.com,4672220150.0
15021,HS,ghsachoornet@gmail.com,4936255869.0
45021,HS,gvhsskdy1@gmail.com,4829282998.0
48090,HS,ghskeezh@gmail.com,4832858202.0
28007,HS,nsshs28007@yahoo.in,4852811088.0
18057,HS,hmghsspulamanthole@gmail.com,4933267589.0
11245,HS,alsaqafemschool@gmail.com,4998208181.0
29063,HS,29063svemhs@gmail.com,4864222286.0
44069,HS,ghsperumpazhuthoor44069@gmail.com,4712221588.0
30023,HS,nsphssputtady@gmail.com,4868277075.0
44055,HS,veeranakavuschool@gmail.com,2335331.0
47113,HS,vadihudaomassery@gmail.com,4952283444.0
30046,HS,smhsthekkemala@gmail.com,4869286540.0
25011,HS,stmarysaluva2009@gmail.com,4842625430.0
31072,HS,cmshsmechal@gmail.com,4822286895.0
19061,HS,headmasterkmhss@gmail.com,4942491291.0
44081,HS,kannasamissionhs@gmail.com,4712289561.0
15086,HS,hmghsbeenachi@gmail.com,4936222955.0
42031,HS,hmbrmhselavattom@yahoo.in,4722990909.0
41065,HS,41065klm@gmail.com,4742711767.0
37007,HS,sndpvhsskanjeettukara37007@gmail.com,4735231186.0
50026,HS,blindschoolkottayam@gmail.com,4812517728.0
48081,HS,thachinganadamhs@gmail.com,4832783722.0
43035,HS,gmghspattom@gmail.com,4712553678.0
12049,HS,12049thayannur@gmail.com,4672256343.0
36501,HS,thskrpm@gmail.com,4792442883.0
34028,HS,34028alappuzha@gmail.com,4782562361.0
23012,HS,ghsskodungallur@yahoo.com,4802802967.0
44046,HS,vpshssvgr@gmail.com,4712480231.0
13759,HS,ghskuttiyeri@gmail.com,4602222764.0
30007,HS,gthskannampady@gmail.com,9447251321.0
24078,HS,alameenkechery@gmail.com,4885240464.0
12038,HS,12038kaikottukadavu@gmail.com,4672270022.0
16033,HS,vadakara16033@gmail.com,9495720903.0
19108,HS,hrticss@gmail.com,4942429801.0
21063,HS,ghsskumarapuram1@gmail.com,4912576372.0
43088,HS,cmghsschool323@gmail.com,4712351132.0
19066,HS,irimbiliyamghss@gmail.com,4942620633.0
18064,HS,thss18064@gmail.com,4933257421.0
42066,HS,hskarakulam42066@gmail.com,4712371822.0
42082,HS,scrdheart@yahoo.com,8078276271.0
25069,HS,gghssnpr@gmail.com,4842442607.0
21034,HS,hmcahspvba@gmail.com,4923253925.0
38006,HS,nsshss.adr@gmail.com,4734220414.0
19093,HS,alfurqansanthivayal@gmail.com,4942467800.0
26047,HS,ghspulickamaly@gmail.com,4842744870.0
30012,HS,ghskallar@gmail.com,4868221417.0
43036,HS,vhsscity@gmail.com,4712303397.0
32060,HS,kply32060@yahoo.co.in,4828248572.0
12072,HS,12072kanhirapoil@gmail.com,9048982066.0
12026,HS,12026uppilikaighs@gmail.com,4672284777.0
29005,HS,29005sjhs@gmail.com,4862262217.0
16004,HS,vadakara16004@gmail.com,4962216004.0
48135,HS,kappilkaradghs@gmail.com,9446505027.0
39061,HS,vghskadampanad@gmail.com,4734282070.0
33070,HS,buchanan.girls@gmail.com,4812430451.0
23027,HS,lfchssirinjalakuda@yahoo.com,4802826372.0
28034,HS,ghss28034@gmail.com,4852812198.0
42704,HS,hilltopcheruvadi@gmail.com,9072889997.0
11024,HS,11024cherkalacentral@gmail.com,4994280999.0
44016,HS,vpmhshm@gmail.com,4712242149.0
50013,HS,ashistcr@gmail.com,4872361611.0
24082,HS,jmjemhs@yahoo.com,4872202830.0
19026,HS,dghsstanur@gmail.com,4942584682.0
22016,HS,thsaranattukara@gmail.com,9961742939.0
15074,HS,hmghsperiya@gmail.com,4935260168.0
39056,HS,stjohnskaruvelil@gmail.com,4742529100.0
29006,HS,29006neyyassery@gmail.com,4862262262.0
24036,HS,nirmalahighschool@gmail.com,4884265678.0
13080,HS,ghssnedungome@gmail.com,4602265100.0
18066,HS,ghsspallippuram@gmail.com,4933240777.0
29004,HS,29004sahs@gmail.com,4862242216.0
20037,HS,ptbshs@gmail.com,4662285460.0
39008,HS,ghsstvnr39008@gmail.com,4742671713.0
32019,HS,vkm32019@yahoo.in,4822286316.0
13050,HS,bvjmhs@gmail.com,4602280110.0
47089,HS,mkhmmohssmanassery@gmail.com,4952296521.0
12061,HS,12061grfths@gmail.com,4672203946.0
21914,HS,ghskuzhalmannam@gmail.com,9947858380.0
32075,HS,hayathudheenhs@gmail.com,4822277206.0
41069,HS,kgmghs@gmail.com,4742793457.0
43051,HS,ghsvanchiyoor@gmail.com,4712460179.0
36017,HS,skvhskuttemperoor@gmail.com,4792312547.0
27045,HS,tholely27045@gmail.com,9539470340.0
13019,HS,grftvhssazheekal@gmail.com,4972770474.0
32056,HS,cmshskanam50@gmail.com,4812456083.0
26044,HS,gvhssmangayil@gmail.com,4842706397.0
43024,HS,ghsskulathoortvpm@gmail.com,4712418810.0
44058,HS,kpmhs44058@gmail.com,4712407948.0
25050,HS,hmghsspoothrikka@gmail.com,4842763240.0
11037,HS,11037sheni@gmail.com,8078225266.0
11026,HS,11026barhss@gmail.com,4994251700.0
20024,HS,trkhsvkm@gmail.com,4662227215.0
41020,HS,41020kollam@gmail.com,4762896265.0
47117,HS,ghsperambraplantation@gmail.com,9446813898.0
43053,HS,gvrajasportsschooltvpm@gmail.com,8281007241.0
35005,HS,35005alappuzha@gmail.com,4772254317.0
33087,HS,mattakkarahsmattakkara@gmail.com,4812542204.0
42058,HS,hmgmhssvarkala@gmail.com,4702602278.0
18593,HS,alfalahschool313@gmail.com,9645150786.0
13109,HS,gmrhss.pattuvam@gmail.com,4602203020.0
43007,HS,stvincentshighschool@gmail.com,4712752633.0
21134,HS,gths.mattathukad@gmail.com,9074101620.0
21501,HS,gthschittur26@gmail.com,4923222174.0
43084,HS,modelschooltvm@gmail.com,4712323641.0
24010,HS,ghighschool40@gmail.com,4885266213.0
16074,HS,vadakara16074@gmail.com,4962470132.0
44062,HS,govthssmylachal@gmail.com,4712255464.0
44001,HS,mvhss44001@gmail.com,4712210624.0
22006,HS,stxaviershs@gmail.com,4872342725.0
25005,HS,ghsmudickal@gmail.com,4842596282.0
21059,HS,bigbazarghss@gmail.com,4912500166.0
18150,HS,gmupschoolmankada@gmail.com,4933236020.0
23070,HS,stjosephshsmathilakam@yahoo.com,4802847200.0
24681,HS,chelakkaragmrs@gmail.com,4884299185.0
28036,HS,28036stmarysnakapuzha@gmail.com,4852289340.0
12030,HS,12030timiri@gmail.com,4672264627.0
41022,HS,41022klm@gmail.com,4742523189.0
19127,HS,nusrathschoolrandathani@gmail.com,7592813203.0
47107,HS,gvhssbalussery@gmail.com,4962642230.0
43073,HS,ghskalady@gmail.com,4712344107.0
38018,HS,sgmhskaipattoor@gmail.com,4682350652.0
43017,HS,ghssayi@gmail.com,4712419645.0
40047,HS,40047ehsplr@gmail.com,4752335781.0
18094,HS,stmaryshs18094@gmail.com,4933253728.0
30065,HS,maihsmurukkady@gmail.com,4869222625.0
44054,HS,vavodehs44054@gmail.com,9495730851.0
26058,HS,olcghspalluruthy@yahoo.in,4842220575.0
13065,HS,devamathahs@gmail.com,4602239370.0
18027,HS,pandikkadghss@gmail.com,4832783916.0
41104,HS,41104klm@gmail.com,2595770.0
21061,HS,kanikkamatha@yahoo.co.in,4912542346.0
19074,HS,athavanadghss@gmail.com,4942572000.0
35027,HS,35027alappuzha@gmail.com,4792412722.0
48132,HS,mehsareacode@gmail.com,8714073706.0
30006,HS,munnarlf@yahoo.in,4865232284.0
19867,HS,gmupskolappuram@gmail.com,9072514516.0
33038,HS,sreevidyadiraja@gmail.com,2564004.0
15020,HS,nhsthariode@gmail.com,4936250633.0
23040,HS,pcghsvellikulangara@yahoo.com,4802740174.0
32050,HS,kply32050@yahoo.co.in,4828271088.0
35013,HS,35013alappuzha@gmail.com,4772260808.0
40033,HS,mmhssnilamel09@gmail.com,9495831589.0
37005,HS,tkmhsvallana@gmail.com,4682287590.0
13081,HS,ghsmorazha@gmail.com,4972781790.0
41041,HS,mgdboyshskundara@gmail.com,4742522616.0
42067,HS,iqbalhss7@gmail.com,4722845543.0
47085,HS,sjhspullurampara@gmail.com,4952276242.0
18074,HS,ghspang@gmail.com,4933242851.0
41099,HS,41099klm@gmail.com,4742574497.0
18148,HS,mpsaikkarappadi@gmail.com,8138849538.0
22001,HS,ammadamhss@gmail.com,4872279316.0
12228,HS,12228udmapadinhar@gmail.com,4672236870.0
32007,HS,baseliosdevagiri42@yahoo.co.in,9383489715.0
43040,HS,gghsspkda@gmail.com,4712438219.0
15049,HS,stpetersmeenangadi@gmail.com,4936248082.0
42044,HS,hmvellanadhs@gmail.com,4722882032.0
32045,HS,gvhssmkvl@gmail.com,4828278165.0
24039,HS,stjosephshsspvt@gmail.com,4872641929.0
38022,HS,camhskurumpakara26@gmail.com,4734275873.0
41054,HS,41054kollam@gmail.com,4742704022.0
25083,HS,hmkphs@yahoo.in,4842696693.0
15076,HS,ghsvaleri@gmail.com,9895991655.0
14017,HS,ghssvadakkumpad@gmail.com,9846190151.0
23084,HS,sangameswarairinjalakuda@yahoo.com,4802821173.0
11016,HS,11016bangramanjeshwar@gmail.com,4998272001.0
32018,HS,stantonyvellikualm@gmail.com,4822289015.0
30064,HS,smhssmurickassery@gmail.com,4868263255.0
48040,HS,lfehsnbr@gmail.com,4931223254.0
13085,HS,kadannappallyghss@gmail.com,4985277157.0
19099,HS,nationalchemmad@gmail.com,4942464190.0
14058,HS,kunnothhighschool@gmail.com,4902420547.0
21915,HS,ghsbemmanur@gmail.com,4922217160.0
48129,HS,igmmrschool@gmail.com,4931224194.0
18138,HS,chullikodeghs@gmail.com,4832756030.0
18079,HS,kkmhsckd444@gmail.com,4832725444.0
42024,HS,rrvbvhss@gmail.com,4702672485.0
19036,HS,mmmhsskuttay@gmail.com,9605119986.0
25079,HS,infantboys@gmail.com,4842512219.0
41017,HS,41017kollam@gmail.com,4762826423.0
22010,HS,highschoolanthikad@gmail.com,4872632484.0
15060,HS,hmghssanappara@gmail.com,4936266467.0
43082,HS,centralhs.eastfort@gmail.com,4712474418.0
32009,HS,kply32009@yahoo.co.in,4812494406.0
47060,HS,khsskunnamangalam@gmail.com,4952802190.0
13010,HS,disghsscity@gmail.com,4972731189.0
22045,HS,dbmannuthy@gmail.com,4872370853.0
14051,HS,ghssmalur@gmail.com,4902994010.0
12052,HS,12052balal@gmail.com,4672242683.0
35009,HS,35009alappuzha@gmail.com,9142158099.0
20062,HS,ghskudallur@gmail.com,4662253446.0
18111,HS,najmulhudahss@gmail.com,4832743900.0
37002,HS,svgvhighschool@rediffmail.com,4682967040.0
19069,HS,khmhsalathiyur@gmail.com,4942565450.0
25117,HS,meshsedathala@gmail.com,9847771070.0
23074,HS,ghsschaipankuzhi@yahoo.com,4802741646.0
42012,HS,sr.elizabethcsischool@gmail.com,4702620010.0
43002,HS,ghsvlr@gmail.com,4712992401.0
38012,HS,sbmschs@gmail.com,4682382703.0
35029,HS,35029alappuzha@gmail.com,4792411722.0
14010,HS,ghskavumbhagam@gmail.com,4902351285.0
41258,HS,vimala.s.015@gmail.com,4762895006.0
34012,HS,34012alappuzha@gmail.com,9744938936.0
23065,HS,mambrauhss@gmail.com,4802962047.0
19122,HS,nibrasmoonniyur@gmail.com,4942461473.0
15016,HS,hmgmhssvellamunda@gmail.com,4935230370.0
42015,HS,pnmghsskoonthalloor@gmail.com,4702640216.0
21006,HS,ghsskizhakkanchery@gmail.com,8301885726.0
48134,HS,ghspannippara@gmail.com,9645079095.0
14022,HS,eknsghssv@gmail.com,4902308501.0
41023,HS,41023kollam@gmail.com,4742713620.0
25264,HS,kmchighschool@gmail.com,4842620065.0
12067,HS,12067panathur@gmail.com,4672227050.0
42035,HS,gvhssnjekkad@gmail.com,4702692274.0
26015,HS,fatimaghsf@gmail.com,4842215299.0
19035,HS,hmvhss@gmail.com,4942644230.0
23002,HS,stjosephsemhssaloor@yahoo.com,8281278025.0
25110,HS,ghsbinanipuram@gmail.com,4842557304.0
42501,HS,thsnedumangad@gmail.com,4722812686.0
42040,HS,ghskarippoor@yahoo.co.in,4722812143.0
16077,HS,vadakara16077@gmail.com,4962601254.0
21105,HS,mrsattappady@gmail.com,4924253347.0
19008,HS,ghsstgdi@gmail.com,4942460278.0
16010,HS,vadakara16010@gmail.com,4962527465.0
14060,HS,shhsangadikadavu@gmail.com,9400026091.0
21104,HS,mesmkd@gmail.com,4924224525.0
41091,HS,41091hspavumba@gmail.com,4762862310.0
15084,HS,ghsvarambetta@gmail.com,4936273131.0
13045,HS,gvhsskarhikapuram@gmail.com,4602286404.0
42077,HS,ssmhssmudapuram@gmail.com,8590457389.0
23045,HS,stmaryskuzhikkattussery@yahoo.com,4802787758.0
36008,HS,chennithalambhs@gmail.com,4792325813.0
30005,HS,ghsguderale@gmail.com,9447330622.0
26502,HS,mthsskaloor.ihrd@gmail.com,4842347132.0
34004,HS,34004alappuzha@gmail.com,4782873311.0
47090,HS,mgmeangapuzha@gmail.com,4952235035.0
26035,HS,ghsekm@gmail.com,4842376078.0
12012,HS,12012kalliot@gmail.com,9188912633.0
19077,HS,puthuparambaghss@gmail.com,4832750430.0
32016,HS,mgpnsshighschool@gmail.com,4822281271.0
20018,HS,ghsschundambatta@gmail.com,9446262845.0
44052,HS,vrindavanschool@gmail.com,4712236795.0
70001,HS,ahss.kalamandalam@gmail.com,4884262418.0
39002,HS,drctemrhs@gmail.com,4762837163.0
41035,HS,41035avhsthazhava@gmail.com,4762660698.0
48001,HS,ghsareacode@gmail.com,4832863044.0
44049,HS,girlsvenganoor44049@gmail.com,4712480956.0
25103,HS,ghs9ezhikara@gmail.com,4842508931.0
38109,HS,hsstthomas8@gmail.com,4734252351.0
43056,HS,govthskarikkakom@gmail.com,4712502444.0
12002,HS,12002.ramnagar@gmail.com,4672201590.0
17012,HS,stvincentcolonygirlshs@gmail.com,2770634.0
41030,HS,41030kollam@gmail.com,4742731609.0
21102,HS,marutharoadstsebastianhs@gmail.com,9447680669.0
25068,HS,snhssnorthparavur@gmail.com,4842442196.0
32038,HS,kply32038@yahoo.co.in,4812485139.0
12011,HS,12011pakkam@gmail.com,4672274400.0
26024,HS,lobeliahs@gmail.com,4842492307.0
21023,HS,cvmhighschoolvandazhy@gmail.com,4922260016.0
15017,HS,hmwohss@gmail.com,4936250165.0
34005,HS,34005alappuzha@gmail.com,4782872892.0
33028,HS,nsshss007@gmail.com,4812582626.0
23064,HS,nshsvaloor@yahoo.com,4802730557.0
21046,HS,stfxhss@yahoo.co.in,4923235656.0
21078,HS,cbkmghss@gmail.com,4912556636.0
42018,HS,ghskappil@gmail.com,4702661877.0
38015,HS,sndphssm@gmail.com,4682258161.0
30034,HS,ghssanthanpara@gmail.com,4868247008.0
26109,HS,stgeorgeshspoonithura@gmail.com,4842389790.0
16040,HS,vadakara16040@gmail.com,4962552678.0
42061,HS,ghsstholicode@gmail.com,4722879595.0
48053,HS,dnhsskvk@gmail.com,4931280018.0
43087,HS,amhsstml@gmail.com,4712352179.0
43030,HS,sthsstvm@gmail.com,2511110.0
42065,HS,ghsssthattathumala@gmail.com,4702649646.0
31041,HS,stthomashspunnathura@gmail.com,4812541060.0
19098,HS,mimhighschool@gmail.com,4942103095.0
39063,HS,39063kottarakara@gmail.com,4742527231.0
18082,HS,chmhspklr@gmail.com,4832821556.0
16044,HS,vadakara16044@gmail.com,4962467927.0
14012,HS,ghsspalayad3@gmail.com,4902345550.0
19030,HS,theyyalingalssmhss@gmail.com,4942440207.0
48055,HS,rmhsmltr48055@gmail.com,4933278485.0
40025,HS,40025gemshs@gmail.com,4742476310.0
47045,HS,fmhskoombaras@gmail.com,4952277150.0
25070,HS,samoohamhs@gmail.com,4842443588.0
30033,HS,mbvhss@gmail.com,4868245283.0
26025,HS,ghsepuzha@gmail.com,4842492808.0
25074,HS,ezhippuram1@gmail.com,4842677169.0
33030,HS,ghskarapuzha@gmail.com,4812582936.0
30018,HS,ghskanayankavayal@gmail.com,4869288466.0
14023,HS,ghsschittariparamba@gmail.com,4902300440.0
26081,HS,26081hihs@gmail.com,4842750606.0
35014,HS,35014.alappuzha@gmail.com,4772260391.0
48048,HS,ghsporur@gmail.com,4931246960.0
39030,HS,smhskotara@gmail.com,4742462096.0
41076,HS,41076klm@gmail.com,4762874470.0
44013,HS,scghs44013@gmail.com,2261060.0
11055,HS,11055ghssbethurpara@gmail.com,4994207360.0
47044,HS,mghsmtty@gmail.com,4952277250.0
15063,HS,rgmrhs@gmail.com,4936270140.0
11042,HS,11042adhur@gmail.com,4994262467.0
21067,HS,akathetharansshs@gmail.com,9447935012.0
47058,HS,govt.hsskolathur@gmail.com,4952455032.0
28025,HS,ghspampakuda@gmail.com,4852272665.0
17077,HS,venernihss@gmail.com,4952440608.0
24058,HS,ghsvatanappally@rediffmail.com,4872602036.0
19044,HS,avhsponani@gmail.com,4942668265.0
18008,HS,gvhsskondotty@gmail.com,4832711820.0
13761,HS,ghspacheni@gmail.com,9497447244.0
41034,HS,41034svpmhs@gmail.com,4762625414.0
48138,HS,ghsmunderi@gmail.com,4931208282.0
24029,HS,tmvhs.school@gmail.com,4885282115.0
24044,HS,ghschavakkad@gmail.com,2556550.0
33024,HS,stgeorgesvhss100@gmail.com,8301049887.0
36016,HS,amritahssvkm@gmail.com,4792370423.0
16036,HS,hsvadakara@gmail.com,4962695736.0
23013,HS,gghskodungallur@yahoo.com,4802802108.0
40037,HS,40037mmhsvilakudy@gmail.com,4752322800.0
26070,HS,gbhstripunithura@gmail.com,4842784596.0
17093,HS,gvhscheruvannur@gmail.com,4952481010.0
19045,HS,ghsstrikkavup@gmail.com,4942669580.0
25123,HS,ghsthengode@gmail.com,4842429076.0
38051,HS,shhsms@gmail.com,4682323563.0
14032,HS,vporientalhighschoolchokli@gmail.com,4902330214.0
44005,HS,nkmghssdvpm44005@gmail.com,4712232542.0
36048,HS,svhskayamkulam@gmail.com,4792443514.0
39033,HS,igmhsmanjakala@gmail.com,4752328268.0
28012,HS,28012hskklm@gmail.com,4852252989.0
36012,HS,mghschennithala@gmail.com,4792325266.0
36035,HS,vvhsstklm@gmail.com,4792382160.0
44063,HS,govt.hsskeezharoor@gmail.com,4712275826.0
24366,HS,nirmalaenmups@gmail.com,4885262028.0
26057,HS,sdpygvhss@rediff.com,2232056.0
11020,HS,11020kumbla@gmail.com,4998215987.0
29037,HS,29037ghs@gmail.com,4865265208.0
14055,HS,karikkottakaryhs@gmail.com,4902454434.0
12069,HS,12069kanhangad@gmail.com,4672288250.0
20669,HS,gvhssdeaf@gmail.com,4662911155.0
22061,HS,avinisseryhs@gmail.com,4872353218.0
39013,HS,gpvhspklmktr@gmail.com,4742453125.0
43086,HS,carmelghss@gmail.com,2337025.0
43045,HS,hmrkdnsshss@gmail.com,4712724374.0
34022,HS,34022alappuzha@gmail.com,4782513195.0
18101,HS,principal@islahiyaschool.com,4832736795.0
25008,HS,st.johncsischool@rediffmail.com,4842625396.0
43070,HS,govhssk@gmail.com,4712458806.0
46049,HS,sitcthakazhy@gmail.com,4772274370.0
30079,HS,ghsthankamany@gmail.com,4868226197.0
43016,HS,prinlourdes@yahoo.co.in,4722585034.0
33026,HS,aloysiusmanalumkal@gmail.com,4812552616.0
43027,HS,stjohnsmodelhss@gmail.com,2530376.0
46043,HS,ghstkk@gmail.com,4772707285.0
40040,HS,40040punnala@gmail.com,4752385275.0
36004,HS,nsskurathikad@gmail.com,4792328068.0
43031,HS,stghss@gmail.com,4712532099.0
19031,HS,nmhsstya@gmail.com,4942602134.0
45054,HS,stanneshsskurianad@gmail.com,4822231933.0
23020,HS,hdpshssedathirinji@yahoo.com,9188284174.0
42017,HS,edavalittleflower@gmail.com,4702660156.0
24041,HS,ckcghs@gmail.com,4872642382.0
23079,HS,ghssmupliyam@yahoo.com,4802780065.0
18152,HS,kmichstytcr@gmail.com,4933233253.0
30032,HS,sthspullikkanam@gmail.com,4869248555.0
18019,HS,gvhssmakkaraparamba@gmail.com,4933283060.0
18153,HS,infothaqwaschool@gmail.com,9188070403.0
22055,HS,thrissur.gmghs46@gmail.com,4872331163.0
17024,HS,gvhsskuttichira@gmail.com,4952703477.0
15068,HS,gmrspkd@gmail.com,4936256156.0
13023,HS,sshsstpb@gmail.com,4602203329.0
34014,HS,34014alappuzha@gmail.com,4782875017.0
21109,HS,ihsmkd@gmail.com,9400545355.0
46038,HS,lfhskavalam@gmail.com,4772747415.0
48076,HS,govthssvettathur@gmail.com,4933245704.0
14007,HS,ghskoduvally@gmail.com,4902320037.0
23001,HS,rmhssaloor@yahoo.com,4802786940.0
12050,HS,12050parappa@gmail.com,4672254675.0
18098,HS,crescentozr@gmail.com,4832756590.0
24077,HS,principalica@gmail.com,4872680514.0
24040,HS,masmvhss@gmail.com,9447672152.0
14035,HS,palaghsshsknr@gmail.com,4902457881.0
38063,HS,highschoolrperunad@gmail.com,4735240212.0
16034,HS,vadakara16034@gmail.com,4962554357.0
40003,HS,jawaharhsayoor@gmail.com,4752292594.0
23021,HS,gmbhssirinjalakuda@yahoo.com,4802822698.0
18062,HS,hmduhss@gmail.com,4933205970.0
33012,HS,shchanganassery@gmail.com,4812420534.0
13071,HS,ghssulikkal@gmail.com,4602228152.0
13986,HS,medicalcollegepublicschool@gmail.com,4972808840.0
33023,HS,nsshighschoolchingavanam@gmail.com,9446255700.0
20033,HS,hmghssmunnurcode@gmail.com,4662380730.0
18766,HS,assisischool@gmail.com,4933202442.0
42083,HS,snemhs42083@yahoo.com,9447666301.0
38014,HS,govthstn@gmail.com,4682252844.0
36046,HS,stmaryshskylm@gmail.com,4792446601.0
11501,HS,thsmogralputhur@gmail.com,4994232969.0
19002,HS,cucampusgmhss@gmail.com,4942400446.0
48038,HS,ghsspullangode48038@gmail.com,4931257788.0
44038,HS,pgmvhss@gmail.com,4712220913.0
33033,HS,cmscollegehs@gmail.com,2566740.0
44030,HS,mgmhsp@gmail.com,4712255232.0
42078,HS,attingalsvemhss@gmail.com,4702624461.0
14008,HS,mmhsstly@gmail.com,4902321316.0
26092,HS,ghsselamakkara26092@gmail.com,4842408280.0
42010,HS,navabharathemhssattingal@gmail.com,9447103877.0
18124,HS,pkmichspookkottur@gmail.com,4832771819.0
43071,HS,bmbeemahss@gmail.com,4712500075.0
25020,HS,holyghostconventghs@gmail.com,2606031.0
21101,HS,stpaulskollengode@gmail.com,4923262308.0
22064,HS,stpaulscehss@gmail.com,2253052.0
19016,HS,gbhsstirur@gmail.com,4942422429.0
34039,HS,34039alappuzha@gmail.com,4782593100.0
14029,HS,chothavoorhs@gmail.com,4902314680.0
33080,HS,stteresashsvzhy@gmail.com,4812400360.0
14019,HS,ghskpba@gmail.com,4902362943.0
15041,HS,jayasreehskalluvayal@gmail.com,4936241222.0
23031,HS,pompeistmaryskattoor@yahoo.com,4802878446.0
37059,HS,ghsayroor@gmail.com,4735230810.0
30020,HS,sghssktpna@gmail.com,4868272315.0
11046,HS,11046chemnadpkm@gmail.com,4994278221.0
37028,HS,cmshssmlpy@gmail.com,4692682346.0
18091,HS,ikthssckb@gmail.com,4933242039.0
43270,HS,deafschooltvm@yahoo.in,4712325717.0
42037,HS,bvhssmancha@yahoo.co.in,4722812328.0
21014,HS,hskuthanur@gmail.com,4922287867.0
19049,HS,mighsspni@gmail.com,4942668486.0
48042,HS,kmhighschoolkarulai@gmail.com,4931270271.0
33076,HS,stthomashst2@gmail.com,4812465088.0
19047,HS,vijayamathaponnani@gmail.com,4942667407.0
12801,HS,12801jyothibhavan@gmail.com,4672230721.0
42048,HS,headmistressnsshs@gmail.com,4702682096.0
25501,HS,mthss25501@gmail.com,4842604116.0
42042,HS,ghssndd@gmail.com,4722802492.0
25114,HS,dhschalakkal@gmail.com,4842677139.0
42005,HS,gvhssaryanad@yahoo.in,4722852255.0
18149,HS,alirshadtrippanachi@gmail.com,4832776084.0
20011,HS,kodumundahs@gmail.com,4662217431.0
41668,HS,mckundara@yahoo.com,4742962969.0
20039,HS,hsreekrishnapuram80@gmail.com,4662261360.0
15070,HS,hmthirunellygahshm@gmail.com,4935210330.0
44065,HS,victoryvhss44065@gmail.com,4712222748.0
31502,HS,thskadaplamattom@gmail.com,4822256486.0
19126,HS,crescent.maranchery@gmail.com,9188863702.0
41043,HS,stjudehss@gmail.com,4742503811.0
16053,HS,vadakara16053@gmail.com,4962686850.0
38002,HS,st.thomas.pan38002@gmail.com,4734229600.0
26043,HS,olfhskumbalanghi834@gmail.com,4842240834.0
34018,HS,34018alappuzha@gmail.com,4782562059.0
47072,HS,hsgvhssthamarassery@gmail.com,4952223011.0
41027,HS,41027kollam@gmail.com,4742562264.0
42050,HS,vhsskaravaram@gmail.com,4702692380.0
17008,HS,rkmhssmeenchanda@gmail.com,4952323419.0
37049,HS,balikamatomghss@gmail.com,4692603682.0
39041,HS,39041umr@gmail.com,4742492359.0
39036,HS,knnmpvm@gmail.com,2415663.0
19001,HS,chelarigvhss@gmail.com,4942400364.0
14021,HS,ghsskottayammbr@gmail.com,4902361801.0
24067,HS,grfthsfish@yahoo.com,4872501965.0
33091,HS,crossroadslynn@gmail.com,4812507259.0
21053,HS,assisikanjikode@gmail.com,4912566179.0
22039,HS,mth2017c@gmail.com,4872251231.0
22023,HS,poomalahs2008@gmail.com,4872206320.0
43041,HS,hm.clhss@gmail.com,2438259.0
29028,HS,29028shghs@gmail.com,4862223102.0
40022,HS,vhsporedom@gmail.com,4742475123.0
36022,HS,nsghsmannar@gmail.com,4792312741.0
30057,HS,smhssmarykulam@gmail.com,4869244231.0
18109,HS,nectschool@gmail.com,8547494455.0
30048,HS,ghsskuttiplangad@gmail.com,4828284877.0
11035,HS,11035perla@gmail.com,4998226477.0
19050,HS,ghsedapal2@gmail.com,4942681015.0
25009,HS,islamichss@gmail.com,4842625198.0
35026,HS,35026alappuzha@gmail.com,4792408657.0
48046,HS,ckhsmanimooli@gmail.com,4931276030.0
16071,HS,vadakara16071@gmail.com,4962691274.0
13044,HS,ghssreepuram@gmail.com,4602286454.0
26048,HS,hmsmhss1956@gmail.com,4842712917.0
19003,HS,stpaulsemhss@yahoo.com,4942400205.0
15040,HS,vijayahspulpally@gmail.com,4936240225.0
21087,HS,aahschindakki@gmail.com,4924291104.0
44070,HS,amarlms123@gmail.com,2224431.0
40013,HS,smhs40013ary@gmail.com,4752211450.0
41019,HS,41019klmsvhss@gmail.com,9633646412.0
38077,HS,sndphssvenkurinji@gmail.com,4828254008.0
41092,HS,41092klm@gmail.com,4742521788.0
22069,HS,stjosephhsvelupadam@gmail.com,4802762925.0
29001,HS,29001sghs@gmail.com,9778479425.0
17037,HS,gaghsschalappuram@gmail.com,4952302909.0
41086,HS,vellimonvhss@gmail.com,4742547395.0
38031,HS,vknmvhsschool@gmail.com,4735277111.0
28048,HS,msvhss28048@gmail.com,4852208629.0
36042,HS,msshsmvka@gmail.com,4792301545.0
26014,HS,emghsvelifortkochi@yahoo.com,4842227930.0
41025,HS,41025kollam@gmail.com,4742585232.0
16047,HS,vadakara16047@gmail.com,4962620558.0
31079,HS,ktjmhs@yahoo.co.in,4822237242.0
42045,HS,mitravbhs@gmail.com,4722884066.0
44003,HS,vimalahridayahsviray@gmail.com,4712213884.0
19118,HS,methschool@gmail.com,4942603852.0
17062,HS,peringolamghss@gmail.com,4952800050.0
15001,HS,hmghssthalappuzha@gmail.com,4935256269.0
31035,HS,skvghss@yahoo.com,4812712135.0
38102,HS,kadampanadstthomas@gmail.com,4734283981.0
13029,HS,ggvhsscherukunnu793@gmail.com,4972861793.0
15010,HS,ghssthrissilerry@gmail.com,4935294522.0
19128,HS,iecsskodinhi@gmail.com,4942482103.0
18009,HS,ghsspookkottur@gmail.com,4832772840.0
17053,HS,presentationhss@gmail.com,4952357108.0
29067,HS,ghspoochapra@gmail.com,4862282646.0
21096,HS,gohsedathanattukara@gmail.com,4924266371.0
36068,HS,36068alappuzha@gmail.com,4792313731.0
39080,HS,chakkuvarakkalschool@gmail.com,4742403622.0
47096,HS,ghsspannur@gmail.com,4952211678.0
12037,HS,12037kottappuram@gmail.com,4672284133.0
41013,HS,lourdematha41013@gmail.com,4762686055.0
13088,HS,ghskorom@gmail.com,4985204810.0
31036,HS,govtghsettr@yahoo.com,4812537049.0
28017,HS,28017mkm@gmail.com,4852242269.0
33088,HS,nssshskothala@gmail.com,4812505464.0
19130,HS,hissalloor@gmail.com,4942577099.0
19064,HS,mvmrhss19064@gmail.com,4942250982.0
15057,HS,hmgvhssambalavayal@gmail.com,4936260530.0
21037,HS,kkmhssvandithavalam@gmail.com,9446322651.0
34006,HS,34006alappuzha@gmail.com,4772292307.0
36473,HS,snvkayamkulam@gmail.com,4792445799.0
19070,HS,arnagarhs@gmail.com,4942491265.0
43028,HS,sarvodayavidyalaya1973@gmail.com,4712530831.0
30015,HS,ghsezhukumvayal@gmail.com,4868231450.0
14467,HS,info@alfalahschool.in,4902332727.0
19078,HS,bykvhss@gmail.com,4942546031.0
32006,HS,dbhskga@gmail.com,4812496438.0
39020,HS,krgpmvhs@gmail.com,4742462086.0
19063,HS,hmkokkur@gmail.com,4942945148.0
19097,HS,idealdharmagiri@gmail.com,9400244230.0
13095,HS,hmghsthirumeni@gmail.com,4985232396.0
19086,HS,meshsponani@gmail.com,4942663015.0
42026,HS,gbhssmithirmala@gmail.com,4722820503.0
21019,HS,headmistress.ghskoduvayur@gmail.com,4923252378.0
48499,HS,oeskarulai@gmail.com,4931270075.0
13036,HS,gghsmadayi@gmail.com,4972873560.0
41073,HS,41073stagnesghs@gmail.com,4762681833.0
15011,HS,schspayyampally@gmail.com,4935215040.0
18080,HS,pmsamahs@gmail.com,4832752627.0
23071,HS,gshssmeladoor@yahoo.com,4802771531.0
46065,HS,stgeorgehsmuttar@gmail.com,4772219855.0
19088,HS,msihsskundoor@gmail.com,9495004037.0
42059,HS,gvhssvithura@gmail.com,4722856202.0
38073,HS,bethanyasram2009@gmail.com,4735206505.0
18120,HS,jamiaislamiyahss@gmail.com,4832840742.0
12074,HS,12074kooliyad@gmail.com,4672999478.0
20063,HS,ghsvilayur@gmail.com,4662264720.0
15471,HS,vrts2024@gmail.com,9947421050.0
30080,HS,ghsvazhavara@gmail.com,4868278642.0
39004,HS,ghskotta@gmail.com,4762831460.0
13028,HS,gbhscherukunnu@gmail.com,4972861188.0
27012,HS,ghsskallil@gmail.com,4842654394.0
21074,HS,gvhssppla@gmail.com,4912872460.0
19179,HS,smenglishschool@gmail.com,4942652120.0
19059,HS,chskurumbathur@gmail.com,4942546763.0
32025,HS,kply32025@yahoo.co.in,4828214210.0
21060,HS,khsmoothanthara@gmail.com,4912541500.0
40045,HS,cphighschool@gmail.com,4742422019.0
43046,HS,vidyadirajatvm@yahoo.com,4712729286.0
32014,HS,stantonysp@gmail.com,4822275420.0
26108,HS,stjoachimshskaloor@gmail.com,9656976540.0
41094,HS,41094kollam@gmail.com,4742501590.0
15067,HS,crescentpnm@gmail.com,7510208375.0
44045,HS,ptmhs1976@gmail.com,4712266823.0
23062,HS,gvhssputhenchira@yahoo.com,4802891926.0
31070,HS,sjhskurumannu2008@gmail.com,4822221294.0
20094,HS,iohs.karinganad123@gmail.com,9400374746.0
12031,HS,12031kuttamath@gmail.com,4672261015.0
44029,HS,ghssmtm@gmail.com,4712275257.0
21125,HS,govthskallingalpadam@gmail.com,4922265033.0
32042,HS,kply32042@gmail.com,4828272550.0
19042,HS,ghssperassannur@gmail.com,4942609519.0
25056,HS,hmyshss25056@gmail.com,4842484182.0
45005,HS,ghstvpuram@gmail.com,4829210603.0
41053,HS,41053klm@gmail.com,4742518950.0
17110,HS,emsghsperumanna@gmail.com,4952433844.0
18595,HS,metpayyanad@gmail.com,9633397444.0
13059,HS,hss.kadambur@gmail.com,4972832546.0
13035,HS,govthsscheruthazham@gmail.com,4972802100.0
19013,HS,ghsvengara@gmail.com,4942450434.0
44008,HS,headmaster.pkshss@gmail.com,4712260607.0
42019,HS,sspbhskadakavur@gmail.com,4702656808.0
13068,HS,nirmalahschemperi@gmail.com,4602084356.0
33020,HS,stmmghskurichy@gmail.com,9495849204.0
25019,HS,nirmalaschoolaluva@yahoo.com,4842623334.0
42004,HS,gths.meenankal@yahoo.com,9496317562.0
39039,HS,mtdmmaloor@gmail.com,4752354435.0
43371,HS,thssmuttada.ihrd@gmail.com,4712543888.0
12028,HS,12028kumbalappally@gmail.com,4672235305.0
43052,HS,gbhsspettah@gmail.com,4712474081.0
33003,HS,hmstmarys2017@gmail.com,4812730253.0
43107,HS,cordovahss@gmail.com,4712383839.0
40043,HS,hmottakkal@gmail.com,4752344878.0
36060,HS,cnppmvhss@gmail.com,4792333900.0
43008,HS,kazhakuttom.govthss@gmail.com,4712418167.0
47041,HS,sshspunnakkal@gmail.com,4952252310.0
39016,HS,stmarysktr@yahoo.com,4742651044.0
26501,HS,thsmulanthuruthy@gmail.com,8921760195.0
41061,HS,41061kollam@gmail.com,4742702696.0
13075,HS,pphss.pappinisseri@yahoo.co.in,4972786102.0
41026,HS,41026kollam@gmail.com,4742586899.0
15012,HS,arattutharahm@gmail.com,4935215386.0
13005,HS,gvhsssports2021@gmail.com,4972700891.0
44053,HS,ghssneyyardam54@gmail.com,471272375.0
43068,HS,vhsstvlm@gmail.com,2383275.0
38104,HS,puspmhspallickal@gmail.com,4734288784.0
38074,HS,pchs38074@gmail.com,4735223979.0
39029,HS,pooyappallyghs@gmail.com,4742463060.0
44050,HS,gmhssvenganoor125@gmail.com,4712480125.0
29007,HS,29007gvhss@gmail.com,4862272142.0
44011,HS,leopulluvila@gmail.com,2260229.0
19079,HS,ghsniramaruthur@gmail.com,4942422879.0
22027,HS,ghssthanniamhm@gmail.com,4872391880.0
41090,HS,41090kollam@gmail.com,4742729673.0
20023,HS,gvhsskoonathara@gmail.com,7909227353.0
19115,HS,mail.idealeducation@gmail.com,2686675.0
19554,HS,makhdoomiyyaschool@gmail.com,4942669903.0
23051,HS,ghsskarupadanna@yahoo.com,4802860348.0
17075,HS,ggvhssferoke@gmail.com,4952483290.0
48045,HS,erumamundanirmala@yahoo.in,4931255366.0
26189,HS,svdvidyanikethan@gmail.com,4842233145.0
14039,HS,ijmhighschool@gmail.com,4902430560.0
27031,HS,nssvarappetty@yahoo.in,4852284521.0
43025,HS,trinity.holytrinity@gmail.com,4712598279.0
44501,HS,thskulathoor@gmail.com,4712210671.0
41059,HS,41059kollam@gmail.com,4742702389.0
40034,HS,snhssparuthi@gmail.com,4742442410.0
18135,HS,kavungalkottumala@gmail.com,7909104000.0
21139,HS,hasaniyyapublicschool@gmail.com,9037697163.0
15044,HS,nirmalakabanigiri@gmail.com,4936234514.0
18092,HS,duhspanakkad@gmail.com,4832836175.0
13110,HS,hsthajul@gmail.com,4972777071.0
22032,HS,st.antonyshspazhuvil@gmail.com,9497019325.0
13006,HS,stteresasaihss@gmail.com,4972702525.0
37012,HS,nationalhs@gmail.com,4692608185.0
40012,HS,tcnmghss40012@gmail.com,4752344650.0
25049,HS,ghsskadayiruppu@gmail.com,4842762085.0
41015,HS,41015panmana@gmail.com,4762670491.0
41093,HS,41093kollam@gmail.com,4762865946.0
47111,HS,amhspoovambayi@gmail.com,9747643558.0
44060,HS,gvhsspplly44060@gmail.com,4722852265.0
21040,HS,bghsvannamada@gmail.com,4923272386.0
26040,HS,stignatiushs@gmail.com,4842746340.0
14001,HS,www.stjosephshsstly.headmaster@gmail.com,4902324959.0
36056,HS,rvsmprayar@gmail.com,4762690440.0
14059,HS,stthomas166@gmail.com,4902420166.0
12040,HS,12040padne@gmail.com,4672276570.0
39005,HS,govthsssooranad@gmail.com,4762852163.0
40051,HS,40051gmrhskplza@gmail.com,4752962021.0
45004,HS,nsshsvechoor@gmail.com,4829222426.0
28501,HS,gthselanji@gmail.com,2258498.0
21077,HS,headmasterhsm@yahoo.com,4912832347.0
43022,HS,snghsschempazhanthy@yahoo.in,4712591425.0
34036,HS,34036alappuzha@gmail.com,4782876666.0
14266,HS,brightenglishschool@gmail.com,4902344857.0
13014,HS,chmhsselayavoor@gmail.com,4972721666.0
19113,HS,principalmehss@gmail.com,9526098080.0
16083,HS,ghskavilumpara@gmail.com,8921035867.0
11038,HS,11038perdala@gmail.com,4998284680.0
45008,HS,gbhssvaikom@gmail.com,4829232271.0
29061,HS,29061smhs@gmail.com,6238692804.0
19068,HS,cbhsvallikunnu@gmail.com,4942470201.0
44077,HS,shreevidyadhiraja@gmail.com,4712222489.0
36032,HS,jmhs1947@gmail.com,4792368738.0
23022,HS,donboscoirinjalakuda@yahoo.com,4802825414.0
19101,HS,tanurhsm@yahoo.in,9497451181.0
44017,HS,stthomashss.amboori4@gmail.com,917034549023.0
44044,HS,gkvhsayira44044@gmail.com,4712200915.0
38076,HS,nsshsvktm@gmail.com,4682305013.0
19040,HS,ghsskuttippuram@gmail.com,4942608454.0
11056,HS,11056gmrhss@gmail.com,4994239969.0
30009,HS,ghssmarayoor@gmail.com,4865252451.0
15026,HS,hmghssvythiri@gmail.com,4936255618.0
25045,HS,stjosephscghskanjoor@gmail.com,4842466777.0
47103,HS,hmghsskpoil@gmail.com,4952212766.0
25029,HS,mahs_kakkanad@yahoo.com,4842428822.0
22058,HS,peechighss3@gmail.com,4872699342.0
34015,HS,34015alappuzha@gmail.com,4782582512.0
41062,HS,kollamcravenlmshs@yahoo.co.in,4742741113.0
17020,HS,sjaighss@gmail.com,2366932.0
22002,HS,principalcnnboys@gmail.com,4872342214.0
19006,HS,hmsnmhss@gmail.com,4942412389.0
34042,HS,34042alappuzha@gmail.com,4782814910.0
28037,HS,sa28037@gmail.com,4852289263.0
41009,HS,41009klm@gmail.com,4742572397.0
28038,HS,memadangusshs@gmail.com,4862278470.0
33006,HS,nssemhsperunnai@gmail.com,4812421922.0
17023,HS,cirhssmathara@gmail.com,4952430793.0
20042,HS,tsnm20042@gmail.com,4924236591.0
24035,HS,machadghss62@gmail.com,4884265324.0
25060,HS,mahsnedumbassery1@gmail.com,9074097268.0
29038,HS,29038ghsvellathooval@gmail.com,4864276213.0
33072,HS,gvhssputhuppally@gmail.com,4812352622.0
48127,HS,rahmaniyamampad@yahoo.com,9048200261.0
41010,HS,41010klm@gmail.com,4742577515.0
48106,HS,mthss.chra@gmail.com,4931232711.0
25012,HS,aluvasndphs@gmail.com,4842621010.0
43060,HS,sanskrit.hs.tvm@gmail.com,4712479249.0
30054,HS,smhsvazhavara@gmail.com,4868278128.0
19048,HS,mibhsponani@gmail.com,2666264.0
11269,HS,manjeshwarinfantjesus@gmail.com,4998272908.0
13056,HS,imnsghssmayyil@gmail.com,4602275250.0
16068,HS,vadakara16068@gmail.com,4962980411.0
11017,HS,11017paivalike@gmail.com,4998206129.0
41129,HS,cherupushpam5309@gmail.com,4742530509.0
20017,HS,hssvallapuzha@gmail.com,4662235800.0
19095,HS,najathhss@yahoo.com,9496924750.0
13114,HS,st.marysemhsnaduvil@gmail.com,4602250799.0
27035,HS,cheruvattoorschool@yahoo.in,4852548080.0
17018,HS,sjboyshss@gmail.com,4952366106.0
20059,HS,snths20059@gmail.com,4662223389.0
32061,HS,vmhserumely@gmail.com,4828210686.0
33015,HS,gmhschry@gmail.com,4812420748.0
42054,HS,palayamkunnughss@gmail.com,4702667217.0
24048,HS,gvhsskadappuram@yahoo.in,4872530280.0
36021,HS,mannarnshss@gmail.com,4792312441.0
28015,HS,28015stjpiravom@gmail.com,2242239.0
42028,HS,ghssbtr@gmail.com,4722869292.0
18501,HS,thsmji@gmail.com,4832766185.0
22025,HS,seraphicschool@gmail.com,4872271869.0
15501,HS,thssulthanbathery@gmail.com,4936220147.0
36030,HS,gvhssmulakuzhachengannur@gmail.com,4792468547.0
32001,HS,kply32001@gmail.com,7511177987.0
12048,HS,12048palavayal@gmail.com,4985219039.0
29043,HS,29043rajakkad@gmail.com,4868242482.0
41042,HS,41042kollam@gmail.com,4742523008.0
24011,HS,gmbhskkm@gmail.com,4885222038.0
26003,HS,ghssputhenthode@gmail.com,4842247499.0
19039,HS,khidmathedakkulamhss@gmail.com,4942602281.0
32070,HS,ghskombukuthy32070@gmail.com,9446426116.0
33092,HS,ghsvadavathoor@gmail.com,4812573060.0
30003,HS,ghsvaguvarrai@gmail.com,4865257453.0
46057,HS,nshsnedumudy@gmail.com,4772762132.0
35061,HS,35061alappuzha@gmail.com,4792488999.0
43047,HS,stjosephstvpm@gmail.com,4712471720.0
47063,HS,payambraghs@gmail.com,4952810790.0
19112,HS,meshsibm@gmail.com,9846907778.0
14046,HS,kolavalloorprm@gmail.com,4902464010.0
43081,HS,pthschalai@gmail.com,4712476772.0
24018,HS,stfrancishsboys@gmail.com,4885235245.0
30062,HS,ghschempakappara@gmail.com,4868230100.0
18031,HS,pmsahselankur@gmail.com,4832707688.0
47049,HS,palorahss@gmail.com,4962205755.0
33084,HS,mchsarpookara@gmail.com,4812410604.0
28502,HS,thsayavana@gmail.com,4852283747.0
11067,HS,11067kadambar@gmail.com,4998275819.0
43042,HS,salvationarmyhsskowdiar@gmail.com,4712315488.0
11060,HS,11060pbem@gmail.com,9207857004.0
35022,HS,35022alappuzha@gmail.com,4772235693.0
21086,HS,spchskookkampalayam@gmail.com,9544576223.0
46037,HS,nsshskavalamalappuzha@gmail.com,4772747228.0
21533,HS,iemhs.pgm@gmail.com,4923295111.0
16003,HS,vadakara16003@gmail.com,4962514640.0
21015,HS,ghstholanur@gmail.com,4922287925.0
17117,HS,olivehighschool@gmail.com,3550845.0
41106,HS,snemhssoachira41106@gmail.com,4762692436.0
42003,HS,ghssaruvikkara@gmail.com,2888233.0
22074,HS,puthurgvhss@gmail.com,9526122688.0
21009,HS,asmalathur@gmail.com,9605522633.0
50060,HS,pleasantschooltanur@gmail.com,9142934925.0
21007,HS,smmhspazhambalacode@gmail.com,4922232205.0
32022,HS,kply32022@yahoo.co.in,4822271263.0
44056,HS,vghssnemom44056@gmail.com,4712391395.0
13001,HS,hmgvhsspulingome@gmail.com,4985212240.0
48039,HS,chsadk@gmail.com,4931258324.0
48043,HS,catholicatehsspothukal@gmail.com,4931240282.0
43020,HS,sreeneelakanta@yahoo.com,4712713420.0
46066,HS,nsshsramankary@gmail.com,4772705539.0
22079,HS,santhahssavanoor@gmail.com,4872215120.0
24071,HS,stmaryschowannur@gmail.com,4885225230.0
26054,HS,stshspalluruthy@gmail.com,4842233582.0
18033,HS,principalnsskkl@gmail.com,4832743092.0
19015,HS,pptmyhsscherur@gmail.com,4942451231.0
11029,HS,11029mogral@gmail.com,4998216300.0
29065,HS,govhsmannamkandam@gmail.com,9778341198.0
43113,HS,tsemhs@yahoo.com,4712457473.0
28043,HS,sjhs28043@gmail.com,4852564499.0
32044,HS,kply32044@yahoo.co.in,4828273819.0
39001,HS,ghswestkallada@gmail.com,4762834414.0
26056,HS,sdpybhs@gmail.com,4842231462.0
36061,HS,hsedappon@gmail.com,4792374866.0
45022,HS,stmichaels1920@gmail.com,4829282547.0
16056,HS,vadakara16056@gmail.com,4962203905.0
44012,HS,44012ghskanjiramkulam@gmail.com,2261351.0
39047,HS,vgssahs@gmail.com,4762856138.0
24056,HS,gvhssvalapad@gmail.com,4872391638.0
19054,HS,ghssmaranchery2008@gmail.com,4942671516.0
41040,HS,mgths41040@gmail.com,4742501790.0
44928,HS,nkvpchimmindi2004@gmail.com,4712999509.0
17081,HS,ghsskakkodi@gmail.com,4952265045.0
14033,HS,peravoorstjosephhs@gmail.com,4902444440.0
44009,HS,panhs44009@gmail.com,4712265131.0
39501,HS,thsezhukone@gmail.com,4742580126.0
15029,HS,lmhspallikunnu@gmail.com,4936286773.0
27023,HS,kothamangalam27023@yahoo.in,4852862479.0
40007,HS,40007nhsptm@gmail.com,4752351626.0
40041,HS,ghsvayala@gmail.com,4742438470.0
21908,HS,stdominicssp@gmail.com,8547935499.0
22068,HS,cjmahssvarandarappilly@gmail.com,4802761666.0
37501,HS,thssmallappally.ihrd@gmail.com,4692680574.0
11069,HS,perdalaghs@gmail.com,4998284225.0
46047,HS,sjhsspulincunnoo@gmail.com,4772702315.0
16067,HS,vatakara16067@gmail.com,8281348161.0
44018,HS,prwhssktda@yahoo.com,4712293096.0
41102,HS,41102kollam@gmail.com,4742747578.0
34040,HS,34040alappuzha@gmail.com,4782862151.0
47095,HS,chakkalakkalhs@gmail.com,4952800494.0
15062,HS,ammrghsnalloornad@gmail.com,4935293868.0
37009,HS,stbchss@gmail.com,4692688236.0
29002,HS,29002velliamattom@gmail.com,4862276354.0
29010,HS,29010ghs@gmail.com,4862255940.0
19004,HS,bemhspi@gmail.com,494241138.0
15038,HS,hmghssperikkalloor@gmail.com,4936234001.0
30019,HS,smhsvellaramkunnu@gmail.com,4869263462.0
33004,HS,hmstaloysius@gmail.com,4812730944.0
41039,HS,41039klm@gmail.com,4742532348.0
44006,HS,gghsdhanuvachapuram@gmail.com,4712232492.0
43003,HS,gvhsspirappancodetvm@gmail.com,9400518229.0
16076,HS,vadakara16076@gmail.com,9447949248.0
50006,HS,csivhssforthedeaf@gmail.com,4692601241.0
28031,HS,gvhss28031@gmail.com,4852875664.0
43059,HS,fortgirlsmission@gmail.com,4712451160.0
43055,HS,nsshsspalkulangara@gmail.com,4712450381.0
44027,HS,dvmnnmhss44027@gmail.com,4712298709.0
12033,HS,12033pilicode@gmail.com,4672261570.0
17112,HS,qesfrk@gmail.com,8086352195.0
11018,HS,11018paivalikenagar@gmail.com,4998206130.0
11028,HS,11028mogralputhur@gmail.com,4994233135.0
34025,HS,34025alappuzha@gmail.com,4782822795.0
18016,HS,mspemhschool@gmail.com,4832738540.0
41112,HS,govt.ashs@gmail.com,4762686693.0
38036,HS,stgeorgeshsoottupara@gmail.com,4682342144.0
11015,HS,11015uppala@gmail.com,9539367998.0
25085,HS,hmteshs@gmail.com,8289828087.0
47029,HS,ghsspunur@gmail.com,4962646215.0
43078,HS,ghsspunnamoodu@yahoo.com,4712400486.0
21084,HS,ktmhsmannarkkad@gmail.com,4924224922.0
21099,HS,anakkalschool@gmail.com,4912811081.0
48262,HS,majmapublicschoolkvr@gmail.com,4832850935.0
42020,HS,snvghsskadakkavur@gmail.com,4702658497.0
45015,HS,ajjohnhs@gmail.com,4829236279.0
48107,HS,alfathahemsh@gmail.com,7510184979.0
18920,HS,madinkdm@madin.edu.in,9656601041.0
21089,HS,ghsagali@gmail.com,4924254175.0
38078,HS,stthsv1955@gmail.com,4735265235.0
41074,HS,41074kollam@gmail.com,4762874002.0
23073,HS,ghssvettilappara@yahoo.com,2769045.0
41011,HS,41011klm@gmail.com,4742572777.0
44047,HS,stmaryshssvzm@yahoo.com,4712481714.0
28002,HS,saghs28002mvpa@gmail.com,8113015118.0
24019,HS,amhs24019@gmail.com,4885228940.0
12501,HS,gthscheruvathur@gmail.com,9400006497.0
40024,HS,manjapparavhss@gmail.com,4742438055.0
36036,HS,ghspynr@gmail.com,4734288616.0
28020,HS,ebenezer28020veettoor@gmail.com,4842767088.0
21082,HS,ghskarakurissi@yahoo.com,4924249041.0
18432,HS,alhudavattapparamba@gmail.com,9746210004.0
36050,HS,36050alappuzha@gmail.com,4792435188.0
17109,HS,cresenths@gmail.com,4952883060.0
15072,HS,ghsmathamgalam@gmail.com,4936270060.0
39019,HS,skvhsktr@gmail.com,9961420025.0
12064,HS,12064thuruthi@gmail.com,4672263463.0
39053,HS,39053evhs@gmail.com,4742455333.0
22037,HS,marthomaghs1925@gmail.com,4872442301.0
17001,HS,ggbhschalappuram@gmail.com,4952302972.0
40020,HS,40020nsvhsplr@gmail.com,4752222741.0
44051,HS,stjohnsundancode@gmail.com,4712250245.0
15502,HS,thsmananthavady@gmail.com,4935295068.0
33025,HS,mtcarmel33025@gmail.com,4812570114.0
44074,HS,frphiliphss@gmail.com,4712290925.0
25067,HS,ghs20boysparavoor@gmail.com,4842446650.0
14057,HS,akgmghsspinarayi@gmail.com,4902383010.0
32057,HS,gvhssthidanad@gmail.com,4828236555.0
39035,HS,hmputhoor@yahoo.com,4742415906.0
48051,HS,ghssthiruvali48051@gmail.com,8304800893.0
11043,HS,11043mulleria@gmail.com,4994261846.0
27017,HS,thandakadu27017@yahoo.in,4842527716.0
16009,HS,vadakara16009@gmail.com,4962523460.0
22028,HS,snmhschazhur@gmail.com,4872272984.0
19058,HS,ghssokl@gmail.com,4832839483.0
38021,HS,principalghskalanjoor@gmail.com,4734270092.0
33073,HS,gbhssputhuppally@gmail.com,4812351088.0
13784,HS,ghskalikkadavu@gmail.com,4602227877.0
29003,HS,29003ghspoomala@gmail.com,4862282215.0
14054,HS,ghssaralam.aralam@gmail.com,4902450555.0
20560,HS,yesenglishschoolmty@gmail.com,9846309321.0
42087,HS,gupschettachal@gmail.com,4722849536.0
48118,HS,anvarkuniyil955@gmail.com,4832858955.0
19032,HS,kmgvhss@gmail.com,4942687899.0
25044,HS,stmarysmorakkala@gmail.com,4842682879.0
38079,HS,govt.hss09colony@gmail.com,4735265442.0
13087,HS,sabtmhst@gmail.com,4985209794.0
16008,HS,vadakara16008@gmail.com,4962535103.0
25016,HS,ghs4chendamangalam@gmail.com,9446151441.0
39058,HS,karuvamala.h.s@gmail.com,4742856164.0
40017,HS,ghsvaliyakavu40017@gmail.com,4752219411.0
43076,HS,karamanagghss@gmail.com,2343571.0
11036,HS,11036sshsskatukukke@gmail.com,4998226689.0
22036,HS,chaldeanhsstsr@gmail.com,4872425033.0
39042,HS,rvhsvalakom@gmail.com,4742470077.0
15039,HS,dvhsveliyambam@gmail.com,9544474218.0
29072,HS,ghsmachiplavu@gmail.com,4864299075.0
13102,HS,hmkavvayi@gmail.com,4985205781.0
43090,HS,ghsjagathy@gmail.com,4712326498.0
11048,HS,11048sgkhs@gmail.com,4994222618.0
34045,HS,34045alappuzha@gmail.com,4782813878.0
44004,HS,highschoolblpm@gmail.com,4712402706.0
33064,HS,mgmnsslakkattoor@gmail.com,4812701890.0
41055,HS,41055kollam@gmail.com,4742700793.0
38023,HS,ghsskoodal@gmail.com,4682396570.0
17052,HS,saviohssdevagiri@gmail.com,8281885081.0
11001,HS,11001agalpady@gmail.com,4998260639.0
19124,HS,headmastermajmau@gmail.com,4942615146.0
13070,HS,hmmanikkadave@yahoo.com,4602216150.0
34038,HS,34038alappuzha@gmail.com,4782813388.0
32021,HS,stmaryumikuppa@gmail.com,4828214274.0
13121,HS,govthighschoolpadiyoor@gmail.com,4602273700.0
36072,HS,sntrust.hs@gmail.com,4792362920.0
41109,HS,41109panayil@gmail.com,4742550950.0
41003,HS,41003klm@gmail.com,4742593507.0
30030,HS,phssvandiperiyar@gmail.com,4869252620.0
44067,HS,stmathewshs79@yahoo.in,4712211054.0
37048,HS,nicholsontvla@gmail.com,4692998335.0
21130,HS,ghs.tvd@gmail.com,4923244141.0
15051,HS,assumption.sby@gmail.com,4936221560.0
32032,HS,kply32032@yahoo.co.in,4828203073.0
11065,HS,11065mic@gmail.com,9495872114.0
19046,HS,ponnanigirls@gmail.com,4942666722.0
29026,HS,29026sshs@gmail.com,4862222917.0
13084,HS,ghsschattukappara@gmail.com,4972790960.0
39028,HS,temvhssmylode@gmail.com,4742464133.0
41004,HS,nehruschool@gmail.com,4742593369.0
18139,HS,ghsmuthuvallur@gmail.com,4832714428.0
24362,HS,mheschool@gmail.com,4885242732.0
25071,HS,snvshss@gmail.com,4842447844.0
15061,HS,ghspanamaram@gmail.com,4935220192.0
13112,HS,stjosephhspushpagiri@gmail.com,4602202946.0
43004,HS,ghssthonnakkal@gmail.com,4712429761.0
42085,HS,govthsayilam@gmail.com,4702639369.0
15037,HS,hmsmhss@gmail.com,4936240375.0
22073,HS,stsebastianshs@gmail.com,4872689955.0
13066,HS,hmcherupushpa@yahoo.in,4602215733.0
26038,HS,stmarysekm@yahoo.in,4842368322.0
26086,HS,staugustinesghs@gmail.com,4842480858.0
25102,HS,starjesushsk@gmail.com,4842612324.0
23077,HS,scghssmala@yahoo.com,4802890334.0
18005,HS,gvhssomanoor@gmail.com,4832725877.0
20036,HS,pulappattamnkm@gmail.com,4662275622.0
47043,HS,sthsthottumukkam@gmail.com,4832759380.0
20007,HS,ghssmezhathur2021@gmail.com,4662270046.0
50005,HS,schoolfordeaf@gmail.com,9447668069.0
38016,HS,gurukulamhighschool@gmail.com,4735252022.0
45033,HS,kanjirathanamstjohns@gmail.com,4829246045.0
43037,HS,ghskatchani@gmail.com,2369391.0
25091,HS,staloysiushs1@gmail.com,4842443341.0
13753,HS,cheriyoorschool@gmail.com,4602227948.0
25025,HS,shohsmknr@gmail.com,4842615402.0
36040,HS,swamivivekanandahs@gmail.com,4792464629.0
38075,HS,nsshsmakkapuzha2011@gmail.com,9496732515.0
37024,HS,hmghsskoipuram@gmail.com,4692667116.0
48034,HS,msnsshs48034@gmail.com,4931222224.0
15045,HS,hmghssvdl@gmail.com,4936217385.0
38049,HS,angamoozhysavhs@gmail.com,4735279545.0
18802,HS,deafschoolpgi@gmail.com,4942473517.0
30084,HS,gandhijischoolhs@gmail.com,4868256490.0
48036,HS,ghssemd@gmail.com,4931206280.0
17078,HS,uhhschaliyam@gmail.com,4952470231.0
18024,HS,nssschoolmji@gmail.com,4832766436.0
15078,HS,ghsvalavayal@gmail.com,4936232756.0
18018,HS,pmsavhssch@gmail.com,4832708266.0
36043,HS,mthssvenmony@gmail.com,4792352672.0
31076,HS,shghsbhm@gmail.com,4822237364.0
36038,HS,h.skudassanad@gmail.com,4792388165.0
16035,HS,vadakara16035@gmail.com,4962554289.0
47020,HS,nhssheadmaster@gmail.com,4962652241.0
30044,HS,ghserattayarnalumuku@gmail.com,4868275647.0
13060,HS,kadachira_hs@rediffmail.com,4972822990.0
11047,HS,11047cjhss@gmail.com,4994237172.0
48131,HS,ahsparelmampattumoola@yahoo.in,4931260077.0
18085,HS,pmsapthsskakkove@gmail.com,4832831406.0
19081,HS,fmhsstirur@yahoo.co.in,4942424314.0
13119,HS,falahschool@gmail.com,4602243930.0
47070,HS,smhskoodathai@gmail.com,4952248126.0
39043,HS,gmhsvtkla@gmail.com,4742402490.0
38087,HS,ghskizhakkupuram1980@gmail.com,4734213373.0
40028,HS,mathavhss@yahoo.in,2288319.0
48049,HS,gghswandoor@gmail.com,4931247670.0
19116,HS,gardenvalleyemhss@gmail.com,7306243868.0
16059,HS,vadakara16059@gmail.com,4962591591.0
11027,HS,11027bandadka@gmail.com,4994200726.0
38070,HS,schssranny38070@gmail.com,4735226357.0
23066,HS,sndphsspalissery@yahoo.com,4802771771.0
45026,HS,hsayamkudy@gmail.com,4829288033.0
26088,HS,stjosephstpn@gmail.com,4842778385.0
36001,HS,ghss.ala.chengannur@gmail.com,4792453147.0
16064,HS,vadakara16064@gmail.com,4962445934.0
30039,HS,gthschakkupallam@gmail.com,4868283580.0
29071,HS,ghskallarvattiyar@gmail.com,4864278113.0
43501,HS,thsulloor@gmail.com,4712590079.0
18061,HS,ghssanamangad@gmail.com,4933296057.0
29045,HS,29045gvhss@gmail.com,4864272532.0
40038,HS,40038appmvhss@gmail.com,7306004605.0
21127,HS,ghsvadasserippuram@gmail.com,4924237544.0
18134,HS,hrschoolmanjeri@gmail.com,9188298560.0
38091,HS,ghskissimum@gmail.com,4735244200.0
44078,HS,auxiliumhsvazhichal@gmail.com,7907750084.0
18070,HS,jnrhsedavanna@gmail.com,7306383238.0
48063,HS,pattikkadghss@gmail.com,4933235685.0
39050,HS,39050ktra@gmail.com,4742452284.0
35028,HS,35028alappuzha@gmail.com,4792412730.0
40049,HS,jhsedml40049@gmail.com,4752270514.0
18020,HS,schoolmanar.mpm@gmail.com,
43032,HS,ghskattachakonam@gmail.com,4712530710.0
19072,HS,farookkottakkal@gmail.com,4832742710.0
41072,HS,41072kollam@gmail.com,4742770255.0
38034,HS,stgeorgekizhavalloor@gmail.com,4682341108.0
21017,HS,ghspki@gmail.com,4922216247.0
18030,HS,vhmmorayur@gmail.com,4832773012.0
14013,HS,ghsschundangapoil14013@gmail.com,4902306181.0
13013,HS,chovvahss@gmail.com,4972727552.0
36006,HS,govthsforboyschengannur@gmail.com,9961616711.0
41070,HS,41070kollam@gmail.com,4742748210.0
24072,HS,sk556671@gmail.com,4872556671.0
40031,HS,gvhskadakkal@gmail.com,4742422141.0
41028,HS,41028kollam@gmail.com,4742714434.0
33081,HS,ptmghsvelloor@gmail.com,2505455.0
40039,HS,40039akmhsthadicadu@gmail.com,4752207346.0
42063,HS,ghssvettoor@gmail.com,4702602023.0
19067,HS,ghsscheriyamundam@gmail.com,4942589700.0
33050,HS,hfhsparampuzha@gmail.com,9495212992.0
40030,HS,40030bmghs@gmail.com,4752317904.0
17028,HS,zhsstali@gmail.com,2703520.0
25035,HS,headmasterbhsskalady@gmail.com,4842464181.0
44032,HS,newhss.nellimood@gmail.com,4712263838.0
18071,HS,ammhspulikkal@gmail.com,4832790089.0
22052,HS,sacredhsshm@gmail.com,4872333313.0
24017,HS,depaulchoondal@yahoo.com,4885236145.0
37042,HS,dbhstvla@gmail.com,4692700780.0
27029,HS,augustineschool@yahoo.in,4852862307.0
18065,HS,ghsmkd239050@gmail.com,4933239050.0
32058,HS,ckmhss@gmail.com,4828280678.0
21069,HS,parliphs@gmail.com,9495912111.0
35035,HS,35035alappuzha@gmail.com,4792482140.0
43029,HS,mannanthalaghs@gmail.com,4712541819.0
30087,HS,ghsperinchankutty@gmail.com,9495358097.0
26060,HS,ghsedappally@gmail.com,2344075.0
48052,HS,ghssk639@gmail.com,4931280639.0
15005,HS,dwarakashs@gmail.com,4935240845.0
44026,HS,nsshschowalloor44026@gmail.com,4712378865.0
43050,HS,43050pettah@gmail.com,4712479791.0
19133,HS,ishsvaranakkara@gmail.com,4942548326.0
33007,HS,nssghsperunna@gmail.com,4812424860.0
32062,HS,ghsvazhoor.vazhoor@gmail.com,4812458866.0
27028,HS,girlskeerampara@yahoo.in,4852570237.0
13064,HS,marylandhsmadampam@gmail.com,4602265372.0
25097,HS,marymathahss@yahoo.co.in,4842425288.0
38057,HS,catholicatehss@gmail.com,4682222294.0
25022,HS,josephites14a@gmail.com,4842540389.0
41033,HS,41033kollam@gmail.com,4762632153.0
40023,HS,gmghsscdlm@gmail.com,4742475027.0
50063,HS,aemskolathode@gmail.com,4942400680.0
20055,HS,ohssvallapuzha@gmail.com,4662235009.0
18026,HS,ghskarakunnu@gmail.com,9846044154.0
11019,HS,11019bekur@gmail.com,8618353497.0
26064,HS,piusghsedappally@gmail.com,4842344247.0
36029,HS,bmhss04077@yahoo.co.in,4792303981.0
24088,HS,dqrhschool@yahoo.in,4885283917.0
26034,HS,augustineskaloor@gmail.com,4842401782.0
19100,HS,modernpotur@gmail.com,9645499929.0
29032,HS,29032sths@gmail.com,4862255454.0
18116,HS,izzathhs@gmail.com,9745850355.0
23005,HS,gvhsschalakudy@yahoo.com,4802701754.0
38039,HS,hmstthomashss@gmail.com,4682312158.0
23014,HS,gkvhsseriyad@yahoo.com,4802819854.0
50024,HS,wmospecials@gmail.com,4936231300.0
24049,HS,lfcghss24049@gmail.com,4872554615.0
31043,HS,stsebastianshs@yahoo.com,4812543256.0
22081,HS,ghsskattilapoovam@gmail.com,4872695264.0
18103,HS,fazfarihss@gmail.com,4933241422.0
12068,HS,12068ghsthayyeni@gmail.com,4985290740.0
19134,HS,www.dtgohs@gmail.com,8590096612.0
30024,HS,sahsvandanmedu@gmail.com,4868277829.0
23086,HS,vidyajothiemhsaripalam@yahoo.com,4802864488.0
26091,HS,ghspanayappilly1961@gmail.com,4842225133.0
48041,HS,ghssp665@gmail.com,4931260665.0
43009,HS,aluthumanemhss@gmail.com,2418428.0
22056,HS,gmbhsstcr@yahoo.com,4872331063.0
31074,HS,alphonsaghs@gmail.com,4822286698.0
33077,HS,ghssthottakad@gmail.com,4812468555.0
30021,HS,ossanamhss@gmail.com,7012653701.0
48114,HS,icwandoor@gmail.com,8111945246.0
19033,HS,nssuhs@gmail.com,9526004791.0
19010,HS,ghss.chettiankiner@gmail.com,4942495653.0
46067,HS,ghskoduppunna@gmail.com,4772615033.0
37033,HS,smgovthskntm@gmail.com,4692690975.0
19041,HS,pallykoodam@gmail.com,7025322339.0
18503,HS,thssperinthalmanna@ihrd.ac.in,4933225086.0
15080,HS,ghsathirattukunnu@gmail.com,4936238172.0
40011,HS,girls.punalur@gmail.com,4752222998.0
45007,HS,smsnvaikom08@gmail.com,4829215684.0
28047,HS,ooramana28047@gmail.com,4852870498.0
11050,HS,11050chandragiri@gmail.com,4994238717.0
22014,HS,sngshighschoolkaramuck@gmail.com,4872630651.0
44015,HS,hmkarakonam@gmail.com,4712250316.0
37036,HS,hmsvhs@gmail.com,4692660311.0
13134,HS,darulhasanathes@gmail.com,4972796157.0
29059,HS,29059sshs@gmail.com,4865265719.0
28032,HS,28032ghsathanical@gmail.com,4852875099.0
19123,HS,metalathiyur@gmail.com,4942565125.0
42081,HS,gkmhss@gmail.com,4702600601.0
33048,HS,ghsskudamaloor@gmail.com,4812421132.0
45031,HS,nsshsmanjoor@gmail.com,4829243700.0
18088,HS,vpkmmhss18088@gmail.com,4942404089.0
33067,HS,mgmpampdy@gmail.com,4812505210.0
24055,HS,josephekl@gmail.com,4872260900.0
40002,HS,ghsskarukone@yahoo.com,4752273866.0
22057,HS,ghsspattikad@gmail.com,4872282118.0
15050,HS,snhsspoothady@gmail.com,4936211261.0
38083,HS,mthsmekkozhoor@gmail.com,4682276228.0
26008,HS,smhscherai@gmail.com,4842489554.0
13008,HS,hmgthsskannur@gmail.com,4972765764.0
20013,HS,govtjanatha@yahoo.com,4662218295.0
25084,HS,gvhs13kalamassery@gmail.com,4842556944.0
38097,HS,mghsthumpamon@yahoo.in,4734266802.0
41078,HS,41078kollam@gmail.com,4742723173.0
30070,HS,kehsvattavada@gmail.com,4865214214.0
36052,HS,khsputhiavila@gmail.com,4792431995.0
19065,HS,nnmhsschelembra@gmail.com,4832890087.0
42006,HS,gbhsattingal@gmail.com,4702622283.0
41008,HS,41008klm@gmail.com,4742596600.0
31089,HS,svemhssettumanoor@yahoo.co.in,4812535718.0
38067,HS,ebenezerhighschool335@gmail.com,4735201114.0
33043,HS,stjosephscghss71@gmail.com,4812569625.0
23033,HS,ghskuzhur@yahoo.com,4802779496.0
13077,HS,ghsspattuvam@gmail.com,4602220949.0
44028,HS,govthskandala44028@gmail.com,4712298675.0
18013,HS,gbhssmalappuram@gmail.com,4832737988.0
25007,HS,ghs1aluva@gmail.com,4842626493.0
21058,HS,sravanasamsaraschool@gmail.com,4912522374.0
25072,HS,gvhs12kaitharam@gmail.com,4842442397.0
19007,HS,ariyallurmvhss@gmail.com,4942470150.0
44068,HS,ghsplavoor@gmail.com,4712290670.0
34030,HS,34030alappuzha@gmail.com,4782562789.0
47047,HS,sshsskoodaranhi47047@gmail.com,4952253073.0
13106,HS,gwhsscherukunnu@gmail.com,4972861985.0
41050,HS,41050klmmshss@gmail.com,4762832022.0
31044,HS,amayannoorhs@gmail.com,4812542276.0
34033,HS,34033alappuzha@gmail.com,4782532600.0
17073,HS,akkrboyshs@gmail.com,4952260259.0
44019,HS,hsskulathummel@gmail.com,4712290102.0
21024,HS,lmhsdam@gmail.com,4922263231.0
21135,HS,ghsummini@gmail.com,4912559896.0
42057,HS,gmhsnadayara@gmail.com,4702600333.0
21115,HS,mmnssemhsmkd@gmail.com,8547860667.0
22029,HS,st.antonyshsputhenpeedika@gmail.com,4872273233.0
41352,HS,tgemsthevalakkara@gmail.com,4762875053.0
21029,HS,rpmhspanangattiri1@gmail.com,6282645848.0
20027,HS,hmnsskptvhss@gmail.com,4662244232.0
21107,HS,pgphspolpully@gmail.com,4923224780.0
30071,HS,stemhssattappallam@gmail.com,4869223291.0
10303,HS,gmrsmaruthonkara@gmail.coM,4962993435.0
23034,HS,hchsmapranam@yahoo.com,4802828659.0
24051,HS,stthomashsseng@gmail.com,4872292272.0
13018,HS,ghssazh@gmail.com,4972743642.0
29049,HS,29049sshs@gmail.com,4862273159.0
19085,HS,mtihss@gmail.com,4942588080.0
30011,HS,sghsmukkulam@yahoo.in,4828286499.0
42046,HS,snvhssnedunganda12@gmail.com,4702600762.0
48133,HS,alfurqanwdr@gmail.com,9526033313.0
19117,HS,malabarhssaltr@gmail.com,9446841233.0
43043,HS,cnehss@gmail.com,2318485.0
41016,HS,41016klmgpuramhss@gmail.com,4762081169.0
19060,HS,zmhspoolamangalam@gmail.com,4942615144.0
47104,HS,nirhsparappanpoyil@gmail.com,4952223811.0
43111,HS,nsshskdpuram@gmail.com,4712542298.0
34047,HS,34047alappuzha@gmail.com,4782861986.0
15087,HS,ghsthettamala@gmail.com,4935232275.0
43021,HS,jyotinilayam@yahoo.com,4717961010.0
42060,HS,42060ghsanappara@gmail.com,4722856509.0
22080,HS,sreedurgavilasamschool@gmail.com,4872211155.0
43063,HS,grfthsvaliathura@gmail.com,4712502813.0
30014,HS,crhsheadmaster@gmail.com,4868276115.0
36023,HS,ghssbudhanoor@gmail.com,4792465316.0
12017,HS,12017madikai@gmail.com,4672240020.0
21100,HS,principalmet@yahoo.in,4924222506.0
31057,HS,vmvhss@gmail.com,4822244099.0
17603,HS,karunahs@gmail.com,4952369772.0
12075,HS,12075banam@gmail.com,9497233479.0
17107,HS,sntrusthss@gmail.com,4952263704.0
20029,HS,ssohslakkidi@gmail.com,4662231727.0
32054,HS,stpaulshs123@gmail.com,4812456310.0
21036,HS,smhsttm@gmail.com,4923227036.0
41006,HS,41006klm@gmail.com,4742593644.0
39087,HS,stjosotp@gmail.com,4662245472.0
41529,HS,messchoolknlr@gmail.com,4742502482.0
45055,HS,georgianemhss@gmail.com,9061738322.0
26107,HS,stdominic.in@gmail.com,4842238671.0
45010,HS,vaikomwestgvhss@gmail.com,4829222593.0
27003,HS,kuruppampady27003@yahoo.co.in,7907429609.0
19131,HS,crescentschooltanalur@gmail.com,4942580041.0
37038,HS,nsstdrheadmistress@gmail.com,4692654380.0
42086,HS,jawaharcolonyups@gmail.com,4722876825.0
39060,HS,krkpmbhs@rediffmail.com,4734282057.0
38053,HS,pgmbhs@gmail.com,4734216180.0
42023,HS,ghsskavalayur@gmail.com,4702689078.0
33074,HS,dbputhuppally@gmail.com,4812351210.0
33010,HS,kristujyotihss@gmail.com,4812722037.0
13003,HS,stjoseph13003@gmail.com,4985241321.0
40006,HS,40006edathara@gmail.com,4752912957.0
30083,HS,ghsudumbanchola@gmail.com,4868292106.0
17032,HS,chinmayaemhss@gmail.com,4952356165.0
19502,HS,thsktpm@gmail.com,4942608692.0
39003,HS,jmhssasthamcotta@gmail.com,4762831785.0
37014,HS,dvnsshs@gmail.com,4692657708.0
43044,HS,nirmalabhavanschool@gmail.com,4712317772.0
15069,HS,hmtharuvana@gmail.com,4935232080.0
43110,HS,moulanaazad23@yahoo.com,2751594.0
41081,HS,41081kollam@gmail.com,4742794675.0
47021,HS,ghssnaduvannur@gmail.com,4962652351.0
48002,HS,sohsard@yahoo.com,4832853708.0
44082,HS,neodaleschool@gmail.com,9072263306.0
47087,HS,mkhmmovhssmukkom@gmail.com,4952295688.0
22015,HS,cmghss@gmail.com,4872304859.0
16062,HS,vadakara16062@gmail.com,4962587720.0
27036,HS,smhs27036@yahoo.com,4852563055.0
13100,HS,mhssphs@yahoo.co.in,4985205403.0
37011,HS,gvhsspuramattom@gmail.com,4692665442.0
31060,HS,stthomasmgply@yahoo.com,4822252392.0
15046,HS,hmghsskoleri@gmail.com,4936211425.0
37006,HS,mths37006@gmail.com,8547017681.0
41056,HS,41056boysklm@gmail.com,4742794892.0
39034,HS,svvhss@rediffmail.com,4742661677.0
23050,HS,gmhssnadavaramba@yahoo.com,4802820135.0
43072,HS,govtvhssmanacaud@gmail.com,4712471459.0
47576,HS,indusenglishschool@gmail.com,4962642360.0
15059,HS,hmgmhscheeral@gmail.com,4936262217.0
23026,HS,gghssirinjalalakuda@yahoo.com,4802820615.0
21010,HS,bssgurukulam.12@gmail.com,4922222315.0
25002,HS,vvbhss07171aluva@gmail.com,4842627178.0
37058,HS,sndphschry@gmail.com,9074739514.0
16057,HS,atholi16057@gmail.com,4962672350.0
36045,HS,hmgbhskayamkulam@gmail.com,2442220.0
18147,HS,kcjmhspayyanad@gmail.com,9567424400.0
23059,HS,gvhsspudukkad@yahoo.com,4802756976.0
48050,HS,vnbghss48050@gmail.com,4931236760.0
37018,HS,nsshs.kaviyoor@gmail.con,4692677228.0
33075,HS,headmastertkm@gmail.com,4812462293.0
29069,HS,ghskjmtm@gmail.com,4862224171.0
21065,HS,stthomaspkd@gmail.com,4912555920.0
21117,HS,stjohnshighschoolakampadam@gmail.com,9495942358.0
30443,HS,ghschemmannu@gmail.com,4869242330.0
29022,HS,29022ghss@gmail.com,4862240010.0
18059,HS,hmgghspmna@gmail.com,4933221171.0
18012,HS,gghssmpm@gmail.com,9747089544.0
26703,HS,agostinovicini@gmail.com,4842234646.0
37030,HS,mmahs.maramon@gmail.com,4682213072.0
26104,HS,stjudeshss32@ymail.com,4842336969.0
37022,HS,noelkumbanad@gmail.com,9847966127.0
39011,HS,sngshskadaikodu@gmail.com,4742484030.0
15075,HS,ghstholpetty@gmail.com,9946598351.0
21011,HS,ghserimayur2@gmail.com,4922210014.0
30061,HS,ghsspathinaramkandam@gmail.com,4868260529.0
19888,HS,mpsmambeethi@gmail.com,9207908909.0
36014,HS,nssedanad@gmail.com,4792451514.0
28023,HS,28023elanji@gmail.com,4852257492.0
34013,HS,34013alappuzha@gmail.com,4782821468.0
23037,HS,kodakaradonboscoghs@gmail.com,4802721510.0
41031,HS,41031bhssklm@gmail.com,4762623117.0
15030,HS,hmghsskaniyambetta@gmail.com,4936286238.0
36009,HS,cheriyanaddbhss@gmail.com,4792361159.0
25099,HS,stjosephschathedom@gmail.com,4842487094.0
18155,HS,nctemsvpl@gmail.com,7594930005.0
43109,HS,ayyankalieeschool@gmail.com,4712381601.0
48047,HS,vmcghss48047@gmail.com,4931245100.0
38017,HS,govthskdm@gmail.com,4682217216.0
47102,HS,mghskaranthur@gmail.com,4952804429.0
28040,HS,kadalikad28040@yahoo.com,4852261257.0
47027,HS,ghsavitanallur@gmail.com,4962657235.0
24003,HS,lfghsckra@gmail.com,4884251990.0
24050,HS,nhssengandiyur@gmail.com,4872290357.0
38056,HS,hm.smhspta@gmail.com,9447107692.0
37047,HS,cmshsc@gmail.com,4692630110.0
45030,HS,ghsmanjoor@gmail.com,4829245255.0
13047,HS,sjhssvayattuparamba@yahoo.co.in,9947895905.0
37003,HS,padmanabhodayamschool@gmail.com,4682257966.0
15055,HS,hmghspanamkandy@gmail.com,9495186493.0
11059,HS,11059sirajulhuda@gmail.com,9747071777.0
35008,HS,35008alappuzha@gmail.com,4772238865.0
30067,HS,gthssmurikkattukudy@gmail.com,4868273591.0
35045,HS,35045alappuzha@gmail.com,4792991134.0
47025,HS,pavandoorhss@gmail.com,4952260681.0
41037,HS,ghsthodiyoor@gmail.com,9495239705.0
50021,HS,st.rossellosschool@gmail.com,4936224803.0
41088,HS,41088klm@gmail.com,4742518994.0
12007,HS,12007bekal@gmail.com,4672237400.0
42088,HS,hskudavoorkonam@gmail.com,4702629040.0
19038,HS,mhssathavanad@gmail.com,9544829401.0
28053,HS,miethsmvpa@gmail.com,4852830125.0
21098,HS,ghspty@gmail.com,4923232120.0
21068,HS,malampuzha.gvhss@gmail.com,4912815243.0
29033,HS,29033sahs@gmail.com,8304085078.0
46070,HS,nss.veliyanadu@gmail.com,4772753286.0
20053,HS,stpaulsemhs@rediffmail.com,4662964334.0
41064,HS,41064klm@gmail.com,4742761575.0
37016,HS,nmhskaria@gmail.com,4692776262.0
25033,HS,hselenthikara@yahoo.com,9207212237.0
13089,HS,okksghssram@gmail.com,4985222430.0
23068,HS,hsspanangad@yahoo.com,4802851100.0
15058,HS,ghskalloor@gmail.com,4936270715.0
39046,HS,39046ktra@gmail.com,4762852212.0
20026,HS,hsvarode@yahoo.co.in,4662249013.0
43069,HS,vghsvazhamuttom@yahoo.com,4712481776.0
38661,HS,littleangelspta@gmail.com,4735255217.0
14048,HS,stjohnbaptist14048@gmail.com,4902933744.0
35019,HS,35019alappuzha@gmail.com,4772271364.0
18140,HS,hikamiyyahs@gmail.com,4832768854.0
13039,HS,ghssklm@gmail.com,4972810364.0
22086,HS,lourdemathacherpu@gmail.com,4872345204.0
12022,HS,12022holyfamilyrajapuram@gmail.com,4672224122.0
18144,HS,hss@madin.edu.in,4832971442.0
15077,HS,ghskunhome@gmail.com,4935236032.0
19359,HS,gmhskpl2015@gmail.com,9846220231.0
22047,HS,akmhsspoochatty@gmail.com,4872316280.0
32502,HS,govtthskanjirapally@gmail.com,9400006474.0
47018,HS,kulathuvayalhss@gmail.com,4962662290.0
33016,HS,ghsstkdm@gmail.com,4812441072.0
39025,HS,39025ktra@gmail.com,9946793295.0
16013,HS,vadakara16013@gmail.com,9446231886.0
32010,HS,ghss32010@gmail.com,4812498311.0
14045,HS,vhsskadavathur@gmail.com,4902391889.0
14066,HS,newmahemmhss@gmail.com,4902332870.0
32033,HS,kply32033@gmail.com,4828203599.0
22005,HS,stthomasvallachira@gmail.com,4872348102.0
24399,HS,ghssdeaf@yahoo.in,4885222921.0
38047,HS,mtvhss38047@gmail.com,4735265256.0
36010,HS,svhscheriyanad@gmail.com,914792361880.0
20006,HS,dkbmmhs@gmail.com,4662962028.0
35021,HS,35021alappuzha@gmail.com,4772970566.0
18067,HS,amhss18067@gmail.com,4933236556.0
24079,HS,aleemulhs1979@gmail.com,4872262356.0
26017,HS,hajiessa@gmail.com,4842229535.0
42043,HS,darsanaehssnedumangad@gmail.com,4722812564.0
47069,HS,ghssnayarkuzhi@gmail.com,9497867524.0
26080,HS,stjosephschathiath@gmail.com,4842391641.0
24005,HS,ghsscty@yahoo.com,4884262168.0
42007,HS,alamcodehs@yahoo.com,4702620270.0
27049,HS,national.aimnet@gmail.com,4842525693.0
18142,HS,hidayavellila@gmail.com,9846145542.0
15054,HS,ghsodappallam@gmail.com,4936223073.0
14014,HS,koodalihs@gmail.com,4972857654.0
40035,HS,ghschithara@yahoo.co.in,47429295.0
33042,HS,mtshsskottayam@gmail.com,4812563922.0
17029,HS,agmemhs@gmail.com,4952723287.0
18073,HS,hmnhschool@gmail.com,4933204180.0
26023,HS,bvhs08@gmail.com,4842495724.0
44023,HS,44023ghssvilavoorkal@gmail.com,4712282865.0
41087,HS,41087klm@gmail.com,4742530019.0
16045,HS,vadakara16045@gmail.com,4962630956.0
48003,HS,hskavanur@gmail.com,4832862443.0
41075,HS,41075kollam@gmail.com,4762872462.0
46033,HS,kandankarydvhs@gmail.com,4772736337.0
33002,HS,st.thomashsanickadu@gmail.com,4812551326.0
31066,HS,shghsrpm@gmail.com,4822260761.0
43015,HS,govthss.neduveli@gmail.com,4722832016.0
41067,HS,41067kollam@gmail.com,4742727798.0
15023,HS,kalpettanss@gmail.com,4936202476.0
18093,HS,phss2782321@gmail.com,4832782321.0
42013,HS,scvbhschirayinkeezhu@gmail.com,4702640208.0
17111,HS,govt.highschoolnallalam@gmail.com,4952421290.0
27022,HS,gvhssmathirappilly@gmail.com,4852823148.0
25028,HS,ghsspuliyanam@gmail.com,4842472180.0
11021,HS,11021tihss@gmail.com,4994255288.0
24024,HS,ghspazhanji@gmail.com,4885274172.0
25109,HS,chowara.ghss@gmail.com,48442597140.0
43061,HS,stantonyshssvaliathura@gmail.com,4712500635.0
38050,HS,mpvhsschool@gmail.com,4682334026.0
14738,HS,vmmems@gmail.com,4902474683.0
44064,HS,lfhsanthiyoorkonam44064@gmail.com,4712282138.0
25105,HS,lfhspanaikulam@gmail.com,4842512570.0
31056,HS,gvhssputhuveli@gmail.com,4822245708.0
46039,HS,ajjmhskainady@gmail.com,4772710163.0
41045,HS,41045kollam@gmail.com,4742525216.0
48056,HS,asmhsvelliyanchery@gmail.com,9497428375.0
32059,HS,kply32059@yahoo.co.in,4828211160.0
19501,HS,thskokkur@gmail.com,9400006487.0
32027,HS,mthskanakappalam@yahoo.in,4828212750.0
31085,HS,stthomashsspala@gmail.com,4822212374.0
30076,HS,ghsvattavada@gmail.com,4865214427.0
23072,HS,hccemhssnehagiri@yahoo.com,8304080210.0
24026,HS,govthsskochannur@gmail.com,4872543642.0
24070,HS,ghsmcd24070@gmail.com,4885280079.0
11246,HS,www.pjemsmjr@gmail.com,4998274949.0
47030,HS,vhsskoothali@gmail.com,4962611027.0
36058,HS,vbmhskylm@gmail.com,9496333427.0
16055,HS,vadakara16055@gmail.com,4962602076.0
43039,HS,psnmhsspkda@gmail.com,4712436025.0
41024,HS,meaemhss@gmail.com,4742711809.0
16078,HS,iaehsskottakkal@gmail.com,4962604266.0
22067,HS,gshstrikkur@gmail.com,4872352680.0
41068,HS,41068kollam@gmail.com,2741804.0
25015,HS,factths@gmail.com,4842994220.0
15047,HS,hmgvhssvakery@gmail.com,4936229005.0
25086,HS,hmmgmhs@gmail.com,4842730140.0
21013,HS,cahscoyalmannam@gmail.com,4922272516.0
46058,HS,lfghspulincunnoo@gmail.com,4772707005.0
26083,HS,snhssayp@gmail.com,4842392212.0
23030,HS,govhsskattoor@yahoo.com,4802878122.0
19025,HS,smmhstanur@gmail.com,4942083724.0
30082,HS,ghspambanar@gmail.com,4869232135.0
45002,HS,gdvhssvechoor@gmail.com,4829275213.0
39059,HS,bmmcspmhs@gmail.com,4762830779.0
12024,HS,12024kakkatghsshm@gmail.com,4672280666.0
26077,HS,govrfthsthevara@gmail.com,4842663048.0
19084,HS,hmgirlshs@gmail.com,4942645045.0
18132,HS,anvarschool1@gmail.com,9747237770.0
17106,HS,jdtiqraahs@gmail.com,8943222876.0
15036,HS,ghsvellarmala@gmail.com,4936236090.0
18015,HS,msphsmalappuram@gmail.com,4832736334.0
18010,HS,gvhsspullanur@yahoo.co.in,4832773925.0
45023,HS,holyghostbhsmuttuchira@gmail.com,4829282430.0
18014,HS,st.gemmasmpm@gmail.com,4832738544.0
23085,HS,meshsvemballur@yahoo.com,4802853151.0
43077,HS,mmrhsstvm@gmail.com,4712490969.0
20501,HS,gthsshoranur@gmail.com,4662222197.0
21126,HS,ghsmudappallur@gmail.com,4922261000.0
39045,HS,hskottavattom@gmail.com,4742408181.0
38003,HS,gghssadr@gmail.com,4734220677.0
22078,HS,stgeorgehsputtekkara@gmail.com,2213863.0
37037,HS,mgdhs91@gmail.com,4692782175.0
16063,HS,vadakara16063@gmail.com,4962447077.0
26073,HS,govtpalacehs@gmail.com,4842781244.0
38092,HS,nssbhspdlm@gmail.com,4734252265.0
36015,HS,kkmgvhsselippakulam@gmail.com,4792335263.0
48549,HS,ghsanchachavadi@gmail.com,4931257009.0
19087,HS,iethssmaravantha@gmail.com,4942561005.0
44073,HS,hsthirupuram44073@gmail.com,4712211034.0
18256,HS,pacemanjeri@gmail.com,9744348058.0
17059,HS,ghsscampus@gmail.com,4952355327.0
32073,HS,gwhskoovakkavu@gmail.com,4828245135.0
37031,HS,stmaryshsniranam2018@gmail.com,4692610309.0
20044,HS,peeteeyemhs@gmail.com,4662380351.0
20050,HS,alhudaemschool@gmail.com,4662234047.0
39006,HS,kpmhss1956@gmail.com,4742466069.0
22035,HS,stjosephcghss@gmail.com,4872427279.0
41095,HS,41095vayanakam.klm@gmail.com,9447016742.0
18084,HS,emeahsskondotty@gmail.com,4832713830.0
11051,HS,11051dharmathadka@gmail.com,9446774452.0
16084,HS,ghscheruvannur@gmail.com,9446645756.0
13051,HS,velloratmhss@gmail.com,4985251442.0
29011,HS,29011cmshs@gmail.com,9446117060.0
50022,HS,marthomadeaf@gmail.com,4994282382.0
48095,HS,svhspalemad@gmail.com,4931275381.0
43089,HS,chin_vcaud@yahoo.co.in,4712724136.0
19092,HS,pmsaptmvettichira@gmail.com,4942616662.0
21030,HS,bsshssklgd@gmail.com,4923262732.0
38072,HS,highschoolvaliyakulam38072@gmail.com,4735206258.0
46031,HS,sndphskuttamangalam@gmail.com,4772724251.0
15065,HS,gmrskalpetta@gmail.com,4936284818.0
19043,HS,pcnghss@gmail.com,4942651100.0
11011,HS,11011kodlamogar@gmail.com,4998202990.0
26029,HS,srvgmvhss@gmail.com,4842999301.0
30017,HS,sjhsperuvanthanam@gmail.com,4869280530.0
30073,HS,30073headmaster@gmail.com,4865215258.0
19021,HS,gvhsparavanna@gmail.com,4942630234.0
33049,HS,dvhskumaranalloor@gmail.com,4812311269.0
18004,HS,ghssvkd@gmail.com,4832724464.0
18096,HS,ptmhsstkd@gmail.com,49333251897.0
42074,HS,akmhskudavoor@gmail.com,4702690753.0
30529,HS,ghskajanapara@gmail.com,9605910805.0
38013,HS,snguru89@gmail.com,4682258124.0
16065,HS,vadakara16065@gmail.com,4962667211.0
25094,HS,sjhsk1960@gmail.com,4842617954.0
25017,HS,ddshskarimpadam@gmail.com,4842519400.0
22042,HS,ghspunkunnam@gmail.com,4872382848.0
31083,HS,stjohnkzl@gmail.com,4822267226.0
33027,HS,gmhskottayam@gmail.com,4812582932.0
21002,HS,marymathahsp@gmail.com,4922265177.0
21090,HS,pudurgths@gmail.com,914924209399.0
11041,HS,11041edneer@gmail.com,4994284646.0
20064,HS,ghskodumundaparudur@gmail.com,4662238804.0
36033,HS,padanilamhss@gmail.com,4792389222.0
35054,HS,35054alappuzha@gmail.com,2297006.0
24046,HS,ivhssomr@gmail.com,4872532409.0
15028,HS,sarvodayahs@gmail.com,4936286541.0
20003,HS,ghsskumaranellur23@gmail.com,9846295658.0
38008,HS,ghsvdkcavu@gmail.com,4734226560.0
23042,HS,mamhskoratty@yahoo.com,4802732769.0
42033,HS,skvhskadamp@gmail.com,4702682376.0
16066,HS,vadakara16066@gmail.com,8921152426.0
16014,HS,vadakara16014@gmail.com,4962677877.0
45012,HS,stmaryshsvallakom@gmail.com,4829225768.0
23029,HS,bvmhskalparambu@yahoo.com,4802860208.0
40021,HS,chspunalur@gmail.com,4752222705.0
14028,HS,ragamhsmokeri@gmail.com,4902313011.0
37020,HS,stgeorgehs@gmail.com,4692696222.0
16082,HS,vatakara16082@gmail.com,4962690140.0
43038,HS,gvhsst@gmail.com,4712360524.0
41012,HS,41012chavara@gmail.com,4762680095.0
26049,HS,gvhsschottanikkara26049@gmail.com,4842711208.0
29013,HS,29013shemhs@gmail.com,4862252001.0
24069,HS,ghsskdvlr@gmail.com,4885281859.0
18130,HS,micemhs@gmail.com,4832771410.0
38033,HS,stmarysremhss@gmail.com,2335601.0
14049,HS,mattanurhss@gmail.com,4902471770.0
13576,HS,bakhitaems@gmail.com,4972862833.0
48115,HS,ichsspm@gmail.com,9846869675.0
27027,HS,tvjpindimana@yahoo.in,4852570608.0
29012,HS,29012ghs@gmail.com,4862252007.0
25120,HS,stjudesambal@gmail.com,9778541465.0
25648,HS,ranimathaschool@gmail.com,4842684935.0
13015,HS,ghssmuzhappilangad@gmail.com,4972833030.0
20004,HS,gokhaleghss@gmail.com,4662278485.0
38060,HS,gvhspta@gmail.com,8921128656.0
15043,HS,hmghschenad@gmail.com,4936238333.0
23081,HS,marmgvhssanthipuram@yahoo.com,4802859682.0
25024,HS,hfhs1928@gmail.com,4842453497.0
40050,HS,40050ghskoovakkad@gmail.com,4752318163.0
19076,HS,almanarhssktkl@gmail.com,8714086054.0
32017,HS,kply32017@yahoo.co.in,4822280991.0
25100,HS,stjohnsjshs@gmail.com,4842711079.0
13007,HS,stmichaelsaihsskannur@gmail.com,4972761565.0
14004,HS,hm.brennen.hss.tly@gmail.com,4902324600.0
23004,HS,gshsashtamichira@gmail.com,4802890644.0
46017,HS,ghskarumady@gmail.com,4772270087.0
12003,HS,12003balla@gmail.com,4672208848.0
19011,HS,khmhsvalakulam@gmail.com,4942496753.0
16073,HS,vadakara16073@gmail.com,9495784210.0
13091,HS,massghsettikulam@gmail.com,4985230450.0
41103,HS,41103klm@gmail.com,4762672641.0
26052,HS,narakalgvhss@gmail.com,4842492952.0
18137,HS,chmkmhsvkd@gmail.com,4832727530.0
41101,HS,41101klm@gmail.com,4742719346.0
41001,HS,41001klm@gmail.com,4742513552.0
15034,HS,hmghsmeppadi@gmail.com,4936282477.0
33019,HS,hmghsskurichy@gmail.com,4812320849.0
35004,HS,35004alappuzha@gmail.com,4772245788.0
42008,HS,gghssattingal@gmail.com,4702622597.0
42049,HS,ghsspallickalattingal@gmail.com,4702682578.0
21095,HS,gvhssalanallur@rocketmail.com,4924262320.0
24063,HS,rmvhsspnm@gmail.com,4802844220.0
48077,HS,ghssmoothedath48077@gmail.com,4931276698.0
19129,HS,thaeleem10@gmail.com,4942410674.0
29044,HS,29044snnrcity@gmail.com,4868242467.0
19465,HS,noorulhudaenglishschool@gmail.com,4942461505.0
19096,HS,info@irhss.org,4942088178.0
17014,HS,stmichaelsgirlshs@gmail.com,4952381814.0
40010,HS,40010tshssplr@gmail.com,4752222719.0
18060,HS,presentationhss18060@gmail.com,9847227623.0
14025,HS,kottayamrajashsp@gmail.com,4902363428.0
35016,HS,carmelacadem08@rediffmail.com,4772261145.0
41032,HS,41032kollam@gmail.com,4762620073.0
30043,HS,sthserattayar@gmail.com,4868276033.0
44031,HS,jphssosm@gmail.com,4712255241.0
43065,HS,philghs@gmail.com,4712381285.0
19106,HS,bykrhs@gmail.com,4942548913.0
38094,HS,nsshsthattayil@gmail.com,4734227480.0
42075,HS,ghskdr@gmail.com,4702678045.0
44024,HS,gghssmalayinkil@yahoo.com,4712283020.0
18141,HS,jalaliyaedp@gmail.com,4832080382.0
14006,HS,hm14006@gmail.com,4902324566.0
27014,HS,hssvalayanchirangara27014@yahoo.in,4842657022.0
24076,HS,ssmvhss@gmail.com,4872615881.0
43001,HS,school43001@gmail.com,4712422320.0
36002,HS,popepiushss2008@gmail.com,4792332178.0
22049,HS,stclarescghs1@gmail.com,4872333233.0
48044,HS,mpmhss@gmail.com,4931231765.0
15033,HS,cmshsarappetta@gmail.com,9744083380.0
44083,HS,angelsschoolpvr@gmail.com,2210687.0
46030,HS,stmaryshskainakary@gmail.com,4772724250.0
38038,HS,hmhskonni@gmail.com,4682243369.0
42027,HS,gghssmithirmala@gmail.com,4722820754.0
11003,HS,11003gmvhss@gmail.com,4994230479.0
15048,HS,hmghsmeenangadi@gmail.com,4936247570.0
39014,HS,ghsssadanandapuram@gmail.com,4742663900.0
25018,HS,stfrancisghssaluva@gmail.com,8078469995.0
19288,HS,brightlineschool@gmail.com,4942697062.0
38044,HS,tttmvhss1920@gmail.com,9496871435.0
21052,HS,bha_matha@yahoo.com,4912570668.0
33501,HS,govtthspampady@gmail.com,4812507556.0
38043,HS,cmshskumplampoika@gmail.com,4735252510.0
44061,HS,stmaryshskamukincode@gmail.com,2222771.0
31068,HS,sjhsmanathoor@gmail.com,4822261037.0
46074,HS,stneerattupuram@gmail.com,4772219573.0
15025,HS,rchschundale@gmail.com,4936201199.0
19056,HS,ghspalapetty1@gmail.com,7306966473.0
45050,HS,stmaryskvld@gmail.com,4822233013.0
42047,HS,pakalkurihs@gmail.com,4702682056.0
29035,HS,29035sshs@gmail.com,4865263110.0
19027,HS,grfthstanur@gmail.com,4942443721.0
25104,HS,ghs14kongorpilly@gmail.com,4842515504.0
25061,HS,ghs5chengamanad2@gmail.com,4842474181.0
40032,HS,ghsskummilkollam@yahoo.co.in,4742447133.0
31084,HS,nsshsklm@yahoo.co.in,4822267323.0
32043,HS,holyfamilyhs@yahoo.com,4828275203.0
28021,HS,namakuzhy28021@gmail.com,4852243626.0
42036,HS,lmshssvattappara@gmail.com,4722585442.0
42062,HS,vkkpancd@gmail.com,4722879633.0
14015,HS,14015ghskadirur@gmail.com,4902306180.0
38007,HS,cnsshss@gmail.com,4734210078.0
11005,HS,11005bemhs@gmail.com,4994222887.0
33040,HS,holyfamilyhsktm@gmail.com,4812570420.0
19799,HS,darulquranalathiyoor@gmail.com,4942564001.0
27046,HS,ghskuttampuzha19@gmail.com,4852588263.0
17016,HS,bemgirlshss@gmail.com,4952720069.0
26037,HS,stteresas_ekm@yahoo.com,4842351744.0
15002,HS,hmghssvalat@gmail.com,4935299138.0
33086,HS,stjoseph83@gmail.com,4812446020.0
17054,HS,ghsskuttikattur@gmail.com,4952354687.0
11012,HS,11012kurudapadav@gmail.com,4998205357.0
23019,HS,stantonyssouththannissery@yahoo.com,4802777722.0
21138,HS,sainilayamemhs@gmail.com,4912803061.0
38009,HS,ghssedamuri@gmail.com,4735261134.0
28028,HS,ghsskunnu28028mvpa@gmail.com,4852831363.0
39012,HS,39012ktra@gmail.com,4742454563.0
43034,HS,pattomstmarys@gmail.com,4712447395.0
24074,HS,elavallyghss@gmail.com,4872643640.0
42389,HS,fatimaconventschool.tvm@gmail.com,4702640562.0
18146,HS,uqacademy@gmail.com,4832943542.0
17017,HS,ggmgirlshss@gmail.com,4952301377.0
21073,HS,ghsmankara@gmail.com,9656974003.0
48558,HS,ghsneelanchery@gmail.com,4931280060.0
38005,HS,adoorholyangels@yahoo.com,4734228245.0
44014,HS,sthelensghs@gmail.com,4712261231.0
45011,HS,ghssksmangalam@gmail.com,4829273246.0
17115,HS,svnpkv@gmail.com,4952432614.0
12041,HS,12041padnekadappuramgfhss@gmail.com,9847483474.0
25080,HS,guardianangelshss@gmail.com,7306333011.0
22501,HS,thsthrissur18@gmail.com,4872333460.0
38068,HS,mshsranny@gmail.com,4735227612.0
43062,HS,hchmkmvhss@gmail.com,4712082080.0
41048,HS,41048klm@gmail.com,4742555212.0
43066,HS,hm43066@gmail.com,4712381183.0
42072,HS,govthsazhoor@gmail.com,4702635586.0
33014,HS,sjghschry@gmail.com,4812425432.0
31086,HS,ghsspala@gmail.com,4822211056.0
29030,HS,29030mknmhs@gmail.com,4862202601.0
27015,HS,hssvengoor27015@yahoo.in,4842645035.0
19080,HS,jmhss19080@gmail.com,7736775222.0
14063,HS,mambaramhss@gmail.com,4902382717.0
11072,HS,hmghskolathur@gmail.com,4994211133.0
42073,HS,snvhspanayara@yahoo.com,9447857453.0
29048,HS,29048sghs@gmail.com,4862272191.0
19037,HS,bhssedayurnorth@gmail.com,4942649346.0
42041,HS,officesnhss@gmail.com,4722898156.0
25052,HS,st_joseph_hss@yahoo.in,4842516781.0
32037,HS,kply32037@yahoo.co.in,4828248562.0
31042,HS,sjhspunnathura@gmail.com,4812545380.0
11057,HS,11057nagirls@gmail.com,9497356804.0
44039,HS,st.theresesc@yahoo.in,2225182.0
25054,HS,nssghs25054@gmail.com,4842465538.0
35025,HS,35025alappuzha@gmail.com,2474685.0
29027,HS,headmastersghss@gmail.com,4862222143.0
14041,HS,rjhssnirmalagiri@gmail.com,4902363383.0
37013,HS,stthomashseruvellipra@gmail.com,4692600628.0
12004,HS,12004hosdurg@gmail.com,4672208081.0
14047,HS,irittyhs@gmail.com,4902491105.0
25088,HS,cardinalhs@rediffmail.com,4842577135.0
34023,HS,34023alappuzha@gmail.com,4782813234.0
41049,HS,41049kollam@gmail.com,4762847932.0
37040,HS,ghssperingara@gmail.com,4692607800.0
38032,HS,rvhsskonni@gmail.com,4682242104.0
33047,HS,stthomasghsputhenangady@gmail.com,4812583055.0
40004,HS,ghsanchaleast15@gmail.com,4752273282.0
47028,HS,balusserygghss@gmail.com,4962643430.0
22077,HS,srkgvmhsspuranattukara@gmail.com,4872307880.0
46069,HS,ghsskidangara@gmail.com,4772753741.0
29054,HS,29054snhs@gmail.com,4862239354.0
21064,HS,hshskallekulangara@gmail.com,4912552005.0
24013,HS,bethanykkm@gmail.com,4885223529.0
44033,HS,gvhsskottukal@gmail.com,4712269056.0
38090,HS,ghsnaranganam@gmail.com,4682216627.0
21016,HS,ghsskottayi@gmail.com,4922285253.0
16006,HS,vadakara16006@gmail.com,4962525326.0
22007,HS,jpehs@yahoo.in,2423364.0
25034,HS,stsebhssgothuruth@gmail.com,2483225.0
24062,HS,gmhss.chamakkala@yahoo.com,4802836564.0
43048,HS,holyangels_tvpm@yahoo.co.in,4712476166.0
25066,HS,stgeorgeshsvkm@gmail.com,4842712206.0
44010,HS,govtvhssparaniyam44010@gmail.com,4712261628.0
39057,HS,jjvhss@gmail.com,4762820290.0
14040,HS,hssthokkilangadi@gmail.com,4902361733.0
39017,HS,sghsktra@gmail.com,4742652502.0
30036,HS,sphssupp@gmail.com,4869244613.0
25447,HS,stgeorgeacademychully@gmail.com,9961633499.0
38011,HS,ghselimullumplackal@gmail.com,4682383440.0
20561,HS,alhilalenglishschool@gmail.com,9567414050.0
30040,HS,gvhssndkm@gmail.com,4868232094.0
47050,HS,ghsskokkalloor@gmail.com,4962705536.0
15008,HS,hmsjhsskallody@gmail.com,9961964649.0
43091,HS,drammrhsskattela@yahoo.com,4712597900.0
39054,HS,tvtmhsveliyam@gmail.com,4742462611.0
24038,HS,grsrvhss@gmail.com,4885285118.0
26042,HS,stpeterskumbalanghi.stp@gmail.com,4842240035.0
27051,HS,alazhar27051@yahoo.in,9188077186.0
16069,HS,vadakara16069@gmail.com,4962668199.0
44076,HS,nazarethomekc@yahoo.com,4712400319.0
25051,HS,stphilomenas@gmail.com,4842512364.0
16052,HS,vadakara16052@gmail.com,4962205322.0
46056,HS,holyfamilyghskainakary@gmail.com,4772724230.0
43112,HS,marygirischool@yahoo.com,4712732724.0
48105,HS,meshss48105@gmail.com,9895009809.0
47017,HS,kallanodehs@gmail.com,4962660314.0
34046,HS,34046alappuzha@gmail.com,4782864038.0
25055,HS,snmhssmkm@gmail.com,4842482230.0
33022,HS,avhskurichy@gmail.com,4812430708.0
41077,HS,41077kollam@gmail.com,4762875767.0
41079,HS,41079kollam@gmail.com,4742727857.0
42084,HS,ghsponganad@gmail.com,4702651770.0
20051,HS,gmrsthrithalagirls@gmail.com,4662277157.0
41080,HS,41080kollam@gmail.com,4742729456.0
40018,HS,ghsachencovil@gmail.com,4752342482.0
19029,HS,cpphmhs@gmail.com,4942582155.0
13067,HS,stghsc@gmail.com,9539606898.0
48130,HS,wmohs48130@gmail.com,4931245025.0
42032,HS,nsspalode@gmail.com,4722845015.0
44048,HS,rmohss@gmail.com,4712268732.0
21131,HS,ghsnanniode@gmail.com,4923294715.0
34037,HS,34037alappuzha@gmail.com,4782879898.0
19083,HS,muhsoorakam@gmail.com,4942455296.0
19009,HS,ohss19009@gmail.com,4942460360.0
29020,HS,29020smhss@gmail.com,4862245168.0
48086,HS,subulussalamhss@gmail.com,4832844182.0
19053,HS,vanneryhighschool@gmail.com,7306020663.0
19071,HS,iuhssparappur@gmail.com,4832867580.0
22075,HS,stjohnsppr@gmail.com,4872285677.0
13004,HS,ggvhsspayyambalam@gmail.com,4972706590.0
19121,HS,iqrahemhs@gmail.com,9744408000.0
42559,HS,daleviewschool@gmail.com,4712854650.0
19680,HS,alnoorpanangttoor@gmail.com,2443786.0
44037,HS,gghssnta44037@gmail.com,2222209.0
26030,HS,mpmemhss@gmail.com,4842334083.0
43260,HS,margregorios75@gmail.com,4712391564.0
47067,HS,vmhmhs@gmail.com,9495787963.0
22038,HS,stjosephmodelschool@gmail.com,4872250531.0
18075,HS,ghskunnakkavu@gmail.com,4933230333.0
25082,HS,ghs16manjapra@gmail.com,4842690061.0
32049,HS,graceyhs@gmail.com,4828271676.0
11025,HS,11025iriyanni@gmail.com,4994251810.0
45024,HS,stagnesghs@gmail.com,4829282015.0
42039,HS,ghsspoovathoor@yahoo.in,4722801423.0
47031,HS,phsspba@gmail.com,4962610248.0
38020,HS,snvhsangadical@gmail.com,4734285262.0
18011,HS,ghssk18011@gmail.com,4832756140.0
22018,HS,stannescghs@gmail.com,4872385135.0
38071,HS,stthomashsranny@gmail.com,4735226366.0
40016,HS,ammhskaravaloor@gmail.com,4752250085.0
20054,HS,cgmvidyalaya@gmail.com,2212384.0
30074,HS,meshssvmd@yahoo.co.in,4868288155.0
21502,HS,thspalakkad@gmail.com,4912572038.0
20030,HS,avmhighschool@gmail.com,4662245280.0
26067,HS,heartshhs@gmail.com,4842664640.0
42030,HS,ghsmadatharakani@gmail.com,4742443192.0
14042,HS,manathana.ghss@gmail.com,4902444550.0
21004,HS,mannaprapkhs@gmail.com,4922258676.0
48126,HS,salamthooliyath@gmail.com,9947438180.0
44007,HS,nssghsdpm@gmail.com,4712230939.0
18502,HS,mthssvazhakkad@gmail.com,4832725215.0
29023,HS,29023gvhsthodupuzha@gmail.com,4862222108.0
18023,HS,gghssmanjeri@gmail.com,8075346358.0
19107,HS,issponnani@gmail.com,4942663544.0
29066,HS,ghspazhayari@gmail.com,4862239880.0
15015,HS,mtdmhs@gmail.com,4935235423.0
40009,HS,40009mthsptpm@gmail.com,4752351364.0
23048,HS,stjosephshskaruvannur@yahoo.com,4802885075.0
43013,HS,gbhskanniakulangara@gmail.com,4722832200.0
32039,HS,nssghskarukachal@gmail.com,4812489118.0
40044,HS,40044stgorettihsplr@gmail.com,4752222457.0
50019,HS,knsknr@gmail.com,4972802080.0
19055,HS,hmveliancode@gmail.com,4942672583.0
33055,HS,stshantals@yahoo.com,4812472897.0
15930,HS,strossellosenglishschool@gmail.com,9605612641.0
25649,HS,ictemschool@gmail.com,9847684958.0
21026,HS,gghsnemmara@gmail.com,4923243230.0
12055,HS,12055cheemenighss@gmail.com,4672250182.0
18145,HS,icsmanhappatta@gmail.com,8594000870.0
18007,HS,hiohsolt@gmail.com,9446769304.0
41083,HS,ghsperungalam@gmail.com,4742543464.0
38064,HS,bethanysmghss@gmail.com,4735208345.0
47106,HS,sjhskodanchery@gmail.com,4952236373.0
41108,HS,pkjmschool@yahoo.co.in,2522407.0
37044,HS,mgmhsstvla44@gmail.com,4692602425.0
25064,HS,sthomashsayroor08@gmail.com,4842478234.0
14026,HS,kkvpnr@gmail.com,4902314500.0
17116,HS,hm.markazclt@gmail.com,4952962732.0
29056,HS,29056saintmary@gmail.com,4868204547.0
22051,HS,stthomasthope@gmail.com,4872426949.0
40015,HS,govthssplr@gmail.com,4752222858.0
24086,HS,sucskallumpuram@gmail.com,4885283718.0
14073,HS,littleflowerhs@gmail.com,6238990481.0
13037,HS,hmpjhs@gmail.com,4972871056.0
13103,HS,kozhichalghss@gmail.com,4985213260.0
15056,HS,moolankaveghs@gmail.com,9400180706.0
37032,HS,stthomashswestniranam@rediffmail.com,4692747649.0
41098,HS,41098klmghsskply@gmail.com,4762624265.0
25041,HS,stjosephkarukutty@gmail.com,4842613418.0
24065,HS,stannesghsedy@gmail.com,4802872329.0
33508,HS,sreebhadrapublicschool@gmail.com,4812968212.0
26039,HS,vhssirimpanam2008@gmail.com,4842774853.0
44080,HS,ghsutharamcode44357@gmail.com,4722850444.0
26079,HS,ghskadamakudy@gmail.com,4842512067.0
38086,HS,pgmghs@gmail.com,4734216692.0
22004,HS,gvhsscherpu@gmail.com,4872342123.0
23036,HS,ghsskodakara@yahoo.com,4802720541.0
26069,HS,panangadvhss@gmail.com,4842700258.0
26012,HS,santacruzsavior@gmail.com,2216589.0
37025,HS,nsshsskunnamthanam@gmail.com,9495395806.0
13966,HS,ghsthavidisseri@gmail.com,4985270564.0
27010,HS,anitavidyalaya@yahoo.in,4842462795.0
33082,HS,marcellin.nattassery@gmail.com,4812312013.0
33503,HS,thssputhuppally.ihrd@gmail.com,4812351485.0
41044,HS,41044kollam@gmail.com,4742581220.0
39027,HS,ghsskuzhimathicadu@gmail.com,4742523760.0
47024,HS,kuttamburhs@gmail.com,9496526014.0
31090,HS,mrskottayam@gmail.com,4812530399.0
29062,HS,29062jremhs@gmail.com,9656497066.0
19094,HS,kyhsschool@gmail.com,9447570250.0
41111,HS,85436klmghsazheekal@gmail.com,4762611800.0
41066,HS,41066kollam@gmail.com,4742747844.0
48136,HS,ghsedappatta@gmail.com,9746444500.0
20005,HS,ghsanakkara@gmail.com,4662254765.0
19019,HS,amshsschool@gmail.com,9605800090.0
19005,HS,kovilakamhss@gmail.com,2410571.0
25113,HS,ghs30mrs@gmail.com,4842623673.0
36031,HS,shvhs36031@gmail.com,4792424742.0
13049,HS,cpdvhs@yahoo.co.in,4602270233.0
18083,HS,ppmhss@gmail.com,4832711374.0
19012,HS,mhsmailbox@gmail.com,9947154450.0
33083,HS,lfhskanjiramattom@gmail.com,4812704467.0
31078,HS,smhspvm@yahoo.com,4822246045.0
43033,HS,govtmedicalcollegehsst@gmail.com,4712443239.0
17034,HS,ghssiringallur@gmail.com,4952433177.0
44022,HS,gvhss44022@gmail.com,2283120.0
15073,HS,ghskappiset@gmail.com,4936240326.0
44043,HS,lmstamil.school289@gmail.com,2205491.0
34003,HS,34003alappuzha@gmail.com,4782863598.0
20010,HS,pattambigohss@gmail.com,4662217365.0
11093,HS,miemschool@gmail.com,4998263051.0
22054,HS,bghsmukkattukara@gmail.com,4872375041.0
19104,HS,ansar7751@gmail.com,4942547751.0
15079,HS,hmghsnellarachal@gmail.com,4936212107.0
18032,HS,grhsskottakkal@gmail.com,4832745505.0
11095,HS,vskmulleria@gmail.com,4994261526.0
33054,HS,stpeterskurumpanadom3@gmail.com,4812472077.0
12044,HS,12044chayoth@gmail.com,4672230910.0
15007,HS,mgmhssmtdy@gmail.com,4935296591.0
17097,HS,cmhsmannur@gmail.com,4952470346.0
31082,HS,stjosephsghs10@gmail.com,4822205845.0
36020,HS,gvhssek2009@gmail.com,4792357435.0
44925,HS,sreedharmasasthaschool@gmail.com,4712990000.0
22076,HS,srisaradaghss@gmail.com,4872309819.0
35053,HS,35053alappuzha@gmail.com,4792414542.0
21072,HS,puliyaparambhs@gmail.com,4912508009.0
19091,HS,kmmhsplr@gmail.com,9946775858.0
11044,HS,11044karadka@gmail.com,4994260147.0
19023,HS,msmhschool@gmail.com,4942547114.0
24047,HS,mrrmhs@gmail.com,4872507008.0
43083,HS,smvhsstvm@gmail.com,4712330395.0
19357,HS,ghsparithiavd@gmail.com,4942572050.0
13034,HS,kottilahss@gmail.com,4972815024.0
32029,HS,kply32029@yahoo.co.in,4828206515.0
20031,HS,nssvengassery@gmail.com,4662241555.0
17022,HS,mmhsparappil@gmail.com,4952300698.0
29057,HS,29057ihep@gmail.com,4862259540.0
47109,HS,parambilghss@gmail.com,4952266289.0
41360,HS,khadiriyyahskottukadu@gmail.com,4762680952.0
30051,HS,chscalvarymount@yahoo.in,4868275035.0
15031,HS,gvhsskarimkutty@gmail.com,4936284416.0
26022,HS,sdpykpmhs@gmail.com,4842506235.0
21041,HS,gvghss21041@gmail.com,4923222681.0
19062,HS,hspurathur@gmail.com,4942563434.0
22021,HS,hsarimpur@gmail.com,4872310833.0
33061,HS,spangada7@gmail.com,4812967922.0
24023,HS,mundathicodenssvhss@gmail.com,4885285839.0
36041,HS,metropolitanhss@gmail.com,4792452991.0
42022,HS,stjosephshssanj@gmail.com,4702657900.0
41096,HS,41096klm@gmail.com,4742531085.0
43074,HS,bhsskaramana@gmail.com,4712343529.0
14016,HS,kpchsspattanur@gmail.com,4902080050.0
42071,HS,gvhsskallara@gmail.com,4722860805.0
14011,HS,oniyanhs@gmail.com,4902358600.0
19868,HS,gupskuruka@gmail.com,4942454244.0
40042,HS,hsghskulathupuzha@gmail.com,4752317683.0
38061,HS,school.jmphs6@gmail.com,4682300243.0
13111,HS,highschool@wadihuda.org,4972877577.0
27006,HS,ghsspbvr@gmail.com,4842524268.0
36064,HS,ghspuliyoor@gmail.com,4792361105.0
48100,HS,ghssedk@gmail.com,4931275729.0
39024,HS,dvnsshss@gmail.com,4742615788.0
47116,HS,ghscheruvadi@gmail.com,4952208036.0
35012,HS,35012alappuzha@gmail.com,4772970701.0
33063,HS,stjosephsmattakara@gmail.com,4812542281.0
21039,HS,gbhssctr@gmail.com,4923222540.0
27024,HS,sobhana_27024@yahoo.in,4852862516.0
14921,HS,perattastjoseph@gmail.com,9048279355.0
20066,HS,ghsnagalassery@gmail.com,7907867301.0
29047,HS,29047ghskallarkutty@gmail.com,4864274210.0
21106,HS,principalmesokd@gmail.com,4912555392.0
44075,HS,nssemhs44075@gmail.com,4712230320.0
41071,HS,41071kollam1@gmail.com,4742702753.0
26018,HS,aasiabai.2007@gmail.com,4842229555.0
42080,HS,ktctemhsskaduvayil@gmail.com,9061689922.0
11022,HS,11022alampady@gmail.com,4994256540.0
32028,HS,sanjos32028@gmail.com,4828251707.0
23057,HS,akmhighschoolpoyya@yahoo.com,4802891435.0
34027,HS,34027alappuzha@gmail.com,4782553305.0
29008,HS,29008smhs@gmail.com,4862264722.0
30063,HS,ghsthoprankudy@gmail.com,4868264219.0
38029,HS,ghsschittar@gmail.com,4735255275.0
23056,HS,stsebastianshsskuttikad@yahoo.com,4802746845.0
48570,HS,budsnbr@gmail.com,4931223271.0
13108,HS,sntrustskannur@gmail.com,9496860533.0
43019,HS,hmthundathil@gmail.com,4712713335.0
15035,HS,stjosephshsmdy@gmail.com,282946.0
17501,HS,thswesthill@gmail.com,4952380119.0
21047,HS,sreevidhyahighschool@gmail.com,9495230469.0
37053,HS,sbhsvennikulam2022@gmail.com,4692650555.0
39055,HS,mths39055@gmail.com,4742528278.0
35015,HS,35015.alappuzha@gmail.com,4772263777.0
34010,HS,34010alappuzha@gmail.com,4782183521.0
27011,HS,pulluvazhy27011@yahoo.in,4842522369.0
20032,HS,hmghskadambur@gmail.com,4662240152.0
33001,HS,nsshsanickad7@gmail.com,4812995021.0
41063,HS,41063kollam@gmail.com,4742740541.0
20065,HS,ghsvallapuzha@gmail.com,4662235121.0
39023,HS,ghskulakkada@yahoo.in,4742615002.0
27004,HS,asramschool@gmail.com,4842522368.0
23010,HS,gghschalakudy@yahoo.com,4802701971.0
40501,HS,thskulathupuzha@gmail.com,9400006463.0
31087,HS,smghssp@yahoo.co.in,4822213529.0
28042,HS,ayavanashhs@gmail.com,4852283097.0
30049,HS,sshskanthippara@gmail.com,4868243686.0
19075,HS,pkmmhss.ekd@gmail.com,4832648526.0
25039,HS,kanjoorstsebastianhs@gmail.com,4842463063.0
24001,HS,smtghsschelakkara@gmail.com,4884252013.0
33036,HS,highschoolparippu@gmail.com,4812516197.0
32064,HS,kply32064@yahoo.co.in,4828226218.0
26085,HS,mmovhss2018@gmail.com,2226151.0
36071,HS,kitschool@gmail.com,4792437409.0
18097,HS,ghssaliparamba@gmail.com,4933234214.0
11008,HS,11008uemhs@gmail.com,4998275680.0
44002,HS,gvhsspoovar@gmail.com,4712210354.0
47083,HS,svmemhs@gmail.com,4952855765.0
24007,HS,gvhssdsm@gmail.com,4884277875.0
44372,HS,goodshepherdemhs@gmail.com,4712279168.0
18110,HS,hmshssthurakkal@gmail.com,4832760320.0
21057,HS,bemhss@gmail.com,4912538796.0
44040,HS,evans44040@gmail.com,4712200689.0
30088,HS,ghschottupara@gmail.com,4868236182.0
48022,HS,kavanurghsatelayur@gmail.com,4832796270.0
39009,HS,aepmhs@gmail.com,2482196.0
23017,HS,ghssedavilangu@yahoo.com,4802802798.0
38062,HS,netajihspramadom@gmail.com,4682335681.0
36070,HS,pkksmhighschool@gmail.com,4792446330.0
23082,HS,lcemhskattungachira@gmail.com,4802831612.0
27013,HS,koovappady27013@yahoo.in,4842640299.0
15083,HS,ghsthrikkaipetta@gmail.com,4936231325.0
13054,HS,ghsscheloraknr@gmail.com,4972722200.0
18087,HS,tssvgra@gmail.com,4933281651.0
29024,HS,depaulthodupuzha@gmail.com,4862222252.0
18133,HS,mmeths@gmail.com,4832731320.0
43057,HS,forthighschool@gmail.com,4712469697.0
31062,HS,stjhskudakkachira@gmail.com,4822258643.0
22040,HS,vivekodayamboys@gmail.com,4872335482.0
42079,HS,crescentrhs@gmail.com,9846209644.0
18078,HS,kadungapuramghss@gmail.com,4933254270.0
19057,HS,hmvvmhs@gmail.com,9745777719.0
44034,HS,vvhssnemom44034@gmail.com,2392143.0
12019,HS,12019pullur@gmail.com,4672268630.0
43064,HS,st.rochshs@gmail.com,2501650.0
21027,HS,gbhssnma@gmail.com,4923244556.0
44071,HS,hsanavoor@gmail.com,4712275395.0
50008,HS,olcmannackanad@gmail.com,4822250283.0
30035,HS,fhsmlamala@gmail.com,4869258203.0
15082,HS,hmghskuppadi@gmail.com,4936220720.0
38052,HS,mbehss1@gmail.com,4682222455.0
21937,HS,gmrskzm@gmail.com,4922217217.0
13096,HS,ghsprapoil@gmail.com,4985232263.0
41021,HS,41021kollam@gmail.com,4742920275.0
47039,HS,venapparahs@gmail.com,4952281380.0
20067,HS,gsbsakalur@gmail.com,9400058523.0
20060,HS,pptmhspombra127@gmail.com,8714219700.0
25107,HS,pvlhm25107@gmail.com,4842597225.0
20038,HS,hsktp@yahoo.com,4662960263.0
25036,HS,stjosephschengal@yahoo.com,4842460577.0
26093,HS,stritashs@gmail.com,4842344528.0
42034,HS,navaikulamhs@gmail.com,7907013776.0
29068,HS,ghsarikuzha@gmail.com,4862261846.0
33011,HS,ghsvadakkekara@gmail.com,4812720975.0
25043,HS,bethlehemnjaralloor@gmail.com,4842682083.0
23052,HS,pvshsparappukara@yahoo.com,4802790168.0
33008,HS,ghspaippad@gmail.com,4812441804.0
41085,HS,41085klm@gmail.com,4742556201.0
30031,HS,ghsrajakumary@ymail.com,4868243406.0
19022,HS,kalpakancherygvhss@gmail.com,4942547069.0
15071,HS,ghspariyaram@gmail.com,4936202622.0
28006,HS,gehsmpz28006@yahoo.in,4852834980.0
27018,HS,smhskrariyely@yahoo.in,4842648221.0
13503,HS,thsnaduvil@yahoo.in,4602251091.0
33039,HS,ghskothala@gmail.com,4812700726.0
33057,HS,kehssmannanam@gmail.com,4812597180.0
42068,HS,ghscherunniyoor@gmail.com,4702601101.0
19051,HS,dhohss@gmail.com,4942689730.0
23025,HS,snhssirinjalakuda@yahoo.com,4802821102.0
17079,HS,sevamandiram@gmail.com,4952440315.0
39037,HS,dvhsmylom@gmail.com,4742452759.0
38041,HS,gvhssaranmula@gmail.com,4682980052.0
44041,HS,202331school@gmail.com,4712202331.0
42055,HS,mulamanaschool@yahoo.in,4722835105.0
23006,HS,ghsvrpuram@yahoo.com,4802700529.0
17051,HS,silverhillshss@gmail.com,4952370615.0
26021,HS,ghsisland123@gmail.com,4842666922.0
28054,HS,ghsaroor28055@gmail.com,4852960032.0
22062,HS,stmarysollur@gmail.com,4872352127.0
43085,HS,gghsscottonhill@gmail.com,4712729591.0
41005,HS,41005klm@gmail.com,4742592302.0
21076,HS,kprpkongad@yahoo.com,4912846714.0
34020,HS,34020alappuzha@gmail.com,4782523870.0
42064,HS,rrvghss@yahoo.com,4702672185.0
42069,HS,nagaroorghs@gmail.com,4702678467.0
17057,HS,puthiyappagfhss@gmail.com,4952460924.0
14882,HS,chavaranivas@gmail.com,4902492990.0
37045,HS,scshstvla@gmail.com,4692630859.0
11074,HS,11074ghskuttikol@gmail.com,4994205255.0
13072,HS,ghssirikkur10@gmail.com,4602257290.0
15009,HS,hmghsskartikulam@gmail.com,4935250425.0
25101,HS,stgeorgehsputhenpally@gmail.com,9947552580.0
13043,HS,alakodensshss@gmail.com,4602255394.0
41089,HS,41089kollam@gmail.com,4742548929.0
38010,HS,stgeorgevhssatachakal@gmail.com,9495311127.0
21083,HS,hm.shspkp@gmail.com,4924235161.0
11068,HS,11068moodambail@gmail.com,9895592821.0
17021,HS,gmodelhss@gmail.com,4952722509.0
48141,HS,ghsperakamanna@gmail.com,4832216919.0
29036,HS,29036ghs@gmail.com,4865263739.0
11040,HS,11040swamijis@gmail.com,4994281335.0
21028,HS,phspadagiri@gmail.com,4923246420.0
32047,HS,kply32047@yahoo.co.in,4812416003.0
30045,HS,dhskuzhitholu@gmail.com,4868200101.0
44035,HS,gbhssnta@gmail.com,4712222434.0
17092,HS,calicutgirlshss@gmail.com,4952300465.0
21049,HS,govtaphs@gmail.com,4912960151.0
24053,HS,hstvr24053@gmail.com,4872540033.0
42014,HS,ssvghschirayinkeezhu@gmail.com,8589862079.0
41105,HS,hfconventemhsaravila@gmail.com,4742771702.0
48054,HS,ghsstuvvur@gmail.com,9496406424.0
36028,HS,govtgirlsmavelikara.girls@gmail.com,4792302453.0
15032,HS,hmghsspadinharathara@gmail.com,4936273548.0
28003,HS,sndpmvpa_28003@yahoo.com,4852000464.0
34019,HS,34019alappuzha@gmail.com,4782582414.0
25095,HS,gvhs28thrikkakara@gmail.com,4842410879.0
23015,HS,stannshskottappuram@yahoo.com,4802806775.0
43011,HS,ourladyputhucurichy@yahoo.com,4712428311.0
39022,HS,39022ktra@gmail.com,4742457676.0
24034,HS,gghs.wadakk@yahoo.com,4884232576.0
15003,HS,gkmhskaniyaram@gmail.com,4935241184.0
30053,HS,sjhssvellayamkudy@gmail.com,4868272841.0
11030,HS,11030adoor@gmail.com,4994270982.0
12020,HS,12020ravaneshwarghs@gmail.com,4672234280.0
40019,HS,40019ngpmhs@gmail.com,4752251444.0
14052,HS,chavasseryghss14052@gmail.com,4902994830.0
18069,HS,ghsedavanna@gmail.com,4832700620.0
24028,HS,pazhayannurghss@gmail.com,4884225045.0
11092,HS,11083sarvodayaehs@gmail.com,4998208286.0
44036,HS,govtmthsooruttukala@gmail.com,4712222560.0
13101,HS,akasgvhss@gmail.com,4985203037.0
21277,HS,holyfamilyschoolalathur@gmail.com,4922208032.0
30013,HS,shhsramakkalmettu@gmail.com,4868221613.0
27042,HS,paingottoorschool27042@yahoo.in,4852564791.0
43018,HS,lvhs43018@gmail.com,4712419619.0
29009,HS,29009ghs@gmail.com,4862279418.0
19132,HS,krhspandikasala@gmail.com,8138908083.0
39049,HS,39049ktra@gmail.com,4762851818.0
23016,HS,ssmhsazhikode@yahoo.com,4802817616.0
16769,HS,brightvalliad@gmail.com,9747840633.0
25122,HS,ghsthathappilly@gmail.com,4842446244.0
45032,HS,gvhsskanakkary@gmail.com,4812537012.0
15013,HS,ghssneervaram1@gmail.com,4935221654.0
37010,HS,stjohnsevpr@gmail.com,4692664430.0
19109,HS,markazkarathur@gmail.com,4942604020.0
16061,HS,vadakara16061@gmail.com,4962445028.0
43537,HS,rosminischool@gmail.com,4712505071.0
16012,HS,vatakara16012@gmail.com,4962512558.0
18136,HS,alhilalpadapparamba@gmail.com,4933242288.0
37008,HS,stmaryshsanikad@yahoo.in,4692680430.0
41082,HS,41082kollam@gmail.com,4762641369.0
41038,HS,41038klm@gmail.com,4742518971.0
48571,HS,gurukulamwdr@gmail.com,9447689810.0
13032,HS,najathhssmtl@gmail.com,7994258314.0
26059,HS,ckcghs@yahoo.co.in,4842302155.0
42070,HS,janatha42070@gmail.com,4722829119.0
20034,HS,hskattukulam09@gmail.com,4662241250.0
21129,HS,bethanyenglishmhs@gmail.com,9061713103.0
12076,HS,12076noorulhudha@gmail.com,4672238600.0
48037,HS,gvhssmampad48037@gmail.com,4931201085.0
37054,HS,ghssezhumattoor@gmail.com,4692794256.0
30078,HS,ghsyellapetty@gmail.com,4865299498.0
47046,HS,stmaryskakkadampoil@gmail.com,4952277673.0
43079,HS,gghschalai@gmail.com,4712456618.0
19896,HS,mpsquthubi@gmail.com,9847492600.0
42029,HS,skvhsnanniyode@gmail.com,4722840242.0
27033,HS,hlfhsoonnukal@yahoo.in,4852855460.0
19073,HS,ghsp73@gmail.com,4942434701.0
15089,HS,ghsripon@gmail.com,4936280768.0
36047,HS,hmgghskayamkulam@gmail.com,4792442463.0
33031,HS,svgvphskiliroor@gmail.com,4812382715.0
41029,HS,kollam41029@gmail.com,4742712797.0
21963,HS,malleeswaravidyanikethan1990@gmail.com,9446958784.0
28045,HS,ghsmaneed28045@gmail.com,4852246214.0
17013,HS,ghsseasthill@gmail.com,4952380660.0
15014,HS,sthsndl@gmail.com,4936211350.0
45019,HS,peruvagirls@gmail.com,4829251390.0
38048,HS,cmshskuzhikala@gmail.com,4682362489.0
42011,HS,ghsselampa@gmail.com,4702639006.0
44057,HS,44057mchss@gmail.com,2403698.0
15024,HS,wovhssmuttil@gmail.com,4936231100.0
11484,HS,11484ghssoorambail@gmail.com,4998246544.0
42002,HS,principalphmkmvhsspanavoor@gmail.com,4722865126.0
19451,HS,ghstrikkulam@gmail.com,4942460655.0
13062,HS,akgsghss@gmail.com,4972827725.0
38085,HS,sgahschayalodu@gmail.com,4734244100.0
41060,HS,ghsperinad@gmail.com,2550573.0
44072,HS,arayoorlvhss@gmail.com,4712232810.0
41007,HS,41007klm@gmail.com,4742518832.0
18072,HS,ghssktpm18072@gmail.com,4832710681.0
41084,HS,41084kottankulangara@gmail.com,4762680614.0
51044,HS,ghsmanikkaparamba@gmail.com,4924236290.0
12047,HS,12047kadumeni@gmail.com,4672080319.0
18021,HS,manjerigbhss@gmail.com,4832768427.0
29031,HS,29031srhs@gmail.com,4862200085.0
17033,HS,gghssparayenchery@gmail.com,4952740510.0
23063,HS,thighschoolputhenchira@yahoo.com,6235895458.0
44059,HS,hssbal@gmail.com,4712400381.0
19105,HS,vemhsvengaloor@gmail.com,4942085000.0
27025,HS,velielchal27025@yahoo.in,4852571040.0
22048,HS,augustineakkarakuttanellur@gmail.com,4872351869.0
28008,HS,ttvhss28008@gmail.com,4852966267.0
22066,HS,deepthithalore@gmail.com,4872353702.0
29015,HS,29015gvhss@gmail.com,4862235377.0
17035,HS,beyporeghss@gmail.com,4952414565.0
18025,HS,hmyhs405@gmail.com,4832767405.0
13079,HS,ghssmunderi@gmail.com,4972857820.0
21112,HS,lcvpkd@gmail.com,2508511.0
43080,HS,chalaigmbhss@gmail.com,4712475072.0
18112,HS,himhsmanhapetta@gmail.com,9745859906.0
13055,HS,kmhskambil@gmail.com,4602240455.0
44079,HS,trinityeducation1992@gmail.com,2393522.0
19111,HS,khuthbuzzaman@yahoo.co.in,4942464437.0
25010,HS,spwhsaluva@yahoo.co.in,4842629959.0
39259,HS,ghsthalachira@gmail.com,4742408759.0
15085,HS,ghspulinhal@gmail.com,4935230146.0
28018,HS,ghspiravom28018@gmail.com,4852243556.0
40052,HS,snthssplr@gmail.com,4752222490.0
35063,HS,35063alappuzha@gmail.com,4792412522.0
39021,HS,ghsmuttara@gmail.com,4742499125.0
19445,HS,ghsneduva@gmail.com,4942415088.0
36057,HS,cmshsputhuppally@gmail.com,4792443068.0
43075,HS,ghsppd@gmail.com,4712494307.0
18117,HS,rahmathhsspullur@gmail.com,7907961840.0
39044,HS,39044ktra@gmail.com,4742404325.0
38069,HS,ghskeekozhoor@gmail.com,4682277999.0
15052,HS,stjosephschool82@gmail.com,4936220483.0
47094,HS,ghssnarikkuni@gmail.com,4952246575.0
33085,HS,gkaripoothitta@yahoo.in,4812598612.0
26041,HS,rpmhskumbalam@gmail.com,9446505129.0
21124,HS,ghsvennakkara@gmail.com,4912515872.0
33041,HS,hmgirideepam@gmail.com,7356550952.0
43054,HS,stmarysvtkd@gmail.com,4712500935.0
47088,HS,ghssputhuppadi@gmail.com,4952235100.0
30042,HS,sshssndkm1978@gmail.com,4868232295.0
30081,HS,ghsvanchivayal@gmail.com,4869253390.0
15027,HS,gvhsskalpetta@gmail.com,4936204082.0
45006,HS,stltghss@gmail.com,4829215474.0
40027,HS,ghssy08@gmail.com,4752273895.0
28027,HS,28027sjghsarakuzha@gmail.com,4852256385.0
39010,HS,vsvhssezhukone@gmail.com,4742484657.0
28016,HS,28016pvm@gmail.com,4852242203.0
27005,HS,gvhsiringole18@gmail.com,4842524615.0
26087,HS,ghscalvathy@gmail.com,4842215856.0
45018,HS,rfgmhs@gmail.com,4829257225.0
40005,HS,ststephenspathanapuram@yahoo.in,4752352007.0
35034,HS,35034alappuzha@gmail.com,2485488.0
36059,HS,pullikkanakkunsshs@gmail.com,9447611721.0
45013,HS,vadayarijhs@gmail.com,4829237247.0
24054,HS,mullasseryghss@gmail.com,4872262922.0
40036,HS,hmashsputhayam@gmail.com,4752270463.0
25076,HS,alangad.kemhs@gmail.com,4842671556.0
21079,HS,ghsskarimba@gmail.com,4924246669.0
42051,HS,ghssvenjmd@gmail.com,2872124.0
27047,HS,ghspoika@gmail.com,4852582204.0
39032,HS,devidurga1954@gmail.com,4752325080.0
36019,HS,govthsskunnam@gmail.com,4792365986.0
27019,HS,akanad27019@yahoo.in,4842645013.0
41107,HS,vivekanandahss1@gmail.com,47626902021.0
37043,HS,ghsnedumprom@gmail.com,4692643453.0
40046,HS,thadicaduhs40046@yahoo.com,4752207717.0
18803,HS,karunnyabhavan@gmail.com,9745608508.0
15066,HS,smchs4sby@gmail.com,4936224253.0
19052,HS,darulhidaya7@gmail.com,4942685267.0
20014,HS,ptmyhsedappalam@gmail.com,4912985720.0
44066,HS,lmshsschemboor44066@gmail.com,2255684.0
13048,HS,ghsskkaniyanchal@gmail.com,4602245962.0
24084,HS,assisi235@yahoo.com,4885243148.0
37041,HS,snvshstla@gmail.com,4692741293.0
47023,HS,sivapuramghss@gmail.com,4962644635.0
13073,HS,irohss13073@gmail.com,4602259721.0
12032,HS,12032kodakkat@gmail.com,4672251075.0
24073,HS,st.sebastian104@gmail.com,4872644612.0
12059,HS,12059udinur@gmail.com,4672215660.0
15006,HS,gvhssmndy@gmail.com,4935299173.0
21003,HS,cahsayakkad@gmail.com,4922258722.0
18102,HS,majlishss@majliscomplex.org,8281899824.0
18123,HS,ptmhsschoolvellila@gmail.com,4933236567.0
37062,HS,dbhssparumala@gmail.com,4792314550.0
24075,HS,stjohnshselanad1976@gmail.com,4884287186.0
18157,HS,alfathahpuz@gmail.com,9495847700.0
47105,HS,cmchshm@gmail.com,4952246177.0
39040,HS,mthsvalakom@gmail.com,4742470065.0
29058,HS,ghsmukkudam@gmail.com,4868204075.0
40001,HS,ghssanchalwest@gmail.com,4752273665.0
43067,HS,bnv.vhss@gmail.com,4712381675.0
35006,HS,35006alappuzha@gmail.com,4772244323.0
37060,HS,azhiyidathuchiraghs@gmail.com,4692631757.0
12029,HS,12029varakkadhs@gmail.com,4672241403.0
33058,HS,philominasvilloonni@gmail.com,7510881023.0
11094,HS,safaemskkl@gmail.com,4994207425.0
31049,HS,holycrossthellakom@yahoo.co.in,4812790003.0
34041,HS,34041alappuzha@gmail.com,4782562601.0
33053,HS,skmhsskumarakom@gmail.com,4812525723.0
15053,HS,sarvajanabathery@gmail.com,4936220109.0
18058,HS,ghssperintalmanna@gmail.com,4933226085.0
22009,HS,snghskanimangalam@gmail.com,4872249125.0
37017,HS,knmghs@gmail.com,4692678910.0
21062,HS,cfdhs@yahoo.in,9495658015.0
21005,HS,sjhs323@gmail.com,4922266323.0
24060,HS,hschentrappinni630@gmail.com,4802877630.0
39018,HS,gghsktra@rediffmail.com,4742454672.0
19034,HS,hmkdcy@gmail.com,4942687606.0
45029,HS,stxaviersvhs@yahoo.in,4829242759.0
15081,HS,ghskottathara@gmail.com,4936284390.0
12066,HS,12066perumbatta@gmail.com,4672253954.0
41018,HS,41018kollam@gmail.com,4762620260.0
11033,HS,11033angadimoger@gmail.com,4998246100.0
38042,HS,stmarysghskzy@gmail.com,4682312126.0
14031,HS,namhss@gmail.com,4902395777.0
48148,HS,vbvnchungathara@gmail.com,4931205300.0
22022,HS,stthomashsthiroor@gmail.com,4872200730.0
39007,HS,vhssarkannoor@yahoo.in,4752292332.0
28024,HS,mtmhs28024@gmail.com,4852272221.0
33071,HS,stthomassouthpampady@gmail.com,4812504027.0
38004,HS,stmarysmmghs@gmail.com,4734226872.0
43026,HS,ghssree@gmail.com,4712591194.0
13093,HS,ghssvayakkara@gmail.com,9496732812.0
44020,HS,govthsspoovachal44020@gmail.com,4722895960.0
46032,HS,dmhschennamkary@gmail.com,4772724260.0
34029,HS,34029alappuzha@gmail.com,4782563972.0
50004,HS,csihssphmanakala@gmail.com,4734230461.0
33034,HS,gmvhssnattakom@gmail.com,4812360005.0
30041,HS,sdaemhsndkm@gmail.com,4868232121.0
28029,HS,assisimvpa@gmail.com,4852835860.0
26002,HS,smhs26002@gmail.com,4842249970.0
42016,HS,edavamrmkmmhss@gmail.com,4702660721.0
42021,HS,ghsavanavanchery@gmail.com,4702632163.0
21093,HS,kalladihighschool@gmail.com,4924222765.0
41047,HS,41047klm@gmail.com,4742580324.0
27008,HS,gvhssodakkali@yahoo.in,4842658061.0
47101,HS,ijemsthiruvampady@gmail.com,4952253031.0
41046,HS,41046kollam@gmail.com,4742585062.0
18089,HS,arimbragvhss@gmail.com,4832773360.0
16011,HS,vadakara16011@gmail.com,4962512272.0
21033,HS,mvhspdgm@gmail.com,4923252557.0
39048,HS,svmhs39048@gmail.com,2417070.0
34009,HS,34009alappuzha@gmail.com,9496466210.0
21025,HS,ayalursmhs@gmail.com,4923242449.0
31061,HS,kadaplamattomhs@gmail.com,4822252047.0
37026,HS,marthomakuriannoor@gmail.com,4692672358.0
25077,HS,hm@rmhss.org,4842731109.0
33059,HS,hmstmaryshs@gmail.com,4812370912.0
15088,HS,ghskurumbala@gmail.com,4936273578.0
33065,HS,amritahsktm@rediffmail.com,4812341823.0
28013,HS,bappuji28013@yahoo.com,4852252103.0
15064,HS,hmgthsedathana@gmail.com,4935299878.0
28044,HS,anicadu28044@rocketmail.com,4852832937.0
20016,HS,ghsspattambi@gmail.com,4662213975.0
39062,HS,hsmannady@yahoo.com,4734222354.0
43012,HS,stmichaelshskdm@gmail.com,4712428668.0
25124,HS,ssanjoschool@yahoo.com,8086116178.0
32048,HS,stghsndkm@gmail.com,4812415152.0
50069,HS,latheefiyaullanam@gmail.com,4942410238.0
16081,HS,icsschoolkoyilandy@gmail.com,4962960967.0
21909,HS,ghsthenari@gmail.com,4912584684.0
28019,HS,mrsvhs@yahoo.in,4842768666.0
47123,HS,ansarkpoyil@gmail.com,8943200511.0
21103,HS,gthssholayur@gmail.com,8075551267.0
13122,HS,donboscohi@gmail.com,4602223230.0
37051,HS,nsshsvaipur@gmail.com,4692687746.0
26075,HS,kpmvhsspoothotta@gmail.com,4842792115.0
17091,HS,hihssclt@gmail.com,4952366922.0
13053,HS,sjhs13053@gmail.com,4602213545.0
12025,HS,12025nileshwarrhshm@gmail.com,4672280480.0
29504,HS,thssthodupuzha@ihrd.ac.in,4862255755.0
28033,HS,28033gmhsspalakuzha@gmail.com,4852252133.0
41052,HS,ghsspallimon@gmail.com,4742565566.0
21044,HS,skhs21044@gmail.com,4923282272.0
41057,HS,41057kollam@gmail.com,4742793813.0
19090,HS,mahsskodinhi@yahoo.com,4942481185.0
48139,HS,ghskappu@gmail.com,4933246384.0
39051,HS,sgvhsschowalloor@gmail.com,4742483040.0
13026,HS,ghskoyyam@gmail.com,9495900612.0
39038,HS,ghspattazhi@gmail.com,4752399124.0
33069,HS,govtmdm@gmail.com,4812555825.0
36062,HS,lmhsvenmony@gmail.com,4792352225.0
18125,HS,akmhskottoor@gmail.com,4832744381.0
50061,HS,ichs.tanur@gmail.com,4942442786.0
19017,HS,nssemhstirur@gmail.com,4943578453.0
30060,HS,sjhsupputhode@gmail.com,4862230056.0
40029,HS,ghsaylara@gmail.com,4752202320.0
18006,HS,ghssthadathilparamba@gmail.com,4832830482.0
18017,HS,ghssirumbuzhi@gmail.com,4832949307.0
39052,HS,ghssvakka@gmail.com,4742499577.0
30022,HS,gvhssandttikumily@gmail.com,4869222175.0
50007,HS,hssneerpara@gmail.com,4829273149.0
19020,HS,girlshsstirur@gmail.com,4942422140.0
15019,HS,hmghssthariode@gmail.com,4936250564.0
48035,HS,gmvhssnbr@gmail.com,4931223140.0
37019,HS,ghskallooppara@gmail.com,4692678200.0
25087,HS,mamhssputhencruz@gmail.com,4842730085.0
15022,HS,myschoolskmj@gmail.com,4936202576.0
32040,HS,kply32040@yahoo.co.in,4812487894.0
33066,HS,cmspallom10@gmail.com,4812430461.0
15018,HS,hmghsskakkavayal@gmail.com,4936247480.0
43005,HS,mbhs.kpm@gmail.com,4712750648.0
43258,HS,lfcs.tvm@gmail.com,4712390646.0
21035,HS,gmvhss@gmail.com,9497630488.0
42001,HS,snvhsanad@gmail.com,9497633906.0
17113,HS,mail@svmkottooli.org,4952742350.0
33060,HS,ghssareeparampu@gmail.com,4812700300.0
48137,HS,ghsvettilappara@gmail.com,4832759410.0
13009,HS,gchsskannur3@gmail.com,4972731094.0
12015,HS,12015jhsschithari@gmail.com,4672267484.0
40008,HS,40008gdhs@gmail.com,4752371222.0
14043,HS,pgmhsc@gmail.com,4902304640.0
41014,HS,41014gghschavara@gmail.com,4762682963.0
35018,HS,35018alappuzha@gmail.com,4772272081.0
11007,HS,11007saths@gmail.com,4998273475.0
42539,HS,amalagiribethany@gmail.com,8530120699.0
40026,HS,mthscpta@gmail.com,9946996731.0
26007,HS,stmarys1889@gmail.com,4842215262.0
47114,HS,darurrahmahstld@gmail.com,4952271153.0
18068,HS,iohsedv@gmail.com,4832701005.0
32020,HS,kply32020@gmail.com,4828230256.0
23078,HS,ghspullut@yahoo.com,4802803818.0
33078,HS,jmhssvakathanam@gmail.com,4812462356.0
11054,HS,11054kundamkuzhy@gmail.com,4994210456.0
18751,HS,aliyaemhs@gmail.com,9847887616.0
39031,HS,stthomashspunnakode@gmail.com,9946251390.0
46023,HS,hsbbmhs@gmail.com,9745800840.0
35502,HS,gthskavalam@gmail.com,4772748069.0
35501,HS,35501alappuzha@gmail.com,4792415181.0
43006,HS,mghs.kpm@gmail.com,4712750925.0
25021,HS,cm.hs.school@gmail.com,8289945320.0
43010,HS,pallithurahss@gmail.com,2706404.0
45017,HS,kmhsmevelloor12@gmail.com,4829257113.0
19082,HS,crhssvelimukku@gmail.com,9895094138.0
19125,HS,metkolamangalam@gmail.com,9207638731.0
50023,HS,csivhsvalakom@gmail.com,4742470468.0
42056,HS,dbhsvpm@gmail.com,4702836138.0
37050,HS,muthoornsshs@gmail.com,4692702515.0
44927,HS,sisterlali@yahoo.co.in,4712234262.0
48119,HS,maohselr@gmail.com,4832797200.0
44021,HS,gvhssntak@gmail.com,4712210088.0
39026,HS,ksmvhssprincipal@yahoo.co.in,4742620539.0
38026,HS,sndphsedappariyaram@gmail.com,4682362391.0
24085,HS,idcschool@yahoo.com,4872508895.0
48104,HS,unityhsswdr@gmail.com,7510247940.0
21128,HS,ghsmeenakshipuram@gmail.com,9447041533.0
42052,HS,gvhssvakkom@gmail.com,4702653771.0
19024,HS,ghsskttg@gmail.com,4942441085.0
19103,HS,ahmhsvettom@gmail.com,8943631433.0
18143,HS,blossomschoolmji@gmail.com,9895277499.0
13104,HS,peringome13104@gmail.com,4985236882.0
16007,HS,vadakara16007@gmail.com,9495588910.0
17058,HS,pvseranhikkal@gmail.com,4952462763.0
14020,HS,ghssmambram@gmail.com,4902362477.0
13099,HS,stmaryspnr@gmail.com,4985202163.0
24045,HS,rahmathschool@gmail.com,7034850084.0
41002,HS,41002klm@gmail.com,9495389832.0
40048,HS,ghsnettayam@gmail.com,4752272045.0
42025,HS,ghsskilimanoor.kmr@gmail.com,4702673055.0
19119,HS,ghspnm@gmail.com,4942588686.0
41036,HS,41036thazhavagirls@gmail.com,4762662398.0
18156,HS,mmshskozhinhil@gmail.com,9847402379.0
22003,HS,cnnghscherpu@gmail.com,4872347888.0
45027,HS,smvnsshsskallara@gmail.com,4829290573.0
16002,HS,vadakara16002@gmail.com,4962522020.0
36037,HS,36037alappuzha@gmail.com,4792386293.0
13033,HS,gbvhssmadayi@gmail.com,4972870757.0
42053,HS,sivagirihss@gmail.com,4702603010.0
14037,HS,sjhsa82@gmail.com,4902414225.0
44025,HS,stxaviershss44025@gmail.com,4712289098.0
41100,HS,41100kollam@gmail.com,4762694281.0
41097,HS,41097kollam@gmail.com,4742711200.0
34007,HS,34007alappuzha@gmail.com,4782861501.0
34034,HS,34034alappuzha@gmail.com,4782963529.0
32003,HS,kply32003@yahoo.co.in,4822272069.0
41051,HS,41051kollam@gmail.com,4762833850.0
23044,HS,lfchsskoratty@yahoo.com,4802733441.0
12016,HS,12016ghskuniya@gmail.com,4672234480.0
48099,HS,nhsnarokkavu@gmail.com,4931287016.0
29029,HSE,6078sghssk@gmail.com,04862224905
30025,HSE,cpmprincipal@gmail.com,04869232250
23058,HSE,stantonyshsspudukad@rediffmail.com,04802755242
13052,HSE,naduvilhss@gmail.com,04602250333
25073,HSE,ghsssvazhakulam@gmail.com,04842679258
22065,HSE,ancheryschool@gmail.com,0487-2250145
23046,HSE,stantonyshssmala@gmail.com,04802897717
31064,HSE,principalghssedakkoly@gmail.com,04822262701
26027,HSE,santacruz_hss@yahoo.com,0484-2493714
25096,HSE,kmeahss@yahoo.com,0484-2411374
23053,HSE,sreekrishnahss@gmail.com,04802881498
21080,HSE,dbhss9140@gmail.com,04924243000
21110,HSE,mestpublichsskarimpara@gmail.com,04923322791
22050,HSE,stthomaschss@rediffmail.com,04872420785
25013,HSE,alwaye_settlement@yahoo.co.in,0484-2604429
24064,HSE,gfvhsskpm@rediffmail.com,04802642987
22012,HSE,principalghssksu@gmail.com,04872630669
45052,HSE,depaulhss@ymail.com,04822230371
21038,HSE,perumatty_96@rediff.com,04923200067
14062,HSE,knhsskariyad@gmail.com,04902394642
29014,HSE,06022smhss@gmail.com,04862253089
24021,HSE,stthomashssmayannur@gmail.com,04884285185
16060,HSE,rahmaniyaayanchery1513@gmail.com,04962591513
36024,HSE,mattomstjohns@yahoo.com,04792344448
17010,HSE,ghssnadakkaveprincipal@gmail.com,04952367666
36013,HSE,ghsschunakara04018@gmail.com,04792377999
24061,HSE,vpmsndpschoolkazhimbram@rediffmail.com,04802836285
47080,HSE,recghsskkd@gmail.com,04952288240
13012,HSE,ghsspallikunnu13011@gmail.com,04972747430
11063,HSE,14077hydrosekalanad@gmail.com,04672265092
34031,HSE,scugvhssp@gmail.com,04782595399
12039,HSE,gfhsschervathur@gmail.com,04672262945
11002,HSE,ghssksd@gmail.com,04994231576
13076,HSE,gvhsspariyaram@gmail.com,04972808760
46024,HSE,smhssckm@gmail.com,0477-2736708
36025,HSE,govt.boys.hss.mavelikkara@gmail.com,04792341063
31038,HSE,nsshsskidangoor@gmail.com,04822254180
13017,HSE,azhikodehss@gmail.com,04972771049
13082,HSE,aksghssmalappattam@gmail.com,04602236285
34016,HSE,abvhssmuhamma@gmail.com,04782862194
31048,HSE,school.mangalam43@gmail.com,0481-2537945
16039,HSE,10055ihss@gmail.com,04962440460
12005,HSE,14034lfghsskanhangad@gmail.com,04672204411
32046,HSE,sjbhssnedumkunnam@gmail.com,04812486500
23075,HSE,snvvhssaloor@gmail.com,04802720340
28030,HSE,7209ghssmarady@gmail.com,04852832948
14034,HSE,ksanthomehss@yahoo.com,04902447699
12023,HSE,pghssbalanthode@gmail.com,04672229350
12010,HSE,ametrust@gmail.com,04672233700
17086,HSE,cmmhss@gmail.com,04952853837
37001,HSE,ammhss12@gmail.com,04682319423
20019,HSE,prinvdks@gmail.com,04662234671
17048,HSE,jdtihssa@gmail.com,04952730900
35046,HSE,bbghssngra@gmail.com,04793249692
47064,HSE,ghsskoduvally@yahoo.com,04952214999
17002,HSE,gghsskallai10106@gmail.com,04952326292
31080,HSE,sjhssvilakkumadom@gmail.com,04822225296
13074,HSE,shhsspayyavoor1@gmail.com,04602-210860
30029,HSE,cheenthalarhss6031@gmail.com,04869246788
13027,HSE,chuzhalihss@gmail.com,04602262233
21042,HSE,principalvijayamatha@gmail.com,04923222465
30050,HSE,06034sxhsschemmannar@gmail.com,04868-238794
24025,HSE,stjoseph.stcyrils@yahoo.com,04885274190
11061,HSE,11061dhakeerath@gmail.com,04994222329
33009,HSE,sb5056@gmail.com,04812421347
26045,HSE,prghssmlty@gmail.com,04842741045
21032,HSE,ghssmmda@gmail.com,04923275888
29019,HSE,manakkadnsshss@gmail.com,04862202226
16051,HSE,svahssnaduvathur@gmail.com,04962696855
31073,HSE,5045cmshss@gmail.com,04822220777
38024,HSE,govthssmancode@gmail.com,04752379500
36063,HSE,ghss04017@gmail.com,04792468381
11031,HSE,14101ghsspandi@gmail.com,04994270510
14030,HSE,ramavilasam@gmail.com,04902338986
21122,HSE,ashramamhss@gmail.com,04912815894
20012,HSE,parudurhss@gmail.com,04662238481
14009,HSE,chirakkara.ghss@gmail.com,04902344214
25075,HSE,fmcthsskarumalloor@gmail.com,04842671640
38088,HSE,tmghssperinganad@gmail.com,04734230861
26072,HSE,gghss.tripunithura@gmail.com,04842778975
35001,HSE,principalsdvbhss@gmail.com,04772230221
27026,HSE,ststephenshsskeerampara@gmail.com,04852572537
47026,HSE,stgeorgevelamcodehss@gmail.com,04952236830
24068,HSE,kamalanehru8090@gmail.com,04872290064
14050,HSE,sivapuramhss@gmail.com,04902400413
13057,HSE,anjarakandyhss13059@gmail.com,04972855133
25499,HSE,clarehssmkm@gmail.com,0484-2460752
38099,HSE,nariyapuramhss@gmail.com,0468-2351948
13078,HSE,ghsskpba@gmail.com,04972796698
11034,HSE,principalghsspadre@gmail.com,04998266818
30038,HSE,govthssankkara@gmail.com,04868283884
47071,HSE,holyfamily040hss@gmail.com,04952270591
26010,HSE,hssofjesuskothad@gmail.com,0484-2430905
37034,HSE,ksghss2010@gmail.com,04692711602
33079,HSE,mgemschool@yahoo.com,0481-2462580
13097,HSE,ghss13037@gmail.com,04985266300
26074,HSE,sndp07036@gmail.com,04842794080
17015,HSE,karaprincipal@gmail.com,04952385850
13025,HSE,tagoreghss09@gmail.com,04602202120
13117,HSE,sirsyedhss@gmail.com,04602200803
23011,HSE,stjosephshssmeloor@gmail.com,0480-2739700
21056,HSE,kannadihss1998@gmail.com,04912534811
26089,HSE,hihssedavanakad@gmail.com,04842507037
33051,HSE,ghsskumarakom@gmail.com,04812524228
30008,HSE,principaldevikulam@gmail.com,04865264351
11006,HSE,gvhssksd14041@gmail.com,04994220110
24015,HSE,bcghs_hm@yahoo.co.in,04885-224806
20043,HSE,ghsscpy@gmail.com,04662280680
16079,HSE,principalcrescenthss@gmail.com,04962560300
28005,HSE,hmhss@gmail.com,04852835239
25112,HSE,stannseloor@yahoo.co.in,0484-2541144
23055,HSE,stgeorgeshsspariyaram@gmail.com,04802746334
20058,HSE,iesehss@gmail.com,0466-2272935
12051,HSE,st.judeshssvellarikundu@gmail.com,04672242588
38019,HSE,ghsskaipattoor@gmail.com,04682350548
22053,HSE,holyfamilyconventhss@gmail.com,04872332661
26026,HSE,stmaryshssvallarpadam@gmail.com,04842750206
37004,HSE,govthssthottakonam@gmail.com,04734-253786
35007,HSE,mbhss123@gmail.com,04772238270
31058,HSE,ollhssuzhavoor@gmail.com,04822241046
26082,HSE,duhss07071@gmail.com,04842363817
29050,HSE,ghssmuttom@gmail.com,04862255399
14003,HSE,gghss13111@gmail.com,04902325535
21048,HSE,kozhippara.ghss@gmail.com,04923-235868
35020,HSE,snmhss_04045_purakkad@yahoo.co.in,04772272743
33017,HSE,sahss@rediffmail.com,04812704959
30026,HSE,mariagiriemhss@yahoo.com,04869232069
25057,HSE,principalghssmuppathadam@gmail.com,04842543993
27050,HSE,sjhss2015@gmail.com,04842617954
35048,HSE,4122hss@gmail.com,04792411471
28050,HSE,28050gaemhss@gmail.com,04842653611
13105,HSE,principalavsghss@gmail.com,04985263900
14044,HSE,pattiamghss@gmail.com,04902364338
14024,HSE,hsskolayad@gmail.com,0490232302
16048,HSE,gmhsskoyilandi@gmail.com,0496-2621733
28049,HSE,sphssveliyanad@gmail.com,04842747005
38001,HSE,principalgovtboysadoor@gmail.com,04734-223540
25046,HSE,marcoorilosemhss@gmail.com,04842689444
23023,HSE,stmaryshssijk@gmail.com,04802822955
20048,HSE,karimpuzhahss@gmail.com,0466-2366202
17005,HSE,10097ghssavtm@gmail.com,0495-2332026
32065,HSE,kply5007@yahoo.com,04828226312
22020,HSE,nssemhsstsr@rediff.com,0487-2381942
31047,HSE,boysettumanoor@yahoo.co.in,04812535491
34008,HSE,holyfamilykattoor@gmail.com,04772248366
22031,HSE,staloysiushsselthuruth@gmail.com,04872365511
21113,HSE,carmelhighschool@ymail.com,04924256411
32031,HSE,akjmschool@gmail.com,04828202566
17009,HSE,nsshssmeenchanda@gmail.com,04952320187
45001,HSE,stmichaelshss5078@gmail.com,04829278224
30068,HSE,amaravathyghss@gmail.com,04869223858
13086,HSE,gvhsskmr@gmail.com,04602224701
24027,HSE,focusislamic@gmail.com,04872530221
32015,HSE,stmarysteekoy@yahoo.com,04822280989
11058,HSE,11058namhs@gmail.com,04994256137
22011,HSE,ghssmanalur@gmail.com,04872634150
13041,HSE,parassinikadavuhss@gmail.com,0497-2784450
29039,HSE,sndphssadimali@gmail.com,04864225974
38105,HSE,ghssthengamam@gmail.com,04734288880
20040,HSE,fmhssk@gmail.com,04924234434
14036,HSE,chm13147@gmail.com,04902405221
45016,HSE,hssblm2013@gmail.com,04829273264
23024,HSE,nationalijk@gmail.com,04802821248
45053,HSE,principalvbsn@gmail.com,04829264888
29060,HSE,6066ghss@gmail.com,04865285888
12036,HSE,ghssst14042@gmail.com,04672211214
11066,HSE,11066muhimmath@gmail.com,04998247313
13030,HSE,chmksghssmattool@gmail.com,04972844499
26065,HSE,ghssedappallynorth@yahoo.in,0484-2801988
28039,HSE,ijhss28039@gmail.com,04852263233
26068,HSE,ccplmaihss@yahoo.com,04842358491
22034,HSE,cmshssthrissur@gmail.com,04872327455
38089,HSE,ghssmaroor@gmail.com,04734275373
30047,HSE,principalhsskoottar1@gmail.com,04868-279817
24081,HSE,sntrusthssnattika@yahoo.co.in,04872402012
23039,HSE,chembuchiraghss@gmail.com,04802780300
14053,HSE,smhssedoor@gmail.com,04902451666
33032,HSE,kiliroorsndp@yahoo.com,0481-2382124
50012,HSE,ashabhavanhss2010@gmail.com,04872354221
27009,HSE,principal7064@gmail.com,04842699242
47037,HSE,sthsskoorachundu@gmail.com,04962661760
31075,HSE,sahssplassanal@gmail.com,04822276115
47110,HSE,hssnochad@gmail.com,04962242575
13046,HSE,hssmarygiri@gmail.com,04602284270
32041,HSE,stgeorgehssmanimala@gmail.com,04828-248062
35041,HSE,ghssmangalam@gmail.com,04792480490
14002,HSE,sacredhearthss1@gmail.com,04902321720
22019,HSE,ghss_aylt_08034@yahoo.in,0487-2363437
45045,HSE,ghsskadappoor@gmail.com,0481-2532944
23054,HSE,principal8028@gmail.com,04802757086
12013,HSE,udma.higher@gmail.com,04672265433
21020,HSE,kunisseryghss@gmail.com,04922235700
32024,HSE,stshss@gmail.com,04828212379
35059,HSE,princpalghss04113@gmail.com,04792319550
11010,HSE,14095miyapadav@gmail.com,04998252612
13021,HSE,rajashsschirakkal@gmail.com,04972779472
33044,HSE,shmounthss@gmail.com,04812312016
21094,HSE,kahhss9128@gmail.com,04924262033
28004,HSE,gmhssmvpa@gmail.com,04852833778
27044,HSE,mehss_07039_kottappady@yahoo.co.in,04852842888
24033,HSE,gmbhsswadakkanchery@yahoo.in,04884235321
24066,HSE,principalmanathala@gmail.com,04872509044
36066,HSE,ghss4014@gmail.com,04792429141
35055,HSE,35055alappuzha@gmail.com,04772258118
38107,HSE,mrspta@yahoo.in,04735251153
17006,HSE,pkvhss2014@gmail.com,04952430102
33013,HSE,stannesghsschy@gmail.com,04812412647
20035,HSE,principalghssotp@gmail.com,04662248373
27021,HSE,principalmbhss@gmail.com,04852862862
35044,HSE,04073hssmklm@gmail.com,04792475588
24080,HSE,ghsskadikkad@gmail.com,04872546785
25027,HSE,ghssmknr@gmail.com,04842614249
30027,HSE,elapparaphss@gmail.com,04869242230
46063,HSE,lmhss04049@gmail.com,04772210740
12021,HSE,14080kottodi@gmail.com,04672224699
38055,HSE,mthsspta@gmail.com,04682271290
23047,HSE,stantonyshssmkd10@gmail.com,04802887864
21070,HSE,mhssparali@gmail.com,0491-2858422
28001,HSE,nirmala28001@gmail.com,0485-2832489
37039,HSE,pmvperingara@yahoo.com,0469-2605422
25098,HSE,mgmghss7013@gmail.com,04842611027
36011,HSE,hssctk2014@gmail.com,04792348013
21054,HSE,gmmghsspkd@yahoo.in,04912547737
21001,HSE,cghssvdy@gmail.com,04922255503
33046,HSE,stannesktm@yahoo.in,04812562251
12053,HSE,ghssmalothkasba14010@gmail.com,04672247418
17100,HSE,ghssk10137@gmail.com,04952392399
21021,HSE,vimhsspallassana@gmail.com,04923268351
20008,HSE,hssp09141@gmail.com,04662370144
24004,HSE,panjalghss@gmail.com,04884274700
33021,HSE,ihss@live.in,04812322775
36065,HSE,principalghssrpm@gmail.com,04792476075
45034,HSE,emmanuelskothanalloor@gmail.com,04829243665
13040,HSE,hss13005@gmail.com,04972782700
26019,HSE,scgvhss@gmail.com,0484-2223230
23043,HSE,pshss8210@gmail.com,04802732811
47022,HSE,hssnanminda@gmail.com,04952857870
20009,HSE,ghsschathanur9014@gmail.com,04662258700
29051,HSE,ghss6057@gmail.com,04868261249
37052,HSE,mrslbvghss3076@gmail.com,04692686598
21012,HSE,principal9091@gmail.com,04922223754
25093,HSE,mahssthuravoor@gmail.com,04842617868
22063,HSE,str2000cghssollur@gmail.com,0487-2351510
12035,HSE,12035mettammal@gmail.com,04672212125
25059,HSE,ghsspukavu@gmail.com,04842441886
13063,HSE,principalskpm@gmail.com,04602232122
47068,HSE,chennamangallurhss_10044@yahoo.com,04952297549
24006,HSE,nsshssmka@gmail.com,04884273033
26071,HSE,principal7031@gmail.com,0484-2785015
38027,HSE,gvhsselanthoor@yahoo.in,04682362082
46062,HSE,sahssedathua@gmail.com,04772210606
16080,HSE,velliyodeprincipal10030@gmail.com,04962562928
26066,HSE,ghssvennala@yahoo.com,04842809266
21022,HSE,principalmnkm@rediffmail.com,04922244082
12009,HSE,ghssperiya@gmail.com,04672233777
32004,HSE,amhsskty@gmail.com,04828235273
20025,HSE,lsnghss2011.otp@gmail.com,04662344450
21091,HSE,www.arogyamathahss@gmail.com,04924-254228
11039,HSE,14107neerchal@gmail.com,04998284191
30052,HSE,sthsstky@gmail.com,04868275643
17030,HSE,princegbhss@gmail.com,04952742382
14056,HSE,ss13065@gmail.com,04902455900
34024,HSE,cherthalagghss6@gmail.com,04782820946
23076,HSE,uhssannanad@gmail.com,04802717800
31077,HSE,05043bhmhss@gmail.com,04822236566
16042,HSE,sihss10175kkd@gmail.com,04962572298
22026,HSE,ghssperingottukara8011@gmail.com,04872274136
38037,HSE,psvpmhss3042@gmail.com,04682242456
47098,HSE,ptmhsskdr@gmail.com,04952207866
34032,HSE,ghssthirunalloor4088@gmail.com,04782820938
20020,HSE,principalghssganeshgiri@gmail.com,0466-2225543
12045,HSE,hse14026@gmail.com,04672221444
38066,HSE,ghsskadumeenchira@gmail.com,04735-271677
20045,HSE,chsschalavara@gmail.com,04662289695
33005,HSE,nsshssperunnai@gmail.com,04812402450
12027,HSE,ghssmadikai@gmail.com,04672269669
11049,HSE,14047ghsspatla@gmail.com,04994241773
25042,HSE,stjosephhss2014@gmail.com,048426825355
35036,HSE,nsshsskaruvatta@gmail.com,0479-2491880
33068,HSE,pvs05012@gmail.com,04812507834
17019,HSE,gujarathividhyalayam@gmail.com,04952365614
26036,HSE,lmchsspachalam@yahoo.com,04844052976
38058,HSE,highsecomlr@gmail.com,04682322632
28026,HSE,smhssarakuzha@gmail.com,04852254014
11013,HSE,principalghssmangalpady@gmail.com,04998242998
13058,HSE,chss13157@gmail.com,04972852290
29034,HSE,sshssvazhithala@gmail.com,04862274300
17083,HSE,govthssmavoor@gmail.com,04952884855
13022,HSE,principalghsspuzhathi@gmail.com,04972749851
28010,HSE,stjohnsvadakara@gmail.com,0485-2252920
14849,HSE,aralamghss@gmail.com,04902451655
33052,HSE,govthsschengalam@gmail.com,04812526185
32030,HSE,principal05062@gmail.com,04828206948
25089,HSE,lilyhillvalley@gmail.com,0484-2577343
27034,HSE,ghssneriamangalam@yahoo.com,04852555363
46071,HSE,ghsstdy@gmail.com,04772210972
13061,HSE,principal13021@gmail.com,04972824699
13020,HSE,principalghssvlpm@gmail.com,04972779288
36053,HSE,nrpmhss@gmail.com,04792433000
23049,HSE,karalamschool@gmail.com,04802885250
21031,HSE,vmhssvadavannur@gmail.com,04923215639
28046,HSE,ghss7152@yahoo.in,04852274555
20047,HSE,9152ananganadihss@gmail.com,04662242616
21081,HSE,09018pottassery@gmail.com,04924239058
25108,HSE,vcshss_7041@rediffmail.com,0484-2487766
38030,HSE,krpmhss@gmail.com,04735258887
24032,HSE,ghsspampady@gmail.com,04884283455
17076,HSE,farookhss2@gmail.com,04952441670
25037,HSE,sndphssnlm@gmail.com,04842460260
36034,HSE,0321vhsschtra@gmail.com,04792370677
38025,HSE,principalsndphss@gmail.com,04682213751
14038,HSE,stthomashssklm@gmail.com,04902416670
26031,HSE,ghspanampilly@gmail.com,04842318816
47042,HSE,ghss10109@gmail.com,04952295228
22085,HSE,stjosephschooleravu@gmail.com,04872311450
12008,HSE,principalghsspallikkara@gmail.com,04672273300
32053,HSE,svrvnsshssvazhoor@gmail.com,04812456955
21111,HSE,inicprincipal@gmail.com,04924-237576
24052,HSE,stgeorgehss8220@gmail.com,04872681855
45046,HSE,govthssvayala@gmail.com,04822228860
13042,HSE,ghssaroli@gmail.com,04972787470
13094,HSE,principalmathamangalam@gmail.com,04985277175
21008,HSE,kavassery123@gmail.com,04922-224226
45009,HSE,gghss05010ktm@gmail.com,04829217703
36026,HSE,bishophodgeshss@gmail.com,04792340507
17074,HSE,akkrhss@yahoo.com,04952260216
33056,HSE,stephremsmnm@gmail.com,04812590849
16038,HSE,kkmghss@gmail.com,04962549100
25115,HSE,depaulemhss@gmail.com,04842455334
33045,HSE,baker_05034_ktm@yahoo.co.in,04812302504
30055,HSE,smhss6082@gmail.com,04862235321
16054,HSE,thiruvangoorhss10061@gmail.com,04962634500
30075,HSE,mrspeermade@gmail.com,04869233642
30077,HSE,ghsschinnakal@gmail.com,04868249543
21085,HSE,dhss.nellipuzha@gmail.com,04924223649
25038,HSE,principal07086@gmail.com,0484-2469111
30072,HSE,mrsmunnar@gmail.com,04865231209
13011,HSE,deenulislamsabha@gmail.com,04972731186
29017,HSE,stgeorge6023@gmail.com,04862235544
24037,HSE,ghssvaravoor@yahoo.com,04884277774
37056,HSE,scvhss3098@gmail.com,04692774099
38096,HSE,kulanadagphss@gmail.com,04734-261030
35011,HSE,35011alappuzha@gmail.com,04772267763
13090,HSE,chmhss@gmail.com,04985222985
35050,HSE,hss.thiruvampady4068@gmail.com,04772230043
27020,HSE,cgov.hss@gmail.com,04842640885
30501,HSE,thsspeermade@ihrd.ac.in,04869232899
21045,HSE,ranjeevrajappan@yahoo.com,04923-273338
29042,HSE,sghssparathode@gmail.com,04868261179
27039,HSE,ghsschathamattom@gmail.com,04852568106
24057,HSE,ghssthalikulam@gmail.com,04872607391
23018,HSE,ghssiranikkulam@gmail.com,0480-2778100
16041,HSE,ghssvalayam10014@gmail.com,04962461017
47099,HSE,mjhsselt@yahoo.com,04952201301
47061,HSE,markezhss@gmail.com,04952802060
36039,HSE,04100school@gmail.com,04734-250777
17049,HSE,principalngoghss@gmail.com,04952376170
27032,HSE,sjhsskavalangad@gmail.com,04852859449
23083,HSE,mrhsschalakudy@gmail.com,04802711516
31039,HSE,stmaryshsskidangoor@yahoo.com,04822257055
20041,HSE,ghssvellinezhi@gmail.com,04662285711
24043,HSE,appumasterhss@gmail.com,04872550321
31067,HSE,05042_sshsskadanad@live.com,04822248230
13024,HSE,moothedathhss@gmail.com,04602201586
27007,HSE,govtgirlshss@yahoo.in,04842529335
32035,HSE,smhss05100@gmail.com,04828204140
29040,HSE,fmghss6032@gmail.com,04864225113
16005,HSE,snhssvatakara@gmail.com,0496-2528340
25003,HSE,principalghssedathala@yahoo.com,0484-2836297
11014,HSE,ghssshiriya@gmail.com,04998240909
20021,HSE,sttheresehss@gmail.com,04662222789
37061,HSE,govthsskuttoor@gmail.com,04692616812
45051,HSE,smhsskvgd@yahoo.in,04822233240
17011,HSE,providence_hss@yahoo.in,04952762290
24083,HSE,concordehss@gmail.com,04885281871
23008,HSE,plustwoshcky@yahoo.in,04802704200
45020,HSE,ghsperuva05014@gmail.com,9446442904
14027,HSE,panoorprmhss@gmail.com,04902317750
12062,HSE,12062iemhss@gmail.com,0467-2272250
31088,HSE,sanvinpala@yahoo.com,04822212975
32008,HSE,05001ghssetpa@gmail.com,04822275558
21050,HSE,principalghsskjkd@gmail.com,04912567676
34021,HSE,04028vjhss.alappuzha@gmail.com,04782878555
47040,HSE,sacredhearthss@gmail.com,0495-2255696
13083,HSE,maryqueenshssm@gmail.com,04602219555
14005,HSE,bemphsstly@gmail.com,04902324531
29025,HSE,ghssthodupuzha@gmail.com,04862227705
27030,HSE,fjmhss07052@gmail.com,0485-2816464
30066,HSE,ghsskattappana@gmail.com,04868250015
24059,HSE,gfhss09@gmail.com,04872402388
16032,HSE,vadakara10177@gmail.com,04962550249
32011,HSE,murphyhss@gmail.com,04828-286777
23028,HSE,lbsm.avittathur@gmail.com,04802832344
17563,HSE,chsshkolathara@gmail.com,0495-2422201
31081,HSE,psahssmutholy@gmail.com,04822205020
47019,HSE,principalkayanna10011@gmail.com,04962659277
26020,HSE,gghss_07006mattancherry@yahoo.co.in,04842220099
16001,HSE,vadakara16001@gmail.com,04962522750
25014,HSE,ghss.eloor.aluva@gmail.com,04842556080
22024,HSE,nalandahss@gmail.com,04802870387
23041,HSE,vimalahssvellikulangara@yahoo.com,04802740605
16016,HSE,10113ghssavalakuttoth@gmail.com,04962765300
20046,HSE,principalghssm@gmail.com,04662382100
11045,HSE,principalghssbelluru@gmail.com,04994262955
25004,HSE,ghsskutmy@gmail.com,04842626980
12058,HSE,principal14015@gmail.com,04672279500
30028,HSE,ghssvagamon@gmail.com,04869248533
32013,HSE,smvhsspoonjar@gmail.com,04822276186
12057,HSE,14092ghssattenganam@gmail.com,04672279560
16046,HSE,gbhssk@ymail.com,0496-2624363
47066,HSE,mukkomhss2014@gmail.com,04952297550
14018,HSE,ghssedayannur@gmail.com,04902486601
25063,HSE,nsshssparakkadavu7084@gmail.com,04842470755
32051,HSE,govtvhssponkunnam@yahoo.com,04828223350
34011,HSE,04060principal@gmail.com,04782863651
25090,HSE,rajagirihss@gmail.com,04842911401
12014,HSE,iqbalhssajanur@gmail.com,04672207820
22083,HSE,ghssvilledom@gmail.com,04872693636
21055,HSE,pmghsspalakkad@gmail.com,0491-2504846
11053,HSE,principalchss@gmail.com,04994284881
20002,HSE,ghssvattenad@gmail.com,04662370084
13098,HSE,gghsspayyanur@gmail.com,04985229838
17038,HSE,malabarchristiancollegehsskozh@gmail.com,04952760961
21075,HSE,hssk9138@gmail.com,0491-2840088
20001,HSE,ghssplus2@gmail.com,04662255888
31065,HSE,stahssrpm@gmail.com,04822265104
27037,HSE,govthss7149@gmail.com,0485-2562006
33089,HSE,infantjesusbethanyschool@gmail.com,0481-2370474
25053,HSE,nsshss@gmail.com,0484-2462818
21123,HSE,ghsthenkara964@gmail.com,04924226964
24012,HSE,gmghss@gmail.com,04885212830
26046,HSE,hailmaryemhss@gmail.com,04842740229
22060,HSE,holyangels88@yahoo.com,04872352701
26084,HSE,stantonyshss305@gmail.com,04842363474
22070,HSE,hskannattupadam@gmail.com,04802760379
33037,HSE,principal_mds@yahoo.com,04812301533
23007,HSE,carmelhsschalakudy@yahoo.com,04802708706
12001,HSE,durgahss@gmail.com,04672206800
36051,HSE,04039msmhsskylm@gmail.com,04792442078
29052,HSE,principalgthsspgry@gmail.com,04862271900
19503,HSE,thssvattamkulam@ihrd.ac.in,04942681498
43014,HSE,girlshss1146@gmail.com,04722831400
34043,HSE,ghssthanneermukkom@gmail.com,04782584440
19018,HSE,govthssezhur@gmail.com,04942425151
47065,HSE,kmohighersecondary@gmail.com,0495-2210551
18029,HSE,rhssramanattukara@gmail.com,04832791969
18028,HSE,principal11140@gmail.com,04832865060
31040,HSE,hchsschpkl@gmail.com,04822269388
24009,HSE,pghsserumapetty@yahoo.com,04885264239
36007,HSE,stanneshsschengannur@gmail.com,04792450823
44042,HSE,slmshsscheruvarakonam@yahoo.in,0471-2201002
35062,HSE,4107alappuzha@gmail.com,04772268018
38081,HSE,ghsstkd3078@gmail.com,0468-2380990
26009,HSE,alfarookhiahss@gmail.com,04842431104
21097,HSE,mesktm@gmail.com,04924266237
25006,HSE,nivhss2008@gmail.com,04842677858
19014,HSE,gghssv11156@gmail.com,04942451977
40014,HSE,sabarigirihss@gmail.com,04752276904
12034,HSE,14104ghsstrikarpur@gmail.com,04672210123
20015,HSE,koppamghss@gmail.com,04662263666
20052,HSE,mmhss@eram.edu.in,04662263024
22072,HSE,aphss8162@gmail.com,04802750540
12043,HSE,14093kayyoorhss@gmail.com,04672230323
21088,HSE,mountcarmelhssjellippara@gmail.com,04924253514
25047,HSE,stpetershsskolenchery@gmail.com,04842765772
13092,HSE,ghss.mathil@gmail.com,04985283800
34001,HSE,stfrancisassisihssarthunkal@gmail.com,04782573971
12054,HSE,prncplkmbllr@gmail.com,04672220870
15021,HSE,ghssachoor14@gmail.com,04936255870
48090,HSE,ghss11131@gmail.com,04832858983
18057,HSE,pplpml@yahoo.in,04933269327
30023,HSE,nsphssputtady@gmail.com,04868288358
19061,HSE,kmhss11048@gmail.com,04942491717
41065,HSE,mvghssperoorklm@yahoo.com,0474-2714750
48081,HSE,thachinganadamhss@gmail.com,04832783722
43035,HSE,gmhssforgirlspattom@gmail.com,04712559615
12049,HSE,14078thayannur@gmail.com,04672216199
34028,HSE,04027tdhss.thuravoor@gmail.com,04782561580
23012,HSE,govthsskodungallur@gmail.com,04802802420
44046,HSE,vpsbhss@gmail.com,04712480231
24078,HSE,micalameenhsskechery@gmail.com,04885-240474
16033,HSE,rachss_katameri@yahoo.co.in,04962552311
21063,HSE,ghsskumarapuramay@gmail.com,0491-2576311
43088,HSE,cmghss@rediffmail.com,04712355360
19066,HSE,principal11152@gmail.com,04942620635
18064,HSE,tharakanhss@gmail.com,04933-258008
42066,HSE,gvhsskarakulam1033@gmail.com,0471-2371575
25069,HSE,gghss.nprvr@gmail.com,0484-2449656
21034,HSE,principalcahsspvmba@gmail.com,04923253924
38006,HSE,nsshssadoor@gmail.com,04734220908
19093,HSE,alfurqansanthivayal@gmail.com,04942467800
30012,HSE,ghsskallar6003@gmail.com,04868236987
12026,HSE,14091uppilikaighss@gmail.com,04672281070
29005,HSE,sjhsskmr@yahoo.com,04862261660
16004,HSE,sanskrits28@gmail.com,04962529187
23027,HSE,lfchssirinjalakuda@ymail.com,04802824331
28034,HSE,pezhakkappilly07154@yahoo.com,0485-2814958
11024,HSE,14012ghsscherkalacentral@gmail.com,04994282999
44016,HSE,vpmhssprincipal@gmail.com,04712242149
24082,HSE,jmjemhs@yahoo.com,04872202830
19026,HSE,dghsstanur11004@gmail.com,04942580360
39056,HSE,stjohnsschl@yahoo.co.in,04742522445
13080,HSE,govthssnedungome@gmail.com,04602266300
18066,HSE,mankadapallippuramghss@gmail.com,04933241700
29004,HSE,staughss@gmail.com,04862243365
20037,HSE,sabariptbshss@gmail.com,04662285461
39008,HSE,ghssthevannoor@gmail.com,04742671713
32019,HSE,stpaulshss2014@gmail.com,04822286316
13050,HSE,bvjmhss@gmail.com,0460-2280022
47089,HSE,mkhmmohss@gmail.com,04952299700
26044,HSE,ghssmaradu@gmail.com,04842706397
43024,HSE,ghsskulathoor1018@yahoo.co.in,04712412188
25050,HSE,ghsspoothrika@gmail.com,04842766782
11037,HSE,sshsssheni@gmail.com,9495905523
11026,HSE,principal14028barhss@gmail.com,04994250780
20024,HSE,trk9043@gmail.com,04662227774
41020,HSE,gfhss2021@gmail.com,04762895316
33087,HSE,mattakkarahss@gmail.com,04812545204
42058,HSE,gmhssvarkala.varkala@gmail.com,04702605588
13109,HSE,gmrhsskannurpattuvam@gmail.com,04602208854
43084,HSE,1023gmbhss@gmail.com,04712331797
16074,HSE,btmhsspayyoli@gmail.com,04962470474
44062,HSE,ghssmylachal01143@gmail.com,0471-2257800
44001,HSE,mvhssarumanoor@gmail.com,04712214376
25005,HSE,ghssmudikkal@gmail.com,04842521940
21059,HSE,bigbazarhss@gmail.com,04912504166
23070,HSE,stjosephs_hss_mathilakam@yahoo.com,04802848090
43017,HSE,principalghssaypra@gmail.com,04712719860
18094,HSE,smhss_11045@yahoo.com,04933-258525
26058,HSE,olcghspalluruthy@yahoo.in,04842220575
13065,HSE,devamathahss@gmail.com,04602239180
18027,HSE,ghss11002@gmail.com,04832780916
41104,HSE,SNTHSSCHATHANNOOR@GMAIL.COM,0474-2595770
21061,HSE,kanikkamatha@yahoo.co.in,04912542346
19074,HSE,ghss.athavanad@gmail.com,04942572002
35027,HSE,principalgmbhssharipad@gmail.com,04792415200
48132,HSE,mhss11302@gmail.com,04832124501
33038,HSE,vidyadhirajanattassery@gmail.com,04812312925
32050,HSE,ghssedakkunnam@gmail.com,04828-270056
35013,HSE,tdhssalpy20@yahoo.com,04772239738
40033,HSE,mmhssnilamel@gmail.com,0474-2433643
13081,HSE,ghssmorazha@gmail.com,04972782390
41041,HSE,mgdboyshskundara@gmail.com,04742522616
42067,HSE,hssiqbal@gmail.com,04722846543
47085,HSE,pulluramparasjhss@gmail.com,04952275161
18074,HSE,principalghsspang@gmail.com,04933-244492
22001,HSE,stantonyshssammadam@rocketmail.com,04872279700
32007,HSE,baseliosdevagiri42@yahoo.co.in,04812494453
43040,HSE,principalgghss1130@yahoo.in,04712438779
15049,HSE,stpetersmeenangadi@gmail.com,04936248942
42044,HSE,ghssvellanad@gmail.com,04722884532
32045,HSE,principalghss05029@yahoo.in,04828278165
24039,HSE,stjosephhsspavaratty@gmail.com,0487-2640282
41054,HSE,nsshssprakkulam@gmail.com,04742706100
25083,HSE,hmkphs@yahoo.in,04842696693
15076,HSE,ghssvaleri@gmail.com,04935277850
14017,HSE,ghssvd@gmail.com,0490-2350060
11016,HSE,principal14038@gmail.com,04998275300
30064,HSE,stmarys6025@yahoo.in,04868263511
48040,HSE,lfnbr2004@yahoo.in,04931223254
13085,HSE,13109kadannappally@gmail.com,04985277411
19099,HSE,nationalchemmad@gmail.com,"04942464190,"
14058,HSE,stjosephhsskunnoth@gmail.com,04902422547
48129,HSE,igmmrhss@gmail.com,04931224194
18138,HSE,ghsschullikode@gmail.com,04832757030
18079,HSE,kkmhss11243@gmail.com,04832728210
19036,HSE,moulanammhsskuttayi@gmail.com,0494-2630619
15060,HSE,principalghssanapara@gmail.com,04936266627
32009,HSE,mhss5083@gmail.com,04812495167
47060,HSE,khssplustwo@gmail.com,04952804132
22045,HSE,dbmannuthy@gmail.com,0487-2370853
14051,HSE,ghssmalur13107@gmail.com,04902400300
12052,HSE,14099balal@gmail.com,0467-2245683
35009,HSE,govtmuhammaden@gmail.com,04772238177
18111,HSE,najmulhudahss@gmail.com,"04832743900,"
37002,HSE,03049svgv@gmail.com,04682288440
19069,HSE,khmhssalathiyur2010@gmail.com,04942564177
23074,HSE,ghsschaipankuzhi08026@gmail.com,04802742385
42012,HSE,sr.elizabethcsischool@gmail.com,04702620010
35029,HSE,gghssharipad@gmail.com,04792414400
14010,HSE,ghsskavumbhagam13112@gmail.com,04902353485
23065,HSE,unionhssmambra@gmail.com,04802732320
15016,HSE,principalgmhssvellamunda@gmail.com,04935232370
42015,HSE,pnmspark@gmail.com,04702646366
21006,HSE,ghsskizcherry@gmail.com,04922-255565
14022,HSE,eknsghss@gmail.com,04902308590
41023,HSE,principalsivaram@gmail.com,04742716535
42035,HSE,ghssnjekkad01170@gmail.com,04702693747
19035,HSE,valancheryhss@gmail.com,04942645350
23002,HSE,stjosephsemhssaloor@yahoo.com,04802786025
16077,HSE,kmhsskottakkal@gmail.com,04962215200
19008,HSE,principal11006@gmail.com,04942463461
16010,HSE,memundahss10054@gmail.com,04962528965
14060,HSE,hssangadikadavu@gmail.com,04902426211
21104,HSE,meshssmannarkkad@yahoo.co.in,04924223399
42077,HSE,ssmhssmudapuram@gmail.com,04702642663
23045,HSE,stmarys08064@rediffmail.com,04802789300
36008,HSE,mbhss12@gmail.com,04792324423
26502,HSE,thsskaloor@ihrd.ac.in,04842347132
34004,HSE,staugustineshss@gmail.com,0478-2873787
47090,HSE,mgmhssengapuzha@gmail.com,04952235035
26035,HSE,gghssekm@gmail.com,04842377774
12012,HSE,14065kalliot@gmail.com,04672244540
19077,HSE,principalputhu@gmail.com,04832751598
20018,HSE,09084ghsschundambatta@gmail.com,0466262033
39002,HSE,drctemhsssasthamcotta@yahoo.com,04762832106
48001,HSE,principalghssard@gmail.com,04832851344
44049,HSE,principalsudhir@gmail.com,0471-2480425
25103,HSE,ghss7164@gmail.com,04842509266
12002,HSE,srmghss@gmail.com,9495806375
17012,HSE,stvincenthss@gmail.com,04952772634
41030,HSE,ghsskoikkal@gmail.com,04742732898
25068,HSE,snhssnpr@gmail.com,0484-2447969
32038,HSE,knsshss@gmail.com,04812485039
12011,HSE,14090pakkam@gmail.com,04672275377
21023,HSE,cvmhssvandazhy@gmail.com,04922261455
15017,HSE,principalwohss@gmail.com,04936251400
33028,HSE,nsskarapuzha@gmail.com,04812304232
21078,HSE,principalcbkmhss@gmail.com,04912556636
42018,HSE,hsskappil@gmail.com,04702664200
38015,HSE,sndphss.mkm@gmail.com,04682259292
16040,HSE,principal_10024@hotmail.com,04962556456
42061,HSE,1020tholicode@gmail.com,04722879595
48053,HSE,dnhsskvk@gmail.com,04931280018
43087,HSE,amhss.1088@gmail.com,04712357479
43030,HSE,sthsstvm@gmail.com,04712511110
42065,HSE,01150.tmala@gmail.com,04702648033
18082,HSE,chmhsspkr@gmail.com,04832820373
14012,HSE,13010ghsspalayad@gmail.com,04902346744
19030,HSE,principal11063@gmail.comcom,0494-2440224
48055,HSE,rmhssmelatur@gmail.com,04933278739
47045,HSE,fmhsskoombara@gmail.com,04952277140
30033,HSE,mbhss124@gmail.com,04868245283
26025,HSE,principal7004@gmail.com,04842494980
25074,HSE,principal7148@gmail.com,04842679257
33030,HSE,ghsskarapuzha@yahoo.in,04812304231
14023,HSE,principalcghss@gmail.com,04902381111
35014,HSE,govtghssalp@gmail.com,047722239325
48048,HSE,ghssporurmlpm@gmail.com,04931248150
39030,HSE,smhss2043@gmail.com,0474-2465666
44013,HSE,stchryshss@gmail.com,04712265250
11055,HSE,principalghssbp@yahoo.com,04994207420
15063,HSE,rgmrhss@gmail.com,04936270139
11042,HSE,adhurhss@gmail.com,04994261700
21067,HSE,highersec.akathethara@gmail.com,04912552223
47058,HSE,ghsskltr@gmail.com,04952456290
28025,HSE,ghss.pampakuda@gmail.com,04852272605
17077,HSE,venernihss@gmail.com,04952440608
24058,HSE,ghssvatanappally@gmail.com,04872606625
19044,HSE,avhssponani@gmail.com,04942665006
18008,HSE,gvhsskondottymlp@gmail.com,04832712247
24029,HSE,8112tmhss@gmail.com,04885289862
24044,HSE,principalchavakkad@gmail.com,04872558560
36016,HSE,amritahss4031@gmail.com,04792371399
16036,HSE,hssarikkulam@gmail.com,04962696667
23013,HSE,govtghss@gmail.com,04802812580
40037,HSE,mmhssvilakudy@gmail.com,04752322800
26070,HSE,gbhss.tpra@gmail.com,04842775490
17093,HSE,ghss10117@gmail.com,04956417728
19045,HSE,ghsstkv@gmail.com,04942665560
38051,HSE,shhssmylapra@gmail.com,04682322245
44005,HSE,nkmghss1@gmail.com,0471-2233022
36048,HSE,sreevitobahss04081@gmail.com,04792447790
28012,HSE,hsskklm@gmail.com,04852252990
36035,HSE,vvhss.4042@gmail.com,04792384542
44063,HSE,ghsskeezharoor@gmail.com,0471-2278280
11020,HSE,kumblaghss@gmail.com,04998216900
29037,HSE,ghssktny@gmail.com,04865266473
20669,HSE,gvhssdeaf@gmail.com,04662244366
22061,HSE,avinisseryhss@gmail.com,04872350135
39013,HSE,gpvhspklmktr@gmail.com,04742453125
43086,HSE,carmelschooltvm@asianetindia.com,04712336025
43045,HSE,rkdnss@gmail.com,04712725714
34022,HSE,principal04009@gmail.com,0478-2513200
18101,HSE,principal@islahiyaschool.com,0483-2736795
43070,HSE,ghssk1022@gmail.com,04712457450
46049,HSE,dbhssthakazhy@gmail.com,04772275993
43016,HSE,prinlourdes@yahoo.co.in,04722585034
43027,HSE,stjohnsmodelhss@gmail.com,0471-2530776
40040,HSE,ghsspunnala@gmail.com,04752385111
36004,HSE,nsshsskurathikadu@gmail.com,04792328068
43031,HSE,hss.stgorettis@gmail.com,0471-2531178
19031,HSE,navamukundahss@gmail.com,04942601534
45054,HSE,principalsahsskurianad@gmail.com,04822232369
23020,HSE,hdpshss@gmail.com,04802844740
42017,HSE,edavalittleflower@gmail.com,0470-2660156
23079,HSE,ghss8127@yahoo.com,04802781877
18019,HSE,principalmkba@gmail.com,04933287378
22055,HSE,modelgirlsthrissur@gmail.com,04872320105
17024,HSE,ghsskuttichira@gmail.com,0495-2301302
13023,HSE,Seethisahibtpba@gmail.com,04602207211
34014,HSE,schoolmercy@gmail.com,04782875017
48076,HSE,ghssvtr11036@gmail.com,04933-245300
23001,HSE,rmhssaloor@gmail.com,04802789997
12050,HSE,hssparappa@gmail.com,04672254025
18098,HSE,crescentozr@gmail.com,04832756590
24077,HSE,icaehssvkd@gmail.com,04872540909
24040,HSE,masmhss@gmail.com,04872643990
14035,HSE,ghsspala13042@gmail.com,04902458567
16034,HSE,timnadapuram@gmail.com,04962550970
40003,HSE,hssjawahar@yahoo.com,04752292468
23021,HSE,gmbhssijk@gmail.com,04802830323
18062,HSE,duhssthootha@gmail.com,04933206400
33012,HSE,shhs_chry@yahoo.co.in,04812420534
13071,HSE,ghssulikkal13098@gmail.com,04602229942
33023,HSE,nsshsschingavanam@gmail.com,04812432208
20033,HSE,ghssmunnurcode@gmail.com,04662380310
18766,HSE,assisischool@gmail.com,
38014,HSE,govthss03077thumpamonnorth@gmail.com,04682256046
36046,HSE,stmaryshsskylm@yahoo.com,04792446601
19002,HSE,gmhsscucampus@gmail.com,04942404661
48038,HSE,pullangodeghss@gmail.com,04931257766
33033,HSE,cmshss5068@gmail.com,04812565740
42078,HSE,attingalsvemhss@gmail.com,0470-2624461
14008,HSE,mmhss2010@gmail.com,04902320601
26092,HSE,elamakkarahss@gmail.com,04842537071
42010,HSE,NAVABHARATHEMHSSATTINGAL@gmail.com,04702622877
43071,HSE,bmbeemahss@gmail.com,0471-2500075
25020,HSE,hgcghss@gmail.com,8281006412
21101,HSE,stpaulskollengode@gmail.com,04923262308
22064,HSE,stpaulscehss@gmail.com,04872253052
19016,HSE,tirurgbhss@gmail.com,04942421933
34039,HSE,vrvmghss@gmail.com,04782595013
14029,HSE,chothavoorhss@gmail.com,04902315159
33080,HSE,principal05069@gmail.com,04812412036
14019,HSE,ghsskuthuparamba@rediffmail.com,0490-2360505
15041,HSE,jayasreehss@gmail.com,04936243630
37059,HSE,ghssayroorpta@gmail.com,04735230233
30020,HSE,sghsskattappana@gmail.com,04868250085
11046,HSE,14056govthsschemnad@gmail.com,04994238891
37028,HSE,cmshss@rediffmail.com,04692681255
18091,HSE,ikthss11038mlp@gmail.com,04933244156
43270,HSE,hssdeaf@gmail.com,0471-2323395
21014,HSE,hsskuthanur@gmail.com,04922287210
19049,HSE,mighss11056@gmail.com,04942668773
48042,HSE,kmhss.karulai@gmail.com,04931271949
19047,HSE,vijayamathaschool@yahoo.com,04942667407
42048,HSE,principalnsshss@gmail.com,04702682096
25501,HSE,thsskaprassery@ihrd.ac.in,0484-2604116
42042,HSE,gghssnedumangaud@gmail.com,04722804092
42005,HSE,ghssarnd@gmail.com,0472-2851855
18149,HSE,alirshadtrippanachi@yahoo.in,0483-2776084
20011,HSE,principalghsskdmd@gmail.com,04662217431
20039,HSE,principalskphss@gmail.com,04662261360
41043,HSE,stjudehss@gmail.com,04742503811
16053,HSE,ilahiyahsskappad@gmail.com,04962686850
26043,HSE,olfhsskumbalanghi2014@gmail.com,04842240835
34018,HSE,gvvhsskodamthuruth@gmail.com,04782565059
47072,HSE,tmy10095@gmail.com,04952224211
17008,HSE,hss10049@gmail.com,04952320475
37049,HSE,principalsmith16@gmail.com,0469-2602655
39036,HSE,knnmhss@gmail.com,04742415663
19001,HSE,ghsschelari@yahoo.co.in,0494-2404742
14021,HSE,principalhsskmbr@gmail.com,04902366320
33091,HSE,crossroadslynn@gmail.com,0481-2507259
21053,HSE,assisikanjikode@gmail.com,0491-2566179
22023,HSE,poomalahss2010@gmail.com,04872202240
43041,HSE,clhssschool@yahoo.in,04712438011
40022,HSE,vhssporedom@gmail.com,04742475123
30057,HSE,principal06077@gmail.com,04869244997
18109,HSE,alhudakkl@gmail.com,8547494455
30048,HSE,principal6012@gmail.com,04828284499
19050,HSE,11021principal@gmail.com,04942683525
25009,HSE,islamichss@gmail.com,0484-2625198
35026,HSE,naduvattomhss@gmail.com,04792406451
48046,HSE,ckhssmanimooly@gmail.com,04931276030
16071,HSE,ckgmhss@gmail.com,04962690470
13044,HSE,ghsssreepuram36@gmail.com,04602287850
26048,HSE,stmaryshssthalacode@gmail.com,04842711917
19003,HSE,stpaulsemhss@yahoo.com,04942400205
15040,HSE,vijayahsspulpally@gmail.com,04936240605
44070,HSE,01060lmshssamaravila@gmail.com,0471-2221972
41019,HSE,svhssclappanapo@gmail.com,04762899975
38077,HSE,sndphssvenkurinji03026@yahoo.co.in,04828255008
22069,HSE,stjosephhssvelupadam@gmail.com,0480762925
29001,HSE,6076sghssk@gmail.com,04862275746
17037,HSE,gaghss2011@gmail.com,04952304021
28048,HSE,mshssvalakom@gmail.com,04852207655
26014,HSE,emghss7020@gmail.com,0484-2220433
41025,HSE,cvkm2072@gmail.com,04742585232
16047,HSE,gghsskoyilandy@gmail.com,04962621514
17062,HSE,principal10110@gmail.com,04952805245
15001,HSE,principal12006@gmail.com,04935257311
31035,HSE,skvghss@gmail.com,04812713141
38102,HSE,kadampanadstthomas@gmail.com,04734283981
15010,HSE,ghssthrissilery12031@gmail.com,04935250020
18009,HSE,ghsspktr@gmail.com,04832771999
17053,HSE,presentationhssclt@gmail.com,04952359611
21096,HSE,ghssedathanattukara1@gmail.com,04924266406
36068,HSE,sbhssm07@yahoo.com,04792313731
47096,HSE,pannurghss@gmail.com,04952211050
12037,HSE,ghsskottappuramktp@gmail.com,04672284133
41013,HSE,lourdematha41013@gmail.com,0476-2680355
13088,HSE,ghsskorom@gmail.com,04985204120
28017,HSE,7091mkmhss@gmail.com,04852243069
19064,HSE,mvmrhss@rediffmail.com,04942650982
15057,HSE,plustwoambl@gmail.com,04936-260597
21037,HSE,kkmhssvtm09@gmail.com,04923232136
34006,HSE,govthsskalavoor@gmail.com,04772292507
19070,HSE,abdurahimannagarhss@gmail.com,04942492440
43028,HSE,sarvodayavidyalaya1973@gmail.com,04712530831
19078,HSE,principalbykvhss@rediffmail.com,04942546031
39020,HSE,hssodanavattam@gmail.com,04742463616
19063,HSE,principalghsskokkur@gmail.com,04942651169
19097,HSE,idealdharmagiri@gmail.com,04942450030
13095,HSE,principalghssthirumeni@gmail.com,04985232700
19086,HSE,11072meshssponnani@gmail.com,0494-2666087
42026,HSE,ghssmithirmala@gmail.com,04722820044
21019,HSE,ghsskoduvaayur@gmail.com,04923253522
13036,HSE,madayigirlshss@gmail.com,04972877100
15011,HSE,schsspayyampally@gmail.com,04935-215805
18080,HSE,pmsamhss@gmail.com,048327800001
23071,HSE,govtsamithyhssmeladoor@gmail.com,04802773500
46065,HSE,principal04067@gmail.com,04772219566
19088,HSE,msihss11174@gmail.com,04942480950
42059,HSE,vithurahss@gmail.com,04722856402
18120,HSE,jamiaislamiyahss11194@gmail.com,04832840742
39004,HSE,nssklm110@gmail.com,04762836111
13028,HSE,ghss13034@gmail.com,04972861188
27012,HSE,kallilghss@gmail.com,04842257834
21074,HSE,ghsspathiripala@yahoo.com,04912872250
19059,HSE,cheruralhss@gmail.com,8086346850
21060,HSE,khssmoothanthara@gmail.com,04912541500
40045,HSE,cphsskuttikadu@gmail.com,04742422019
43046,HSE,vidyadirajatvm@yahoo.com,0471-2725494
32014,HSE,stantonys5087@gmail.com,04822-274950
41094,HSE,mklmhss@gmail.com,04742502466
44045,HSE,ptmhss10@gmail.com,04712127959
23062,HSE,ghss08131@gmail.com,04802897945
12031,HSE,ghsskuttamath@gmail.com,04672260415
44029,HSE,ghssmarayamuttam@gmail.com,04712277257
21125,HSE,ghsskallingalpadam@gmail.com,04922265039
19042,HSE,ghss11162@gmail.com,0494-2607994
25056,HSE,hsshmys@gmail.com,04842482952
45005,HSE,ghsstvpuram3@gmail.com,04829211316
17110,HSE,emsghssperumanna14@gmail.com,04952433844
13059,HSE,kadamburhss13064@gmail.com,04972832546
13035,HSE,principal13100@gmail.com,04972801900
19013,HSE,gbhssvengara@gmail.com,04942450525
44008,HSE,principalpkshss@gmail.com,04712265262
42019,HSE,sspbhss@gmail.com,04702656808
13068,HSE,nirmalahss13047@gmail.com,04602212456
25019,HSE,nirmalaschoolaluva@yahoo.com,04842623334
39039,HSE,mtdmhssmaloor@gmail.com,04752354435
43371,HSE,thssmuttada@ihrd.ac.in,04712543888
43052,HSE,principalgovthsspettah@yahoo.com,04712461877
43107,HSE,cordovahss@gmail.com,04712383839
40043,HSE,ghssottakkal@gmail.com,04752344979
43008,HSE,kazhakuttomhss@gmail.com,04712412606
39016,HSE,hssstmarys@yahoo.com,04742652944
13075,HSE,13045hss@gmail.com,0497286103
41026,HSE,mmhss2074@gmail.com,04742585812
15012,HSE,principal12040@gmail.com,04935215486
44053,HSE,ghssneyyardam@gmail.com,04712271375
44050,HSE,ghssvgr@gmail.com,04712483100
44011,HSE,leo13hsspulluvila@gmail.com,04712263344
19079,HSE,ghss11125@gmail.com,04942430140
22027,HSE,ghssthanniam08123@gmail.com,04872402602
19115,HSE,mail@idealeducation.org,04942686675
23051,HSE,ghsskarupadannakdr@gmail.com,0480-2864412
17075,HSE,ferokegghss@gmail.com,04952481063
48045,HSE,nirmalahss@rediffmail.com,04931255166
14039,HSE,ijmhss@yahoo.co.in,04902430888
27031,HSE,7058vpty@gmail.com,04852284521
43025,HSE,trinity.holytrinity@gmail.com,04712598279
41059,HSE,ghss02018@gmail.com,04742703939
40034,HSE,mail2snhss@gmail.com,04742443193
18092,HSE,duhss11232@gmail.com,04832836767
13110,HSE,thajululoom@yahoo.co.in,04972777071
22032,HSE,st.antonyshspazhuvil@gmail.com,04872273491
13006,HSE,13057stteresasaihsskannur@gmail.com,04972713525
40012,HSE,tcnmghs40012@gmail.com,04752344650
25049,HSE,principal7018@gmail.com,04842766234
41015,HSE,sbvspanmana@gmail.com,04742670432
41093,HSE,bjsmmhss@rediffmail.com,04762863339
47111,HSE,amhsspoovambayi@gmail.com,04962640315
44060,HSE,paruthippallyhss@gmail.com,04722852265
21040,HSE,bghssvannamadai@gmail.com,04923272950
26040,HSE,st.ignatiushss@gmail.com,0484-2746062
14001,HSE,stjhss.principal@gmail.com,04902324949
36056,HSE,principalrvsm@gmail.com,04762698964
14059,HSE,kilistthomashss@gmail.com,04902420155
12040,HSE,VKPKHMMRHSS@gmail.com,04672276570
39005,HSE,hsssection@gmail.com,04762852500
45004,HSE,nsshssvechoor@gmail.com,04829222426
21077,HSE,principalhssmundur@gmail.com,04912833330
43022,HSE,snghss1070@gmail.com,0471-2596425
34036,HSE,ghsschandiroor@gmail.com,04782875166
13014,HSE,chmhss13143@gmail.com,04972721900
19113,HSE,malabareskottakkal@yahoo.com,04832640980
11038,HSE,14098perdala@gmail.com,04998284780
45008,HSE,gbhss5013@gmail.com,04829-232749
29061,HSE,smhssmankulam@gmail.com,9496172088
19068,HSE,11049cbhss@gmail.com,04942470203
44077,HSE,shreevidyadhiraja@gmail.com,0471-2222489
23022,HSE,donboscoirinjalakuda@yahoo.com,04802825414
19101,HSE,tanurhsm@yahoo.in,04942111180
44017,HSE,stthomas20a2011@gmail.com,04712246185
44044,HSE,govthssayira@gmail.com,04712200915
19040,HSE,ghss11034@gmail.com,04942607888
11056,HSE,principal14066@gmail.com,04994235210
30009,HSE,6054ghssmarayoor@gmail.com,04865253071
15026,HSE,gvghssvythiri01@gmail.com,04936255628
47103,HSE,ghsskaruvanpoyil@gmail.com,04952210660
22058,HSE,peechihss@gmail.com,04872698888
17020,HSE,hssangloindian@gmail.com,0495-2367007
22002,HSE,principalcnnbhsscherpu@gmail.com,04872342214
19006,HSE,snmhssparappanangadi@gmail.com,04942415389
28037,HSE,sahss07050@gmail.com,04852289822
17023,HSE,cirhssmathara@gmail.com,04952430793
20042,HSE,tsnmhsskundurkunnu@gmail.com,04924236138
24035,HSE,machad08007@gmail.com,04884-268233
25060,HSE,mahssnedumbassery1@gmail.com,04842475388
29038,HSE,ghssvtl@yahoo.com,04864277271
48127,HSE,rahmaniyamampad@yahoo.com,04931200261
41010,HSE,amruthahss@gmail.com,04742572277
48106,HSE,mthss11074@gmail.com,04931-231764
25012,HSE,sndpaluva@gmail.com,04842625268
19048,HSE,mihssponnani@gmail.com,04942668600
13056,HSE,imnsghssmayyil670602@gmail.com,04602275320
16068,HSE,ghsskuttiadi@yahoo.com,04962598634
11017,HSE,14081paivalike@gmail.com,04998205500
20017,HSE,vpz9051@gmail.com,04662235900
19095,HSE,najathhss@yahoo.com,0494-2494750
27035,HSE,gmhsscvr@gmail.com,04852549125
17018,HSE,principal@stjosephsboysschool.org,04952366106
20059,HSE,snthss09093@gmail.com,0466-2223388
32061,HSE,vmhserumely@gmail.com,04828211507
33015,HSE,ghss5122@yahoo.in,04812425300
42054,HSE,ghssp@yahoo.in,04702665209
24048,HSE,principalkadappuram@gmail.com,0487-2532800
36021,HSE,nairsamajamhss@gmail.com,04792316950
42028,HSE,hitcbharathannoor@gmail.com,04722869292
36030,HSE,govthssmulakkuzha@gmail.com,04792467550
32001,HSE,5086stgeorge@gmail.com,04822273533
12048,HSE,14108palavayal@gmail.com,04985214039
29043,HSE,ghssrajakad@gmail.com,04868241808
24011,HSE,gmbvhss.kkm@gmail.com,04885212197
26003,HSE,ghss7032@gmail.com,04842268350
19039,HSE,khidmathedakkulamhss@gmail.com,04942602281
30003,HSE,principal6059@gmail.com,04865257007
46057,HSE,nshss04032nedumudy@rediffmail.com,04772762992
35061,HSE,principalvaliazheekal4101@gmail.com,04792489299
43047,HSE,stjosephshss@gmail.com,04712467078
47063,HSE,principalpayambra@gmail.com,04952811800
19112,HSE,11166meshss@gmail.com,04942640755
14046,HSE,principrm@gmail.com,04902466710
43081,HSE,tamilhsschalai@gmail.com,04712475590
24018,HSE,schoolstfrancis@yahoo.in,04885239866
18031,HSE,pmsahsselankur2012@gmail.com,04832707030
33084,HSE,mchssarpookara@gmail.com,04812590626
43042,HSE,sahsskowdiar@gmail.com,04716574934
26307,HSE,stjosephhsskarukutty@gmail.com,04842612725
11060,HSE,14073pbmem@gmail.com,04994283144
35022,HSE,aryadgvhss04096@gmail.com,04772235694
46037,HSE,nsshsskavalam04066@yahoo.com,04772746100
16003,HSE,mumnewhss@gmail.com,04962524290
21015,HSE,ghsstholanur@gmail.com,04922288111
42003,HSE,principalhssaruvikkara@gmail.com,04722889138
22074,HSE,ghssputhur8198@gmail.com,04872352436
21009,HSE,principalasmmhss@gmail.com,04922224347
21007,HSE,smmhss2012@gmail.com,04922232440
44056,HSE,vghssnenom44056@gmail.com,04712391395
48039,HSE,chss11215@gmail.com,04931257188
48043,HSE,chss11065@gmail.com,04931241776
46066,HSE,nsshssramankary@gmail.com,04772707509
22079,HSE,principalshss@gmail.com,04872215125
24071,HSE,skhssgvr@gmail.com,04872554815
26054,HSE,stsebastianshss@gmail.com,0484-2237295
18033,HSE,principalnsskkl@gmail.com,04832743092
19015,HSE,pptmyhsscherur2010@gmail.com,04942450337
11029,HSE,govt.vhssmogral@gmail.com,04998215498
28043,HSE,sjhss7208@gmail.com,04852564499
39001,HSE,ghsswestkallada@gmail.com,04762832220
45022,HSE,stmichaelshss@rediff.com,04829285214
16056,HSE,mphss10114@gmail.com,04962538367
39047,HSE,vgsshss@gmail.com,04762858428
24056,HSE,ghssvalapad@gmail.com,04872402345
19054,HSE,ghssmaranchery01@gmail.com,04942676919
17081,HSE,govthsskakkodi@gmail.com,04952265759
14033,HSE,stjosephhsspvr@gmail.com,04902445550
15029,HSE,lourdumathahss@gmail.com,04936284773
27023,HSE,7055stgeorge@gmail.com,04852862379
40041,HSE,hssvayala@gmail.com,04742438340
22068,HSE,cjmahss@gmail.com,04802763822
37501,HSE,thssmallappally.ihrd@gmail.com,04692680574
46047,HSE,sjpprincipal@gmail.com,0477-2707088
44018,HSE,prwhss@gmail.com,04712295000
41102,HSE,snthsskollam@gmail.com,04742747772
34040,HSE,govthssslpuram04021@gmail.com,04782864321
47095,HSE,hsschakkalakkal@yahoo.com,0495-2801277
15062,HSE,ammrghss@gmail.com,04935271556
37009,HSE,stbchsslf@gmail.com,04692688690
29010,HSE,6013hsskudayathoor@gmail.com,04862256490
19004,HSE,bempngd12@gmail.com,04942410301
15038,HSE,pricipalghssp@gmail.com,04936234157
30019,HSE,principalsmhss@gmail.com,04869263743
33004,HSE,staloysiushss.5065@gmail.com,04812730154
44006,HSE,VTMNSSGHSS01085@gmail.com,04712234410
43003,HSE,ghssppd@gmail.com,04722581080
16076,HSE,ajjmhss10157@gmail.com,04962564238
28031,HSE,mannathoorghss@yahoo.com,04852875299
43055,HSE,nsshss01073@yahoo.com,0471-2466877
44027,HSE,dvmnnmhssmaranalloor08@gmail.com,0471-2297411
12033,HSE,ghsspilicode@gmail.com,04672261966
11018,HSE,ghsspvk.nagar@gmail.com,04998206330
11028,HSE,mogralputhur.ghss1@gmail.com,04994234514
41112,HSE,gashss2134@gmail.com,04742683717
11015,HSE,ghssuppala@gmail.com,04998244032
47029,HSE,ghsspoonoorclt@gmail.com,04962647315
43078,HSE,ghss1038@gmail.com,04712406900
21084,HSE,johnmathew t@gmail .com,9447226134
42020,HSE,snv1129@gmail.com,04702659531
45015,HSE,ajjmghsstparambu@gmail.com,04829235001
21089,HSE,principalghssagali@gmail.com,04924254175
23073,HSE,vet8013@yahoo.com,04802769400
41011,HSE,ehssparippally@gmail.com,0474-2577912
44047,HSE,stmaryshssvzm@gmail.com,04712485577
28002,HSE,saghss07090mvpa@gmail.com,04852834396
24019,HSE,amhss8192@gmail.com,04885223234
28020,HSE,ebenezerhssveettoor@gmail.com,04842767088
21082,HSE,ghsskarakurissi@gmail.com,04924249040
39053,HSE,evhssneduvathoor@gmail.com,04742457331
22037,HSE,marthomaghss@gmail.com,04872420825
17001,HSE,chalappuramggghss@gmail.com,04952306948
44051,HSE,stjohnshssundancode@gmail.com,04712250768
33025,HSE,mtcarmel5061@gmail.com,04812571320
44074,HSE,frphiliphss@gmail.com,0471-2290925
25067,HSE,principal07010@gmail.com,0484-2446333
14057,HSE,principalakgmghss@gmail.com,04902384022
39035,HSE,govthssputhoor@gmail.com,04742417330
48051,HSE,principalghss11015@gmail.com,04832720820
11043,HSE,hsegvhss_mulleria@yahoo.co.in,04994262001
27017,HSE,jamaaththandakad@yahoo.in,04842522783
16009,HSE,govtjnmhss@gmail.com,04962515234
22028,HSE,snmhschazhur@gmail.com,04872272984
19058,HSE,oklghss@gmail.com,04832839492
38021,HSE,ghsskalanjoor@gmail.com,04734272316
33073,HSE,gbhssputhuppally@yahoo.in,04812354399
29003,HSE,principal6008@gmail.com,04862282828
14054,HSE,aralamghss@gmail.com,04902451655
19032,HSE,kmghsstavanur@gmail.com,0494-2687310
25044,HSE,stmaryshss98@rediffmail.com,04842684322
38079,HSE,princi3007@gmail.com,04735266667
13087,HSE,sabtmhssthayineri@gmail.com,04985207779
16008,HSE,emjayvhss10195@gmail.com,04962535488
25016,HSE,pghss7002@gmail.com,04842519009
43076,HSE,01036.gghss.karamana@gmail.com,0471-2346015
11036,HSE,sshss14024katukukke@gmail.com,04998226699
22036,HSE,chaldeansyrianhsstrichur@yahoo.com,04872422791
39042,HSE,rvhssvalakom@gmail.com,04742470077
13102,HSE,hmkavvayi@gmail.com,04985205781
34045,HSE,southhss@yahoo.com,04782813874
33064,HSE,mgmlakkattoor@yahoo.com,04812701300
41055,HSE,ghssashtamudi02103@gmail.com,04742703033
17052,HSE,savio10048@gmail.com,04952357107
11001,HSE,14094agalpady@gmail.com,04998260139
19124,HSE,vettichira.majmau@gmail.com,04942615146
13070,HSE,hssmanikkadave@gmail.com,04602216150
34038,HSE,holyfamilyhss@gmail.com,0478 2820438
13121,HSE,13168ghsspadiyoor@gmail.com,9496578168
36072,HSE,snthsschengannurala@gmail.com,04792362716
41003,HSE,nsshsschathannoor@yahoo.com,04742022192
30030,HSE,hssvpr@gmail.com,04869253290
37048,HSE,nicholsontvla@gmail.com,04692601335
11065,HSE,mic799@gmail.com,04994310799
19046,HSE,pghss2014@gmail.com,04942666722
13084,HSE,ghss.chattukapara.13104@gmail.com,04972791850
41004,HSE,nehruschool@gmail.com,0474-2593369
18139,HSE,ghssmuthuvalloor@gmail.com,04832714428
25071,HSE,snvskthss@gmail.com,04842449744
15061,HSE,principalghsspanamaram@gmail.com,04935222333
43004,HSE,ghss1034@gmail.com,04712709788
15037,HSE,smhssmullankolly@gmail.com,04936240219
13066,HSE,cherupushpamhss@gmail.com,04602215960
26038,HSE,stmaryscghss@gmail.com,04842361916
26086,HSE,staugustinesghss@gmail.com,04842480858
25102,HSE,starjesushssk@gmail.com,0484-2613394
23077,HSE,soccorsocghss_08065_mala@yahoo.com,04802897010
18005,HSE,gvhss11130omanur@gmail.com,04832725650
20036,HSE,mnkmghss9011@gmail.com,049662275069
47043,HSE,sthssthottumukkam@gmail.com,04832759280
20007,HSE,ghssmezhathur@gmail.com,04662270056
50005,HSE,schoolfordeaf@gmail.com,04734212155
38016,HSE,gurukulamhssedakulam@gmail.com,04735252022
36040,HSE,svhsspnd@gmail.com,04792464642
37024,HSE,ghsskoiprom@yahoo.com,04692664802
48034,HSE,msnsshss@gmail.com,04931221716
15045,HSE,ghssvaduvanchal12035@gmail.com,04936218636
48036,HSE,principal.ghsseran@gmail.com,04931206528
17078,HSE,10058uhhss@gmail.com,04952470072
18024,HSE,nssschoolmji@gmail.com,04832766436
18018,HSE,pmsahssvhss@gmail.com,04832705122
36043,HSE,mthssvnmny@gmail.com,04792353920
16035,HSE,mimhss_10053_perode@hotmail.com,0496-2554289
47020,HSE,principalnhss@gmail.com,0496-2652265
13060,HSE,kadachirahss@gmail.com,04972824844
11047,HSE,14025chemnad@gmail.com,04994235128
48131,HSE,ahssparel@gmail.com,04931260077
18085,HSE,pmsapthss11058@gmail.com,04832831405
47070,HSE,smhss2013@gmail.com,04952249126
39043,HSE,gmhssvkla@gmail.com,0474-2403570
38087,HSE,ghsskizhakkupuram@gmail.com,04734213373
48049,HSE,gghsswdr@gmail.com,04931245753
19116,HSE,gardenvalley@live.com,04942495368
16059,HSE,snhssthiruvallur10198@gmail.com,04962591591
11027,HSE,hssbandaduka@gmail.com,04994200651
38070,HSE,schss03025@gmail.com,04735227207
23066,HSE,sndphss98@gmail.com,04802772771
26088,HSE,stjosephstpn@gmail.com,04842778385
36001,HSE,ghss.ala.chengannur@gmail.com,04792453167
16064,HSE,rnmhssnarippatta@gmail.com,04962448230
18061,HSE,11029ghssanamangad@gmail.com,04933207045
38091,HSE,kissimumghss@gmail.com,04735244300
48063,HSE,ghsspatikad@gmail.com,04933235723
35028,HSE,ghssayaparampu4020@gmail.com,04792415641
19072,HSE,farookhsskottakkal@gmail.com,0483-2744144
21017,HSE,ghsspki@gmail.com,04922217337
18030,HSE,vhmprincipal@gmail.com,04832773012
14013,HSE,ghssc13002@gmail.com,04902389260
13013,HSE,chss13061@gmail.com,04972725477
41070,HSE,tuetstjosephkollam@gmail.com,0474-2748210
24072,HSE,skhssgvr@gmail.com,04872554815
40031,HSE,ghsskadakkal@gmail.com,04742424858
33081,HSE,ptm05120@gmail.com,04812505655
40039,HSE,akmvhssthadicadu@gail.com,04752207346
42063,HSE,vettoorghss@yahoo.co.in,04702610090
19067,HSE,ghsscherry@gmail.com,04942589675
17028,HSE,zhss87@yahoo.com,04952703525
25035,HSE,jayakumaribhss@gmail.com,04842699644
44032,HSE,nhssnellimood@gmail.com,04712260858
22052,HSE,sacredheartcghsstcr@gmail.com,04872325913
24017,HSE,depaulchoondal@yahoo.com,04885236145
37042,HSE,dbhsstvla@gmail.com,04692604630
27029,HSE,principal7079@gmail.com,04852860630
18065,HSE,ghssmankada11024@gmail.com,04933236848
32058,HSE,ckmkoruthodu@gmail.com,04828280508
21069,HSE,parliphss@gmail.com,04912856100
26060,HSE,principal7003ghssedappally@gmail.com,0484-2344428
48052,HSE,ghsskvk11027@gmail.com,04931280523
15005,HSE,dwarakahss@gmail.com,04935246869
33007,HSE,nsshssperunnai@gmail.com,04812402450
25097,HSE,marymathahss@yahoo.co.in,0484-2425288
38057,HSE,chsspta@yahoo.in,0468-2272294
25022,HSE,josephites14@gmail.com,04842540389
41033,HSE,41033kollam@gmail.com,04762621768
40023,HSE,gmghsscdlm@rediffmail.com,04742478222
20055,HSE,ohssvallapuzha@gmail.com,04662235009
18026,HSE,principal11158@gmail.com,04832841347
11019,HSE,ghssbekur@gmail.com,04998243688
36029,HSE,bmhss04077@yahoo.co.in,04792303981
19100,HSE,modernpotur@gmail.com,04942699645
18116,HSE,izzathhs@gmail.com,0483-2756393
23005,HSE,gmbhss@gmail.com,04802709854
38039,HSE,stthomashsskzhry@gmail.com,0468-2315100
23014,HSE,gkvhsseriyad@gmail.com,04802815856
24049,HSE,lfcghss@gmail.com,04872557288
31043,HSE,stsebastianshs@yahoo.com,04812543256
22081,HSE,kattilapoovamghss@gmail.com,0487-2694239
18103,HSE,fazfarihss@gmail.com,04933-241422
23086,HSE,vidyajyothimathilakam@gmail.com,04802853636
48041,HSE,ghss11017@gmail.com,04931260865
43009,HSE,aluthumanemhss@gmail.com,04712418428
22056,HSE,gmbhsstsr@gmail.com,04872337080
33077,HSE,principal05115@gmail.com,04812468988
30021,HSE,ossanamhss@gmail.com,04868272572
48114,HSE,wicwdr@yahoo.com,04931247047
19010,HSE,ghsschettiyankiner@gmail.com,04942489128
18503,HSE,thssperinthalmanna@ihrd.ac.in,04933225086
45007,HSE,smsnhss@yahoo.com,04829216105
28047,HSE,ghssooramana07161@gmail.com,04852871174
11050,HSE,principalchandragiri@gmail.com,04994236675
22014,HSE,sngshss2014@gmail.com,04872630651
28032,HSE,mannathoorghss@yahoo.com,04852875299
42081,HSE,gkmhss@gmail.com,04702600601
33048,HSE,principal5018@gmail.com,04812392300
18088,HSE,vpkmmhss1976@gmail.com,04942400489
40002,HSE,ghsskarukone@gmail.com,04752270651
22057,HSE,ghsspptkd@gmail.com,04872282876
15050,HSE,principalsnhss@gmail.com,04936210259
26008,HSE,smhss07044@yahoo.co.in,04842489926
13008,HSE,gthsskannur@yahoo.in,04972704870
20013,HSE,janathahssnaduvattom@gmail.com,04662218294
25084,HSE,ghsskalamassery@gmail.com,04842558030
38097,HSE,mghss03040thumpamon@yahoo.co.in,04734268234
41078,HSE,valathungalghss@gmail.com,04742729727
36052,HSE,khssp2014@gmail.com,04792431995
19065,HSE,nnmhss@rediffmail.com,04832891624
42006,HSE,bhss1001atl@gmail.com,04702623200
31089,HSE,svemhssettumanoor@yahoo.co.in,04812535718
38067,HSE,ebenezerhss3101@gmail.com,04735201113
33043,HSE,stjosephscghssktm@gmail.com,04812569625
13077,HSE,plghsspattuvam@gmail.com,04602221155
18013,HSE,principalgbhssmpm@gmail.com,04832731542
25007,HSE,gghssaluva@gmail.com,0484-2625530
21058,HSE,sravanasamsaraschool@gmail.com,04912522374
19007,HSE,mvhssariyallur@gmail.com,04942474140
47047,HSE,stsebastiankoodaranhi@gmail.com,04952255812
13106,HSE,gwhss13106@gmail.com,04972862124
41050,HSE,mshss_mynagappally_02038@yahoo.co.in,04762837106
34033,HSE,ghssthevarvattom4112@gmail.com,04782532046
44019,HSE,ghss01040@gmail.com,0471-2290202
21024,HSE,lmhssmdam@gmail.com,04922263122
22029,HSE,stantonyshssputhenpeedika@gmail.com,04872270508
21029,HSE,rpmhsspanangattiri2010@gmail.com,04923266265
21107,HSE,principalpgphss9121@gmail.com,04923207116
30071,HSE,stemhssattappallam@gmail.com,04869-223291
23034,HSE,plustwohchs@gmail.com,04802828659
24051,HSE,stthomashssengandiyur@gmail.com,04872294443
13018,HSE,ghssazh@gmail.com,04972743742
29049,HSE,6080sshssp@gmail.com,8547973159
19085,HSE,mtihss@gmail.com,04942588080
42046,HSE,snv01065@yahoo.in,04702605712
19117,HSE,malabarhssaltr@gmail.com,04942564261
43043,HSE,cnehss@gmail.com,0471-2318482
41016,HSE,hssguhanandapuram@gmail.com,04762884169
47104,HSE,nirhsparappanpoyil@gmail.com,04952223811
43111,HSE,nsshssk@gmail.com,04712541172
34047,HSE,snthsscherthala@gmail.com,04782861986
43021,HSE,jyotinilayam@yahoo.com,04712704296
22080,HSE,sdvhssperamangalam@gmail.com,04872211755
36023,HSE,budhanoor4015@gmail.com,04792465157
12017,HSE,ghssmadikai@gmail.com,04672269669
21100,HSE,principalmet@yahoo.in,04924222506
17603,HSE,,9947371956
17107,HSE,snhsschellannur@gmail.com,9447091984
20029,HSE,ssohss9135@gmail.com,04662230434
21036,HSE,gsmhssttgm9090@gmail.com,04923227732
41006,HSE,ghssctnr@gmail.com,04742590101
45055,HSE,stgeorgeemhss@yahoo.co.in,04829-238322
27003,HSE,mgmprincipal@rediffmail.com,04842592515
37038,HSE,principalnsstdr@gmail.com,04692655848
42023,HSE,ghss_kavalayoor_01141@yahoo.com,04702687333
33074,HSE,dbputhuppally@gmail.com,04812351210
33010,HSE,kristujyotihss@gmail.com,04812722037
40006,HSE,mghssedathara2029@gmail.com,047523530232
17032,HSE,chinmayavidyalayakozhikode@gmail.com,04952356165
43044,HSE,nirmalabhavanschool@gmail.com,0471-2317772
15069,HSE,ghsstharuvana@gmail.com,04395232080
41081,HSE,ghssvallikkeezhu@gmail.com,04742795844
47021,HSE,naduvannurghss@gmail.com,0496-2654330
48002,HSE,sullamussalamhss@gmail.com,04832853708
47087,HSE,mkhmmohssmukkam@gmail.com,04952294522
22015,HSE,cmghsskuttur@gmail.com,0487-2304850
16062,HSE,kpeshss@gmail.com,04962587700
13100,HSE,municipalhss@gmail.com,04985202750
15046,HSE,principalghsskolery@gmail.com,04936211840
41056,HSE,govmbhss@gmail.com,04742794064
23050,HSE,gmhssnadavaramba@gmail.com,04802821447
43072,HSE,ghssmanacaud@gmail.com,04712470939
15059,HSE,gmhssc@gmail.com,04936263386
23026,HSE,gghssijk@gmail.com,04802823731
21010,HSE,bssgurukulam.12@gmail.com,04922222315
25002,HSE,vvbhss_07171aluva@yahoo.com,04842627168
16057,HSE,highsecatholi@gmail.com,04962672362
36045,HSE,gbhsskylm@yahoo.in,04792443370
19557,HSE,info.azhareducation@gmail.com,04942676156
48050,HSE,ghssvaniyambalam@gmail.com,04931235470
37018,HSE,kaviyoornsshss@yahoo.com,04692677533
21065,HSE,stthomaspkd@gmail.com,04912555920
21117,HSE,Stjohnshighschool@yahoo.com,04923243000
29022,HSE,ghssmullaringadu@gmail.com,04862-240020
18059,HSE,gghsspmna@gmail.com,04933226800
18012,HSE,gghssmpm1@gmail.com,04832731684
37030,HSE,maramon.mmahss@yahoo.com,04682213072
26104,HSE,stjudeshss32@ymail.com,04842336969
37022,HSE,nmhss03069kbd@yahoo.com,04692665989
21011,HSE,ghsserimayur@gmail.com,04922211203
30061,HSE,ghss6058@gmail.com,04868-260123
28023,HSE,07075sphsselanji@gmail.com,04852259230
34013,HSE,gdvhsscharamangalam04011@gmail.com,04782820298
41031,HSE,bhss2075knpy@gmail.com,04762621500
15030,HSE,12001ghss@gmail.com,04936284445
36009,HSE,4059.dbhss.cheriyanad@gmail.com,04792362559
43109,HSE,sammrshss@gmail.com,04712381601
48047,HSE,wdrvmcghss@gmail.com,04931247680
38017,HSE,ghsskadammanitta@gmail.com,0468-2217618
47102,HSE,markazgirlshss@gmail.com,04952802144
28040,HSE,vmhsskadalikad@gmail.com,04852263080
47027,HSE,ghssavitanallur@gmail.com,0496-2658500
24003,HSE,lfghssckra@gmail.com,04884252990
24050,HSE,PRINCIPALNATIONAL@GMAIL.COM,04872292323
13047,HSE,sjhss13058@gmail.com,04602247005
37003,HSE,phssmezhuveli@gmail.com,04682258216
15055,HSE,ghsspanamkandy@gmail.com,04936248860
35008,HSE,lajnath_04029_alappuzha@yahoo.in,04772239240
30067,HSE,06006gthss@gmail.com,04868-259204
35045,HSE,kvshss@gmail.com,04792472005
47025,HSE,principalphsskkd@gmail.com,04952261115
41037,HSE,govthssthodiyoor@gmail.com,04762865828
50021,HSE,,9744656855
41088,HSE,ghssparavurkollam@gmail.com,04742517729
12007,HSE,14068gfhssbekal@gmail.com,04672239588
19038,HSE,mhssathavanad@gmail.com,9544849401
21068,HSE,ghss9076@gmail.com,04912815099
41064,HSE,staloysiusklm@gmail.com,0474-2740031
13089,HSE,13099ghssr@gmail.com,04985223206
23068,HSE,HSSPANANGAD@GMAIL.COM,04802854300
15058,HSE,ghsskalloor@gmail.com,04936270052
39046,HSE,ghssporuvazhy@gmail.com,04762830234
20026,HSE,kpsmmhss@yahoo.in,04662001379
14048,HSE,stjohnbaptist14048@gmail.com,0490-2493744
35019,HSE,kkkpm_4094@yahoo.in,04772279311
13039,HSE,kunhimangalamhss@gmail.com,04972810774
22086,HSE,lourde_matha@yahoo.co.in,04872345204
12022,HSE,hfhssrpm@gmail.com,04672225822
18144,HSE,mahdinhss@gmail.com,04832971442
15077,HSE,ghskunhome@gmail.com,04935236032
22047,HSE,akmhsspoochatty08046@gmail.com,04872317314
47018,HSE,10062sghss@gmail.com,0496-2662265
33016,HSE,principal.ghsstkdm@gmail.com,04812440028
16013,HSE,ghssazhiyur2010@gmail.com,04962500630
32010,HSE,ghss5008@gmail.com,04812498211
14045,HSE,pkmhsskadavathur@gmail.com,04902392222
14066,HSE,mmhssnewmahe@gmail.com,04902337001
22005,HSE,vallachirahss@gmail.com,04872344120
20006,HSE,dkbmmhsstrithala@gmail.com,04662270929
35021,HSE,4109ghsskakkazham@gmail.com,04772272072
18067,HSE,amhsstkd@gmail.com,04933236554
24079,HSE,aihsspadoortcr@gmail.com,04872262356
42043,HSE,darsanaehssnedumangad@gmail.com,04722812564
47069,HSE,nayarkuzhighss@gmail.com,9446833245
24005,HSE,principalcty@gmail.com,04884264303
42007,HSE,hssalamcode@yahoo.com,04702623099
14014,HSE,koodalihss.koodali@gmail.com,04972858990
40035,HSE,ghsschithara2009@gmail.com,04742428955
33042,HSE,principalmthss@gmail.com,04812565066
18073,HSE,nhssklr@gmail.com,04933204250
26023,HSE,bvhs08@gmail.com,04842495724
44023,HSE,vilavoorkalghss@gmail.com,0471-2283685
48003,HSE,chmkmhsskavanur@gmail.com,04832862443
41075,HSE,ghssayyan@yahoo.co.in,04762877935
46033,HSE,kandankarydvhs@gmail.com,04772736337
43015,HSE,ghssneduveli@gmail.com,04722831300
15023,HSE,kalpettanss@gmail.com,04936202476
18093,HSE,phssmlp@gmail.com,04832781400
25028,HSE,puliyanamghss@gmail.com,04842470779
11021,HSE,tihss.14027@gmail.com,04994257213
24024,HSE,ghsspazhanji@gmail.com,04885274172
25109,HSE,ghschowara@gmail.com,04842602305
43061,HSE,principalstantonyshss@gmail.com,9447124723
38050,HSE,mpvhsskumbazha@gmail.com,0468-2334026
31056,HSE,ghssputhuvely@gmail.com,04822244433
46039,HSE,ajjmhskainady@gmail.com,04772710253
48056,HSE,asmhss@gmail.com,04933277181
31085,HSE,santhomhsspala@gmail.com,04822213678
30076,HSE,ghsvattavada@gmail.com,04865214427
23072,HSE,hccemhssnehagiri@yahoo.com,04802890240
24026,HSE,ghss808036kochannur@gmail.com,0487-2543352
24070,HSE,ghssmcd8161@gmail.com,04885281812
47030,HSE,hsskoothali@gmail.com,04962611027
36058,HSE,vbmhsskylm@gmail.com,04792438991
16055,HSE,gvhsspayyoli10023@gmail.com,04962605156
43039,HSE,psnm01035@gmail.com,04712433353
41024,HSE,meaemhss@gmail.com,04742711809
16078,HSE,parambathismail@gmail.com,04962527119
22067,HSE,ghss8160@gmail.com,0487-2356180
41068,HSE,vhghss@yahoo.in,04742765468
21013,HSE,cahsscoyalmannam@gmail.com,04922272100
26083,HSE,snhss7065@gmail.com,0484-2392213
23030,HSE,ghsskattoor@gmail.com,04802872300
19025,HSE,smmhsstanur@gmail.com,04942440446
45002,HSE,devivilasam.hss@gmail.com,04829277278
12024,HSE,kakkatghss@gmail.com,04672284077
19084,HSE,girlshssvalanchery@gmail.com,04942640666
18132,HSE,anvarschool@hotmail.com,04933237770
17106,HSE,jdtislamiqraahss@gmail.com,04952730009
18015,HSE,msphssmpm@yahoo.com,04832736234
18010,HSE,gvhsspullanur@gmail.com,04832773825
18014,HSE,stgemmasghss@gmail.com,04832731054
23085,HSE,mes8139hss@gmail.com,04802854263
43077,HSE,mmrhsstvm@gmail.com,04712490969
38003,HSE,gghssadoor3073@gmail.com,04734223473
22078,HSE,stgeorgehssputtekkara@gmail.com,04872213863
37037,HSE,ckmathai55@gmail.com,04692785175
38092,HSE,nsspandalam@gmail.com,04734256666
36015,HSE,kkmgvhss.4016@gmail.com,0479-2338761
19087,HSE,iethssmaravantha@gmail.com,04942564131
44073,HSE,hssthirupuram1172@gmail.com,04712211034
17059,HSE,ghssmcc@gmail.com,04952352900
37031,HSE,niranamstmaryshss@gmail.com,04692610309
20044,HSE,ptm9137@gmail.com,04662380352
39006,HSE,principal.kpm@gmail.com,0474-2467800
22035,HSE,st.josephscghsstcr@gmail.com,04872427756
18084,HSE,principalemea@gmail.com,04832714450
11051,HSE,14111dharmathadka@gmail.com,04998264080
16084,HSE,ghss10117@gmail.com,04956417728
13051,HSE,tagorevellora@gmail.com,04985252440
50022,HSE,mthssdeaf@gmail.com,04994282382
48095,HSE,svhsspalemad@gmail.com,04931275325
43089,HSE,chin_vcaud@yahoo.co.in,04712724136
19092,HSE,pmsaptmvettichira@gmail.com,0494-2616662
21030,HSE,principalbsshss@gmail.com,04923263765
46031,HSE,sndphsskuttamangalam@gmail.com,04772725155
15065,HSE,gmrhsskalpetta@gmail.com,04936284818
19043,HSE,pcnghsschool@gmail.com,04942651101
11011,HSE,14106svvhsskodlamogaru@gmail.com,04998202990
26029,HSE,srvghss@rediffmail.com,04842376945
30017,HSE,sjhsspvm@gmail.com,04869281030
30073,HSE,ghss6060@gmail.com,04865215258
19021,HSE,paravanna.gvhss@gmail.com,04942632005
18004,HSE,principalghssvkd@gmail.com,04832728960
18096,HSE,tkdptmhss@gmail.com,04933250733
38013,HSE,sndphsschenneerkara@gmail.com,0468-2257207
16065,HSE,maruthomkara10159@gmail.com,04962666088
25094,HSE,sjhss2015@gmail.com,04842617954
22042,HSE,ghsspunkunnam8138@gmail.com,04872380550
31083,HSE,principal.sjnhss@yahoo.com,04822269585
33027,HSE,gmhssktm@gmail.com,04812563588
21002,HSE,marymathahsspdm@gmail.com,04922265177
21090,HSE,9085gthssp@gmail.com,9400908745
11041,HSE,hssedneer@gmail.com,04994280646
20064,HSE,principalghsskdmd@gmail.com,04662217431
36033,HSE,hsspadanilam@gmail.com,0479-2389222
35054,HSE,mkamhss4125@gmail.com,04772297006
24046,HSE,ihssomr@gmail.com,04872531666
15028,HSE,sarvodayahsse@gmail.com,04936284541
20003,HSE,ghsskumaranellur@gmail.com,04662276775
23042,HSE,korattymamhss@gmail.com,0480-2730800
16066,HSE,hfhss10183@gmail.com,04962668005
16014,HSE,10010gvhssm@gmail.com,04962677219
45012,HSE,smhssvallakom@gmail.com,04829225768
23029,HSE,kbvmhss@yahoo.com,04802860270
14028,HSE,ragamhss@gmail.com,04902313011
43038,HSE,ghssvattiyoorkavu@gmail.com,0471-2368710
41012,HSE,gbhsschavara@gmail.com,0476280900
26049,HSE,ghsschottanikkara@gmail.com,0484-2711278
29013,HSE,29013shemhs@gmail.com,04862252001
24069,HSE,phss8133@gmail.com,04885280424
18130,HSE,principalmichss@gmail.com,0483-2772204
14049,HSE,mhss13068@gmail.com,04902474220
48115,HSE,ichsspm@gmail.com,04933270460
27027,HSE,tvjhss2014@gmail.com,04852570608
13015,HSE,13030ghssmuzhappilangad@gmail.com,04972833030
20004,HSE,gokhalekumaranellur@gmail.com,04662278585
38060,HSE,principalpta@gmail.com,04682222451
23081,HSE,marmghsssanthipuram@gmail.com,04802854299
19076,HSE,amhss11087@gmail.com,04942610698
32017,HSE,ghssadukkom@gmail.com,04822280991
13007,HSE,stmichaelskannur@yahoo.com,0497-2768565
14004,HSE,principalgbhsstly@gmail.com,04902324601
23004,HSE,gandhismarakahss@gmail.com,0480-2890644
12003,HSE,ghssballa@gmail.com,04672217830
19011,HSE,khmhssvalakulam1@gmail.com,04942489033
16073,HSE,hssvelom@gmail.com,04962771350
13091,HSE,massghssettikulam@gmail.com,04985230850
41103,HSE,41103klm@gmail.com,04762672641
26052,HSE,njarakkalghss@yahoo.in,04842499920
41101,HSE,tkmhss2000@yahoo.com,04742715670
41001,HSE,ghss02009_bhoothakulam@yahoo.com,04742518822
15034,HSE,ghssmeppadi@gmail.com,04936281344
33019,HSE,ghsskurichy5019@gmail.com,04812320472
35004,HSE,leo13thhss@gmail.com,04772242490
42008,HSE,gghssatt@gmail.com,04702620262
42049,HSE,ghsspallickal@yahoo.com,04702681399
21095,HSE,ghssalr9078.principal@gmail.com,04924262320
24063,HSE,rmhssperinjanam@gmail.com,04802849484
48077,HSE,ghssmoothedath@gmail.com,04931274778
29044,HSE,snvhssn@yahoo.in,04868241170
19096,HSE,info@irhss.com,0494-2645178
17014,HSE,stmichaelsgirlshss@gmail.com,04952381815
40010,HSE,principal71@gmail.com,04752228319
18060,HSE,presenthss@gmail.com,04933226970
35016,HSE,carmelacadem08@rediffmail.com,0477-2261145
30043,HSE,sthsserattayar@gmail.com,04868256222
44031,HSE,jphssosm@gmail.com,0471-2257656
38094,HSE,nsshssthattayil3021@rediffmail.com,04734229290
42075,HSE,ghsskdr01171@gmail.com,04702678045
44024,HSE,gghssmkl@gmail.com,0471-2280988
14006,HSE,gghssthiruvangad@yahoo.com,04902324566
27014,HSE,gkalaprincipalhssv@gmail.com,04842657032
24076,HSE,ssmvhss08043@gmail.com,04872616171
36002,HSE,popepius04041@gmail.com,0479-2333575
22049,HSE,stclaresthrissur@gmail.com,04872334432
48044,HSE,mpmhse@gmail.com,04931232675
15033,HSE,cmshssarappetta@gmail.com,04936282109
38038,HSE,ghsskonni@gmail.com,04682247849
42027,HSE,gghssmithirmala@gmail.com,04722820810
11003,HSE,principalthalangaragmvhss@gmail.com,04994231929
15048,HSE,ghssmeenangadi@gmail.com,04936246500
39014,HSE,ghss2119sdpm@gmail.com,04742663901
25018,HSE,sfhssaluva@yahoo.com,04842625850
21052,HSE,bha_matha@yahoo.com,04912570668
44061,HSE,st.maryskmkd@gmail.com,04712223798
46074,HSE,stneerattupuram@gmail.com,04772219573
15025,HSE,rchsschundale@gmail.com,04936201199
19056,HSE,ghssplty11148@gmail.com,04942678543
45050,HSE,smhsskvgd@yahoo.in,04822233240
42047,HSE,ghsspakalkuri@gmail.com,0470-2681556
19027,HSE,grfthsstanur@gmail.com,0494-2443133
25104,HSE,principal7025@gmail.com,04842512649
25061,HSE,principal07029@gmail.com,04842476055
40032,HSE,hsskummil@gmail.com,04742448033
28021,HSE,ghssnamakuzhy1@gmail.com,04852265399
42036,HSE,1080lmshssvattappara@gmail.com,04722587507
14015,HSE,gvhsskathirur@gmail.com,04902307230
38007,HSE,nsshss03047@gmail.com,04734211763
11005,HSE,14100bemhss@gmail.com,04994-224886
33040,HSE,holyfamilyhssktm2010@gmail.com,0481-2571250
27046,HSE,ghsskuttampuzha81@gmail.com,04852588274
17016,HSE,bemclt@yahoo.co.in,04952725716
26037,HSE,stteresascghssekm@gmail.com,04842373636
15002,HSE,ghssvalat@gmail.com,04935266983
17054,HSE,ghsskktr@gmail.com,04952355771
38009,HSE,ghssedamury@gmail.com,04735260590
28028,HSE,ghsssivankunnu07008@gmail.com,04852830860
39012,HSE,ghssktr@gmail.com,04742458982
43034,HSE,pattomstmarys@gmail.com,04712447395
24074,HSE,ghsselavally@gmail.com,0487-2640799
18146,HSE,ummulqurahssmongam@gmail.com,0483-2773542
17017,HSE,chalappuramggghss@gmail.com,04952306948
21073,HSE,09013ghssmankara@gmail.com,04912874868
38005,HSE,adoorholyangels@yahoo.com,04734228245
44014,HSE,sthelenshsstvm@gmail.com,04712260635
45011,HSE,ksmangalamgovhss@gmail.com,04829272888
12041,HSE,ghsspadnekadapuram@rediffmail.com,04672258100
25080,HSE,guardianangelshss@gmail.com,04842557140
38068,HSE,mshssranni@gmail.com,04735228612
41048,HSE,mayyanaduhss@gmail.com,04742555111
43066,HSE,stthomashssp@yahoo.com,04712380183
42072,HSE,ghssazhoor@gmail.com,0470-2645486
33014,HSE,stjosephsghss@gmail.com,04812425433
31086,HSE,ghsspalakottayam@gmail.com,04822200025
29030,HSE,mknmhss@yahoo.in,0482200602
27015,HSE,markaumahss@gmail.com,0484-2643830
19080,HSE,jmhss11099@gmail.com,04942427273
14063,HSE,hssmambaram@gmail.com,04902383170
42073,HSE,snvhsspanayara2014@gmail.com,9446850214
19037,HSE,mail4bhss@gmail.com,04942648454
42041,HSE,snhsshighsec@gmail.com,04722899699
25052,HSE,st.josephkmv@gmail.com,04842516781
32037,HSE,ccmhss@gmail.com,04828248242
11057,HSE,11057nagirls@gmail.com,04994-256804
44039,HSE,st.thersescplustwo@gmail.com,0471-2223397
25054,HSE,nsshss@gmail.com,0484-2462818
35025,HSE,4116ckhss@gmail.com,04792474685
29027,HSE,sghss6017@gmail.com,04862222804
14041,HSE,ranijaihs@yahoo.co.in,04902363383
37013,HSE,stthomashsstvla@gmail.com,04692602619
12004,HSE,ghsshosdurg@gmail.com,04672217820
14047,HSE,irittyhss@gmail.com,04902490049
25088,HSE,cardinalhss7046@gmail.com,04842429288
34023,HSE,4003snm@gmail.com,04782820724
37040,HSE,ghssperingara@gmail.com,04692607800
40004,HSE,ghssanchaleast2118@yahoo.com,04752270732
47028,HSE,principalgghssbalussery@gmail.com,04962640130
22077,HSE,srkgvmhss@gmail.com,04872307639
46069,HSE,kidangarahss@gmail.com,0477-2753232
29054,HSE,06024snhssidukki@gmail.com,04862239495
24013,HSE,bethanykkm@gmail.com,04885223529
44033,HSE,gvhsskottukal@gmail.com,04712269056
21016,HSE,ghsskty@gmail.com,04922285398
16006,HSE,ghssvatakara1@yahoo.co.in,0496-2517250
22007,HSE,jpehsskky@gmail.com,04872423364
25034,HSE,stsebastiangothuruthy@gmail.com,0484-2484846
24062,HSE,gmhsschamakala@gmail.com,04802835294
43048,HSE,plus2holyangels@rediffmail.com,0471-2476166
25066,HSE,stgeorgeshssvklm@gmail.com,04842712201
14040,HSE,hsskpba@gmail.com,04902364653
39017,HSE,sghssktr@yahoo.com,04742651744
30036,HSE,sphssupputhara@gmail.com,04869244955
38011,HSE,ghsselimullumplackal@gmail.com,0468-2383444
30040,HSE,ghssndkm1@gmail.com,04868232577
47050,HSE,kokkallurghss@gmail.com,04962705337
15008,HSE,sjhsskallody12022@gmail.com,04935245251
43091,HSE,principalkattela@gmail.com,04712597900
39054,HSE,tvtmhss@yahoo.in,04742465709
24038,HSE,grajasirhss@gmail.com,04885285118
26042,HSE,kbypeter@yahoo.in,0484-2240722
16069,HSE,vhss10162@gmail.com,0496-2668227
25051,HSE,stphss2010@gmail.com,04842511066
16052,HSE,10155poilkavhss@gmail.com,04962686836
48105,HSE,meshssmampad11073@gmail.com,04931201641
47017,HSE,kallanodehss@gmail.com,04962660055
34046,HSE,mthssmuhamma@gmail.com,04782864430
25055,HSE,snmhss@hotmail.com,04842484185
33022,HSE,avhss1@gmail.com,04812433708
20051,HSE,gmrhssthrithalagirls@gmail.com,04662004547
19029,HSE,cpphmhss@gmail.com,04942580055
44048,HSE,rmohss@gmail.com,04712268732
34037,HSE,4119alappuzha@gmail.com,04782879898
19083,HSE,muhssoorakam@gmail.com,04942455296
19009,HSE,principalohss11054@ymail.com,04942460360
29020,HSE,stmaryskaliyar@gmail.com,04862247812
48086,HSE,sshss11055@gmail.com,04832845265
19053,HSE,vanneryhss@gmail.com,04942672811
19071,HSE,iuhssp@gmail.com,04832748580
22075,HSE,stjohnshssparappur@gmail.com,04872286888
44037,HSE,gghssnta@gmail.com,04712223525
26030,HSE,mpmemhss@gmail.com,04842334083
47067,HSE,vmhmhs@gmail.com,9048816040
22038,HSE,stjosephmodelschool@gmail.com,04872252493
18075,HSE,asnprincipal@yahoo.in,04933230500
25082,HSE,ghssman@gmail.com,04842690450
11025,HSE,ghss14048@yahoo.com,04994252400
42039,HSE,pvthrghss@gmail.com,04722801241
47031,HSE,pbahss@gmail.com,04962616220
38020,HSE,snvhss3031@gmail.com,04734287882
18011,HSE,ghsskuzhimanna11025@gmail.com,04832754850
38071,HSE,stthomashighersecondaryschool@gmail.com,04735227281
20054,HSE,cgmvidyalaya@gmail.com,04662212384
30074,HSE,meshss6063@gmail.com,04868288049
20030,HSE,avmhsschunangad@gmail.com,04662014840
26067,HSE,principal7063@gmail.com,04842663907
14042,HSE,princimanathana@gmail.com,04902447355
21004,HSE,pkhssmannapra9168@gmai.com,04922258676
48126,HSE,amhssvengoor@gmail.com,9846281675
44007,HSE,VTMNSSGHSS01085@gmail.com,04712234410
18502,HSE,mthssvazhakkad@gmail.com,04832725215
18023,HSE,gghssmanjeri11026@gmail.com,04832762244
19107,HSE,issponnani@gmail.com,04942666445
15015,HSE,mtdmhss@gmail.com,04935236323
40009,HSE,mthss_02093_ptpm@yahoo.co.in,04752350989
40044,HSE,gorettihisec@gmail.com,04752221779
19055,HSE,principal11129@gmail.com,04942672783
21026,HSE,principal9081@gmail.com,04923242389
12055,HSE,principalghsscheemeni@gmail.com,04672250282
18007,HSE,hiohssovr@gmail.com,9072312491
41083,HSE,ghssperungalam@gmail.com,04742543492
38064,HSE,bethanysmghss@gmail.com,04735240645
47106,HSE,principalhsskodanchery@yahoo.in,04952239100
37044,HSE,mgmhsstvlla@gmail.com,04692630902
25064,HSE,stthomashssayroor@gmail.com,04842478234
14026,HSE,kkvhss@gmail.com,04902318740
22051,HSE,thopehssthrissur@gmail.com,04872429226
40015,HSE,ghssplr@gmail.com,04752222858
13037,HSE,principalpjhss@gmail.com,04972875256
13103,HSE,ghsskozhichal@gmail.com,04985214141
15056,HSE,principal12030@yahoo.com,04936225050
41098,HSE,ghsskarunagappally@gmail.com,04762629850
25041,HSE,stjosephhsskarukutty@gmail.com,04842612725
24065,HSE,stannesghssedthy@gmail.com,04802870641
26079,HSE,govthss07143@gmail.com,04842511082
22004,HSE,princicherpu@yahoo.com,04872343388
23036,HSE,ghss8005kodakara@gmail.com,04802724876
26069,HSE,panangadvhss@gmail.com,04842700258
26012,HSE,santacruzhss@yahoo.com,04842216800
37025,HSE,nssknthm@gmail.com,04692693233
27010,HSE,anitavidyalaya@yahoo.in,0484-2462795
33503,HSE,thssputhuppally.ihrd@gmail.com,04812351485
39027,HSE,ghss02007@gmail.com,04742581124
47024,HSE,kuttamboorhss2014@gmail.com,04952856498
29062,HSE,jairaniemhss@yahoo.com,04862225471
19094,HSE,kyhsschool@gmail.com,0494-2570331
41066,HSE,krhssklm02056@gmail.com,04742746264
20005,HSE,anakkara9088@gmail.com,04662254765
19019,HSE,amshsschool@gmail.com,04942428960
19005,HSE,www.kovilakamhss@gmail.com,04942410571
25113,HSE,mraluva@gmail.com,0484-2623673
13049,HSE,chsscp@gmail.com,04602271999
18083,HSE,ppmhsskottukkara@gmail.com,04832714174
19012,HSE,moonniyurhss@gmail.com,04942460665
31078,HSE,stmichaelshsspvm@yahoo.com,04822246045
43033,HSE,gmchsstvm@gmail.com,04712554816
17034,HSE,ghss10136@gmail.com,04952433176
20010,HSE,09010gohssptb@gmail.com,04662217635
22054,HSE,bethlehemhss@gmail.com,04872375041
18032,HSE,grhss11011@gmail.com,04832747663
33054,HSE,sphsskurumpanadom@gmail.com,04812474000
12044,HSE,ghsschayoth14016@yahoo.com,04672231655
15007,HSE,mgmhssmtdy@gmail.com,04935240591
17097,HSE,cmhssmannur@gmail.com,04952470346
22076,HSE,sreesaradaghss@gmail.com,04872306124
21072,HSE,principalphss@gmail.com,04912509300
19023,HSE,msm11039@gmail.com,04942543015
24047,HSE,mrrmhss.2014@gmail.com,04872507008
43083,HSE,smvghsstrivandrum@yahoo.co.in,0471-2338180
13034,HSE,principal13018@gmail.com,04972816224
17022,HSE,mmhssparappil@gmail.com,04952302971
47109,HSE,ghssparambilkkd@gmail.com,0495-2267400
21041,HSE,gvghsschittur.9024@gmail.com,04923222981
19062,HSE,ghsspurathoor@gmail.com,04942561111
22021,HSE,hssarimpur1@gmail.com,04872310821
24023,HSE,nsshssmkd@gmail.com,04885286650
36041,HSE,mhssputhencavu@yahoo.com,04792458690
42022,HSE,anjengostjosephshss@gmail.com,0470-2659700
41096,HSE,akmhss2000@gmail.com,04742531041
43074,HSE,gbhsskaramana@gmail.com,04712343190
14016,HSE,principal_13063@yahoo.com,04902485860
40042,HSE,hsskpza@yahoo.co.in,04752319233
38061,HSE,school.jmphs6@gmail.com,04682300243
13111,HSE,wadihudahss@wadihuda.org,04972877577
27006,HSE,govtboyshssperumbavoor7011@gmail.com,04842596482
36064,HSE,ghspuliyoor@gmail.com,04792361105
48100,HSE,ghssedakkara@yahoo.in,04931275395
39024,HSE,dvnsshsspoovattoor2066@gmail.com,04742617234
47116,HSE,ghsscheruvadi@gmail.com,04952208036
35012,HSE,aravukadhss@gmail.com,04772288780
21039,HSE,chitturgbhss@yahoo.co.in,04923222740
21106,HSE,principalmesokd@gmail.com,04912555392
41071,HSE,sndpyhss@Gmail.com,04742706500
26018,HSE,aasiabai.2007@gmail.com,0484-2229555
42080,HSE,ktcthss@gmail.com,04702690840
11022,HSE,14057alampady@gmail.com,04994255750
23057,HSE,contact@akmhss.com,04802897600
30063,HSE,ghssthoprankudy@gmail.com,04868265063
38029,HSE,principalghsschittar@gmail.com,04735255325
23056,HSE,st.sebastianshss_kuttikad@yahoo.in,04802748689
13108,HSE,snthsskannur@yahoo.in,04972731500
43019,HSE,mvhss@yahoo.in,0471-2712700
15035,HSE,joseph.sanjoseph@gmail.com,04936283038
37053,HSE,sbhssv@gmail.com,04692650772
27011,HSE,principaljkhss@gmail.com,04842590373
20032,HSE,ghsskadambur09030@gmail.com,04662241778
33001,HSE,nsshssanickaduwest@yahoo.in,04812552008
41063,HSE,tkdmghss@gmail.com,04742768976
39023,HSE,ghsskulakkada2112@yahoo.in,04742617165
27004,HSE,asramamhss@rediffmail.com,04842522457
31087,HSE,stmaryghspala@gmail.com,04822200629
28042,HSE,shhss7186ayavana@gmail.com,04852283097
19075,HSE,pkmmhssedarikode2@gmail.com,04832751925
24001,HSE,govtsmthss@gmail.com,04884254384
18097,HSE,ghssaliparambamlp11138@gmail.com,04933234414
11008,HSE,udayahss@gmail.com,04998275680
44002,HSE,govthsspoovar@gmail.com,0471-2209960
24007,HSE,govtvhssdesamangalam@gmail.com,04884277875
18110,HSE,hmshssthurakkal@gmail.com,04832760320
21057,HSE,principalbem@gmail.com,04912510296
44040,HSE,evanshss@gmail.com,0471-2204998
48022,HSE,ghsskavanur@gmail.com,04832796850
39009,HSE,aepmhss@yahoo.in,04742483637
23017,HSE,edavilangughss@gmail.com,04802809252
38062,HSE,netajihsspramadom@gmail.com,04682335681
36070,HSE,pkksmkylm@gmail.com,04792447011
13054,HSE,ghss_chelora@yahoo.com,04972722773
18087,HSE,thssvdk@Gmail.com,04933281116
29024,HSE,depaulthodupuzha@gmail.com,04862222252
18133,HSE,mmethss123@gmail.com,04832731317
22040,HSE,vivekodayamedu@rediffmail.com,04872320039
18078,HSE,ghsskadungapuram@gmail.com,04933256126
19057,HSE,vvmmarakkara@gmail.com,04942615254
44034,HSE,vvhssnemom44034@gmail.com,04712392143
21027,HSE,gbhssnemmara@gmail.com,04923243750
44071,HSE,anavoorghss@gmail.com,04712275385
38052,HSE,mbehss1@gmail.com,04682222455
21937,HSE,gmrskzm@gmail.com,04922217217
13096,HSE,principalghssprapoyil@gmail.com,04985233125
47039,HSE,venapparahss@gmail.com,04952281380
25107,HSE,ghsspazhamthottam@gmail.com,04842716023
25036,HSE,hsschengal@gmail.com,04842698317
42034,HSE,ghssnavaikulam@gmail.com,04702691490
33011,HSE,govthssvadakkekara@yahoo.in,04812727057
23052,HSE,pvshssparappukkara@yahoo.com,04802791800
33008,HSE,ghsspaippad5118@gmail.com,04812443059
41085,HSE,ghssmayyanad@gmail.com,04742556511
30031,HSE,ghssrajakumari@gmail.com,04868243406
19022,HSE,hssgvhssklpy@gmail.com,04942543112
33057,HSE,kehssmannanam@gmail.com,0481-2596180
42068,HSE,ghsscherunniyoor1165@gmail.com,04702601101
19051,HSE,pookkaratharahss@gmail.com,0494-2680167
23025,HSE,snhssirinjalakuda@gmail.com,0480-2831700
17079,HSE,sevamandirhss@gmail.com,04952440315
44041,HSE,vhssprsla@gmail.com,04712205860
42055,HSE,mulamanahss@gmail.com,0472-2835030
23006,HSE,ghssvijayaraghavapuram@gmail.com,04802700529
43085,HSE,cottonhillgghss@gmail.com,04712725087
41005,HSE,41005klm@gmail.com,04742592302
21076,HSE,kprpkongad@yahoo.com,04912847853
34020,HSE,nsshss4062@gmail.com,04782878836
42064,HSE,rrvghss01052@gmail.com,04702672045
42069,HSE,ghssnagarooor@gmail.com,04702678467
17057,HSE,principalgfhss@gmail.com,04952461666
37045,HSE,scshsstvla98@gmail.com,04692604786
13072,HSE,principalirikkur@gmail.com,04602297290
15009,HSE,principal12032@gmail.com,04935251210
25101,HSE,stgeorgehssputhenpally@gmail.com,04842515909
13043,HSE,nsshssalkd@gmail.com,04602255580
41089,HSE,snsmhss@gmail.com,04742548866
21083,HSE,sabarihsspkp@gmail.com,04924235760
17021,HSE,govtmodelhss10006@gmail.com,0495-2725566
11040,HSE,hhsibshss@gmail.com,04994283111
21028,HSE,phsspadagiri@gmail.com,04923246480
32047,HSE,principalghssndm5027@gmail.com,04812417546
44035,HSE,govthssnta@gmail.com,04712225857
17092,HSE,cghss2@gmail.com,04952304466
21049,HSE,gaphsselappully@gmail.com,0491-2584253
24053,HSE,hssthiruvalayannur8217@gmail.com,04872540033
42014,HSE,saradavilasom@gmail.com,04702646120
48054,HSE,principalghsstuvvur@gmail.com,04931284117
36028,HSE,gghssmavelikara@gmail.com,04792344455
15032,HSE,principalghsspthara@gmail.com,04936274566
28003,HSE,sndphss7053@gmail.com,04852834563
23015,HSE,stanneshsskottapuram@rediffmail.com,04806540245
43011,HSE,ourladyputhucurichy@yahoo.com,04712428311
15003,HSE,frgkmhsskaniyaram@gmail.com,04935245468
30053,HSE,sjhssvkudy@yahoo.com,04868272841
11030,HSE,14053ghssadoor@gmail.com,04994271365
12020,HSE,14079ghssr@gmail.com,04672232177
40019,HSE,ngpm2130hss@gmail.com,04752251444
14052,HSE,principalghsschavassery@gmail.com,04902435347
18069,HSE,gshmhss.edvmpm@gmail.com,04832704200
24028,HSE,ghsspazhayannur@gmail.com,04884224600
13101,HSE,akasghss@gmail.com,04985229440
27042,HSE,principal7096@gmail.com,04852562181
29009,HSE,govthsskodikulam@gmail.com,9447845844
39049,HSE,smhss.hss@gmail.com,04762851818
23016,HSE,ssmhssazhicode@gmail.com,04802816616
45032,HSE,ghsskanakkary_05023@yahoo.co.in,04812533936
15013,HSE,principal12041@gmail.com,04935220280
37010,HSE,johns.eraviperoor@gmail.com,0469-2663220
19109,HSE,markazkarathur@gmail.com,04942604020
16061,HSE,nhss.10068@gmail.com,0496-2448388
16012,HSE,gghssm@gmail.com,04962521059
41082,HSE,ghsskulasekharapuram@gmail.com,04762642920
13032,HSE,najathhssmtl@gmail.com,04972844677
42070,HSE,janatha1053@gmail.com,0472-2829017
20034,HSE,kattukulamhss@gmail.com,9447600790
48037,HSE,ghss_11153_mampad@yahoo.com,04931200080
37054,HSE,ghssezr@yahoo.com,04692798228
42029,HSE,nanniyodeskvhss@gmail.com,04722840242
19073,HSE,ghssperuvallur@gmail.com,0494-2435999
36047,HSE,gghsskayamkulam4024@gmail.com,04792441919
41029,HSE,ghssmangad@gmail.com,04742716779
28045,HSE,ghssmaneed@gmail.com,04852267800
17013,HSE,ghss.easthill@yahoo.in,0495-2380382
15014,HSE,principalsthss@gmail.com,04936210212
38048,HSE,cmshss3046@gmail.com,04682263081
42011,HSE,elmbhss@gmail.com,04702637088
44057,HSE,mchsskottukalkonam@gmail.com,04712406088
15024,HSE,wovhssmuttil@gmail.com,04936231044
42002,HSE,phmkmvhsspanavoor@gmail.com,04722865126
13062,HSE,akgsghss@gmail.com,04972827725
41060,HSE,ghssperinad@gmail.com,04742550334
44072,HSE,arayoorgovtlvhss@gmail.com,04712234430
41007,HSE,nedungolamghss@gmail.com,0474-2518922
18072,HSE,ghss11023@gmail.com,04832712681
41084,HSE,ghsskottankulangara@gmail.com,04762680614
18021,HSE,gbhssmanjeri11010@gmail.com,04832769430
17033,HSE,govt.ghssforgirlsparayanchery@gmail.com,04952740590
44059,HSE,ghssblpm@gmail.com,04712409486
22048,HSE,staugustinehsskuttanellur@gmail.com,04872351869
28008,HSE,tthss7054@gmail.com,04852830239
22066,HSE,deepthihssthalore@gmail.com,04872350406
17035,HSE,ghssbeypore32@gmail.com,04952416010
18025,HSE,hmyhss405@gmail.com,04832767405
13079,HSE,13035ghssmunderi@gmail.com,04972858890
43080,HSE,gmbhsschalai01041@gmail.com,04712575722
13055,HSE,kmhsskambil@gmail.com,04602240040
28018,HSE,ghss7159@gmail.com,04852243576
40052,HSE,snthsspunaloor@gmail.com,04752230123
35063,HSE,04103principal@gmail.com,04792412521
39021,HSE,ghssmuttara@gmail.com,04742497059
18117,HSE,rahmathhsspullur@yahoo.co.in,04832765285
39044,HSE,mamhsschengamanadu@gmail.com,04742404325
15052,HSE,stjosephschool82@gmail.com,04936220483
47094,HSE,narikunighss@gmail.com,04952247393
26041,HSE,rpmhsskumbalam@gmail.com,04842701968
33041,HSE,hmgirideepam@gmail.com,7356550952
43054,HSE,hssvettucaud@gmail.com,0471-2500934
47088,HSE,principal10094@gmail.com,0495-2235252
30042,HSE,sshssndkm1978@gmail.com,04868232295
15027,HSE,gvhss12057@gmail.com,04936205082
45006,HSE,05049vaikom@gmail.com,04829217074
40027,HSE,ghsseroor@gmail.com,04752270500
28016,HSE,28016pvm@gmail.com,0485-2242203
26087,HSE,ghss7146@gmail.com,04842215846
40005,HSE,ststephenshsspathanapuram@gmail.com,04752352810
35034,HSE,35034alappuzha@gmail.com,04792485488
24054,HSE,principalghssmullassery@gmail.com,04872262922
21079,HSE,09075karimba@gmail.com,04924247488
42051,HSE,ghssvjd1024@gmail.com,04722875320
39032,HSE,ohmdevidurga2014@gmail.com,04752328080
36019,HSE,ghsskum@gmail.com,04792356582
27019,HSE,ghss7001akanad@gmail.com,04842645002
41107,HSE,vivekanandahss1@gmail.com,04762690201
40046,HSE,thadicaduhss@yahoo.com,04752207070
18803,HSE,karunnyabhavan@gmail.com,9446898125
15066,HSE,smchss4sby@yahoo.com,04936224253
19052,HSE,darul_hidaya@yahoo.com,04942680267
20014,HSE,principalptm@gmail.com,04662315666
44066,HSE,chemboorlmshss@gmail.com,04712255544
13048,HSE,ghssk2245400@gmail.com,04602245400
24084,HSE,assisi235@yahoo.com,04885243148
47023,HSE,ghssprincipal@gmail.com,04962640120
13073,HSE,irohss13073@gmail.com,04602259721
12059,HSE,ghssudinur98@gmail.com,04672301300
15006,HSE,principalghssmtdy@gmail.com,04935245500
21003,HSE,cahssayakkad9123@gmail.com,04922254155
18102,HSE,majlishss@majliscomplex.org,9539872872
18123,HSE,ptmhsschoolvellila@gmail.com,04933236567
37062,HSE,dbhss03035pmla@gmail.com,04792316300
39040,HSE,mthsvalakom@gmail.com,04742470065
40001,HSE,hssanchalwest@gmail.com,04752270470
43067,HSE,bnvhsstvlm@gmail.com,04712384968
35006,HSE,stj.stella@gmail.com,04772241107
12029,HSE,14096varakkadhss@gmail.com,04672245070
33058,HSE,ollhssuzhavoor@gmail.com,04822241046
31049,HSE,holycrossthellakom@yahoo.co.in,0481-2790003
34041,HSE,scshss4126@gmail.com,04782562608
33053,HSE,anilkumarakom@gmail.com,04812526123
15053,HSE,dhsesarvajana@gmail.com,04936-224109
18058,HSE,m11003gmhsspmna@yahoo.in,04933228010
22009,HSE,snghsskanimangalam1@gmail.com,04872449220
21062,HSE,highersecondarymathur@yahoo.com,04922214032
21005,HSE,sarvajanahss@gmail.com,04922-266323
24060,HSE,chsscpni@gmail.com,04802870630
19034,HSE,principalghsskadanchery@gmail.com,04942687603
15081,HSE,ghsskottathara@gmail.com,04936284390
12066,HSE,14105perumbatta@gmail.com,04672253954
11033,HSE,14051ghss@gmail.com,04998247522
14031,HSE,princinam@gmail.com,0490-2397388
22022,HSE,stthomashsthiroor@gmail.com,04872200730
28024,HSE,mtmhsspkda@gmail.com,04852273949
38004,HSE,stmarysadoor@gmail.com,04734-223660
13093,HSE,principalghssvayakkara@gmail.com,04985241507
44020,HSE,www.poovachalhss@gmail.com,04722895961
50004,HSE,manakalacsihssph@gmail.com,04734-230461
42016,HSE,muslimhssedava@gmail.com,04702664025
21093,HSE,principal.kalladi@gmail.com,04924226688
41047,HSE,stantonyskanjiracode@yahoo.com,04742524330
41046,HSE,41046kollam@gmail.com,04742585062
18089,HSE,principalghssarimbra@gmail.com,04832771360
16011,HSE,gvhssmadappally@gmail.com,04962521240
21033,HSE,mhsspdgm15@gmail.com,04923252550
39048,HSE,svmmhss02079@gmail.com,04742417070
34009,HSE,hsskandamangalam@gmail.com,04782821258
21025,HSE,smhssayalur@gmail.com,04923244353
25077,HSE,principal@rmhss.org,04842734909
33059,HSE,stmaryshss@yahoo.co.in,04812370812
28013,HSE,bappuji28013@yahoo.com,04852252103
15064,HSE,gthssedathana@gmail.com,04935266878
28044,HSE,stsebastianshssanicadu@gmail.com,04852832775
20016,HSE,ghssptb@gmail.com,04662214008
43012,HSE,stmichaelshskdm@gmail.com,04712428668
21103,HSE,gthssslr@gmail.com,04924-211320
13122,HSE,donboscohss13301@gmail.com,04602223230
37051,HSE,nsshsvaipur@gmail.com,04692687746
17091,HSE,himayathulislamhss@gmail.com,04952766404
12025,HSE,rhssn14097@gmail.com,04672283001
29504,HSE,thssthodupuzha@ihrd.ac.in,04862255755
28033,HSE,gmhss.palakuzha2008@gmail.com,04852275438
41052,HSE,pallimonghss@gmail.com,04742561422
21044,HSE,csgskhs@yahoo.com,04923282277
41057,HSE,ghsswestkollam@gmail.com,04742798000
19090,HSE,mahsskodinhi@yahoo.com,04942119323
13026,HSE,13130ghsskoyyam@gmail.com,04602261300
39038,HSE,govthsspattazhy2028@gmail.com,04752397599
33069,HSE,govtmdm@gmail.com,04812555825
18125,HSE,akmhsskottoor1979@gmail.com,04832744381
18006,HSE,ghssthadathil@gmail.com,04832833225
18017,HSE,apprincipal@gmail.com,04832730734
39052,HSE,ghssvakkanadu@gmail.com,04742497034
30022,HSE,govthsskumily@gmail.com,04869224645
50007,HSE,highersecondaryneerpara@gmail.com,8594015624
19020,HSE,girlshighersecondarytirur@gmail.com,04942430240
48035,HSE,manavedan11030@gmail.com,04931224535
15022,HSE,skmjhss12020@gmail.com,04936206010
15018,HSE,ghsskakkavayal@gmail.com,04936246440
21035,HSE,gmhsstvlr@gmail.com,04912574115
42001,HSE,snvhss1071anad@gmail.com,04722813280
33060,HSE,ghssareepparambu@gmail.com,0481-2701888
13009,HSE,ghsscityknr@gmail.com,04972731135
12015,HSE,14032chithari@gmail.com,04672267484
14043,HSE,pgmhsst@gmail.com,04902304640
35018,HSE,govtmhss@gmail.com,04772278181
11007,HSE,14113sathss@gmail.com,04998275037
18068,HSE,iohssedvna@gmail.com,04832701008
23078,HSE,govthss8165@gmail.com,04802800877
33078,HSE,jmhssvakathanam@yahoo.co.in,04812465556
11054,HSE,ghsskky14004@gmail.com,04994211888
43006,HSE,mghsskpm@gmail.com,0471-2750925
25021,HSE,cm.hs.school@gmail.com,0484-2621263
43010,HSE,pallithurahss1055@gmail.com,04712705343
19082,HSE,crhssvelimukku@gmail.com,04942478016
50023,HSE,csihssvalakom@gmail.com,0474-2470880
48119,HSE,maohselr@gmail.com,04832797200
44021,HSE,gvhsskulathoor@gmail.com,04712211145
24085,HSE,idcschool@yahoo.com,04872508895
42052,HSE,ghssvkm@gmail.com,04702655801
19024,HSE,kattilangadischool@gmail.com,04942440615
13104,HSE,governmenthssperingome@gmail.com,04985236882
16007,HSE,hitcchorod9@gmail.com,04962517240
17058,HSE,pvseranhikkal@gmail.com,0495-2462787
14020,HSE,ghssmambram13103@gmail.com,04902361390
24045,HSE,rahmath08109@gmail.com,04872680557
41002,HSE,chss02054@gmail.com,9946133146
42025,HSE,principalghsskmr@gmail.com,04702670067
19119,HSE,ghsspnm@gmail.com,04942588686
41036,HSE,gghssthazhava@gmail.com,0476-2665920
45027,HSE,smvnss@gmail.com,04829269239
36037,HSE,cbmhssnrnd@gmail.com,04792387582
13033,HSE,ghssmadayi@gmail.com,04972877757
42053,HSE,sivagirihss01050@gmail.com,04702612244
44025,HSE,hsspeyad1087@gmail.com,04712289158
41100,HSE,ghss2108@gmail.com,04762698956
41097,HSE,msmhsschathinamkulam@gmail.com,04742711000
34034,HSE,snhss4046@gmail.com,0478-2522200
32003,HSE,principalmghss@gmail.com,08422277736
23044,HSE,lfchsskoratty@gmail.com,04802731980
48099,HSE,narokkavuhss@gmail.com,04931287015
25802,LP,glpschm@gmail.com,4842998902.0
31520,LP,stmichaelslpsk@gmail.com,9495233917.0
38520,LP,nmlpsmannamaruthy@gmail.com,4735260008.0
37602,LP,govtsvlpschoolkanjeettukara@gmail.com,9495052694.0
20328,LP,alpspulappattawest@gmail.com,
20409,LP,eeamlps.ezhuvanthala@gmail.com,
25838,LP,dpslpsppt@gmail.com,9946231400.0
24281,LP,lfemlpsmammiyoor@gmail.com,4872558144.0
29360,LP,udumbannorsjlps@gmail.com,9446604438.0
24321,LP,cmspg1886@gmail.com,8078145117.0
16642,LP,lpsvelliyode@gmail.com,9562249360.0
30405,LP,stthomaslpsp@gmail.com,9072263495.0
24636,LP,hlpsmalesa@gmail.com,9446762250.0
14511,LP,kolavallooreastlps@gmail.com,4902462420.0
16214,LP,chalilkannookkaralpschool@gmail.com,9496792827.0
33427,LP,cmslps.pakkil@yahoo.com,4812360266.0
45212,LP,gwlpsvazhamana@gmail.com,9747035697.0
21868,LP,hmmesktmlps@gmail.com,4924266237.0
24622,LP,rcclpsm@gmail.com,4885265265.0
14407,LP,iqbal14407@gmail.com,
16543,LP,thrikkotturwest@gmail.com,9539239024.0
31507,LP,glpslalam2017@gmail.com,4822216812.0
36230,LP,36230knewlps@gmail.com,
32325,LP,mgmglpspanapilavu2016@gmail.com,9495675133.0
25613,LP,glpsvadayampady@gmail.com,4842766111.0
47645,LP,mooladhalp@gmail.com,4962657302.0
21702,LP,glpscherayaeast@gmail.com,7012826652.0
13441,LP,alpsurathur@gmail.com,9497040322.0
20612,LP,hmlvamayur@gmail.com,9745978347.0
25630,LP,jamaathlpschelakkulam@gmail.com,2681411.0
35404,LP,35404haripad@gmail.com,9496806779.0
35412,LP,35412haripad@gmail.com,9495477269.0
35203,LP,35203tdjbschool@gmail.com,4772237845.0
38733,LP,lpskonnappara@gmail.com,4682341059.0
22644,LP,maryraniamala@gmail.com,4872307458.0
24526,LP,nationallp3@gmail.com,9446651500.0
12532,LP,12532udinursislamia@gmail.com,4672212270.0
22640,LP,hmvglpstcr@gmail.com,9895548661.0
14838,LP,vilamanaglps@gmail.com,4902081160.0
11224,LP,avalaalpsbayar@gmail.com,4998207579.0
14329,LP,pathiriadjbs@gmail.com,4902366390.0
21845,LP,amlpskkunnu@gmail.com,4924260396.0
20646,LP,alpsperumudiyur@gmail.com,8592829331.0
14614,LP,koovappadimlps@gmail.com,9400460906.0
14840,LP,lpschooldonbosco@gmail.com,4902999655.0
30332,LP,alpskundaly@gmail.com,
47318,LP,glpsanayamkunnu15@gmail.com,4952298399.0
16522,LP,northmlpmeppayur@gmail.com,4962675237.0
20208,LP,sdvmchunangad2019@gmail.com,4662245214.0
20527,LP,alpsittonam123@gmail.com,4662080212.0
38430,LP,cmlpserathumpamon2017@gmail.com,9947751255.0
20242,LP,alps20242@gmail.com,8547986178.0
27356,LP,mslpskpra@gmail.com,9744050088.0
38604,LP,chittarglps@gmail.com,4735256444.0
28721,LP,jems28721@gmail.com,4852278172.0
21301,LP,ambattupalayamglps@gmail.com,4923224470.0
13934,LP,bemlpspnr@gmail.com,4985207630.0
25618,LP,glpsveettoor@gmail.com,9496229366.0
21368,LP,gnskozhinjampara@gmail.com,4923273330.0
16846,LP,16846hm@gmail.com,9446779466.0
35293,LP,templeofenglish@gmail.com,4772266945.0
17216,LP,bemgirlslp@gmail.com,4952722809.0
13741,LP,koonamlps@gmail.com,4602225333.0
29419,LP,glpspazhampallichal@gmail.com,9961209856.0
45230,LP,stjolpsvaikom@gmail.com,4829212096.0
16244,LP,16244hmchombala@gmail.com,7306054029.0
12412,LP,glpsparamba@gmail.com,9446088170.0
20523,LP,alpscheruchalpuram@gmail.com,9562931033.0
47448,LP,alpsmuttanchery@gmail.com,7907341856.0
16658,LP,ummathurmlps@gmail.com,9495295572.0
16622,LP,kakkamvellilp16622@gmail.com,919495342351.0
37630,LP,sjctvla@gmail.com,8281390698.0
32209,LP,ellumpuramcmslps@gmail.com,4822219552.0
11314,LP,11314nalka@gmail.com,4998226511.0
21540,LP,alpschoolnagarpadam@gmail.com,9995480810.0
14334,LP,school14334@gmail.com,9400556765.0
16874,LP,sreenarayanalp@gmail.com,4962524414.0
22428,LP,ivmlpsmulayam46@gmail.com,9496168738.0
33253,LP,holyfamilylps20@gmail.com,4812311505.0
16407,LP,kml16407@gmail.com,4962448430.0
36301,LP,glpsala@gmail.com,4792360805.0
31506,LP,melamparaglps2016@gmail.com,9400035094.0
27218,LP,mekkappalaglps@gmail.com,9747584190.0
16577,LP,avalagmlp@gmail.com,4962765010.0
11440,LP,bahmalpspanarkulam@gmail.com,9495671532.0
22422,LP,stjosephsclps.thrissur@gmail.com,4872428698.0
13612,LP,school13612@gmail.com,9495909602.0
36447,LP,mgmlpschool@gmail.com,9947575321.0
16641,LP,,9496403158.0
14320,LP,mannayadlps@gmail.com,
38643,LP,mscnannuvakkadu@gmail.com,9846528924.0
21322,LP,gmlpsparakkalam@gmail.com,
12404,LP,glpskunnumkai@gmail.com,4672341425.0
13536,LP,apbkdlps@gmail.com,7907466924.0
21608,LP,bemjbspalakkad@gmail.com,4912538615.0
29439,LP,glpskanjikuzhyidukki@gmail.com,4862238055.0
35419,LP,35419haripad@gmail.com,9497256031.0
38626,LP,moonnukallulps@gmail.com,9744413676.0
16329,LP,thorayialpschool@gmail.com,4962700281.0
17266,LP,georgest477@gmail.com,2760830.0
14211,LP,kvlpstly@gmail.com,7356598363.0
16845,LP,16845hm@gmail.com,9447871679.0
33426,LP,cmslpsmuttambalam@gmail.com,9497666018.0
21323,LP,glpssouriarpalayamm@gmail.com,4923273034.0
35212,LP,35212.alappuzha@gmail.com,4772238027.0
13908,LP,glpsmaniyara1@gmail.com,497270800.0
32317,LP,gwlpskuzhimavu@gmail.com,
47577,LP,gvpschool2016@gmail.com,9447042247.0
20535,LP,alpspallippadam@gmail.com,4662259539.0
20215,LP,kayaratschool@gmail.com,9497751972.0
46313,LP,stantonylpsthayamkary@gmail.com,9656820889.0
13428,LP,sslpsratnagiri@gmail.com,9400205073.0
11413,LP,11413kallumkoottam@gmail.com,4994283030.0
17313,LP,alpskayalam@gmail.com,9496163277.0
45326,LP,glpschoolayamkudy@gmail.com,4829288479.0
45341,LP,alphonsaschoolretnagiri@gmail.com,
33368,LP,govtlpsthrukotha@gmail.com,4812460910.0
21825,LP,glpspottasserieastpkd@gmail.com,4924238336.0
11410,LP,glpskalanadold23@gmail.com,4994237030.0
35425,LP,35425haripad@gmail.com,9947108170.0
37622,LP,kvmlpskumpalamthanam@ymail.com,9947774963.0
37528,LP,mtlpspoovanpara@gmail.com,9495343231.0
34216,LP,34216cherthala@gmail.com,2863454.0
17219,LP,francisroadlps@gmail.com,4952301055.0
13535,LP,srvlpscheruthazham@gmail.com,9495610589.0
31314,LP,stjosephslpsparappallikunnu@gmail.com,9496722541.0
13579,LP,athiyadamlps@gmail.com,9605760414.0
13402,LP,chamathachalglps@gmail.com,4602210688.0
20524,LP,ajbsedapparamba@gmail.com,4662279149.0
16306,LP,gflpskannankadave@gmail.com,4962687222.0
35411,LP,35411haripad@gmail.com,
16507,LP,alpscheruvannur916@gmail.com,4962776222.0
38642,LP,khmlps@gmail.com,9946778485.0
13532,LP,muttillps@gmail.com,4972871949.0
24653,LP,snlpsv@gmail.in,4884274817.0
26302,LP,emglpsfortkochi@gmail.com,9946072260.0
11229,LP,alpskudalmerkala@gmail.com,9946826648.0
22222,LP,www.littleflowerperinchery@gmail.com,4872340062.0
28312,LP,smlpsmarika@gmail.com,9744524205.0
37616,LP,dvhlpskanjeettukara@gmail.com,4692655197.0
23428,LP,nmlpskoolimuttam@yahoo.com,4802844736.0
20213,LP,bvalps213@gmai.com,9496235397.0
24602,LP,glpscty@gmail.com,4884261255.0
14651,LP,ramapuramlp@gmail.com,4902368940.0
33216,LP,stthresialps1914@gmail.com,9495323848.0
23426,LP,pappinivattamglps@gmail.com,4802853900.0
16651,LP,nadapuram16651@gmail.com,4962553389.0
23409,LP,ulpsnarayanamangalam@gmail.com,9995044336.0
37420,LP,pandalamgirideepom@gmail.com,9495682993.0
14216,LP,melurjbs111@gmail.com,9847200641.0
21339,LP,clvalpso@gmail.com,4923235756.0
13200,LP,maunathullp@gmail.com,4972832160.0
17503,LP,glpsmukathkdv@gmail.com,4952473670.0
12507,LP,12507glpsmaviladam@gmail.com,9846552272.0
21723,LP,ajbsnagaripuram@gmail.com,9605609540.0
26514,LP,stpeterslpskurisinkal@gmail.com,7907498205.0
37214,LP,glpspodiyadi@gmail.com,4792642671.0
24517,LP,dvsouthlps@gmail.com,9846493343.0
11328,LP,gwlpsbela@gmail.com,6282574745.0
21849,LP,alpskulappadam@gmail.com,9446237319.0
22641,LP,alpsguruvijayayam@gmail.com,4872449905.0
35413,LP,35413haripd@gmail.com,9496466116.0
20616,LP,hmbvalp@gmail.com,9539124155.0
24511,LP,hmcentrallp@gmail.com,
47508,LP,alpsthuruthiyad@gmail.com,7736754325.0
16215,LP,16215hmchombala@gmail.com,9497648699.0
47413,LP,amlpschoolnt@gmail.com,9946305006.0
37419,LP,ealpspallikkala@gmail.com,8547789398.0
11244,LP,vvalpsthottethody@gmail.com,9497515097.0
17439,LP,sreekrishnasahayam@gmail.com,9605312764.0
23302,LP,nhsslps@gmail.com,
14528,LP,kwlpskannancode@gmail.com,4902390320.0
22618,LP,skvlps.edakkalathur@gmail.com,4872082273.0
21584,LP,cemupschoolklgd@gmail.com,8547959649.0
12209,LP,hmglpskallingal@gmail.com,0.0
23509,LP,clpsaloor@gmail.com,8943436575.0
20604,LP,gmlpskariyannur@gmail.com,4662239099.0
13185,LP,bavodelps@gmail.com,9400427885.0
13426,LP,alpskolithattu@gmail.com,9446763744.0
11603,LP,,9495014456.0
47510,LP,inthadalps@gmail.com,7306274172.0
38629,LP,msclps38629@gmail.com,9495605696.0
29308,LP,glpssasthampara@gmail.com,4862228604.0
24513,LP,clpschoolperinjanam@gmail.com,0.0
13811,LP,kanooljubilee@gmail.com,9744585791.0
47635,LP,amlpspaloli1925@gmail.com,4962657356.0
37424,LP,msclpsullannoor20@gmail.com,9447139095.0
16602,LP,glpschuzhali602@gmail.com,7012297348.0
23532,LP,ulpsmambra23@gmail.com,9447435911.0
13208,LP,paleriwestlps@gmail.com,9400556099.0
23535,LP,marekkadamlps@gmail.com,9447436556.0
30343,LP,aidedlps.sevenmallay@gmail.com,4865231566.0
16414,LP,slpnarippatta@yahoo.com,4962447250.0
21318,LP,palathullyglps@gmail.com,9495658337.0
25837,LP,splpsnp@gmail.com,4842449176.0
23227,LP,clpskoratty@gmail.com,4802733990.0
23315,LP,parappukkaraglps@gmail.com,4802790560.0
38216,LP,glpsmundappally@gmail.com,4734249250.0
29437,LP,tlpsmazhuvady@gmail.com,9446209669.0
14530,LP,kolavalloorwestlpschool@gmail.com,9496420007.0
26425,LP,ckcponnurunny@gmail.com,9495466602.0
23422,LP,glps.pvemballur@gmail.com,4802850401.0
45370,LP,sister.savio@gmail.com,8304922597.0
29435,LP,snlpsmakkuvally@gmail.com,9447167843.0
46207,LP,gnslpsnedumudy@gmail.com,9496333044.0
28213,LP,srlps.thekkumala@gmail.com,9074567025.0
33231,LP,cmskarapuzha@gmail.com,9495706821.0
33528,LP,cmslpsthiruvanchoor@gmail.com,9446273374.0
16216,LP,karakkadmlp09@gmail.com,9496262506.0
20610,LP,glpskodumunda@gmail.com,9497824645.0
17517,LP,alpskadalundi@gmail.com,9946773651.0
37239,LP,mtlpssvengal@gmail.com,9995636070.0
37421,LP,mtlpsthupamonthazham30@gmail.com,6282558537.0
13516,LP,karayadschool@gmail.com,4985270960.0
33525,LP,cmslpspampadynorth@gmail.com,9605828307.0
46413,LP,fpmlpschool21@gmail.com,8547553243.0
27354,LP,stgeorgeslpskadavoor@gmail.com,9495426972.0
36268,LP,hmglpsthekkekara123@gmail.com,
13351,LP,vmlpskadangod@gmail.com,9544664129.0
17232,LP,thalikulangaraalpschool@gmail.com,9846261035.0
13331,LP,thannadalpschool1928@gmail.com,9746840900.0
16735,LP,16735.aeotdnr@gmail.com,4962993839.0
24651,LP,nmlpsv@gmail.com,4884254900.0
20237,LP,lpsvarode@gmail.com,9946342294.0
24343,LP,stmmclps@gmail.com,4885222960.0
24332,LP,mattomstfrancislp@gmail.com,9496755393.0
16201,LP,muttungallps@gmail.com,9747301568.0
14413,LP,kjbsperingadi@gmail.com,9947614877.0
13538,LP,smlpschool1964@gmail.com,4972860780.0
21701,LP,glpscheraya@gmail.com,9846981419.0
30416,LP,glpsladrum@gmail.com,8921810549.0
23311,LP,lpspompeikattoor@gmail.com,9544100933.0
36340,LP,mdlpsputhencavu@gmail.com,9495567733.0
46210,LP,lflpskainakary1@gmail.com,4772724490.0
22623,LP,stthomascgs@gmail.com,4872636130.0
36445,LP,areekkaralpsvklm@gmail.com,9400469700.0
38708,LP,glpsperoorkulam@gmail.com,
38213,LP,govtlpsmannady@gmail.com,4734281176.0
14704,LP,muthukuttipoyilschool@gmail.com,9496462996.0
38519,LP,ptpmky@gmail.com,9496733458.0
36316,LP,govtjbspunthala@gmail.com,8078028774.0
37334,LP,stlpsthattekkad@gmail.com,8136879763.0
38206,LP,gsvlpsenathu@gmail.com,8129843745.0
31204,LP,nssglpsezhacherry@gmail.com,4822246233.0
26230,LP,stignatiouslayolalps@gmail.com,9496276646.0
27360,LP,muttathuparalps@gmail.com,
21247,LP,cvmlpschoolvandazhy@gmail.com,4922260515.0
25810,LP,glpsparayakad@gmail.com,4842992011.0
37516,LP,nsslpskr@gmail.com,9495637774.0
25650,LP,englishmediummorakkala@gmail.com,4842683565.0
23502,LP,lpsalathur@gmail.com,4802897002.0
25408,LP,kunnuvayallps@gmail.com,4842267116.0
12210,LP,hmglpsmadiyan@gmail.com,4672266853.0
22212,LP,cnnglpscherpu@gmail.com,9746294449.0
14225,LP,schoolpwlp@gmail.com,4902357690.0
27249,LP,stlpsvallam@gmail.com,8943882477.0
37311,LP,eraviperoorstjohnslps@gmail.com,9447370056.0
21235,LP,galpspazhathara18@gmail.com,9400612054.0
35409,LP,35409haripad@gmail.com,9947215443.0
30412,LP,kplpss@gmail.com,9744046909.0
38245,LP,asmem@gmail.com,4734228408.0
27244,LP,strithas27244@gmail.com,9645306411.0
33240,LP,stmaryslps1914@gmail.com,8281193821.0
17416,LP,aplpschool@gmail.com,9946453549.0
21727,LP,tajbs16@gmail.com,9746400940.0
32412,LP,vkvmlpskangazha@gmail.com,9447867288.0
28203,LP,glpsneerampuzha@gmail.com,4852262814.0
16248,LP,telps@gmail.com,8113827224.0
36420,LP,cmslpsmonkuzhy@gmail.com,9946611661.0
31421,LP,stmichaels1916@gmail.com,9447989494.0
36239,LP,36239alappuzha@gmail.com,9496881422.0
21528,LP,mglpsmpudur21528@gmail.com,
26331,LP,stthomaslps2013@gmail.com,4842929289.0
13434,LP,alpschoolblathur@gmail.com,4602278090.0
22445,LP,nslpsmadakkathara@g-mail.com,9495884897.0
26322,LP,vvlpschool123@gmail.com,8136822968.0
14335,LP,14335pmlps@gmail.com,9846313696.0
47220,LP,mavooralpschool47220@gmail.com,2883740.0
36218,LP,glpspayyanalloor@gmail.com,9446144780.0
28406,LP,28406glpsvalakom@gmail.com,9446362822.0
13723,LP,glpspattuvam@gmail.com,9961584412.0
11233,LP,11233challamgayam@gmail.com,7907794104.0
35315,LP,mlpsarattupuzha@gmail.com,8547281113.0
24248,LP,amlpsthozhiyur@gmail.com,
20348,LP,gmlpveeramangalam@gmail.com,9747162622.0
36357,LP,jbspandanad.in@gmail.com,9745106617.0
14810,LP,nirmalalpsadichuvary@gmail.com,9946959073.0
27648,LP,prathibaenglishschool@gmail.com,4852582306.0
47355,LP,goodhopeschoolcmr@gmail.com,4952960020.0
21438,LP,ajbsanikode@gmail.com,9188450170.0
34227,LP,34227cherthala@gmail.com,4782573042.0
38731,LP,glpsnedumoncavueast2@gmail.com,6282208541.0
38220,LP,glpspallickal@gmail.com,4734288756.0
16440,LP,ksmlps16440@gmail.com,9497891152.0
45222,LP,midayikunnamlps@gmail.com,4829234318.0
47543,LP,alpsnanmindaw@gmail.com,9446782016.0
13305,LP,chembilodecentrallps@gmail.com,7012783445.0
13632,LP,school13632@gmail.com,8547325936.0
30335,LP,alpsmadupatty@gmail.com,
29356,LP,plpsvettimattom@gmail.com,4862276751.0
16512,LP,kannamkulamalps@gmail.com,4962601551.0
35328,LP,35328ampalappuzha@gmail.com,9446117206.0
33431,LP,mdlpsputhuppally@gmail.com,9446820673.0
22209,LP,alpschazhur@gmail.com,22274961.0
11448,LP,11448cheroor@gmail.com,4994208090.0
34316,LP,glpsulavaipu1@gmail.com,2522033.0
21625,LP,olavakoden@gmail.com,4912552254.0
35417,LP,35417haripad@gmail.com,9495291420.0
11424,LP,gmlpsthalangara@gmail.com,9497603174.0
22206,LP,ghslpsperingottukara@gmail.com,4872270883.0
17401,LP,annasseryglps@gmail.com,4952850500.0
13933,LP,vengayilkanayialps@gmail.com,4985279930.0
30435,LP,glpschottupara@gmail.com,4869223250.0
47411,LP,gmlpschoolked@gmail.com,4952282800.0
47537,LP,glpschooloravil@gmail.com,9495720427.0
37326,LP,ealpsothera18@gmail.com,9400617072.0
36247,LP,mtlps2015@gmail.com,4792322323.0
11231,LP,vorkadykapiri@gmail.com,4998203320.0
33218,LP,cmslps.arpookara@gmail.com,9744566100.0
26508,LP,rvulpscherai@gmail.com,4842416700.0
17436,LP,puthiyanirathamlps@gmail.com,9946632920.0
16840,LP,tbjbschool@gmail.com,9846505820.0
13638,LP,school13638@gmail.com,7907147588.0
47326,LP,sslpskoodaranhi@gmail.com,8547100286.0
38238,LP,glpschoorakodu@gmail.com,4734211578.0
14831,LP,jyothivarakkoth@gmail.com,4902433444.0
23232,LP,hmlpsthirumudikkunnu@gmail.com,9495107226.0
35220,LP,35220edlps@gmail.com,9497633733.0
24611,LP,glps.tvmala@gmail.com,4884283892.0
33226,LP,hm33226@gmail.com,8281583790.0
26522,LP,skvalpsnarakal@gmail.com,4842499623.0
47515,LP,balabodhnialps1932@gmail.com,9778106317.0
20430,LP,alpsmkurissi@gmail.com,9847607264.0
47328,LP,mamlpsvthode19@gmail.com,4952255223.0
30417,LP,glpsmurinjapuzha@gmail.com,4869288536.0
16539,LP,purakkadnlps@gmail.com,9946001244.0
27376,LP,fathimalpsk@gmail.com,4852815118.0
31415,LP,hmst.josephlpskadaplamattom@gmail.com,482251765.0
17229,LP,srkmlps@gmail.com,
37331,LP,ealpspularicadu37331@gmail.com,9961538126.0
29421,LP,slpspottenkad@gmail.com,4865266075.0
12401,LP,glpschennadukkam@gmail.com,9744038734.0
24637,LP,vlpsmnnr@gmail.com,4884286035.0
38249,LP,karuvattalpsadur@gmail.com,4734220201.0
24315,LP,eslpkandanassery@gmail.com,8943301211.0
30286,LP,stmaryslpsnankuthotty@gmail.com,7025753246.0
38315,LP,msclpsthumpamon@gmail.com,9947757174.0
23330,LP,glpsnadavaramba@gmail.com,4802833220.0
24657,LP,clarehome001@gmail.com,
16509,LP,cheruvannur101wlps@gmail.com,9745810802.0
36254,LP,36254alappuzha@gmail.com,
37405,LP,lakalps2@gmail.com,4682319091.0
31523,LP,sglpsmutholy@gmail.com,9400284104.0
45322,LP,stagneslpsmuttuchira@gmail.com,4829282758.0
35402,LP,35402haripad@gmail.com,4792419047.0
36204,LP,glpskarazhmaeast@gmail.com,4792320305.0
22419,LP,straphealsclps@gmail.com,2351616.0
30313,LP,glpsdevikulam@gmail.com,4865264272.0
14314,LP,kadirurmlp2012@gmail.com,9846048180.0
33373,LP,stmaryslpsveroor@gmail.com,4812726200.0
21503,LP,glpskaripodeadichira@gmail.com,4923215325.0
30217,LP,glpskarikkinmedu1999@gmail.com,9747621138.0
17331,LP,kovuralps@gmail.com,9605558201.0
16513,LP,kayaladalps@gmail.com,4962676190.0
20306,LP,kulikkiliyadglp@gmail.com,
37223,LP,mdlpsmannamthottuvazhy@gmail.com,9447034637.0
21724,LP,svmalps@gmail.com,4912833532.0
16445,LP,headmastervatayamnorthlpschool@gmail.com,4962588370.0
27368,LP,lflpsoonnukal2014@gmail.com,4852856847.0
13323,LP,macherimlps@gmail.com,9567187819.0
13164,LP,mavilayinorth@gmail.com,9496596119.0
36229,LP,36229alappuzha@gmail.com,9447565113.0
16649,LP,chelakkadlps@gmail.com,4963197171.0
35208,LP,35208gjbspolabhagom@gmail.com,9400441827.0
14303,LP,arangettuparambasouthlp@gmail.com,9497419519.0
14522,LP,gdslpschool2012@gmail.com,8281175180.0
13410,LP,clps9666@gmail.com,4602259666.0
31313,LP,stantonyslpspaduva@gmail.com,4812547443.0
12223,LP,12223udmaislamia@gmail.com,4672236165.0
14607,LP,chittariparambalps@gmail.com,9605162747.0
12562,LP,12562beericheri@gmail.com,4672214151.0
33341,LP,cmslpskadamury619@gmail.com,4812460940.0
23404,LP,sslpsvpthuruth@gmail.com,9496220901.0
36222,LP,36222glpstkranorth@gmail.com,9446080322.0
13177,LP,thottadanorthlps@gmail.com,4972836384.0
36439,LP,pullukulangaralpslps@gmail.com,4792431132.0
38307,LP,glpgsthattayil@gmail.com,9605244525.0
20346,LP,srjalps013@gmail.com,4662260528.0
14338,LP,hmmundolilp@gmail.com,4902306650.0
14548,LP,vijnanodayamlps@gmail.com,4902464423.0
38716,LP,glpslakkoor@gmail.com,9496267979.0
23419,LP,gmlpsamandoor@gmail.com,9497024652.0
16606,LP,glps16606@gmail.com,9495670684.0
25440,LP,stmaryslpsthuravoor@gmail.com,9048741275.0
11338,LP,glpsparappat@gmail.com,4994270065.0
16801,LP,arakkiladlps@gmail.com,9061480149.0
14347,LP,14347school@gmail.com,490230181.0
30208,LP,smlpschempakappara@gmail.com,4868210010.0
14229,LP,tmjbsmelur@gmail.com,9447412961.0
21543,LP,01alpsmalayampallam@gmail.com,
21415,LP,vbsvilayannur@gmail.com,9605122844.0
35401,LP,35401haripad@gmail.com,8547271749.0
21717,LP,alpskpadam@gmail.com,9446533671.0
38211,LP,scvlpskodumon@gmail.com,280840.0
38528,LP,pullampallymtlps@gmail.com,
33413,LP,cmslpschannanikkadu@gmail.com,4812330902.0
37534,LP,littlefloweremlps@gmail.com,7306507803.0
25623,LP,staugustinlps@gmail.com,4842683102.0
23328,LP,cmslpsirinjalakuda@gmail.com,9645288406.0
13524,LP,www.gwlpsezhome@gmail.com,4972872177.0
30525,LP,imslpsanakkara@gmail.com,4868283792.0
35416,LP,35416haripad@gmail.com,9048129906.0
20529,LP,amlpskavukkode@gmail.com,4662255945.0
13417,LP,kulinhadevivilasamlps28@gmail.com,4602259401.0
35430,LP,35430haripad@gmail.com,9495133483.0
11483,LP,cralpsbepu@gmail.com,4994251510.0
14405,LP,champadnorthlps@gmail.com,4902316180.0
28412,LP,meslpspunnamattom28412@gmail.com,9744763123.0
23424,LP,stgeorgepanangad@gmail.com,9446240450.0
14819,LP,elappeedikalps@gmail.com,9847989425.0
14221,LP,palayadeastjbs@gmail.com,8086719293.0
21505,LP,glpsmoochamkundu@gmail.com,4923277210.0
26286,LP,stantnys@gmail.com,4842395105.0
45211,LP,glpsvaikomtown@gmail.com,9495787673.0
34321,LP,34321thuravoor@gmail.com,4782562113.0
28516,LP,lpsm1904@gmai.com,4842748897.0
14645,LP,naravoorsouthlpschool@gmail.com,4902367310.0
38622,LP,msclps38622@gmail.com,9656784081.0
25606,LP,glpskadayiruppu@gmail.com,4842766326.0
37502,LP,glpskallooppara@gmail.com,9446287111.0
23225,LP,gwlpspulipparakunnu123@gmail.com,4802724469.0
29315,LP,nssglpsmanakkad@gmail.com,4862221649.0
13186,LP,chaladevivilasamlpschool@gmail.com,9995523722.0
24620,LP,lflpschelakkara@gmail.com,4884254302.0
22602,LP,gwlpsanjur@gmail.com,4872211599.0
16818,LP,lpschoolkottakadapuram@gmail.com,9446288418.0
47446,LP,eravannuramlps@gmail.com,4952247473.0
37322,LP,mulackalolymtlps14@gmail.com,9846674349.0
32411,LP,glpskangazha@gmail.com,9946466142.0
14340,LP,poyanadmapilalps@gmail.com,9446166830.0
24368,LP,alhayathenglishschool@gmail.com,4885284426.0
32436,LP,gvtlps4@gmail.com,4812498859.0
14713,LP,mmikallayilps@gmail.com,9746408330.0
25216,LP,st.francislps25216@gmail.com,4842632088.0
32214,LP,lpskaipally@gmail.com,4822299261.0
28402,LP,glpskayanad28402@gmail.com,9947395397.0
24533,LP,amlpschni@gmail.com,9567770984.0
26315,LP,stlouislps2011@gmail.com,4842232024.0
12217,LP,thiruvakolischool@gmail.com,4672265105.0
47433,LP,pannureastamlpschool@gmail.com,4952212055.0
16834,LP,hmpmlps@gmail.com,9946625944.0
17312,LP,alpskanniparamba@gmail.com,9446742573.0
24640,LP,mndspanangattukara@gmail.com,4884267063.0
24616,LP,cmslpsakampadam@gmail.com,4884234078.0
24223,LP,edakkaraschool@gmail.com,8921089836.0
11309,LP,kpalpskottankuzhi@gmail.com,9496067320.0
33247,LP,olassacmslps@gmail.com,9961993645.0
35327,LP,panackalskvlps35327@gmail.com,8606571419.0
16405,LP,hmglpskarandote@gmail.com,9846627169.0
14218,LP,moozhikkaramappilalp@gmail.com,9497608869.0
11438,LP,11438pady@gmail.com,9746059730.0
14450,LP,naseemanasar4743@gmail.com,7558994743.0
16729,LP,nidumbramannamlps@gmail.com,7306493947.0
29422,LP,jpmslps79@gmail.com,9656488135.0
13650,LP,school13650@gmail.com,9446494299.0
38227,LP,peringanadlps@gmail.com,4734220718.0
20227,LP,ajbspalappuram@gmail.com,7907992418.0
28303,LP,glps28303@gmail.com,4852250730.0
30420,LP,sjlps.kuttikanam@gmail.com,4869232402.0
37437,LP,memps88@gmail.com,4682318624.0
34238,LP,34238cherthala@gmail.com,9847091021.0
14531,LP,kooraralp@gmail.com,9496155288.0
38301,LP,gsvlpskadakkad@gmail.com,4734291392.0
16236,LP,marankandymlps@gmail.com,
21853,LP,malpsmundekarad@gmail.com,9495994634.0
45216,LP,cmsschoolirumpayam@gmail.com,9447779285.0
14322,LP,mannayadmopila@gmail.com,8138984210.0
25822,LP,hijpgschathedom@gmail.com,8606174249.0
20615,LP,amlpschembra@gmail.com,4662219834.0
33411,LP,glpsveloor@gmail.com,4812380296.0
34221,LP,34221cherthala@gmail.com,8281361767.0
14629,LP,hmthallode@gmail.com,8281411350.0
23504,LP,littleflowerkumbidy@gmail.com,4802770020.0
24509,LP,gmlpsthalikulamsouth@gmail.com,4872392350.0
37605,LP,kottangalglps@gmail.com,4692696006.0
25616,LP,glpsvempilly@gmail.com,4842680218.0
36207,LP,36207harijanodharani@gmail.com,9947971131.0
24537,LP,24537ssrclpvpd@gmail.com,9497539501.0
32402,LP,ambalathinamkuzhy347@gmail.com,9605574784.0
38314,LP,nsslpsthattayil@gmail.com,7510845464.0
33352,LP,cmslps33352@gmail.com,9961753150.0
32204,LP,littleflowerlps@gmail.com,9495601224.0
12303,LP,12303glpschernathala@gmail.com,4672240416.0
20335,LP,alps1927@gmail.com,2268228.0
27231,LP,gpbsvengola@gmail.com,4842595424.0
29320,LP,gtlpsuppukunnu@gmail.com,4862247596.0
38726,LP,pragathyschool@gmail.com,4682335888.0
16437,LP,parayillpschool@gmail.com,9496892287.0
21826,LP,pulluvayilkunnuglps@gmail.com,9747923517.0
21211,LP,thonipadamgmlpsnew@gmail.com,
21716,LP,nlvajbskolpadam@gmail.com,9946624119.0
14702,LP,glpskanhileri@gmail.com,4902369480.0
20542,LP,hmgtjbskumbidi@gmail.com,4662254293.0
35221,LP,35221poonthottamlps@gmail.com,9744903824.0
16829,LP,16829hm@gmail.com,9497648737.0
11223,LP,gmlpsthota@gmail.com,9746994510.0
36319,LP,areekkaraeast@gmail.com,9400528456.0
32305,LP,palampadamlps@gmail.com,0.0
21336,LP,amalpskpallam@gmail.com,4923282825.0
21714,LP,alpskinavallur@gmail.com,9633537579.0
24304,LP,gglpskkm@gmail.com,4885223334.0
16617,LP,16617hmelps@gmail.com,4962224301.0
11341,LP,alice.hmkpdy@gmail.com,
36406,LP,glpsperingala@gmail.com,
20305,LP,glpsvly@gmail.com,4662285258.0
16402,LP,akkallvlps@gmail.com,4962588170.0
12411,LP,sruthisnair700@gmail.com,4672245925.0
14234,LP,mail.mmlps@gmail.com,9645411708.0
13935,LP,neramam85@gmail.com,281630.0
11304,LP,11304chedikana@gmail.com,9496806756.0
22643,LP,sreebindu@hotmail.com,2382908.0
25210,LP,panshm2513136@gmail.com,2513136.0
13923,LP,kvrcentrallps@gmail.com,4985290459.0
38710,LP,thengumkavuglps@gmail.com,9447556151.0
34305,LP,34305thuravoor@gmail.com,4782878578.0
33366,LP,govt.lpgsthottakkadu@gmail.com,4812468955.0
13422,LP,parakkadialps@gmail.com,9744881123.0
25621,LP,lpgsmazuvannoor@gmail.com,4842767044.0
23540,LP,rvlpskuruvilassery@gmail.com,9496181544.0
13627,LP,school13627@gmail.com,4972789880.0
17302,LP,glpscherukulathoor@gmail.com,
21726,LP,ajbsparayankad51@gmail.com,9447347969.0
21709,LP,glpspoothanur@gmail.com,4912933355.0
36327,LP,angadicalealps@gmail.com,
25609,LP,gjbskanniattunirappu@gmail.com,9847903909.0
17513,LP,alpsfarook@gmail.com,4952994903.0
26210,LP,chennurschool@gmail.com,9645629870.0
24275,LP,mukthischool@gmail.com,4872500088.0
23329,LP,glpsmukundapuram@gmail.com,4802822140.0
12402,LP,chullyglps@gmail.com,4672248424.0
16739,LP,villyappallymopila@gmail.com,
47626,LP,glpschoolpaithoth@gmail.com,4962610126.0
12517,LP,12517ayitty@gmail.com,4672301125.0
29227,LP,glpskolapra1936@gmail.com,4862256622.0
16609,LP,arurmlps@gmail.com,9656361009.0
45231,LP,stlouis1905@gmail.com,9947590845.0
23218,LP,shcglps@gmail.com,2701048.0
33336,LP,elamkavulpschool@yahoo.com,9446859650.0
13321,LP,koyyodeeastlps@gmail.com,8547276257.0
24628,LP,gmlpskanjirassery@gmail.com,4884271741.0
17418,LP,bemlpannasseri@gmail.com,8547657125.0
23235,LP,stjbclpspariyaram@gmail.com,4802747521.0
34212,LP,34212cherthala@gmail.com,4782813827.0
24204,LP,glpsedakkazhiyur@gmail.com,0.0
16551,LP,avalakuttothlpschool@gmail.com,8086025011.0
12218,LP,12218glpsudma@gmail.com,4672238877.0
25624,LP,lpsmangatoor@gmail.com,9495193725.0
33332,LP,sjlpschry2013@gmail.com,9446602753.0
36442,LP,apmlps1@gmail.com,4792380615.0
22628,LP,alpsmuttichur2017@gmail.com,4872733275.0
29363,LP,salpsvengaloor@gmail.com,7907427798.0
24601,LP,glpschelakkara@gmail.com,4884250600.0
24644,LP,alpspulakode@gmail.com,9496437034.0
13534,LP,westlpsputhiyangadi@gmail.com,4972872405.0
24514,LP,aailpschool@gmail.com,
24416,LP,jlpshm@gmail.com,4872265131.0
13649,LP,school13649@gmail.com,8547176829.0
47533,LP,amlpskanthapuram@gmail.com,8086126420.0
16401,LP,patterkulangaralps222@gmail.ccom,9744944694.0
47524,LP,narendrababukk1973@gmail.com,8921024077.0
26416,LP,lpsirimpanam1922@gmail.com,9400568784.0
37332,LP,mtlpspullad@gmail.com,4692661333.0
37521,LP,cmslpsarampulickal@gmail.com,4692783552.0
16447,LP,glpsvadakkumpad@gmail.com,4962668499.0
26232,LP,thattazhamlpsvaduthala@gmail.com,8547536236.0
46409,LP,glpskunnamkary2015@gmail.com,9961450542.0
47615,LP,kalpathuralp@gmail.com,4962614117.0
16325,LP,melurlpschool@gmail.com,9633642961.0
20530,LP,ajbskudallur1906@gmail.com,4662253107.0
24623,LP,rslpsekd@gmail.com,4884230097.0
14337,LP,ponniamsouthlp@gmail.com,9656368503.0
32431,LP,glpsthazhathuvadakara8855@gmail.com,4812498855.0
25201,LP,ghaclpsaluva@gmail.com,4842626140.0
25814,LP,glpspatanam@gmail.com,4842442202.0
13171,LP,mundalurwestlps2014@gmail.com,9605685720.0
31484,LP,onamthuruthuglps100@gmail.com,4812713288.0
13901,LP,glpschooral1@gmail.com,4985284800.0
16230,LP,puthiyangadimlps16230@gmail.com,4962549735.0
47636,LP,poonathmclp@gmail.com,9946815045.0
31217,LP,stglpschittar@gmail.com,9400741726.0
21334,LP,karinkarapully@gmail.com,7736971450.0
37525,LP,mtlps37525@gmail.com,9495437061.0
27377,LP,lpsinchoor@gmail.com,
16653,LP,jathiyerimlps@gmail.com,4962553570.0
37404,LP,govtdvlpskotta@gmail.com,
23531,LP,svlpsannanad@gmail.com,
16416,LP,smlpk16416@gmail.com,9961440191.0
13342,LP,kanayannorelps@gmail.com,9446424192.0
13319,LP,kappadmadrasalps@gmail.com,9061829792.0
21859,LP,hmalpspalakkazhi2022@gmail.com,9633554801.0
37246,LP,cmslpsnpm@gmail.com,9744786671.0
25237,LP,ijlpsthundathumkadavu@gmail.com,4842512374.0
25803,LP,chittattukaraglps@gmail.com,4842440494.0
28408,LP,sjlpsaarakuzha@gmail.com,4852255505.0
30409,LP,stllpsm@gmail.com,4869280454.0
13912,LP,glpspayyanur@gmail.com,4985208590.0
21815,LP,glpskottamala2@gmail.com,8086202867.0
36203,LP,36203alappuzha@gmail.com,9497246994.0
22232,LP,alpschenam@gmail.com,
21703,LP,glpskallur@gmail.com,9495220951.0
30434,LP,glpsvandiperiyar@gmail.com,4869252117.0
23401,LP,glpspaliyamthuruth@gmail.com,9446993271.0
37619,LP,mtlpskalampala@gmail.com,9947043731.0
11219,LP,glpstalekala@gmail.com,4998252051.0
24647,LP,alpsthrikkanaya@gmail.com,9048173267.0
13337,LP,eachurcentrallps@gmail.com,4972853331.0
12512,LP,12512thayyilsouth@gmail.com,4985223860.0
14751,LP,paladlps1935@gmail.com,9495614751.0
35226,LP,olflps35226@gmail.com,4772234180.0
21240,LP,gvmlpsmangalam1963@gmail.com,9745090544.0
31423,LP,hmstjosephslps@gmail.com,9446195744.0
22645,LP,ijcem1993@gmail.com,2385130.0
38240,LP,pvlpsadoor2012@gmail.com,8078713191.0
22425,LP,chaldeansyrianlpschool@gmail.com,9961627995.0
12409,LP,moukodeglps@gmail.com,7510169958.0
14418,LP,palliprammlps1928@gmail.com,9048809705.0
24225,LP,svalpskappiyur@gmail.com,4872682160.0
16733,LP,16733.aeotdnr@gmail.com,9496136714.0
21331,LP,ckalps21331@gmail.com,
14824,LP,lourdeslpskottukappara@gmail.com,9496282638.0
23420,LP,glpsamandur@gmail.com,9961717612.0
13643,LP,school13643@gmail.com,4972796517.0
13537,LP,smlpsvilayancode@gmail.com,4972801024.0
14719,LP,nislpsvenmanal@gmail.com,4902378520.0
23414,LP,glpshsedavilangu@gmail.com,4802808108.0
20507,LP,glpskothachiranorth@gmail.com,
13170,LP,mispublicschool15@gmail.com,4972827004.0
28204,LP,kavanaglps@gmail.com,8075504580.0
13926,LP,alpschoolperalam26@gmail.com,4985260008.0
23213,LP,hmstjosephslpsmeloor@gmail.com,4802737127.0
35407,LP,35407haripad@gmail.com,4792471907.0
25248,LP,glpsuliyannoor@gmail.com,4842629122.0
21583,LP,st.thomaslpsolippara@gmail.com,4923245533.0
24627,LP,alpskeezhillam@gmail.com,4884250326.0
11310,LP,11310kunjar@gmail.com,9446895400.0
31413,LP,staloysius555@gmail.com,9745681020.0
11240,LP,11240mudoorthoke@gmail.com,9645389281.0
33353,LP,nalunnakkalcmslps@gmail.com,4812464010.0
23406,LP,lpsghskogungallur@gmail.com,7907381441.0
38507,LP,hmglpsnaranammoozhy@gmail.com,4735270178.0
26215,LP,girinagarlps@gmail.com,9496631990.0
30403,LP,plpshaileyburia@gmal.com,9846268664.0
16615,LP,cherumothlpschool@gmail.com,8547347223.0
37509,LP,stmaryslpsanikad@gmail.com,9744487621.0
23333,LP,sngsslpsedakulam@gmail.com,4802820414.0
26312,LP,masslpsmattancherry@gmail.com,9946255516.0
31208,LP,glpskoodappulam@gmail.com,4822240112.0
24244,LP,muhammedashrafvn16@gmail.com,9446987216.0
13738,LP,valpsv@gmail.com,9496420534.0
14620,LP,lpsmanantheri@gmail.com,2300097.0
47418,LP,headmasteralpskundayi@gmail.com,4952201540.0
38724,LP,skvlps38724@gmail.com,8547397076.0
23536,LP,dvlpsvadama24@gmail.com,4802897012.0
22237,LP,alpspalissery2@gmail.com,9846336340.0
13209,LP,poduvacheryrvlps@gmail.com,4972822141.0
13322,LP,koyyodcentrallps@gmail.com,9847129429.0
20212,LP,alpskannamangalam@gmail.com,9539690840.0
32320,LP,stjosephlps2013@gmail.com,4828273719.0
33219,LP,glpbsarpookara@gmail.com,2597799.0
16304,LP,glpskothamangalam@gmail.com,4962631089.0
21621,LP,glpsmarutharoad@gmail.com,4912570295.0
23507,LP,akmlpspoyya@gmail.com,4802897013.0
38533,LP,valakodikavu11@gmail.com,9400722130.0
11202,LP,11202bambrana@gmail.com,4998215184.0
12410,LP,perumbattaglps@gmail.com,4672253976.0
26413,LP,lpsarayankavu123@gmail.com,9995835698.0
21807,LP,gtwlpschindakki@gmail.com,9526857503.0
46417,LP,stantonyslpseastch@gmail.com,2748777.0
36404,LP,glpsthevalappuram15@gmail.com,4792438990.0
23334,LP,stmaryslpsedakulam1234@gmail.com,4802832105.0
37303,LP,glpseraviperoor2018@gmail.com,4692998058.0
13324,LP,mundayadlps@gmail.com,9744694395.0
28308,LP,glpsvadakara@gmail.com,4852250630.0
14235,LP,madrasaanvariya@gmail.com,9447439390.0
25406,LP,desom.jbs@gmail.com,4842993719.0
45330,LP,ghwlpskallara@gmail.com,4829267088.0
37333,LP,thevarkadealp@gmail.com,8547172621.0
21314,LP,glps21314nallepilly@gmail.com,4923282024.0
17316,LP,moorkanad19@gmail.com,9495479044.0
22218,LP,stmarysalpspallissery@gmail.com,9400691781.0
28518,LP,parpacode@gmail.com,9947282209.0
24525,LP,sndplpsnattikasouth@gmail.com,4872393301.0
37607,LP,glpsthelliyoor2016@gmail.com,4692654241.0
21633,LP,holyfamilyakamalavaram@gmail.com,4912934312.0
13349,LP,headmistresstlps@gmail.com,9744381414.0
30207,LP,smglpstpkdy@gmail.com,4868265108.0
25438,LP,stantonyslpsnvm@gmail.com,9946641642.0
16505,LP,changaramvellimlp@gmail.com,4962677847.0
33421,LP,cmslpsmachukad1896@gmail.com,9447440036.0
14674,LP,princeandprincessenglish95@gmail.com,
38517,LP,msclpschoolkanji@gmail.com,9446015919.0
38727,LP,vakayarstthomasemlps@gmail.com,9539132837.0
37612,LP,cmslpschunkappara@gmail.com,4692697020.0
24515,LP,alpschuloor1@gmail.com,9496530269.0
30220,LP,glpschoolkozhimala@gmail.com,4868259228.0
13715,LP,glpsmylampetti@gmail.com,4602253050.0
47428,LP,hmamlpselettileast@gmail.com,9846100750.0
21525,LP,alpspallasana1904@gmail.com,4923263460.0
16825,LP,16825hm@gmail.com,
37640,LP,mmlpsedappavoor@gmail.com,9447592907.0
38717,LP,ealpsvellapara@yahoo.com,8078189156.0
24317,LP,cmslps1919@gmail.com,
25601,LP,nssglpsairapuram@gmail.com,4842655023.0
46209,LP,amalolbhavalpspulincunnu@gmail.com,4772702426.0
12201,LP,hmgmlpsajanur@gmail.com,4672209045.0
36342,LP,mtlpsuma@gmail.com,9497112745.0
14735,LP,tmlpsedayannur@gmail.com,9446736899.0
16660,LP,vishnumangalamlps@gmail.com,9400546741.0
37407,LP,gmlpsmezhuveli8@gmail.com,9496450261.0
20506,LP,gblpskdlr@gmail.com,9061530449.0
11421,LP,glpsmundakai@gmail.com,9847988347.0
16245,LP,16245hmchombala@gmail.com,9447900780.0
26421,LP,sjkodamkulangara@gmail.com,4842775378.0
32318,LP,manipuzhacrlps@gmail.com,9544999879.0
13824,LP,peruvangooralps@gmail.com,4602277050.0
38530,LP,stgeorgethulappally@gmail.com,4735244500.0
13154,LP,balikalayamlps01@gmail.com,8281470583.0
32220,LP,ghwlpspoonjar@gmail.com,9656980663.0
31509,LP,glpsparappally@gmail.com,9497664242.0
20411,LP,amlpsirimbalasseri@gmail.com,9495210851.0
16406,LP,thaleekkaralps@gmail.com,8075727916.0
21248,LP,paduralps@gmail.com,4922237100.0
35332,LP,735332snvlps@gmail.com,9037871054.0
13522,LP,gmlpsmtl@gmail.com,4972842795.0
16738,LP,vslpschool3@gmail.com,4963299174.0
24234,LP,kalpschool@gmail.com,9645220101.0
17204,LP,byraikulamglps@gmail.com,9495897005.0
38531,LP,mtlpschooluthimoodu@gmail.com,9744363434.0
14345,LP,arumukhavilasamlps@gmail.com,7034201913.0
37609,LP,thelliyoorgmlps@gmail.com,9745800957.0
24646,LP,alpstly@gmail.com,4884280921.0
21521,LP,alpsozhuvupara@gmail.com,4923268214.0
38204,LP,gwlpselangamangalam1@gmail.com,4742661365.0
34333,LP,bbmlps@gmail.com,9946391138.0
16328,LP,thuvakkodel@gmail.com,9495788313.0
13344,LP,mumlpskannur@gmail.com,8848285163.0
16714,LP,katamerisouthmlpschool@gmail.com,9747308140.0
20432,LP,tmslps123@gmail.com,9946836449.0
24521,LP,vblpskpm@gmail.com,8139073179.0
17309,LP,glpsvelliparamba@gmail.com,4952355788.0
21636,LP,gwlpsolvkd@gmail.com,4912553163.0
36332,LP,melpadomcms@gmail.com,9961931627.0
22407,LP,gtspananchery22407@gmail.com,7909225290.0
25848,LP,glpgsnparavur@gmail.com,4842447644.0
16203,LP,vaikkilasserimlps@gmail.com,9400394122.0
37241,LP,mbmmdlps27@gmail.com,9562341352.0
12516,LP,12516glpsvellat@gmail.com,4672230414.0
25407,LP,elavoorglps@gmail.com,4842470700.0
38634,LP,kumbazhamdlps@gmail.com,8593858980.0
22478,LP,st.josephsemlps@gmail.com,4872444483.0
17344,LP,emeraldemspalazhi@gmail.com,8281895950.0
13193,LP,kuttikkakamnorthlps@gmail.com,4972837120.0
20519,LP,glpvattenad@gmail.com,4662371074.0
30351,LP,smlps30351@gmail.com,4865252844.0
38241,LP,nsslpsadoor2014@gmail.com,9048130544.0
24236,LP,alpsnhamanghat24236@gmail.com,4872682235.0
14730,LP,paduvilayilp@gmail.com,9497288253.0
33234,LP,hslpkudamaloor@gmail.com,4812391410.0
14542,LP,puthoorvvlp@gmail.com,4902375243.0
14706,LP,glpschoolpoovampoil@gmail.com,9061779411.0
17412,LP,welfareglps@gmail.com,8547196140.0
30334,LP,alpsluckam@gmail.com,
14816,LP,ayshalpschedikulam@gmail.com,4902456295.0
13549,LP,vengarahindulps@gmail.com,4972877675.0
14715,LP,kanhileriwestlpschool@gmail.com,9846021095.0
37316,LP,mtlpskuriannooreast@gmail.com,9496301390.0
23322,LP,alpschengaloor2012@gmail.com,4802753828.0
21529,LP,alpsnewvillage@gmail.com,9846569605.0
13416,LP,koyyamalps@gmail.com,4602260046.0
13546,LP,mimlpsmattul@gmail.com,9895476710.0
16404,LP,sajithatk123@gmail.com,9946917206.0
23321,LP,snbsslpspullur@gmail.com,4802831113.0
13521,LP,gmlpsmadakkara@gmail.com,4972868037.0
36256,LP,rcvlpsulavukad@gmail.com,4792386707.0
24308,LP,mlpsschooladhur@gmail.com,4885266200.0
21811,LP,glpskkd@gmail.com,9497437885.0
29353,LP,snlpspariyaram@gmail.com,8078441308.0
47450,LP,glpspayambalassery@gmail.com,4952246122.0
33458,LP,mathaschoolp@gmail.com,4812331556.0
33430,LP,ealpsktm@gmail.com,
20423,LP,kmlps1954@gmail.com,9495484485.0
25836,LP,stgermainslps@gmail.com,4842997252.0
16213,LP,16213hmchombal@gmail.com,9495153915.0
16703,LP,ayancherinlps@gmail.com,9645486103.0
30503,LP,madonalps@gmail.com,4868279623.0
36321,LP,kvvjbsgramamlps@gmail.com,4792323827.0
20341,LP,amlpspombra@gmail.com,8589913383.0
46203,LP,gsndplpsc46203@gmail.com,9400564496.0
38417,LP,mtlpselanthoor@gmail.com,9847984847.0
16233,LP,thuruthilps5@gmail.com,9526660574.0
21801,LP,glpsagali40@gmail.com,4924254040.0
34311,LP,34311thuravoorglpsvalamangalam@gmail.com,4782565030.0
16315,LP,akhilaramkunj@gmail.com,9446428121.0
37631,LP,stbehanans1888@gmail.com,9745382673.0
16532,LP,pallikkaraclps@gmail.com,9446887751.0
11242,LP,bajalakaria@gmail.com,4998203209.0
25615,LP,gjbsvennikulam@gmail.com,2713485.0
13172,LP,muzhappalalps@gmail.com,9400651820.0
32206,LP,nirmalalpschennad@gmail.com,9446758657.0
14417,LP,olavilamnorthlps@gmail.com,9745291170.0
32210,LP,gmlpseratupeta@gmail.com,4822276414.0
20603,LP,glpskandenkavu3@gmail.com,
11217,LP,11217mulinja@gmail.com,240341.0
27366,LP,st.johnslpsnellimattom@gmail.com,9447820751.0
35213,LP,35213alp@gmail.com,4772242929.0
26424,LP,hmcglpsmulanthuruthy@gmail.com,4842741541.0
36341,LP,mtlpspunthala@gmail.com,9745199684.0
17310,LP,aduvad.alp@gmail.com,9072069516.0
33422,LP,cmsmanganam@gmail.com,9495720913.0
13184,LP,headmistressamlps@gmail.com,8606633051.0
27256,LP,mannamvidyabhavanemlps@gmail.com,657168.0
16222,LP,avslpschool@gmail.com,9497302493.0
14821,LP,lpsrandamkadavu@gmail.com,9747575211.0
21329,LP,glpskeerampara@gmail.com,4923235623.0
30516,LP,plpspooppara@gmail.com,9976637319.0
27240,LP,mtlpschooliringole@gmail.com,9846194505.0
23418,LP,amlpsvemballur@gmail.com,
12305,LP,12305gflpshosdurgkadappuram@gmail.com,9961241032.0
24212,LP,gmlpspunnayurnorth@gmail.com,9946468801.0
30212,LP,sdlpschakkupallam2@gmail.com,4868283776.0
25820,LP,govtlpsvavakad@gmail.com,9497443130.0
13505,LP,cherukunnumlps@gmail.com,8075023511.0
11208,LP,glpsbadaje@gmail.com,9995155868.0
13519,LP,glpsthekkekara@gmail.com,4972801142.0
16540,LP,purakkadslps@gmail.com,9048408687.0
13604,LP,school13604@gmail.com,9495294294.0
22479,LP,seraphicemlpsperingottukara@gmail.com,9497399402.0
14239,LP,parallpsparal@gmail.com,9061073543.0
21840,LP,chamaparambaamlps@gmail.com,9605003111.0
34301,LP,34301thuravoor@gmail.com,4782532405.0
34223,LP,34223cherthala@gmail.com,8547944220.0
20640,LP,,4662262018.0
37503,LP,glpgskaviyoor@gmail.com,6282396925.0
21426,LP,njbskuthanur@gmail.com,8907276215.0
12301,LP,12301gwlpsadotkaya@gmail.com,4672224494.0
23510,LP,stjbclpaloor@yahoo.com,8078886252.0
23522,LP,alpspooppathy@gmail.com,7293377765.0
26409,LP,jbspoothotta@gmail.com,
47415,LP,sjlpskoodathai@gmail.com,4952238600.0
24403,LP,gmlpsvenkitangu@gmail.com,4872262423.0
11303,LP,11303bengapadavu@gmail.com,9447654597.0
23503,LP,littleflowerlpskombodi@yahoo.com,4802788387.0
33420,LP,stgeorgelpskmtm@gmail.com,9495678037.0
30354,LP,stmaryslpsmyr@gmail.com,4865252203.0
20638,LP,mujeebk395@gmail.com,9809558597.0
47502,LP,mannampoilglps@gmail.com,9605358124.0
14535,LP,dvlpsvalliai@gmail.com,4902315695.0
47542,LP,ramalluralps@gmail.com,
26201,LP,glpsschittoor2020@gmail.com,2430402.0
13616,LP,school13616@gmail.com,9947670229.0
17444,LP,varuthurglps@gmail.com,9846663255.0
27357,LP,mtlpskeerampara@gmail.com,
16333,LP,harithej525@gmail.com,9495411358.0
14611,LP,eruvattywestlps@gmail.com,9946753474.0
20435,LP,alpspkunnu@gmail.com,4662289223.0
14621,LP,snvlpsmudapathur@gmail.com,2579330.0
17429,LP,makkadawestalps@gmail.com,9495083511.0
45344,LP,lpschamakala@gmail.com,4829245009.0
26433,LP,gsglpstkm@gmail.com,4842787124.0
47310,LP,pannicodeglps@gmail.com,4952208666.0
13314,LP,kanhirodealps@gmail.com,4972858458.0
37219,LP,skvlpskiz@gmail.com,9544028022.0
29418,LP,sglpsparathode@gmail.com,9744168584.0
35410,LP,35410haripad@gmail.com,9961652191.0
21402,LP,gjbsperuvembapkd@gmail.com,9562152676.0
30502,LP,snlpskoottar@gmail.com,4868221500.0
16547,LP,skvlpschool@gmail.com,4962690123.0
30218,LP,stlpsthankamany@gmail.com,9744875071.0
23506,LP,aimlpspoyya@gmail.com,4802812800.0
13704,LP,calps123@gmail.com,4602271199.0
31521,LP,stmaryslpslalam@gmail.com,4822213429.0
25622,LP,stantonyslps398@gmail.com,4842686398.0
27344,LP,kuttampuzhalps@gmail.com,8606278782.0
24625,LP,alpskallaipadam@gmail.com,9446626131.0
38219,LP,glpsnellimukal123@gmail.com,8301094088.0
47530,LP,glpspnr@gmail.com,4962645040.0
20424,LP,amlpsmarayamangalam@gmail.com,9496352077.0
24531,LP,hmsngmlps@gmail.com,9048658103.0
21252,LP,paruvasseryalps@gmail.com,9446064870.0
38601,LP,attarikomglps@gmail.com,9496462428.0
35331,LP,asmlps001@gmail.com,4772278655.0
17410,LP,gmlps.elathur@gmail.com,9497452045.0
25611,LP,govt.jbskutta@gmail.com,4842730500.0
13435,LP,kolathoor.alp.school@gmail.com,9400431395.0
34201,LP,34201cherthala@gmail.com,4782810680.0
16446,LP,kannattylp@gmail.com,9947100242.0
47409,LP,glps47409@gmail.com,4952270007.0
28507,LP,gnlpspiramadom@gmail.com,4852272232.0
20326,LP,alpspoothakad@gmail.com,9446597531.0
33335,LP,fbtklps@mail.com,4812403716.0
38535,LP,glpskarikulam1234@gmail.com,9495437504.0
36334,LP,sndppunthala@gmail.com,7907609159.0
33250,LP,devippktm@gmail.com,4812790277.0
32433,LP,govtlpsvazhoor@gmail.com,4812456709.0
20621,LP,alpskaringanad2@gmail.com,9446153280.0
21419,LP,bmajbskuzhalmannam@gmail.com,4922272862.0
24303,LP,kecheryglps@gmail.com,4885240427.0
14603,LP,school14603@gmail.com,9074019312.0
38525,LP,estatelpsmaniyar@gmail.com,9497331582.0
37233,LP,theepanycmslpschool@gmail.com,9495953255.0
16808,LP,maniyur16808@gmail.com,9496538768.0
24404,LP,irimbranelluramlps@gmail.com,9446873490.0
25222,LP,augustinesedanad@gmail.com,9744989916.0
16810,LP,16810hm@gmail.com,9496164334.0
13634,LP,school13634@gmail.com,
26208,LP,sfailps26208@gmail.com,9249961234.0
20303,LP,hmglpsthanikkunnu@gmail.com,9496232890.0
34222,LP,34222cherthala@gmail.com,9497674288.0
24542,LP,bvlpvatanappally@gmail.com,9605900944.0
14220,LP,ranjithapalayad@gmail.com,9605657701.0
24216,LP,gmlpschoolvadakkekkad@gmail.com,4872547828.0
36421,LP,cmslpsputhuppally@gmail.com,4792479991.0
38638,LP,glpskodumthara@gmail.com,9495302106.0
26321,LP,svdlpspalluruthy57@gmail.com,8156854880.0
47427,LP,glpsmurampathy12345@gmail.com,4952995604.0
25425,LP,shofstmarys@gmail.com,9539537774.0
26525,LP,stmaryslpsochanthuruth@gmail.com,9497039423.0
30509,LP,glps3dcamp@gmail.com,4868221818.0
45314,LP,stantonyslppalakara@gmail.com,9496378563.0
22442,LP,staugustineskokkalai@gmail.com,2429580.0
37217,LP,skvvangazha@gmail.com,9495309514.0
30259,LP,snemsthoppippala@gmail.com,4868271733.0
30421,LP,sglpsch@gmail.com,7025043716.0
17226,LP,mathrubandhulps@gmail.com,4952371691.0
13303,LP,chalaeast123@gmail.com,9744090860.0
13836,LP,alpsmaniyoorcentral@gmail.com,8547576059.0
47225,LP,kalarikkandyalps@gmail.com,9995465868.0
26329,LP,stantonyslpschoolkannamaly@gmail.com,4842247599.0
14626,LP,naravoorlpschool@gmail.com,9497296392.0
12222,LP,alps.muttum@gmail.com,4672201760.0
24614,LP,gblpswky@gmail.com,4884234106.0
32408,LP,svgovtlpskanam@gmail.com,4812454059.0
17317,LP,alpsnaduvattom2014@gmail.com,944647225.0
37617,LP,mtlpskvpr@gmail.com,9605078727.0
21848,LP,kodakkadschool@gmail.com,9446466780.0
13325,LP,munderilps@gmail.com,4972790670.0
14540,LP,poyiloornorthlps24@gmail.com,9400512538.0
46201,LP,govtlpschempumpuram@gmail.com,9497633640.0
29436,LP,glpsthattekanny@gmail.com,
28508,LP,glpspiravom2021@gmail.com,4852242240.0
25409,LP,gsvlpschool@gmail.com,4842456797.0
32234,LP,adivaramlps@gmail.com,4822271100.0
27238,LP,smlpsalattuchira@gmail.com,4842646888.0
12232,LP,ambikaalpschool@gmail.com,
37606,LP,glpsperumpetty@gmail.com,4692696630.0
14406,LP,champadpodikkalam@gmail.com,9496997767.0
13176,LP,shanmukhavilasamlps@gmail.com,4972826368.0
35303,LP,glpskaroor@gmail.com,9446170976.0
30432,LP,plpslonetree@gmail.com,9495427663.0
26410,LP,glpsponnurunni26410@gmail.com,2305190.0
20321,LP,alpsmpta@gmail.com,9497354536.0
17210,LP,kinasseriglp@gmail.com,4952330870.0
24548,LP,kmmlpsvalapad@gmail.com,9645849958.0
24504,LP,gmlpskpmnorth@gmail.com,8547563308.0
30311,LP,gtlpsmudhuvan@gmail.com,4868249219.0
38602,LP,hmglpscheekkanal@gmail.com,9446685847.0
22449,LP,kalasamithilpschool@gmail.com,2200226.0
21624,LP,glpnurani@gmail.com,9747559577.0
33228,LP,stmathewslpskaipuzha@gmail.com,4812711270.0
31528,LP,sjlpsvezha@gmail.com,9605261150.0
47432,LP,hmvadihusna@gmail.com,8606626433.0
21531,LP,vgmjbs@gmail.com,9495035379.0
37402,LP,glpskaipuzha@gmail.com,9495316856.0
23529,LP,puthenchirafxlps@gmail.com,2894880.0
26506,LP,vvslpscherai@gmail.com,9447578071.0
32340,LP,velichiyanilps@gmail.com,4828271344.0
27339,LP,kozhippilly1234@gmail.com,485828663.0
16239,LP,hmchombalalp16239@gmail.com,9447752668.0
34220,LP,34220cherthala@gmail.com,9497633137.0
26241,LP,josalayamschool@gmail.com,9995678367.0
12504,LP,12504kooleri@gmail.com,4672210411.0
13644,LP,school13644@gmail.com,4602240528.0
35334,LP,kizhakkekaranorthglps@gmail.com,4792482840.0
20525,LP,alpselavally123@gmail.com,9446023856.0
12313,LP,12313gwlpsnileswar@gmail.com,4672287207.0
16639,LP,tuneriwestlp@gmail.com,
17520,LP,miamlps47@gmail.com,9846332116.0
16309,LP,glpsmadakkara16309@gmail.com,
20317,LP,alpskuru1896@gmail.com,9633374673.0
38237,LP,glpschandanappally2016@gmail.com,4682256107.0
38432,LP,kuzhikalamtlps@gmail.com,4682212239.0
30701,LP,mariaassuntafmm@gmail.com,7306146557.0
25830,LP,stlouislpskty@gmail.com,9497688032.0
16715,LP,16715.aeotdnr@gmail.com,9495863412.0
38603,LP,glpskizhakkupurampta@gmail.com,9496695885.0
31216,LP,hmstthomaslps123@gmail.com,4822242005.0
29312,LP,hm.glps.karimkunnam@gmail.com,4862242945.0
13606,LP,school13606@gmail.com,4972743506.0
38523,LP,mtlpsnaranammoozhy@gmail.com,4735265667.0
38543,LP,lpspoovanmala@gmail.com,7559835831.0
37536,LP,snem.school9@gmail.com,
13152,LP,alpsknrsouth@gmail.com,4972822145.0
28206,LP,sltlpsv2013@gmail.com,4852263143.0
33369,LP,tpnnmlps@yahoo.com,4812460950.0
20323,LP,kolkunnathminik@gmail.com,9947327608.0
13520,LP,gmlpskunhimangalam@gmail.com,4972810066.0
16237,LP,16237hmchombala@gmail.com,
29340,LP,clflps@gmail.com,
35228,LP,35228alappuzha@gmail.com,9526272816.0
24235,LP,simiko@2017gmail.com,9526852851.0
14649,LP,vanivilasamlps@gmail.com,4902366750.0
16220,LP,16220hmchombala@gmail.com,9400511866.0
32424,LP,cmslpnply32424@gmail.com,8113086001.0
33258,LP,rajidinesh03@gmail.com,6235990004.0
14744,LP,kuriyodlps@gmail.com,9446655284.0
38610,LP,gwlps38610@gmail.com,8547477006.0
30414,LP,govtlpsazhutha@gmail.com,4869232045.0
47518,LP,amlpsnanminda@gmail.com,8547456717.0
23438,LP,avilaclps2@gmail.com,4802802210.0
17502,LP,glpsbs@gmail.com,4952417780.0
45304,LP,holycrosslpskalathoor@gmail.com,4829243126.0
16751,LP,valliadlpschool@gmail.com,9400691195.0
14432,LP,vannathankandymlpschool@gmail.com,9946683194.0
22647,LP,lfemlps@yahoo.com,9495873277.0
37641,LP,lpsvaliyakunnam@gmail.com,9747428722.0
33356,LP,vivekanandalpschool@gmail.com,
32302,LP,gvtlpschenappady@gmail.com,4828263314.0
12533,LP,12533padnetkd@gmail.com,4672277570.0
37508,LP,glpsthottabhagam2016@gmail.com,9605632381.0
14238,LP,northvayalalamlps06@gmail.com,4902355872.0
20429,LP,amlpsmoloorsouth@gmail.com,
37235,LP,mgmlpthiruvalla@gmail.com,8281978223.0
37515,LP,mmamtlps1885@gmail.com,9496933961.0
30204,LP,gtlpskanchiyar@gmail.com,4868259401.0
24334,LP,stjosephslpsaloor@gmail.com,9847395999.0
35307,LP,kumarapuramnorthglps@gmail.com,9746800768.0
21814,LP,glpskappadam2021@gmail.com,4924240460.0
35206,LP,35206alappuzha@gmail.com,9497674348.0
14641,LP,mklpschool@gmail.com,9446540902.0
37406,LP,malakkaraglps@gmail.com,9562171446.0
30221,LP,smlpskanchiyar@gmail.com,4868259193.0
12204,LP,hmgflpsbekal@gmail.com,4672236160.0
30347,LP,alpsthenmallay@gmail.com,
37615,LP,tnamlpskanjeettukara@gmail.com,9446186570.0
16436,LP,kunnummalmlpschool@gmail.com,9746154597.0
35318,LP,sslpschoolkallickad@gmail.com,4792081420.0
30327,LP,alpsgundumallay@gmail.com,0.0
20205,LP,cpvlps@gmail.com,
16510,LP,hpkmmlps@gmail.com,4962691130.0
28416,LP,tmaemschool@gmail.com,8078950471.0
11321,LP,perlasnalps@gmail.com,4998226377.0
36258,LP,36258alappuzha@gmail.com,4792475963.0
35319,LP,stnicholaslps@gmail.com,4772270234.0
24219,LP,alpsbrahmakulam2018@gmail.com,9400557196.0
13733,LP,thaloraalps@gmail.com,9605170426.0
21234,LP,muthukunnialps@gmail.com,9447527551.0
21841,LP,alpschoolcherumkulam@gmail.com,4924222498.0
25833,LP,snmlpschool@yahoo.in,4842929520.0
33343,LP,carmeljothiemschool@gmail.com,4812722025.0
47603,LP,edavaradamlps@gmail.com,9961436016.0
16743,LP,16743.aeotdnr@gmail.com,9496757858.0
34324,LP,34324thuravoor@gmail.com,4782593691.0
30318,LP,hmglpspazhathottam@gmail.com,9496232759.0
22414,LP,marthomalps@gmail.com,4872442301.0
14834,LP,veliyambralpschool@gmail.com,4902434234.0
21220,LP,alpskoottala@gmail.com,8848679131.0
12220,LP,hmalpskaripody@gmail.com,9496182524.0
21707,LP,govtlpschoolodanur@gmail.com,8075640393.0
25244,LP,littleflowerlps34@gmail.com,8156984277.0
24420,LP,stmaryslps123@gmail.com,
38706,LP,gwlpsmallassery@gmail.com,4682336789.0
21520,LP,sobhadnmjbs@gmail.com,4923251272.0
16457,LP,northlpsnarippatta@gmail.com,9496179389.0
45329,LP,smvgovtlpschool@gmail.com,4829269320.0
30402,LP,kottamalaglps@gmail.com,9744992034.0
13927,LP,glpsperinthatta@gmail.com,4985270289.0
14828,LP,sjlpspalathumkadavu@gmail.com,9744127909.0
20345,LP,jbskatambazhipuram@gmail.com,4662267367.0
16648,LP,chelakkadmlps@gmail.com,9645327188.0
14525,LP,lpschoolelangode@gmail.com,8075977764.0
37210,LP,parumalaglps@gmail.com,4792311110.0
26526,LP,cmepschool@gmail.com,9895053436.0
12208,LP,glpschitharisouthbekal@gmail.com,4672266156.0
30233,LP,crlpspoomankandom@gmail.com,9497446168.0
11213,LP,11213kuloor@gmail.com,4998252007.0
20645,LP,amlpspulasseri@gmail.com,9846605106.0
12318,LP,12318glpsperuthady@gmail.com,8281309406.0
13842,LP,pazhassialps@gmail.com,9947642601.0
14805,LP,glpskolithattu1973@gmail.com,4902414086.0
38722,LP,vetorschool@gmail.com,9847054197.0
46211,LP,smlpschampakulam@gmail.com,4772737974.0
13166,LP,mammakkunnumappilalps@gmail.com,9400792969.0
16625,LP,kummamcodeeastlp@gmail.com,9745530474.0
33513,LP,nssklpschoolkooroppada@gmail.com,4812700020.0
37330,LP,mtlpspoovathoor@gmail.com,9400514244.0
13345,LP,mitavilodewestlps@gmail.com,4972852531.0
30549,LP,stsebastianslpsndkm@gmail.com,4868232767.0
36344,LP,thalappanangadlps@gmail.com,8606030284.0
20538,LP,ajbschoolummathur@gmail.com,
16545,LP,thurayurgwlpschool@gmail.com,9495378511.0
30348,LP,alpsyellapatty@gmail.com,8281282441.0
33439,LP,stannesemlpschool@gmail.com,4812301516.0
37613,LP,cmslpsezhr@gmail.com,4692795151.0
22223,LP,dmlps2016@gmail.com,9446627802.0
13414,LP,kolanthaalps@gmail.com,4602235177.0
26244,LP,gflpspanambukad70@gmail.com,4842994618.0
16441,LP,hmlpsurath@gmail.com,4962598500.0
16616,LP,chiyyurlpschool@gmail.com,9745283291.0
16520,LP,melps.meppayur@gmail.com,4962675385.0
24202,LP,24202gmlps@gmail.com,9495738908.0
27336,LP,glpgsthrikkalathoor@gmail.com,9497028346.0
34330,LP,34330thuravoor@gmail.com,2522177.0
33251,LP,lpparippu12@gmail.com,9495850905.0
13156,LP,glps.muzhappilangad2010@gmail.com,9895204339.0
37627,LP,mtlpsperumprakad@gmail.com,4692654255.0
38640,LP,gcslpschengara@gmail.com,6235282964.0
46230,LP,littlefloweremsp@gmail.com,4772705963.0
13633,LP,school13633@gmail.com,8281609326.0
21433,LP,cjbskinassery@gmail.com,9946403141.0
37530,LP,stthomaslpsputhussery@gmail.com,4692688646.0
21427,LP,ajbskuthanur@gmail.com,4922287089.0
16503,LP,ayanikkadalps@gmail.com,9061315051.0
26229,LP,kplpsthevara@gmail.com,4842356554.0
13334,LP,thilannurnorthlps@gmail.com,4972822192.0
16324,LP,kunnatharaamlps@gmail.com,9447057456.0
38317,LP,stpaulsemlps951@gmail.com,4682351062.0
21420,LP,kuzhalmannamujbs@gmail.com,9746264437.0
16614,LP,chekkiadsouthmlp@gmail.com,9496221322.0
13740,LP,chittadialps@gmail.com,4602285300.0
21812,LP,glpskarkitamkunnu@gmail.com,4924260723.0
22417,LP,stgeorgesclpschool@gmail.com,4872375133.0
38225,LP,pazhakulamglps@gmail.com,4734237222.0
16417,LP,sjlpspoothampara@gmail.com,9645614357.0
23308,LP,snvlpspadiyoor@gmail.com,9495883875.0
36309,LP,jbscheruvalloor@gmail.com,4792350013.0
22430,LP,mpsmudicode1954@gmail.com,8089558967.0
23217,LP,glpseastchalakudy@gmail.com,9495738631.0
23534,LP,gslpsashtamichira0@gmail.com,4802892728.0
20632,LP,amlpsnaduvattam@gmail.com,9744318101.0
38729,LP,jnlpskdl@gmail.com,8086366402.0
11344,LP,falps1953@gmail.com,4994285388.0
24411,LP,ckclpspvt@gmail.com,9744334070.0
38318,LP,st.marys123emlps@gmail.com,4734266476.0
16426,LP,kurichagamglps@gmail.com,4962770233.0
47506,LP,alpskoonancheri@gmail.com,9447873832.0
14723,LP,durgavilasamlpspoovathur@gmail.com,4902486140.0
14628,LP,puthalamlp14628@gmail.com,9497400759.0
22617,LP,cicycheriyan1975@gmail.com,9497803418.0
14538,LP,poyilooreastlp2015@gmail.com,9544813595.0
35223,LP,hflpsthathampally@gmail.com,9447116097.0
38511,LP,perunadglps@gmail.com,9495343459.0
25801,LP,glpschalaka@gmail.com,
38630,LP,akamlps38630@gmail.com,9895361446.0
32418,LP,cmslpskply@gmail.com,4812487805.0
21249,LP,kealpselavapadam@gmail.com,9495035591.0
24643,LP,skvlpspotta@gmail.com,8848224288.0
38205,LP,glpselamannoor14@gmail.com,4734246355.0
16370,LP,sreschengottukave@gmail.com,4962624166.0
38709,LP,glpspramadom1915@gmail.com,4682335340.0
32211,LP,cmslpserumapra@gmail.com,9744353304.0
30214,LP,jmlpsezhukumvayal@gmail.com,7012844649.0
17403,LP,chevayurglps@gmail.com,
47228,LP,poluralps32@gmail.com,9633325477.0
20223,LP,amlpspathamkulam@gmail.com,9496235408.0
36226,LP,36226alappuzha@gmail.com,9447949438.0
13425,LP,salpskalluvayal@gmail.com,9745193040.0
14844,LP,uliyilcentrallps@gmail.com,9605472029.0
21205,LP,glpspullode2013@gmail.com,8547016140.0
20634,LP,20634amlps@gmail.com,8086797427.0
37561,LP,glpsambattu501@gmail.com,9447514527.0
47538,LP,glpsulliyeri@gmail.com,9496404893.0
13861,LP,mesmaniyoor@gmail.com,4972792214.0
14654,LP,thrikkannapuramwestlpschool@gmail.com,9496404284.0
24341,LP,jijurms@gmail.com,9846318739.0
14240,LP,vayalalawestlps@gmail.com,9747289585.0
28313,LP,vadakaralittleflowerlpschool@gmail.com,4852250872.0
16721,LP,16721kurinhaliode@gmail.com,9539338199.0
14623,LP,muthiyangaeastlps@gmail.com,4902590153.0
36262,LP,mgm.mvk@gmail.com,4792300674.0
26402,LP,govt.jbs.udayamperoor@gmail.com,4842793210.0
26415,LP,eroorkmlps@gmail.com,4842774981.0
21404,LP,hmglpsperinkunnu@gmail.com,4922274732.0
26418,LP,momlps26418@gmail.com,4842787184.0
14742,LP,elps1910@gmail.com,4902473490.0
37202,LP,glpschathenkary@gmail.com,9961612249.0
21861,LP,ststephenslps@gmail.com,6282145985.0
11337,LP,11337yedaparamba@gmail.com,4994270030.0
24316,LP,mglpskanjiramuck@gmail.com,9142250425.0
38532,LP,nmlpsuthimoodu6@gmail.com,9497106182.0
47536,LP,mundothglps@gmail.com,9946206350.0
16847,LP,16847hm@gmail.com,4962538042.0
22402,LP,gtspeechi@gmail.com,9061546419.0
21342,LP,kkmlpsvandithavalam@gmail.com,4923232130.0
47222,LP,alpsperuvazhikadavu@gmail.com,9400595730.0
37315,LP,cmslp2017@gmail.com,9562646568.0
30515,LP,glpspanniar15@gmail.com,4868220110.0
17225,LP,mmlps.mmlps@gmail.com,4952701689.0
47424,LP,gmlpsnediyanad1@gmail.com,4952246500.0
31228,LP,sjlpsvellilappilly@gmail.com,4822260276.0
26419,LP,mdmlpsk@gmail.com,
16821,LP,16821hm@gmail.com,4962230793.0
32381,LP,gracymemoriallps@gmail.com,4828276220.0
47325,LP,muthappanpuzhalps@gmail.com,9605252045.0
21729,LP,ambsvazhukkappara@gmail.com,9645369035.0
13338,LP,ganapathivilasamlps@gmail.com,9446680211.0
17421,LP,edakkadunion@gmail.com,8547338050.0
13190,LP,kdvlps@gmail.com,8547137473.0
37634,LP,mohammadenlpsvaipur@gmail.com,4692687236.0
26207,LP,hmglpsvennala@gmail.com,2805104.0
27227,LP,govtglpspbvr@gmail.com,4842524555.0
16219,LP,klps16219@gmail.com,9745658189.0
17314,LP,alpsmanakkadav@gmail.com,9847150528.0
27232,LP,glpsvla@gmail.com,4842655331.0
47316,LP,dualpsthazhekoodaranhi@gmail.com,9946317002.0
21837,LP,alpschoolariyoor@gmail.com,9447377143.0
16638,LP,poovamvayallps@gmail.com,9946153317.0
11436,LP,alpsmalla@gmail.com,4994250224.0
12221,LP,ialpsbekal@gmail.com,4672275697.0
36432,LP,36432rvlpsalappuzha@gmail.com,9495162249.0
24547,LP,gdmlpsvalapad@gmail.com,4872398400.0
21325,LP,gsmlpstattamangalam@gmail.com,9495290217.0
17514,LP,iemlps5@gmail.com,9495294189.0
31406,LP,skmangalamlps@gmail.com,4812730164.0
11346,LP,11346gwlp@gmail.com,9947215363.0
13641,LP,school13641@gmail.com,9847118765.0
24337,LP,stthomaslpsarthat@gmail.com,4885221031.0
23210,LP,hmglpskonnakuzhy@gmail.com,4802748130.0
16646,LP,vevamlps@gmail.com,9539281836.0
13677,LP,academyschoolkakkad@gmail.com,8137060099.0
20334,LP,vadakkummurialps1905@gmail.com,9744036688.0
29355,LP,stjohnslpschool355@gmail.com,9447212521.0
16527,LP,naduvathurelps@gmail.com,4962695212.0
20233,LP,srlpsthrikangode@gmail.com,9995911395.0
25228,LP,snlpskoduvazhanga@gmail.com,9249971003.0
21513,LP,glpspdgmwest@gmail.com,9048076539.0
14826,LP,devaswamlps1968@gmail.com,4902450699.0
32406,LP,ealps2018@gmail.com,4812993959.0
26306,LP,stmaryslpsfortkochi@gmail.com,4842216838.0
34213,LP,34213cherthala@gmail.com,9446960215.0
33357,LP,glpsperunna2011@gmail.com,4812422940.0
17213,LP,glpsvellayil.01@gmail.com,9496225856.0
16804,LP,16804hm@gmail.com,9497648594.0
37204,LP,glpgseruvallipra@gmail.com,0.0
22661,LP,prakash.vijayasree9@gmail.com,9497178129.0
37211,LP,glpsezhinjillam1@gmail.com,8304834273.0
25608,LP,glpskizhakkambalam@gmail.com,4842681660.0
21236,LP,kanakkannur@gmail.com,9747781059.0
13918,LP,glpskozhummal@gmail.com,4985290389.0
24415,LP,amlpsputhumanaseryamlp@gmail.com,9744368857.0
24306,LP,glpsmdn@gmail.com,9747584060.0
47601,LP,eravattooramlps@gmail.com,4962614116.0
36424,LP,kattachiralps@gmail.com,4792334007.0
24642,LP,mrnmlpschool@gmail.com,7907055499.0
14304,LP,school14304@gmail.com,
13393,LP,stteresastti55@gmail.com,4972701414.0
45229,LP,sglpschool@gmail.com,9349214404.0
28519,LP,cmslpspiravom28519@gmail.com,4852242559.0
20302,LP,glpskarumanamkurussi@gmail.com,9495873388.0
46217,LP,46217alappuzha@gmail.com,4772704060.0
13629,LP,school13629@gmail.com,9961093543.0
14226,LP,punnollps@gmail.com,9495313806.0
23229,LP,stmaryslpskoratty@gmail.com,4802731482.0
32335,LP,salpstharakanattukunnu@gmail.com,4828263497.0
37540,LP,cpvlpsk@gmail.com,9847678179.0
27341,LP,glpskottappadynorth@gmail.com,4852842520.0
13817,LP,malotalpschool@gmail.com,4972796550.0
20649,LP,amlpschoolkulamukku@gmail.com,4662238474.0
21421,LP,stmlpserimayur@gmail.com,9400916662.0
14534,LP,gdvlpschool@gmail.com,4902316095.0
16232,LP,centrallps@gmail.com,8606398240.0
26404,LP,hmjbskandanad@gmail.com,4842794499.0
38522,LP,hhpvnsslps@gmail.com,4735229218.0
14403,LP,14403aniyaramsouthlps@gmail.com,4902397710.0
37328,LP,mtlpschoolkunnamthanam@gmail.com,9539082128.0
30423,LP,smlpsknkvl@gmail.com,4869288523.0
13737,LP,mamlpsvellakkad@gmail.com,4602281515.0
13915,LP,glpsvaliachal@gmail.com,4985281321.0
37220,LP,37220kizhakkanmuthoor@gmail.com,9961392280.0
38217,LP,govtlpsnedumoncavu@gmail.com,4734285070.0
14409,LP,14409vplp@gmail.com,
21208,LP,glpskizhakkenchery@gmail.com,
28719,LP,mkmlpspiravom@gmail.com,4852265233.0
11427,LP,glpsthavanath@gmail.com,4994201489.0
33338,LP,lflpsithithanam@gmail.com,4812322720.0
22619,LP,vvlpshmedakkulam@gmail.com,2201140.0
31519,LP,s.kochukottaram@gmail.com,9947169792.0
22637,LP,stmarysschoolputtekkara@gmail.com,4872215321.0
14527,LP,kadavathureastlpschool@gmail.com,4902550920.0
12415,LP,stjudelps@gmail.com,4672242986.0
24608,LP,glpsottupara@gmail.com,4884230020.0
23331,LP,alpsvelukara@gmail.com,9895330719.0
37236,LP,scsealpstvla@gmail.com,9496108309.0
37238,LP,salpsvenpala@gmail.com,9495628237.0
47323,LP,glpsanankkampoyil@gmail.com,4952276600.0
32224,LP,stmaryslpsteekoy@gmail.com,4822299641.0
31407,LP,peroorglps@gmail.com,0.0
37415,LP,stmaryskdnr@gmail.com,8301981442.0
22615,LP,alpsattore1@gmail.com,9961522684.0
13199,LP,mambawest1@gmail.com,9446386760.0
17264,LP,stmichaelsemlps@gmail.com,4952381377.0
31307,LP,kvlpsanickadu@gmail.com,4812459402.0
34218,LP,34218cherthala@gmail.com,4782813630.0
30284,LP,ossanamlpsktpna@gmail.com,7012653701.0
23326,LP,hflpspulakkattukara@gmail.co,7736150807.0
26219,LP,staugustineslpsernakulam@gmail.com,9847892344.0
37504,LP,gdvlps28@gmail.com,4692690058.0
16630,LP,northmlpsnadapuram@gmail.com,9809646538.0
21604,LP,ajbschoolsekharipuram@gmail.com,4912576245.0
23303,LP,salpsmkd@gmail.com,4802887070.0
24546,LP,svplpshm100@gmail.com,4872292194.0
47215,LP,kolai.alps@gmail.com,9496135225.0
45315,LP,stsavioslpschool@gmail.com,4829269284.0
31303,LP,glpgsmattakkara@gmail.com,4812547311.0
14305,LP,rkchaliyalp@gmail.com,9495091160.0
30329,LP,alpskadalaar@gmail.com,9446130685.0
20229,LP,padinharkkarajbspalappuram@gmail.com,9446275285.0
26515,LP,pbdlpschoolkuzhuppilly@gmail.com,9645156500.0
32330,LP,glpspunchavayal@gmail.com,9744684560.0
33531,LP,glpsvelloor@gmail.com,4812501137.0
47646,LP,salps1960@gmail.com,4962663056.0
25422,LP,salpschampannoor@gmail.com,9526446264.0
24228,LP,bclpskottapadi@gmail.com,4872683037.0
25605,LP,glpskakkattupara@gmail.com,4842761231.0
36325,LP,36325pvk@gmail.com,
27243,LP,1983stgeorge@gmail.com,9946409152.0
38250,LP,msclpsezhamkulam1@gmail.com,4682242497.0
13835,LP,hmkalps15@gmail.com,4602277046.0
30522,LP,glpssasthanada2000@gmail.com,4869264224.0
12328,LP,12328vgmalpskadinhimoola@gmail.com,2287101.0
13605,LP,school13605@gmail.com,2741815.0
46206,LP,glpsnadubhagom@gmail.com,4772737383.0
16635,LP,mlpsperode@gmail.com,8547696488.0
13540,LP,vdnmgwlps@gmail.com,4972800922.0
45334,LP,glpsmannar19@gmail.com,9495020519.0
32315,LP,hslpskply@gmail.com,4828201710.0
12309,LP,12309glpskotachery@gmail.com,4672207978.0
31209,LP,hmglpskkra123@gmail.com,4822241011.0
28512,LP,lpsazad@gmail.com,
22622,LP,st.teresasclpschool@gmail.com,4872448886.0
31511,LP,glpsvilakkumadom@gmail.com,9605721174.0
21706,LP,govt.lpsmundur@gmail.com,4912832348.0
32301,LP,bhadramadomlps@gmail.com,4828279353.0
20216,LP,ajbslakkidiotp@gmail.com,
16448,LP,16448kunnummal@gmail.com,4962669696.0
17404,LP,kakkodiglps@gmail.com,9946769619.0
38508,LP,glpsparuva@gmail.com,9447027271.0
38306,LP,glpsthatta@gmail.com,4734220215.0
23425,LP,glpspanangadn@gmail.com,4802850205.0
35415,LP,35415haripad@gmail.com,4792415060.0
38275,LP,gwlpsthuvayoor@gmail.com,9495283068.0
13326,LP,navakeralalps1957@gmail.com,9495866359.0
11250,LP,mariashramaalps@gmail.com,9745218164.0
11432,LP,iialpschengala@gmail.com,9446836249.0
38418,LP,vellapparaealps@gmail.com,9400952803.0
47214,LP,kizhuralps@gmail.com,4952803438.0
47447,LP,hmakmalps@gmail.com,9847898953.0
13929,LP,hmsndplpsthirumeni@gmail.com,9447483330.0
16610,LP,kkmmlpsarur@gmail.com,4962580248.0
23340,LP,dblpsirinjalakuda@gmail.com,9188421759.0
23508,LP,stmaryslpskrishnankotta@gmail.com,9745852111.0
16618,LP,elayadammlp@gmail.com,9946526117.0
32420,LP,govtlpsmanimala@gmail.com,4828240135.0
21514,LP,glpsseetharkund@gmail.com,
14533,LP,kunnothuparambalp@gmail.com,8086877554.0
24443,LP,rpeesjuniorschool@gmail.com,9562400060.0
30201,LP,glpsayyappancovil@gmail.com,
37422,LP,salpsthumpamon20@gmail.com,9562248882.0
14729,LP,oorppallylps1@gmail.com,2378450.0
14712,LP,alpskallayi@gmail.com,9447643009.0
24425,LP,ckcemlps@gmail.com,4872645253.0
16303,LP,gmlpkollam@gmail.com,9946203767.0
38544,LP,thevervelillps1940@gmail.com,9961020347.0
31205,LP,glpskadanad@gmail.com,4822247550.0
23202,LP,vazhachalschool2013@gmail.com,8078379051.0
11218,LP,glpspathur@gmail.com,
36243,LP,36243alappuzha@gmail.com,4792347239.0
14317,LP,school14317@gmail.com,9847177404.0
28208,LP,shlpschool9@gmail.com,
21715,LP,ajbskizhakumpuram@gmail.com,8593841050.0
22447,LP,zmlpskolazhy@gmail.com,4872202969.0
33333,LP,stjlps@gmail.com,4812420132.0
22229,LP,calps8825@gmail.com,4872278825.0
16234,LP,mahithapp1@gmail.com,9446014205.0
38538,LP,hflpschethackal@gmail.com,4735261494.0
38632,LP,dilpsvettipuram@gmail.com,9495725861.0
11415,LP,kolathur2012@gmail.com,9605058485.0
14508,LP,gurukulamlps23@gmail.com,4902390110.0
14333,LP,hmponniamcentrallp@gmail.com,9446650858.0
11220,LP,glpsudyawar@gmail.com,4998272161.0
34322,LP,34322thuravoor@gmail.com,4782562347.0
36304,LP,karakkadglps@gmail.com,9947763742.0
38402,LP,glpschoolkadamanitta@gmail.com,4682217474.0
47516,LP,amlpscheekkilode@gmail.com,9447539399.0
14547,LP,vagdevivilasamlpschool@gmail.com,4902373118.0
38718,LP,msclpskonnithazham@gmail.com,7593002925.0
38606,LP,gnlps38606@gmail.com,9544669321.0
26314,LP,stmichaelslpsmanacherry2012@gmail.com,9947206051.0
13179,LP,vadakkumpadcentral@gmail.com,4972826337.0
14835,LP,providence14835@gmail.com,9562904150.0
21869,LP,littlekingdomemschoolpkd@gmail.com,9744046320.0
21523,LP,vmlpschoolpalakkapotta@gmail.com,4923242818.0
11329,LP,gwlpskumbla@gmail.com,4998213634.0
33342,LP,salps1928@gmail.com,9961436459.0
27359,LP,sacredheartlpsramalloor@gmail.com,9605489459.0
14224,LP,parimadamlps@gmail.com,4902335774.0
16652,LP,irringannurwestlp@gmail.com,9400501794.0
20330,LP,Hmalpstakd2021@gmail.com,4662203999.0
13640,LP,school13640@gmail.com,7902463156.0
24615,LP,glpsgirlswadakkanchery@gmail.com,4884234113.0
13180,LP,vadakkumbadlps@gmail.com,4972826339.0
27358,LP,koovalloorlp@gmail.com,9747191683.0
38215,LP,glpsmoonnalam@gmail.com,9496874010.0
16634,LP,parapoyilmlps@gmail.com,4962571410.0
13510,LP,edanadwestlpschool@gmail.com,9847575973.0
46402,LP,glpgskavalam@gmail.com,4772748577.0
13648,LP,school13648@gmail.com,4972797072.0
13317,LP,burnasserystpeterslps1@gmail.com,4972700930.0
20428,LP,moloornorthamlps@gmail.com,7012537985.0
11228,LP,11228kandal@gmail.com,9495051856.0
13514,LP,glps13514@gmail.com,4972870685.0
45317,LP,sglpsthuruthipally@gmail.com,9495021657.0
12510,LP,12510puliyannur@gmail.com,250257.0
22401,LP,glpspeechi@gmail.com,4872698662.0
30336,LP,alpsnadiar@gmail.com,8281134962.0
14549,LP,2017vlps@gmail.com,9495385327.0
14201,LP,chettamcoonglps@gmail.com,4902320920.0
36217,LP,36217alappuzha@gmail.com,9497743419.0
13161,LP,eastlpskottam@gmail.com,9656596719.0
17407,LP,vengerilpschool@gmail.com,
31212,LP,nssglpsmonippally@gmail.com,9846820806.0
35422,LP,35422haripad@gmail.com,9895619515.0
14323,LP,oleswaramlpschool@gmail.com,9744363875.0
13347,LP,muthukuttyno1.lp@gmail.com,4972852541.0
36436,LP,lpsnadakkavu@gmail.com,9446193223.0
37222,LP,kottayilmdlpsniranam@gmail.com,9495236521.0
21627,LP,padalikkadglps@gmail.com,2537080.0
13731,LP,sjlpschoolthabore@gmail.com,4985232060.0
38509,LP,glpspulloopram1517@gmail.com,4735224415.0
47509,LP,eramangalamglps@gmail.com,9946934968.0
36423,LP,bilpschool@gmail.com,9947216007.0
31405,LP,www.rswglps@gmail.com,4812536731.0
21229,LP,alpskavassery@gmail.com,9446476867.0
47304,LP,mmolpsmkm@gmail.com,4952299822.0
21511,LP,glpspudunagaramcentral@gmail.com,9495655111.0
13201,LP,mavilayicentrallps@gmail.com,7907146757.0
25427,LP,sjlpgskarukutty@gmail.com,4842612999.0
47451,LP,azad.lps64@gmail.com,4952222502.0
12534,LP,12534thadiyankovval@gmail.com,4672211733.0
16611,LP,bhoomivathukkallpschool@gmail.com,9495144774.0
38311,LP,nsslps1956@gmail.com,9495481098.0
11411,LP,glpskambar@gmail.com,
45338,LP,glpsperuva@gmail.com,4829253715.0
12419,LP,alpskeezhmala@gmail.com,4672235161.0
14515,LP,nlpschool49@gmail.com,9446678302.0
26226,LP,alpsmulavukad@gmail.com,
23539,LP,stpauls1953@gmail.com,4802708820.0
16330,LP,amlpthorayi@gmail.com,4962687295.0
26243,LP,lpsstannes@gmail.com,8281587296.0
16450,LP,mlpspaleritown@gmail.com,4962670058.0
29314,LP,glpskumaramangalam@gmail.com,4862200321.0
12326,LP,12326alpsmoolappally@email.com,4672280508.0
23416,LP,gmlpsala@gmail.com,
30349,LP,alpskanthalloor212@gmail.com,4865246224.0
13914,LP,ramanthaliglps@gmail.com,9495725410.0
21518,LP,gmlpsvdr@gmail.com,4923215317.0
11419,LP,gjbsmadhur1@gmail.com,4994241300.0
31419,LP,maridomstmaryslps@gmail.com,4822251751.0
36324,LP,jbsmannar@gmail.com,9562833473.0
24624,LP,alpskaliyarode@gmail.com,4884287394.0
21858,LP,ptmalpsnattukal@gmail.com,4924236989.0
13181,LP,schoolvvlps@gmail.com,9497050012.0
24340,LP,lflpsvaduthala@gmail.com,6238214530.0
38703,LP,lpgskonni@gmail.com,9495073704.0
20414,LP,alpskarakkad@gmail.com,8301025042.0
28511,LP,plpsedv@gmail.com,9446450916.0
21719,LP,alpspoody@gmail.com,7736784322.0
33424,LP,nsmcmslpsmooledom@gmail.com,4812340644.0
13701,LP,nsslpsalakode@gmail.com,4602256799.0
16301,LP,glpsatholi@gmail.com,9400643871.0
14601,LP,hmglpsedayar@gmail.com,4902303860.0
14809,LP,glpsvayannur759@gmail.com,4902303759.0
21310,LP,glpskjkd@gmail.com,4912567462.0
35219,LP,mullackalcmslps1888@gmail.com,9446581709.0
21412,LP,glpskadakurissi@gmail.com,9400485371.0
36265,LP,kannanakuzhylps@gmail.com,4792332295.0
33510,LP,pangadaglps@gmail.com,4812505888.0
13938,LP,nhekklialpschool@gmail.com,9446235744.0
33409,LP,govtlpspathamuttom@gmail.com,8606601875.0
12316,LP,12316glpsparuthikamuri@gmail.com,4672280010.0
37320,LP,salps37320@gmail.com,9400940638.0
46414,LP,stmaryslpsmanalady@gmail.com,4772707660.0
21535,LP,attayampathyalps@gmail.com,6238681383.0
12332,LP,12332alpskallar@gmail.com,4672224069.0
21312,LP,glpskkpathy@gmail.com,9567488458.0
36307,LP,govtlpsmulakkuzha1@gmail.com,
37232,LP,mdlpschoolsakthimangalam@gmail.com,9447281723.0
46322,LP,hflps777@gmail.com,4772274099.0
31221,LP,kudakkachiralps100@gmail.com,48222258007.0
33363,LP,stjohnslps2017@gmail.com,4812338506.0
47532,LP,unnikulamgmlp@gmail.com,9188706140.0
25218,LP,nadlpschoolaluva1@gmail.com,4842583419.0
17526,LP,amlpsputtakkad@gmail.com,9747999666.0
17409,LP,glpsputhiyangadi@gmail.com,4952380919.0
25232,LP,tsclpsaluva6@gmail.com,9446650759.0
26236,LP,st.petersschool01@gmail.com,2435262.0
30202,LP,vmlpseattithoppu@gmail.com,4868231142.0
11441,LP,shankarampadyschool@gmail.com,9562452495.0
20415,LP,mkemlpsk@gmail.com,9495487332.0
33529,LP,govtlpsthiruvanchoor@gmail.com,4812771406.0
31311,LP,mannoorlps1@gmail.com,4812547444.0
20622,LP,amlpskaringanadusouth@gmail.com,8111814306.0
45204,LP,ksmangalam1@gmail.com,4829273627.0
33516,LP,glpslakkattoornorth@gmail.com,4812544920.0
23432,LP,stmichaelslpskpm@gmail.com,4802801580.0
46202,LP,govtlpschampakulam@gmail.com,9495439914.0
38719,LP,amritalps2015@gmail.com,4682241468.0
37244,LP,mdlpskallunkal@gmail.com,9495734461.0
47617,LP,cheruvaloorglp@gmail.com,4962615030.0
16538,LP,mlpspurakkad@gmail.com,9496918769.0
14745,LP,kavumthazhalpschool@gmail.com,4972857324.0
24605,LP,glpskurumala@gmail.com,4884250500.0
26211,LP,dbscheppanam@gmail.com,4842702684.0
22426,LP,kskbskuttanellur@gmail.com,9497627767.0
25827,LP,hclpskatalvathuruth@gmail.com,4842482134.0
47535,LP,valliyothamlps@gmail.com,9846334030.0
44225,LP,reshmisaikuttan@gmail.com,9995061268.0
23201,LP,glpsperingalkuthu@gmail.com,
38410,LP,lpschenneerkara@gmail.com,9447009381.0
22231,LP,arattupuzharmlps@gmail.com,9947052650.0
34329,LP,34329thuravoor@gmail.com,9142168771.0
46306,LP,46306alappuzha@gmail.com,9048425957.0
39304,LP,govtlpskadaicodu@gmail.com,4742482191.0
47429,LP,amlpsenorth@gmail.com,4952200800.0
30206,LP,glpskiliyarkandam@gmail.com,4868264001.0
36349,LP,36349alapuzha@gmail.com,8281754637.0
13702,LP,glpsarangu2016@gmail.com,4602218600.0
26527,LP,strockeypallipuram@gmail.com,9447725670.0
41427,LP,snlps41427@gmail.com,9496253084.0
19422,LP,bemlpspgdi@gmail.com,9447485423.0
16839,LP,16839hm@gmail.com,4962520551.0
18716,LP,glpskkv@gmail.com,4933230140.0
14843,LP,palliamlp@gmail.com,4602405790.0
32223,LP,rsmupskodunga@gmail.com,4828286023.0
19705,LP,ahmlpsvettom@gmail.com,4942631433.0
19631,LP,gmlpsponmundamsouth@gmail.com,4942585058.0
43314,LP,jayamathalps@gmail.com,9495627918.0
25402,LP,jbskunnukara@gmail.com,4842479740.0
39331,LP,pazhinjamstjohnslps@gmail.com,9605245820.0
13735,LP,thiruvattooralps@gmail.com,9947443310.0
18548,LP,pathappiriyamgmlps@gmail.com,4832700177.0
17209,LP,glpskaraparamba@gmail.com,
41308,LP,gmlpskuttivattam@gmail.com,9048290840.0
40332,LP,mglpsmanalil.40332@gmail.com,4752288144.0
44534,LP,lmslpsponnamkulam@gmail.com,4712231826.0
37539,LP,stgeorgelpschengaroor@gmail.com,9847604162.0
41634,LP,41634kundara@gmail.com,9447609575.0
21222,LP,vadakketharasmlps@gmail.com,9072886116.0
43209,LP,glpsmangad123@gmail.com,9995191484.0
18708,LP,ymlpschemmala@gmail.com,9497810355.0
16413,LP,gstsmullambath@gmail.com,9745246107.0
18727,LP,amlps18727@gmail.com,9400839849.0
35216,LP,35216alps@gmail.com,4772288944.0
28302,LP,glpselanji@gmail.com,4852258383.0
32339,LP,sxvattakkavu123@gmail.com,
18359,LP,amlpschool.west@gmail.com,9495111236.0
15330,LP,alpsputhenkunnu@gmail.com,4936226999.0
42329,LP,stveronicalps20@gmail.com,4702143082.0
11335,LP,11335glpsnettanige@gmail.com,4998266226.0
17301,LP,glpscheruppa@gmail.com,9645087289.0
23516,LP,kottanelluralp@gmail.com,9947920452.0
13624,LP,school13624@gmail.com,4972746124.0
43434,LP,st.antonyslpskzm@gmail.com,9447857290.0
47412,LP,stgeorgelpstheyyappara@gmail.com,9747856191.0
19604,LP,alloorschool@gmail.com,4942578940.0
42333,LP,govtlpspadanilam@gmail.com,4702643894.0
20220,LP,spmlpsmulanhur@gmail.com,4662230687.0
20625,LP,amlpskodumunda@gmail.com,9446504634.0
19606,LP,amlpsayyaya@gmail.com,9745287744.0
34228,LP,34228cherthala@gmail.com,4782863152.0
37423,LP,msclps37423@gmail.com,4734269295.0
19416,LP,khmamlpskodakkad@gmail.com,9847373750.0
32338,LP,splpsvandanpathal@gmail.com,9744239677.0
26206,LP,udhayamglps@gmail.com,4842700956.0
23519,LP,sclpskottakalmala@gmail.com,4802897500.0
19419,LP,amlpsneduvasouth@gmail.com,4942410064.0
21232,LP,kemalpschool@gmail.com,9495568445.0
24309,LP,dvmlps@gmail.com,9961465085.0
21828,LP,gmlpthenkara@gmail.com,7736902438.0
18516,LP,kandalapattaalps@gmail.com,9447515934.0
15417,LP,jaihindlpsvalad@gmail.com,4935266404.0
18527,LP,alpsmandakakkunnu@gmail.com,9495607319.0
48213,LP,southkizhuparamba@gmail.com,
14228,LP,sacredheartlpschool@gmail.com,4902324020.0
47443,LP,gmlpsmalapuram@gmail.com,4952225224.0
25426,LP,sjlpskarukuttynorth@gmail.com,4842451330.0
23415,LP,kmlpkoolimuttam@gmail.com,9497247705.0
17505,LP,glpschoolbeyporewest@gmail.com,8547393641.0
37317,LP,mtlpskwest@gmail.com,9497617055.0
25410,LP,glpsmallussery@gmail.com,8547725095.0
34320,LP,34320thuravoor@gmail.com,0.0
16531,LP,pallikkaraalp@gmail.com,4962605004.0
21851,LP,arogyamathalpschoolkottathara@gmail.com,4924254681.0
34315,LP,glpsthaickal@gmail.com,9496156137.0
19655,LP,amlpstanalur@gmail.com,8089816070.0
47313,LP,glpspoovaranthode@gmail.com,8848797198.0
17320,LP,olavannapanchayath.alps@gmail.com,4952431670.0
41303,LP,govtlvlpschavarasouth@gmail.com,4762883571.0
19763,LP,timlpsvettom@gmail.com,9633926478.0
32216,LP,stlpsmangalagiri@gmail.com,4822280057.0
19628,LP,amlpsklari28@gmail.com,9847988723.0
39306,LP,39306glps@gmail.com,4742581011.0
13173,LP,muzhappilangadwlps@gmail.com,4972832131.0
16822,LP,16822hm@gmail.com,4962537366.0
45227,LP,snlpsmkv@gmail.com,4829212470.0
18731,LP,panchamiperinthalmanna@gmail.com,7025297710.0
43431,LP,govtlpsuthiyaramoola43431@gmail.com,9656761732.0
13168,LP,mavilayisouthlps@gmail.com,4972826327.0
41575,LP,www.harisreeps1@gmail.com,4742516919.0
14615,LP,kurumbukkalps@gmail.com,4902308320.0
46309,LP,glpskozhimukkusouth@gmail.com,9446788044.0
14752,LP,panayathamparamba@gmail.com,9400566188.0
39213,LP,glpsthevalappuram2018@gmail.com,4742419460.0
47206,LP,payambrawschool@gmail.com,9526472983.0
25805,LP,glpgsezhikkara@gmail.com,4842508960.0
20226,LP,alpspulappattasseri@gmail.com,9495249986.0
18320,LP,bmamlps@gmail.com,4953143020.0
16833,LP,16833hm@gmail.com,4962230990.0
30338,LP,alpsnyamakad@gmail.com,
21704,LP,glpskundalassery@gmail.com,0.0
21218,LP,alpspudiyankam@gmail.com,9446726292.0
42532,LP,lmlpschenamcode@gmail.com,4722800047.0
18307,LP,rkamlps@gmail.com,9495989679.0
43238,LP,govtmnlps@gmail.com,9446496689.0
25439,LP,sflpspuliyanam@yahoo.com,8848683832.0
20422,LP,amlpskuruvattur@gmail.com,9562162074.0
24529,LP,hm.ayyappa.perinjanam@gmail.com,9745160525.0
24510,LP,tnlpsgr@gmail.com,4872290001.0
42321,LP,govtlpsedacode@gmail.com,4702633998.0
47541,LP,pvtmnew@gmail.com,9539951818.0
13423,LP,roalpsnew123@gmail.com,4602259786.0
14539,LP,poyiloorlps@gmail.com,8086120728.0
41611,LP,41611kundara@gmail.com,4742566705.0
11203,LP,11203gblpsheroor@gmail.com,4998262032.0
19713,LP,gmlpschoolkuttayinorth@gmail.com,4942631615.0
18720,LP,sjlpsmalaparambu@gmail.com,9496460590.0
44201,LP,glpsavanakuzhy@gmail.com,4712403464.0
36353,LP,shvemlps36353@gmail.com,4792422125.0
21332,LP,rcalpschool@gmail.com,4912862434.0
19664,LP,tanurglps@gmail.com,2440320.0
15509,LP,lpcrescentpnm@gmail.com,4935220306.0
23512,LP,stmaryslps23512@gmail.com,4802785599.0
14217,LP,melurnorthjbs@gmail.com,9847790620.0
16745,LP,16745.aeotdnr@gmail.com,9447294956.0
37413,LP,mtlpskalarikode@gmail.com,9745199668.0
14312,LP,hmgourivilasamjbs@gmail.com,7025000413.0
35218,LP,35218kidangamparambulps@gmail.com,9747632065.0
14721,LP,klpssivapuram@gmail.com,4902401210.0
47407,LP,korangadglps@gmail.com,4952223212.0
20228,LP,ajbspallarmangalam@gmail.com,9946694073.0
19726,LP,amlpskaithavalappa@gmail.com,9605681622.0
42540,LP,kkmangalam42540@gmail.com,8301083342.0
27333,LP,govtlpsvenduvazhy1958@gmail.come,9946911042.0
27247,LP,northponjasserylps1968@gmail.com,9447510953.0
24645,LP,rajagiri.hmckclps@gamil.com,4885288555.0
40302,LP,oldlpsagasthyacodu@gmail.com,9495216580.0
35403,LP,35403haripad@gmail.com,9447787388.0
15427,LP,glpsedayoor@gmail.com,4935250108.0
37225,LP,mmdlpskadapra@gmail.com,2610186.0
16433,LP,glpscherapuram@gmail.com,4962771240.0
25835,LP,stalosiuslpprr@gmail.com,4842447869.0
35329,LP,pothappallylps@gmail.com,4792417838.0
23230,LP,panchayatlps@gmail.com,4802735663.0
28521,LP,glpspazhoor@gmail.com,4852244590.0
22612,LP,kgmlpsanthikad@gmail.com,4872636911.0
19854,LP,amlpsklarisouth@gmail.com,6282421271.0
42536,LP,stmaryslpschanga@gmail.com,7907934575.0
27338,LP,glpgskmgm@gmail.com,9497794222.0
43214,LP,thiruvallamlps2014@gmail.com,4712380926.0
28418,LP,shlpsperumballoor@gmail.com,4852832983.0
16444,LP,lpsvatayamsouth@gmail.com,4962587200.0
26436,LP,stjosephemlpstpra1@gmail.com,4842779940.0
44318,LP,lpsooruttambalam44318@gmail.com,4712298050.0
12526,LP,12526alpspkpmvp@gmail.com,4672258195.0
38608,LP,glpsmanjanikara@gmail.com,4682356401.0
25415,LP,glpsneeleeswaram@gmail.com,4842464033.0
40457,LP,mothersusanpathanapuram@gmail.com,8891002114.0
41405,LP,41405glps@gmail.com,4742763765.0
20605,LP,glpschoolparudur@gmail.com,4662238919.0
17319,LP,alp.s.olavanna@gmail.com,9846072856.0
25431,LP,sreebhadralpskidangoor@gmail.com,9947330207.0
47223,LP,amlpspolur62@gmail.com,9446784587.0
15487,LP,cheroorlp@gmail.com,4935215091.0
30328,LP,alpsgrahamsland2019@gmail.com,9446337972.0
42217,LP,lpssreenivasapuram@gmail.com,4702610126.0
47528,LP,glpsmadathumpoyil@gmail.com,9562899242.0
24413,LP,mualpspvt@gmail.com,8891718020.0
37216,LP,ealpseruvellipra2017@gmail.com,8075496745.0
25227,LP,unionlpskanjoor@gmail.com,8590894026.0
47431,LP,kizhakkothnewamlps01@gmail.com,
48320,LP,glpskombamkallu48320@gmail.com,8606630744.0
13430,LP,valakkaimlpschool@gmil.com,4602260099.0
41513,LP,41513klm@gmail.com,4742512455.0
16331,LP,utterialps@gmail.com,4962695214.0
44218,LP,govtlpbsvenpakal@gmail.com,9446477227.0
42306,LP,lps42306@gmail.com,4702620293.0
17408,LP,glpschelavoor@gmail.com,9947351523.0
17515,LP,jinarajadasalps@gmail.com,4952414299.0
19815,LP,amlpsiringallureast@gmail.com,9447832824.0
42634,LP,thevanparashlps@gmail.com,4722865214.0
38304,LP,nombizhiglps@gmail.com,4734267151.0
34233,LP,34233cherthala@gmail.com,0.0
29420,LP,gtlpspettimudy@gmail.com,4864278777.0
22217,LP,stmarysclpsollur@gmail.com,4872356948.0
36431,LP,36431alappuzha@gmail.com,9497637227.0
26316,LP,olcglps2012b@gmail.com,4842224884.0
16311,LP,glpsputhancheri@gmail.com,4962700320.0
31210,LP,skvglpskurinji@gmail.com,4822263205.0
35506,LP,tinytotstk2015@gmail.com,4772234848.0
19608,LP,hmamlpscheerankadappuram@gmail.com,4942440025.0
21718,LP,ajbsmanikkassery@gmail.com,9745884636.0
47417,LP,nediyanadsouthamlpschool@gmail.com,4952245334.0
16321,LP,alpskothamangalam@gmail.com,9496891067.0
39403,LP,lmslpskalayapuram@gmail.com,9496148657.0
32215,LP,lpskonipad2020@gmail.com,9961743544.0
26213,LP,stgeorgelp@gmail.com,4842334462.0
41615,LP,41615kundara@gmail.com,4742710004.0
19621,LP,amlpsittilakkal@gmail.com,9744658444.0
12506,LP,12506glpsmaithani@gmail.com,9446321855.0
12385,LP,bckunhambu.ems@gmail.com,9495723545.0
21725,LP,alpsnochipully@gmail.com,9020093181.0
25817,LP,25817glpsputhiyakavu@gmail.com,4842447823.0
32312,LP,gtlpskalaketty@gmail.com,4828214493.0
19215,LP,kallurmaamlps@gmail.com,9846791444.0
17221,LP,manojvptry@gmail.com,4952304888.0
48329,LP,glpsvalayappuram@gmail.com,9497206784.0
19428,LP,sasthaalpsvkn@gmail.com,8921749942.0
18220,LP,ponnadglps@gmail.com,9497014670.0
16812,LP,16812hm@gmail.com,9447534266.0
13619,LP,school13619@gmail.com,8129311250.0
31516,LP,littlethresia@gmail.com,4822238236.0
11201,LP,11201arikady@gmail.com,4998296016.0
19603,LP,alameenschoolvlr@gmail.com,4942585355.0
19623,LP,kaduvalluramlps@gmail.com,2480005.0
15204,LP,glpscheekkalloor@gmail.com,4936289099.0
32413,LP,cmslpskarikkattoor@gmail.com,9544031054.0
39401,LP,39401kulakkada@gmail.com,9946297703.0
13706,LP,kanhirangadalps@gmail.com,9074945696.0
34236,LP,34236cherthala@gmail.com,9496059862.0
22610,LP,glpspazhamuck@gmail.com,4872214419.0
16704,LP,ayancheridvlp@gmail.com,9846010523.0
20236,LP,alpschoolthottakkaraotp@gmail.com,4662249437.0
25840,LP,lflpsthekkethuruth@gmail.com,9895503974.0
48416,LP,hmglpskonamunda@gmail.com,9496807317.0
13807,LP,hmcherupazhassiwest111@gmail.com,8129063370.0
40409,LP,glpselikkattoor2@gmail.com,9495672191.0
33403,LP,govttownlpskottayam@gmail.com,9496720997.0
45308,LP,stthomaslps64@gmail.com,9446132361.0
32342,LP,gwlpsmuttappally@gmail.com,4828254121.0
45335,LP,glpsmanjoor@gmail.com,4829242540.0
42307,LP,lpselampa@gmail.com,2639555.0
35418,LP,35418haripad@gmail.com,9400296229.0
25602,LP,airapuramstpaulsglps@gmail.com,4842657220.0
43306,LP,govtlpsfort@gmail.com,4712474626.0
38613,LP,glpsthalachira@gmail.com,4682300301.0
36311,LP,jbsedanad1867@gmail.com,9207676909.0
42225,LP,hmglps42225@gmail.com,470206171.0
37277,LP,msmlpschool@gmail.com,4692081640.0
15347,LP,glpschattialathur@gmail.com,9995506360.0
26405,LP,26405glps@gmail.com,8089163655.0
19231,LP,glpsvadakkummuri@gmail.com,4942656899.0
18426,LP,amlpspulikkode@gmail.com,9605908779.0
26238,LP,saintteresaslps@gmail.com,4842369690.0
21850,LP,alpskarapadam@gmail.com,4924232200.0
37218,LP,lijicheriyan70@gmail.com,9495444327.0
44526,LP,salpskurumkutty@gmail.com,4712205877.0
19711,LP,mmmlps@gmail.com,9846807313.0
30326,LP,alps.guderale@gmail.com,8281997271.0
18424,LP,amlpspottikuzhi@gmail.com,9745700235.0
25405,LP,glpschully16@gmail.com,
21250,LP,amlpspunnappadam2015@gmail.com,9495256747.0
21804,LP,arakurssigmlps@gmail.com,4924224879.0
21623,LP,glpsneithucar19@gmail.com,9496147546.0
11409,LP,11409kalanadnew@gmail.com,
16250,LP,athiyoorlp16250@gmail.com,9946411656.0
44426,LP,44426lmslpsnta@gmail.com,8848983565.0
36269,LP,glpsvettiyar2@gmail.com,9496241586.0
33344,LP,cmskurichy789@gmail.com,9400438969.0
43305,LP,govtlpspettah@gmail.com,0.0
32307,LP,kvslpselamgulam@gmail.com,9539056545.0
48444,LP,naamalpsthelpara@gmail.com,9446991910.0
43433,LP,sainiklps50@gmail.com,9446517989.0
35308,LP,glpskaruvattanorth@gmail.com,479291774.0
24417,LP,stjosephslpspavaratty@gmail.com,4872642821.0
19820,LP,hmgmlpsmattathur@gmail.com,9645212970.0
15455,LP,alpscherukara@gmail.com,9656039782.0
20327,LP,pothialps@gmail.com,8921628902.0
40406,LP,40406chekomlps@gmail.com,9847156527.0
45232,LP,stmaryslpsedm@gmail.com,4829278218.0
44511,LP,govtlpsnalloorvattom@gmail.com,9790539994.0
19652,LP,puthukulangaraalps@gmail.com,9497882404.0
40325,LP,40325gtlpsvillumala@gmail.com,4752318286.0
33404,LP,glpskollad@gmail.com,4812342596.0
26311,LP,hehmmlps@gmail.com,4842229535.0
28405,LP,glpsmudavoor@gmail.com,4852810163.0
24524,LP,amlpsnattika@gmail.com,9846958464.0
13917,LP,glpsvellur@gmail.com,4985266365.0
48145,LP,marphiloxenosschool@gmail.com,7012985375.0
24629,LP,pmlpsk@gmail.com,9497180251.0
22408,LP,pattikkadglps@gmail.com,4872282860.0
14526,LP,eklpspanoor@gmail.com,9446680603.0
13646,LP,pappinisserilpschool@gmail.com,
24649,LP,alpsveerolipadam@gmail.com,4884267844.0
21202,LP,kattusseryglps@gmail.com,4922225300.0
42308,LP,lpsalamcode@gmail.com,9400968530.0
25807,LP,snmglps@yahoo.in,9744103928.0
36212,LP,govtlpseravankara@gmail.com,4792309397.0
12421,LP,12421bhlps@gmail.com,
46302,LP,chethipurackalglps@gmail.com,
30225,LP,sjlpsvellayamkudy@gmail.com,4868250256.0
18305,LP,arimbrapalamlp@gmail.com,4832770011.0
32303,LP,glpschirakkadavu@gmail.com,4828228075.0
40212,LP,edatharalmlps@gmail.com,474242424755.0
25808,LP,hmglpgsmoothakunnam@gmail.com,8139074424.0
29244,LP,sgpsvazhathope@gmail.com,291822.0
24310,LP,elpsalathur@gmail.com,9747227736.0
48218,LP,alpskozhakkotturnorth@gmail.com,9605968773.0
29407,LP,sjlpsanakulam@gmail.com,7025203929.0
13517,LP,glpskunhimangalam@gmail.com,4972810288.0
42209,LP,kaikkaraasanmemorial@gmail.com,4702658700.0
19760,LP,amlpstriprangode@gmail.com,9446729590.0
25617,LP,mgmlpsnorthmazhuvannoor@gmail.com,9744214460.0
24406,LP,amlpsmaruthayur@gmail.com,9605628854.0
43425,LP,GLPSTHACHAPPALLY@gmail.com,4712427800.0
33334,LP,cmslpsezhuvanthanam@gmail.com,9495443753.0
36228,LP,36228gwlps@gmail.com,
31304,LP,kezhuvamkulamglps@gmail.com,4822267343.0
26407,LP,hmglpsmalekad@gmail.com,4842794290.0
46332,LP,stneerattupuram@gmail.com,4772219573.0
16435,LP,vattolilpschool@gmail.com,9562676334.0
13343,LP,kmlpschool@gmail.com,4972852481.0
13721,LP,school13721@gmail.com,917293884747.0
41440,LP,vimalahengschool@gmail.com,4742767719.0
29241,LP,glpsvazhathope2015@gmail.com,4862236129.0
25233,LP,akavoorprimary@gmail.com,4842602191.0
23541,LP,euphrasiavynthala@gmail.com,4802773439.0
21418,LP,jbsvettukad@gmail.com,9539141508.0
42411,LP,glpsnavaikulam@gmail.com,9562970487.0
14443,LP,marankandylps@gmail.com,4902339470.0
22236,LP,cmslpschoolurakam@gmail.com,9447239383.0
39212,LP,glpskottavattom@gmail.com,9497618790.0
34235,LP,34235cherthala@gmail.com,4782584212.0
15444,LP,glpspeechamcode1998@gmail.com,9037586206.0
16707,LP,16707.aeotdnr@gmail.com,9497310690.0
39411,LP,kuraglps@gmail.com,4752323132.0
41425,LP,infantjesuspallithottam2014@gmail.com,4742741440.0
46213,LP,46213alappuzha@gmail.com,9497635590.0
48619,LP,lfehsnbr@gmail.com,4931223254.0
16319,LP,kolakkadlps19@gmail.com,
48547,LP,amlpspalakkod@gmail.com,9496286534.0
21437,LP,jbskannanur1915@gmail.com,4922272760.0
29236,LP,stlpsthudanganad@gmail.com,4862255080.0
17448,LP,prabhakaravilasamalpschool@gmail.com,9446421938.0
15352,LP,glpskallumukku@gmail.com,
36427,LP,fgmmsclps@yahoo.com,8281418402.0
13427,LP,stjosephlpsareekamala@gmail.com,9947172433.0
18353,LP,amlpsputhupadam@gmail.com,9947154177.0
13545,LP,madayisouthlps@yahoo.com,9633263194.0
24245,LP,mmalpspkm@gmail.com,9846940264.0
31301,LP,akalakkunnamglps@gmail.com,4812547466.0
33230,LP,cezmsktm@gmal.com,7012210869.0
37313,LP,kizhakkanotheralpschool@gmail.com,9495639063.0
37614,LP,mtlpschooledappavoor@gmail.com,4735238698.0
39341,LP,skvlpschenkoorhm@gmail.com,4742670712.0
14812,LP,mimlpschool36@gmail.com,4902451686.0
42641,LP,glpspangodepalode@gmail.com,4722869022.0
24210,LP,gmlpskupravally@gmail.com,
20217,LP,alpsmundanattukara@gmail.com,9946629333.0
44527,LP,lmslpsmanoor@gmail.com,
11340,LP,11340glps@gmail.com,4994262010.0
38711,LP,glpsvallicode2017@gmail.com,9446915075.0
31529,LP,ttistjoseph@gmail.com,4822205929.0
31422,LP,moozhikulangaralps55@gmail.com,4812712882.0
48412,LP,devadhar.alps.karulai@gmail.com,8086593583.0
36236,LP,cmslps36236alappuzha@gmail.com,9495241970.0
24503,LP,gmlpskaipamangalam@gmail.com,4802840180.0
14352,LP,ummenchiramlp@gmail.com,4902307210.0
14440,LP,kaviyoorlps14440@gmail.com,8547333707.0
18543,LP,alpspandallur@gmail.com,9744434779.0
14647,LP,olayikkarasouth@gmail.com,4902362558.0
14420,LP,panniannurlpsp@gmail.com,4902314225.0
13307,LP,chembilodenorthlps@gmail.com,9446408543.0
16204,LP,16204hmchombala@gmail.com,7034075142.0
20528,LP,kamalpskappur@gmail.com,9645892677.0
13818,LP,mtalps13818@gmail.com,497292002.0
33259,LP,thondamprallp@gmail.com,9747940140.0
38282,LP,vivek38282@gmail.com,4734284801.0
13195,LP,mclpmamba@gmail.com,9447865385.0
22227,LP,stjohnboscolps@gmail.com,4872761755.0
42543,LP,glpsvelloorkonam@gmail.com,4722801600.0
21216,LP,kkmlps1@gmail.com,4922224100.0
48304,LP,cheriparambaglps@gmail.com,9495869097.0
38413,LP,mdlps1914@gmail.com,9495725511.0
25815,LP,glpsperumpadanna@gmail.com,4842444774.0
17558,LP,gkarinkallai@gmail.com,9656131457.0
42207,LP,chilakkoorpanayil@gmail.com,4702601400.0
32319,LP,cmslpsmundakayam@gmail.com,4828272950.0
15320,LP,hmglpspakkam@gmail.com,9526138770.0
21243,LP,bemlpsvadakkanchery@gmail.com,9400726498.0
41633,LP,lpgs41633@gmail.com,4742565056.0
22636,LP,dsglpsputhur@gmail.com,4872210222.0
18348,LP,parammalamlpsananthayoor@gmail.com,4832724161.0
25246,LP,glpseloor@gmail.com,4842547977.0
42240,LP,mvlpsmanthara@yahoo.com,7510513553.0
16430,LP,hmvelomsouthlps@gmail.com,9447914848.0
41328,LP,stjohnslpsnjaramoodu@gmail.com,4762882500.0
18514,LP,gmlps18514@gmail.com,4832702050.0
33223,LP,cmscollegelpschool@gmail.com,9995865177.0
35229,LP,35229govtjbspunnapra.alpy@gmail.com,4772288950.0
40319,LP,glpsperumannoor@gmail.com,9745911630.0
28415,LP,nirmala28415@gmail.com,48542832200.0
19319,LP,glpskarekkad@gmail.com,9846556836.0
13188,LP,ezharamlps@gmail.com,8592049320.0
19618,LP,amlpseranelloor@gmail.com,9847448030.0
43307,LP,govt.sanskritlps@gmail.com,9496368897.0
18431,LP,amlpsvillur@gmail.com,9446359229.0
43226,LP,msclpsvellayani@gmail.com,9447768908.0
26547,LP,glpgscherai@gmail.com,9400692671.0
41306,LP,glpskovoor@gmail.com,9037577265.0
24621,LP,aslpschelakode@gmail.com,9387097282.0
15338,LP,chegadyglps@gmail.com,9847271750.0
14640,LP,14640school@gmail.com,9605311807.0
11221,LP,glpsvamanjoor11221@gmail.com,4998273035.0
44210,LP,govtpvlpskuzhivila@gmail.com,4712405020.0
32310,LP,stthomaslps2012@gmail.com,4828210519.0
23514,LP,alpschoolkannikulangara@gmail.com,4802860903.0
16336,LP,karayadamlpschool@gmail.com,4962695223.0
20230,LP,alpspanamannawest@gmail.com,9496296218.0
15217,LP,glpsinmundakkai@gmail.com,4936236866.0
37623,LP,hmmookkannoor@gmail.com,7736048841.0
42326,LP,glpskoonthalloor@gmail.com,4702640926.0
38321,LP,edayadiyilglps@gmail.com,4734299411.0
22629,LP,avmlpspambur@gmail.com,4872387942.0
33402,LP,govtlpseravinalloor@gmail.com,9446969022.0
21338,LP,calpsnpy@gmail.com,
16719,LP,16719aeotdnr@gmail.com,9496133639.0
25208,LP,glpsneericode@gmail.com,4842515444.0
43235,LP,wlpspanathura@gmail.com,9020060022.0
41446,LP,41446klm@gmail.com,9446242023.0
18406,LP,alpsvattapparamba@gmail.com,9847414758.0
18352,LP,glpsputhucode@gmail.com,
19637,LP,gmlprayirimangalam@gmail.com,4942440899.0
18407,LP,alpsvellur@gmail.com,9846859991.0
39207,LP,glpskarikkal1921@gmail.com,9446293289.0
33217,LP,puthenangadylps.ktm@gmail.com,9447961888.0
26324,LP,stpeterslpskumbalangi@gmail.com,2241063.0
27369,LP,sjlpspaingottoor@gmail.com,4852563490.0
41556,LP,41556klm@gmail.com,9061918608.0
43413,LP,ghwlpskulathoor@gmail.com,8075310055.0
33237,LP,nncjmlps233@gmail.com,4812523488.0
42221,LP,govtlpsvalayantakuzhy@gmail.com,4702611700.0
12227,LP,hmdune@gmail.com,4672237775.0
11317,LP,sslps11317@gmail.com,7558854790.0
23319,LP,hflpsavittathur@gmail.com,4802833455.0
13626,LP,school13626@gmail.com,9495801420.0
19405,LP,cherunnuramlps@gmail.com,8086283890.0
42519,LP,pazhakuttyglps@gmail.com,4722805726.0
14808,LP,glpsperinganam@gmail.com,4902405810.0
41234,LP,41234glps@gmail.com,4762623345.0
14724,LP,kovoorlps14724m@gmail.com,9544640945.0
14624,LP,mlps14624@gmail.com,490380920.0
18362,LP,glp.vettathur@gmail.com,9656634496.0
43316,LP,stpeterslps43316@gmail.com,4712502450.0
29239,LP,plpsedappilly@gmail.com,9495373360.0
48234,LP,malps.valillapuzha@gmail.com,9961666437.0
19343,LP,gmlpsparavannur@gmail.com,4942544151.0
42618,LP,glpspacha@gmail.com,4722999780.0
14236,LP,milps1930@gmail.com,8281683765.0
44220,LP,glpsmudippuranada@gmail.com,4712482400.0
26511,LP,spsabhalpschool@gmail.com,4842505967.0
39239,LP,scvlpspavithreswaram2016@gmail.com,4742415266.0
19234,LP,panthavuramlps@gmail.com,9496364192.0
47218,LP,kuruvattoorwestalps@gmail.com,9562640096.0
41613,LP,41613kundara@gmail.com,2552330.0
11241,LP,11241beripadavu@gmail.com,4998264000.0
19348,LP,glpsvadakkumbram@gmail.com,9895604085.0
41606,LP,41606kundara@gmail.com,4742465484.0
34214,LP,34214cherthala@gmail.com,4782814420.0
19434,LP,pgditownlp@gmail.com,4942410265.0
15314,LP,hmglpsappat@gmail.com,4936246430.0
38201,LP,glpsadoor@gmail.com,4734223513.0
43322,LP,holyangelslps@gmail.com,4712479766.0
21343,LP,stphilominas1952@gmail.com,
41331,LP,hmgsmvlps@gmail.com,9446633033.0
32341,LP,gnslpschirakkadavu@gmail.com,4828229039.0
15206,LP,glpsnelliyambam@gmail.com,4935220239.0
33323,LP,glpskurumpanadom@gmail.com,9656686590.0
41236,LP,41236glpsmadathil@gmail.com,9447607731.0
18411,LP,amlpschengotur@gmail.com,9495455234.0
23205,LP,sndplpsvaliyapadam@gmail.com,9495025043.0
20301,LP,hmglpsthiruvazhiyode@gmail.com,4662285902.0
31312,LP,stantonyslpsmattakara@gmail.com,4812541414.0
26503,LP,gnlpselm@gmail.com,8089884278.0
38504,LP,glpskakkad34@gmail.com,4735241188.0
42437,LP,mevarkalschool@gmail.com,4702679650.0
48418,LP,alpskoottampara@gmail.com,9496288088.0
11434,LP,alpskallankai@gmail.com,9446272430.0
27348,LP,glpstkr@gmail.com,4852822813.0
41416,LP,stleonslps@gmail.com,8593060579.0
20420,LP,pvalpskulukkallur@gmail.com,9495765703.0
44345,LP,glpsosm@gmail.com,4712255070.0
15418,LP,valatalps@gmail.com,9745673088.0
19661,LP,gmlpskuttippala@gmail.com,
41319,LP,icslps.hm@gmail.com,4762849602.0
23309,LP,umlpsthuravankad@gmail.com,4802825616.0
14309,LP,cnlps14@gmail.com,2307040.0
18455,LP,mkhmamlps@gmail.com,4942616486.0
12367,LP,12367jayceesemschoolnlr@gmail.com,4672082450.0
22251,LP,jbscherpu@gmail.com,4872347699.0
18356,LP,thurakkalglps@gmail.com,9495111686.0
40224,LP,svlps100@gmail.com,4742478259.0
48207,LP,amlpsirivetty207@gmail.com,4832862150.0
47505,LP,kalpsinfo1@gmail.com,4962081518.0
26327,LP,lpschellanam@gmail.com,4842249970.0
31510,LP,glpsplassanal10@gmail.com,4822275800.0
18321,LP,kolathuramlps@gmail.com,9809126252.0
45202,LP,glpsirumpoozhikkara@gmail.com,4829223338.0
21863,LP,alpsthrikkallooreast@gmail.com,4924239485.0
11226,LP,alpsichlangod@gmail.com,4998263366.0
39324,LP,lmslpschenkulam39324@gmail.com,4742462890.0
18342,LP,amlpsolavattoor@gmail.com,9446450203.0
14227,LP,punnolmlps@gmail.com,490355935.0
21246,LP,mullakkalschool@gmail.com,9446552995.0
19743,LP,muthurhillsamlps@gmail.com,9495116212.0
18458,LP,uahmlpschool@gmail.com,4832753003.0
34231,LP,34231cherthala@gmail.com,4782868505.0
41312,LP,manayillpschavara@gmail.com,9544273000.0
20635,LP,alpsndr@gmail.com,9946033465.0
16650,LP,cherumothmlps@gmail.com,9496891702.0
48423,LP,meppadamgmlps@gmail.com,9447354851.0
38423,LP,mtlpsngm3@gmail.com,9061637919.0
36215,LP,36215alappuzha@gmail.com,
29410,LP,irumpupalamglps@gmail.com,4864272394.0
19759,LP,alpstriprangode@gmail.com,9947426999.0
41212,LP,ghwlpssrayikkad@gmail.com,4762611506.0
30431,LP,omlpsupputhara@gmail.com,4869244661.0
18743,LP,amlpschoolkamburam@gmail.com,9744617880.0
39229,LP,mtsslpschengamanad39229@gmail.com,
19756,LP,pkumlpsthevalappuram@gmail.com,9048078060.0
16525,LP,nmleebahm@gmail.com,8086536698.0
30517,LP,gtlpsaruvilamchal@gmail.com,4868292379.0
21209,LP,glpsplachikulambu@gmail.com,9497826720.0
28403,LP,glpswestkunnackal@gmail.com,9495430865.0
15205,LP,headmasterstthomaslps@gmail.com,4936211134.0
15221,LP,salpskuppadithara@gmail.com,4936273342.0
19227,LP,govtlpsthuyyam@gmail.com,9746964911.0
42565,LP,snemlpsukl@gmail.com,7559923714.0
21846,LP,alpskattukulamalanallur@gmail.com,9400630336.0
19627,LP,kanmanamnorthamlps@gmail.com,9745116268.0
23325,LP,rklpspazhai@gmail.com,9048884276.0
24639,LP,mvmlp24639@gmail.com,9847262793.0
38224,LP,gwlpsparakode@gmail.com,9745850119.0
13822,LP,naniyoornmopila@gmail.com,9207097205.0
11305,LP,11305chennangode@gmail.com,9446944535.0
19733,LP,rjmamlpskott@gmail.com,9446882248.0
39232,LP,mtlpskkra@gmail.com,9446706058.0
45221,LP,khmlpsv@gmail.com,4829239963.0
30345,LP,alpssothuparai@gmail.com,9497792833.0
39214,LP,glpgsthrikkannamangal39214@gmail.com,4742452350.0
20267,LP,liemjso@gmail.com,4662247390.0
21610,LP,cmmajbschool@gmail.com,9895987040.0
42227,LP,mmmglpsnedunganda@gmail.com,4702606999.0
41627,LP,jeelani41627@gmail.com,9744155406.0
14740,LP,ayyallurlpschool@gmail.com,9495972170.0
16824,LP,hmmnlps@gmail.com,9946028957.0
22410,LP,cscsnallen@gmail.com,9495739822.0
15432,LP,calpstholpetty@gmail.com,9605290746.0
18702,LP,vaamritha@gmail.com,9946616117.0
44559,LP,govtlpsalathottam@gmail.com,9446614909.0
41423,LP,lmslps41423@gmail.com,9447043911.0
41421,LP,mohammadenlpsplm@gmail.com,9446787477.0
42314,LP,rmlpsmananakkuatl@gmail.com,9447075091.0
19415,LP,mmlpskeezhayil@gmail.com,9496877459.0
19525,LP,amlpsperumpadappa@gmail.com,9562343883.0
42331,LP,glpsperumathura@gmail.com,4712428961.0
39338,LP,lekhavengoor@gmail.com,4742494546.0
39320,LP,gwlpsottumala@gmail.com,7034697931.0
19734,LP,glpsthiruthy@gmail.com,9946876410.0
20325,LP,alpspookkottukave@gmail.com,9048734065.0
35309,LP,glpskumarapuram317@gmail.com,9747207298.0
37506,LP,glvlpskunnamthanam@gmail.com,4692690082.0
32407,LP,shlps2014@gmail.com,
42315,LP,amlpspklm@gmail.com,4702687469.0
11316,LP,11316nirchal@gmail.com,4998285646.0
17263,LP,stvincenttti@gmail.com,4952770025.0
14433,LP,vellacherymlps@gmail.com,9497287373.0
28309,LP,spslpselanji@gmail.com,4852259345.0
24508,LP,gmlpsthalikulam@gmail.com,4872607900.0
12505,LP,12505glpsmadakkal@gmail.com,4672270097.0
26518,LP,stjohnslpsmanappilly@gmail.com,9847540314.0
15203,LP,sdmlpschool@gmail.com,
41444,LP,41444stjosephmangad@gmail.com,9947073806.0
43221,LP,msclpsthamalam@gmail.com,7907957410.0
42328,LP,aryavilasom2015@gmail.com,4702640626.0
24635,LP,jvmachad2021@gmail.com,
20426,LP,msalpschool@gmail.com,9446515602.0
17423,LP,hilpsekl@gmail.com,9048064520.0
41409,LP,govtlps7777@gmail.com,9447560350.0
15420,LP,venmanyalpschool@gmail.com,
18319,LP,18319hm@gmail.com,4942487570.0
41412,LP,41412kollam@gmail.com,9447800783.0
18537,LP,amlpsmuttippalam@gmail.com,9544749144.0
25412,LP,hmglps@yahoo.com,9446747801.0
23228,LP,lfclpskoratty@gmail.com,4802731849.0
12331,LP,12331hfalpsrajapuram@gmail.com,4672226222.0
19619,LP,manalipuzhagmlps@gmail.com,9946368230.0
16420,LP,glpsmaruthonkara@gmail.com,4962564720.0
14302,LP,aelpschool@gmail.com,9495615004.0
16327,LP,puliyancherisouthlps@gmail.com,4962630596.0
13820,LP,mmalpsm@gmail.com,9446564210.0
37610,LP,glpsckm@gmail.com,4692795211.0
39332,LP,btvlpsplackodu@gmail.com,9497780981.0
24239,LP,amlpspalayoor5@gmail.com,8606801174.0
39307,LP,kottaraglps2@gmail.com,8547100446.0
25230,LP,muttinakamschool1966@gmail.com,2516255.0
32329,LP,kvlps2011@gmail.com,9495021735.0
25811,LP,glpbsparavur@gmail.com,4842442880.0
34240,LP,34240cherthala@gmail.com,9495205445.0
31504,LP,hmglpskoovathodu@gmail.com,4822237050.0
11209,LP,11209hosabettulp@gmail.com,4998272747.0
40312,LP,gwlpsdally@gmail.com,4752318180.0
37325,LP,cmslpsothera1894@gmail.com,0.0
15484,LP,stmartinslpschool@gmail.com,
41631,LP,41631bethel@gmail.com,4742542220.0
41429,LP,patriclpstang@gmil.com,9747891630.0
26267,LP,gbtslpsedappally@gmail.com,4842992323.0
41462,LP,rose2748414@gmail.com,2748414.0
32218,LP,cmslpsmechalhm@gmail.com,9446905161.0
24512,LP,centrallpsnattikanorth@gmail.com,9847767864.0
39224,LP,gwlpspangode@gmail.com,4742417380.0
18409,LP,amlpschoolchemmankadavu@gmail.com,7012136151.0
12524,LP,12524alpsnorthtrikarpur@gmail.com,4672301424.0
47625,LP,glpskallode@gmail.com,9946978446.0
41420,LP,vmlpsmaruthadi@gmail.com,9495581909.0
20526,LP,eravakkadajbs@gmail.com,4662279733.0
14717,LP,karettalpschool@gmail.com,9544211641.0
17428,LP,makkadaperinchila@gmail.com,7736651846.0
26320,LP,sdpymlps@gmail.com,4842235444.0
38312,LP,svlpsperumpulickal@gmail.com,9495086047.0
24342,LP,mumlpschool@gmail.com,9539514281.0
29321,LP,malayinchiglps@yahoo.in,9526903186.0
37308,LP,vallamkulam.gdvlps@gmail.com,
35325,LP,hilpsnkm@gmail.com,4772281466.0
13158,LP,kamethlps@gmail.com,9995404505.0
15334,LP,hmnarayanapuram@gmail.com,229223.0
40215,LP,lpsmancode2012@gmail.com,4742429100.0
43220,LP,bnvlpschool@gmail.com,4712080855.0
41353,LP,41353vems@gmail.com,4762847075.0
41438,LP,vijnanabhavanlps@gmail.com,9995179117.0
46212,LP,stmaryslpsk@gmail.com,4772724037.0
19526,LP,marmlpschool@gmail.com,4942629399.0
16645,LP,ndm16645@gmail.com,9400266306.0
20333,LP,alpsummanazhi@gmail.com,4662275033.0
32217,LP,srphilominapa@gmail.com,4822279414.0
16647,LP,bmlpschool@gmail.com,4962560261.0
16837,LP,narikotsheeba@gmail.com,8848555396.0
41448,LP,41448uliyacovil@gmail.com,9495122566.0
17347,LP,iccemschool@gmail.com,8086339257.0
48509,LP,crescentchokkad@gmail.com,9961864035.0
12310,LP,12310gtwlpskudumboor@gmail.com,9497854291.0
39503,LP,glpsanayady@gmail.com,9846428547.0
32430,LP,stthomascsiems@yahoo.com,8606453414.0
19752,LP,amlpspullooni1@gmail.com,9747266987.0
18639,LP,pptmalps1983@gmail.com,9495762351.0
18715,LP,kakkoothgmlps@gmail.com,4933220310.0
40217,LP,stxaviervellarvattom@gmail.com,4742422700.0
20608,LP,snglpsptb@gmail.com,4662217055.0
21405,LP,glpschenganiyur2015@gmail.com,914922215870.0
16633,LP,nlps16633@gmail.com,9048927635.0
13610,LP,school13610@gmail.com,4972789035.0
42636,LP,jawaharlps19@gmail.com,9946224615.0
23413,LP,svplpseriyad@gmail.com,4802816009.0
18302,LP,gmlpsalparamb@gmail.com,9495111686.0
37252,LP,mdmlpschool@gmail.com,4692636593.0
18456,LP,pmsalpsctp@gmail.com,4832705824.0
39218,LP,gwlpsairukzhi39218@gmail.com,4742416080.0
36437,LP,mdlpskayamkulam@gmail.com,8848079759.0
14817,LP,stjosephsedappuzha@gmail.com,4902456595.0
37532,LP,stjosephlpstcd@gmail.com,9048262350.0
42544,LP,lflps42544@gmail.com,9446062211.0
17311,LP,alpscherukulathur@gmail.com,9495050125.0
39440,LP,inchakkadulps@gmail.com,9447708709.0
30231,LP,cklpsrajamudy2012@gmail.com,9605644128.0
21333,LP,elappullyalps@gmail.com,0.0
33515,LP,glpslakkattoor@gmail.com,4812701190.0
19647,LP,pakaraschooltanur@gmail.com,9895113142.0
30418,LP,plpskaradikuzhy@gmail.com,9947419804.0
24327,LP,aidedlps@gmail.com,9446234008.0
19810,LP,kannamangalamglps@gmail.com,4942493810.0
13623,LP,school13623@gmail.com,9895438271.0
42513,LP,gtlpsmundela@gmail.com,4722898044.0
19330,LP,amlpschlkulamangalam@gmail.com,4942646130.0
46318,LP,salpsedathua@gmail.com,4772212263.0
37410,LP,gdvnsslpsulr@gmail.com,4734261491.0
21606,LP,alps.kny999@gmail.com,9846023288.0
19602,LP,cherumukkugmlps@gmail.com,4942483599.0
34229,LP,34229cherthala@gmail.com,9947011562.0
38518,LP,ealpskarayanpara@gmail.com,9446693713.0
46403,LP,malayalamschoolkumaramkary@gmail.com,4772754225.0
11320,LP,11320puthige@gmail.com,4998246200.0
20643,LP,amlppattambi@gmail.com,4662233830.0
13408,LP,vanchiyamlps@gmail.com,4602214200.0
15430,LP,hmplpspanavally@gmail.com,4935250021.0
14512,LP,kuniparambalps@gmail.com,2391393.0
21949,LP,moriyathekkuvatta@gmail.com,9288856435.0
19822,LP,glpsmampuram@gmail.com,9847635365.0
14213,LP,kmlpsthalayi@gmail.com,8157916960.0
39234,LP,mtlpskolannoor@gmail.com,9446107565.0
19241,LP,ajbs19241@gmail.com,8606117339.0
44423,LP,44423lmslpskk@gmail.com,4712236326.0
14516,LP,puthooreastupschool@gmail.com,4902465720.0
15225,LP,glpsperal@gmail.com,9744825872.0
14846,LP,vattiaralpschool@gmail.com,9497589011.0
14753,LP,thattiodenorthlps1925@gmail.com,4972857262.0
41220,LP,gwlpsvengara@gmail.com,4762664457.0
19749,LP,amlpspookayil@gmail.com,9544016975.0
29416,LP,glpsmullarikudy29416@gmail.com,4868269009.0
42464,LP,idealenglishschool2015@gmail.com,4702682085.0
38536,LP,lpsmakkapuzha@gmail.com,9495850502.0
30337,LP,alpsnettigudi@gmail.com,
16421,LP,kothodeglps@gmail.com,4962565894.0
40307,LP,40307glpsayoor@gmail.com,4752292839.0
19611,LP,govtlpsklariwest9@gmail.com,9400172760.0
19739,LP,hmdslpskuttoor@gmail.com,
15424,LP,gov.lpskarachal@gmail.com,9447635116.0
15343,LP,glpsmundakuttikunnu@gmail.com,4936293797.0
44234,LP,44234pamamcode@gmail.com,6238595407.0
43412,LP,ghslpskulathoor@gmail.com,9447501197.0
43319,LP,stmaryslpsvettucaud@gmail.com,8547967626.0
30223,LP,sglpschoolktpna@gmail.com,4868274275.0
20318,LP,alpskuruvattoorsouth@gmail.com,9947307326.0
41519,LP,parippally2512@gmail.com,4742572512.0
47210,LP,hmglpsvellanur@gmail.com,4952803151.0
45301,LP,eravimangalamlps@gmail.com,9495063680.0
39322,LP,39322veliyam@gmail.com,9496593270.0
36252,LP,mgmlps36252@gmail.com,9496466157.0
40327,LP,plmlpsayiranalloor@gmail.com,9446841458.0
43404,LP,govtlpscheeranikkara@gmail.com,4722830071.0
18705,LP,glpsarakkuparamba@gmail.com,4933233800.0
39301,LP,glpscvnrr@gmail.com,4742467203.0
42303,LP,andoorlps@gmail.com,4702627026.0
21215,LP,glpskadappara2017@gmail.com,9961845373.0
27337,LP,glpskuttiamchal50@gmail.com,9895345040.0
47331,LP,muthalathalps@gmail.com,
13315,LP,kannookkaraglps@gmail.com,9496719505.0
42408,LP,cnpsglps@gmail.com,4702681400.0
26403,LP,glpskanjiramattom@gmail.com,4842745202.0
11326,LP,yelkanaajbs@gmail.com,9446415083.0
36407,LP,pullikkanakkuglps@gmail.com,4792446607.0
33522,LP,cmslpsnenmala2016@gmail.com,8848922021.0
22201,LP,glpsalapad@gmail.com,4872273209.0
30219,LP,stxavierslpsnellippara@gmail.com,9496068237.0
18226,LP,glpsvalamangalam@gmail.com,9400160543.0
28515,LP,lpskanaikode@gmail.com,4842001667.0
40424,LP,glpsvalacode930@gmail.com,9567072139.0
18209,LP,muthanoorlps@gmail.com,9961954510.0
26417,LP,sndplps@gmail.com,
18334,LP,amlpsmullappally2015@gmail.com,8281256139.0
48231,LP,amlpsvadakkummala@gmail.com,9946485967.0
12319,LP,12319glpspunjavi@gmail.com,9496736100.0
24422,LP,alpstkvwest@gmail.com,4872264267.0
36351,LP,stanns@gmail.com,9947941131.0
22634,LP,srkgvmlps4@gmail.com,4872308749.0
21530,LP,jbs.vadakumpadamkdr@gmail.com,7025653349.0
48321,LP,glpspattikkad@gmail.com,
19630,LP,amlpsklarimoochikkal@gmail.com,9947557060.0
41311,LP,glpsmy188@gmail.com,4762847724.0
45250,LP,pkaraglps@gmail.com,4829221230.0
39211,LP,39211thekkumpuram@gmail.com,2416090.0
14833,LP,veliyambrabafakimemorial@gmail.com,9847913983.0
45340,LP,ghwlpsvayala2013@gmail.com,4822229500.0
47416,LP,stjosephslpskodenchery@gmail.com,4952238713.0
44222,LP,gsvlps44222@gmail.com,9446462698.0
19424,LP,pullinkunnualps@gmail.com,9497643432.0
13528,LP,madayilpschool@gmail.com,4972871621.0
41518,LP,41518klm@gmail.com,9495710195.0
22446,LP,sreejar1971@gmail.com,9605301051.0
44529,LP,mooverikaralps@gmail.com,9495391872.0
11439,LP,tialpspallam@gmail.com,9947307069.0
23206,LP,sndpschoolkalikkal@gmail.com,9745563225.0
41315,LP,hmglpsthevalakkaraeast@gmail.com,7510982270.0
38524,LP,nmlpsoottupara123@gmail.com,9747727268.0
13614,LP,school13614@gmail.com,4972772987.0
30523,LP,sjlpskochara@gmail.com,9961028468.0
16813,LP,16813hm@gmail.com,9447742399.0
19703,LP,vvlpsalathiyur@gmail.com,4942423083.0
42610,LP,lpskallar@gmail.com,4722856426.0
48403,LP,ckolly1968@gmail.com,9446629734.0
20405,LP,amlpschemmankuzhi@gmail.com,9447840054.0
30408,LP,kamlpsoffice@gmail.com,4869291234.0
16544,LP,thurayuralps@gmail.com,9496677921.0
44351,LP,lpsvavode1964@gmail.com,9496113564.0
44313,LP,glpsmachel@gmail.com,2282264.0
13418,LP,cmalps.100@gmail.com,4602233166.0
22413,LP,missionhomelpsmariapuram@gmail.com,4872352590.0
41208,LP,glpskvp123@gmail.com,4762692223.0
29313,LP,hmlpkuninji@gmail.com,4862285555.0
14546,LP,triprangottoorlps@gmail.com,
19236,LP,perumukkuamlp@gmail.com,8129863644.0
14437,LP,lvlpschockli@gmail.com,9995830111.0
14307,LP,school14307@gmail.com,4902520799.0
16726,LP,mnlpschool@gmail.com,8606140326.0
30428,LP,glpscheenthalar@gmail.com,9446214019.0
39220,LP,wlps.chittacode@gmail.com,4742483036.0
14210,LP,kallarathalayilp@gmail.com,9633686122.0
42640,LP,iqbal42640@gmail.com,4722849301.0
39516,LP,lpsmuthupilakkadu@gmail.com,9526640105.0
36401,LP,glpskylm@gmail.com,4792446010.0
47629,LP,kooniyodeglps2014@gmail.com,9745334036.0
20243,LP,amlpspavukkonam@gmail.com,6282309639.0
48427,LP,molpschool@gmail.com,275295.0
36219,LP,36219alappuzha@gmail.com,9745876180.0
24302,LP,kadangode80@gmail.com,4885262680.0
23216,LP,flpspushpagiri@gmail.com,
43424,LP,ptpglps@gmail.com,2750139.0
21571,LP,glpschallammda@gmail.com,4923275305.0
39206,LP,kaithacodeglps@gmail.com,9961647003.0
25823,LP,olmlpskurumbathuruth@gmail.com,9747063795.0
19842,LP,amlpsparappurwestnew@gmail.com,7902931924.0
21839,LP,stgeorgeslpsattappady@gmail.com,8848643201.0
16209,LP,anjampeedikamlps@gmail.com,4962500970.0
20412,LP,rvlps1929@gmail.com,9496717378.0
36347,LP,sapgsumayattukara@gmail.com,9495437084.0
18561,LP,amlpschoolvgd@gmail.com,4832783137.0
22443,LP,mannuthycms@gmail.com,4872374707.0
18728,LP,glpsparakkalmukku@gmail.com,9946643934.0
48543,LP,wandoormalps@gmail.com,4931246050.0
19693,LP,scesvailathur@gmail.com,4942587110.0
23226,LP,bblpsmanjoor56@gmail.com,4802761470.0
38631,LP,38631msclps@gmail.com,4682220301.0
43229,LP,roykindergartenlps@gmail.com,4712351456.0
32434,LP,nssglpsvazhoor@gmail.com,4812454909.0
33347,LP,holyfamilylps1960@gmail.com,2471098.0
37221,LP,mtlpskompankerry@gmail.com,4692610014.0
21233,LP,ipamlpschool@gmail.com,9995083005.0
21406,LP,glpskottayi@gmail.com,7558806877.0
24241,LP,st.thomas24241palayoor@gmail.com,4872552152.0
38512,LP,gmslpsrannyvaikom@gmail.com,9495437385.0
21201,LP,gmlps.alathur@gmail.com,
13718,LP,nirmala.l.p.s.pathanpara@gmail.com,4602253999.0
36322,LP,36322alappuzha@gmail.com,9947837924.0
14610,LP,eruvattylp@gmail.com,4902520827.0
47435,LP,palakkuttyschool@gmail.com,4952210571.0
19235,LP,gjbsvattamkulam@gmail.com,4942680633.0
19464,LP,bharathvidhyanikethantrikkulam@gmail.com,9037638761.0
11402,LP,glpsbavikara@gmail.com,9400466940.0
21836,LP,alpsannanthody@gmail.com,4924236936.0
19839,LP,amlpsparappuriringallur@gmail.com,4942450202.0
41321,LP,lvlpsneendakara2017@gmail.com,9446022757.0
11232,LP,bppalpspermude@gmail.com,9895593334.0
41314,LP,gscvlpsmynagappally@gmail.com,4762847728.0
13348,LP,thalavillpschool001@gmail.com,4972821533.0
19848,LP,thottasseriaraamlpschool7@gmail.com,9207074929.0
21711,LP,glpskampa@gmail.com,9447858946.0
19351,LP,valiyakunnuamlps@gmail.com,9495323961.0
27334,LP,glpschoolpunnekkad@gmail.com,7034874382.0
40461,LP,prnmpublicschool@gmail.com,4752325500.0
22226,LP,stantonyslpsvarandarappilly@gmail.com,4802763860.0
33348,LP,stantonyslpskurumpanadom@gmail.com,9526697684.0
47203,LP,glpschenoth@gmail.com,9961437607.0
44310,LP,glpskunnanadu@gmail.com,9539871421.0
18557,LP,glpsvalarad@gmail.com,9946109130.0
22606,LP,glpskuttur@gmail.com,4872213998.0
15223,LP,vlpsputhussery@gmail.com,4936273181.0
18335,LP,glpsmundumuzhi@gmail.com,4832724599.0
44211,LP,kvlpsmulloor12@gmail.com,9496103472.0
48548,LP,punnappalaschool@gmail.com,9495607192.0
14446,LP,olpskaviyoor@gmail.com,4902332130.0
39506,LP,glpskampalady@gmail.com,8157061861.0
16537,LP,psmlps2017@gmail.com,4962201882.0
13703,LP,ariyilglps@gmail.com,
42322,LP,lpspoovana@gmail.com,4722837848.0
33345,LP,glpgskurichy@gmail.com,4812435900.0
13578,LP,bemlpsmadayi@gmail.com,9048150953.0
44320,LP,glpsparuthippally@gmail.com,4722851256.0
17419,LP,alpschelannur123@gmail.com,4952260022.0
32314,LP,nmlpschoolkanakappalam@gmail.com,9847208282.0
24407,LP,gsrclpschoolmullassery@gmail.com,
20344,LP,estmalps1952@gmail.com,8281185041.0
48312,LP,amlpsmannarmala@gmail.com,9746096681.0
43419,LP,menamkulamlps@gmail.com,4712705326.0
19725,LP,gmlpspachattiri@gmail.com,0.0
28407,LP,govtjbsvazhappilly@gmail.com,4852814148.0
19204,LP,alpsathalur@gmail.com,9846774847.0
24213,LP,punnayurglps@gmail.com,8281669703.0
18707,LP,alpscheerattamanna@gmail.com,9846660928.0
16643,LP,vellurmlp67@gmail.com,8606092476.0
19612,LP,cheruvannuramlpschool@gmail.com,9446906693.0
14847,LP,vellarvallylps14847@gmail.com,4902445440.0
48319,LP,glpspathiricode@gmail.com,4933279944.0
12523,LP,12523alpskunnachery@gmail.com,4672301435.0
11428,LP,teglps@gmail.com,9446321855.0
16308,LP,maruthurglps@gmail.com,4962215632.0
20602,LP,gwlpschundampatta@gmail.com,4662263466.0
47242,LP,alnajathlpschoolkalanthode@gmail.com,9048632725.0
40429,LP,shaliacaryestatelps@gmail.com,9400923137.0
22560,LP,lclpschoolkattungachira@gmail.com,480283161.0
33378,LP,paripalanalpsvkm@gmail.com,9447496208.0
16408,LP,cheekkonnuwestlps@gmail.com,9747684492.0
47614,LP,pillapperuvannaglps@gmail.com,4962662053.0
48413,LP,gmlpspanthalingal@gmail.com,9497873961.0
21522,LP,melpschoolpadagiri@gmail.com,4923246272.0
47642,LP,hmmannankavealps@gmail.com,9400577488.0
16313,LP,arikkulamalps@gmail.com,4962695340.0
43206,LP,gsslpskaramana@gmail.com,4713133474.0
28505,LP,glpsnechoor@gmail.com,4852267032.0
17201,LP,gglpskallai@gmail.com,8089616896.0
41228,LP,alsyedlps@gmail.com,4762643346.0
25429,LP,bjbskalady@gmail.com,4842461011.0
13712,LP,glpsmavichery@gmail.com,4602200458.0
29318,LP,glppurapuzha@gmail.com,4862273779.0
18357,LP,vakkathodindp@gmail.com,4832711061.0
24405,LP,kodamukkulps@gmail.com,4872267280.0
38505,LP,glpskv2020@gmail.com,4735265787.0
16723,LP,mayyannurlpschool1@gmail.com,4962514225.0
48504,LP,glpamapoyil@gmail.com,4931259766.0
40428,LP,arampunnalps@gmail.com,9497620923.0
16238,LP,azhiyurcentrallps@gmail.com,9947653204.0
19426,LP,amlpstrikkulam@gmail.com,4942462194.0
20402,LP,gmlpkkr@gmail.com,4662215711.0
14807,LP,padikkachalglps@gmail.com,
19615,LP,amlpschilavil1915@gmail.com,9847423423.0
19849,LP,amlpskacheripadi2@gmail.com,4942452399.0
42628,LP,plpschellanchy1957@gmail.com,4722841060.0
30512,LP,glpspkndm@gmail.com,9846750050.0
24631,LP,dvlpskondazhi@gmail.com,9446834494.0
44322,LP,glpsthottampara@gmail.com,4712290959.0
11336,LP,gjbspilankatte@gmail.com,4998284284.0
19347,LP,amlpsthozhuvanur@gmail.com,9495293767.0
26434,LP,stthomaslps111@gmail.com,9995148117.0
39429,LP,govtwelfarelpspulamon7@gmail.com,9747181963.0
48582,LP,clariskalikavu@gmail.com,9526725920.0
44518,LP,msclpscheriyakollakudayal@gmail.com,4712241426.0
16323,LP,kongannuralps@gmail.com,
46307,LP,govtlpswest001@gmail.com,9961056880.0
18735,LP,mmlpsputhureast@gmail.com,9847202311.0
16518,LP,meladyalp@gmail.com,4962605038.0
40301,LP,newlpsagasthyacodu@gmail.com,9846687401.0
41601,LP,41601kallada@gmail.com,4742914464.0
20505,LP,glpschathanur@gmail.com,4662259800.0
28217,LP,lflpstkunnu2016@gmail.com,9747385866.0
42417,LP,glpspulimath@gmail.com,4702836036.0
47315,LP,glpskkdmpoyil@gmail.com,9946930656.0
40410,LP,glpskamukumchery@gmail.com,4752325411.0
35313,LP,pallanalps@gmail.com,4772296002.0
18738,LP,amlps.tnpuram@gmail.com,9495996281.0
18566,LP,gmlpsmundengara@gmail.com,4832700250.0
23301,LP,lfclpsirinjalakuda@yahoo.com,4802824368.0
15307,LP,hmglpsedapetty@gmail.com,4936208484.0
38404,LP,glpskeekozhor@gmail.com,4682277533.0
47321,LP,fmlpsthekkumkutty@gmail.com,
16326,LP,alpsperuvattoor@gmail.com,4962622740.0
37304,LP,glpskuttoorpandichery@gmail.com,4692614433.0
14321,LP,mannayadlvlps@gmail.com,9495423444.0
16320,LP,wwwkollamlp16320@gmail.com,9539638288.0
16305,LP,glpskakkanchery@gmail.com,9400546806.0
11404,LP,glpschandragiri51@gmail.com,4994235123.0
39415,LP,meenamsvlps@gmail.com,7025369524.0
26432,LP,stmarystpra@gmail.com,4842776818.0
42621,LP,hmglpsthengumcode@gmail.com,4722821017.0
20338,LP,southamlps@gmail.com,9846286459.0
33434,LP,stmarysvadavathoor@gmail.com,4813252456.0
36422,LP,msmlpgskattanam@gmail.com,
42433,LP,svlpstholikuzhi123@gmail.com,
16242,LP,sruthyprajeesh65328@gmail.com,9495784397.0
44539,LP,bmlpsvla@gmail.com,9497772795.0
34210,LP,34210cherthala@gmail.com,9645964014.0
41512,LP,glpskoonayil@gmail.com,4742519499.0
14421,LP,peringadilps@gmail.com,9207549066.0
24324,LP,mgmlpsmcode@gmail.com,4885280119.0
45214,LP,govtlpsvelloor@gmail.com,4829258120.0
17305,LP,glpsmundakkal17@gmail.com,8089712395.0
15412,LP,glpspalukunnu@gmail.com,4935222437.0
44337,LP,manchadilps@gmail.com,7012660874.0
26420,LP,keceeyelps1928@gmail.com,4842774621.0
11339,LP,11339balemoole@gmail.com,9497611811.0
17228,LP,providence.lp@gmail.com,4952760470.0
47611,LP,sglpskulathuvayal@gmail.com,7907602169.0
25826,LP,lpssebgth@gmail.com,9605320252.0
16521,LP,meppayurlp@gmal.com,4962675485.0
19414,LP,glpstirurangadi@gmail.com,4942460922.0
21872,LP,gtskulukkur2022@gmail.com,9946004638.0
18657,LP,pmuriglps@gmail.com,4933241425.0
32309,LP,mayajomy31@gmail.com,4822227007.0
20609,LP,vallurglps@gmail.com,
48206,LP,amlpselayur@gmail.com,9744813618.0
32417,LP,nssgovtlpskchl@gmail.com,9446362679.0
19209,LP,alpschiyyanoor@gmail.com,9074628886.0
13911,LP,13911glpspadena@gmail.com,4985236400.0
21311,LP,glpskallandichalla2016@gmail.com,4923272511.0
41224,LP,cmslpskannetty@gmail.com,9847244255.0
36331,LP,kollakadavucms@gmail.com,9562131153.0
20231,LP,panamannaamlps@gmail.com,4662242220.0
35320,LP,karuvattasndplps@gmail.com,4792490252.0
47444,LP,amlpspbsy@gmail.com,9495197596.0
38761,LP,prasanthipspta@gmail.com,4682242103.0
43321,LP,vallakkadavulps2016@gmail.com,4712501525.0
15423,LP,glpsudayagiri353@gmail.com,4935256777.0
22605,LP,glpskandassankadavu@gmail.com,4872626030.0
26422,LP,rmmlps@gmail.com,4842701910.0
30209,LP,glpspukkulam@gmail.com,9495763619.0
34309,LP,34309thuravoor@gmail.com,4782592006.0
21847,LP,amlpkottopadamsouth@gmail.com,4924208026.0
20436,LP,bemlpssrr@gmail.com,7034980726.0
21544,LP,alpsachanamgode@gmail.com,7994499653.0
19601,LP,amlpsadrisseri@gmail.com,4942495266.0
38611,LP,glpgspta@gmail.com,9495132265.0
28315,LP,lflp28237@gmail.com,8111999955.0
34215,LP,34215cherthala@gmail.com,4782553562.0
19657,LP,amlpsvallikanhiram@gmail.com,9747400243.0
19832,LP,amlpsmattathurnorth@gmail.com,4832838922.0
18512,LP,eolpsedavanna@gmail.com,9847847045.0
15309,LP,glpsandoor@gmail.com,4936260270.0
19762,LP,valamaruthuramlps@gmail.com,4942568500.0
16803,LP,bemlpsmoorad33@gmail.com,9605485557.0
29424,LP,glpsvellathooval@gmail.com,4864277115.0
23411,LP,glpspullut@gmail.com,4802800603.0
21224,LP,kmlpskarappotta@gmail.com,9447262081.0
25223,LP,maamplps@gmail.com,4842429075.0
19214,LP,glpsmookkuthala@gmail.com,
24214,LP,punnayoorkulamgmlps@gmail.com,8075319258.0
14426,LP,puliyanambramlps14426@gmail.com,9539391360.0
43326,LP,jnlps1967@gmail.com,4712723873.0
36336,LP,msclpsvenmoney@yahoo.in,9446582783.0
12515,LP,12515valvakkad@gmail.com,4672210175.0
18437,LP,malappuramglps@gmail.com,4832737642.0
19213,LP,amlpskaladi@gmail.com,9048363408.0
13726,LP,glpspuliyool@gmail.com,
19312,LP,hmgwlpsirimbiliyam@gmail.com,9447376755.0
47306,LP,47306neeleswaram@gmail.com,4952254356.0
14350,LP,pvelp2012@gmail.com,9446696941.0
21542,LP,stjosephsklgd@gmail.com,4923263633.0
14652,LP,14652school@gmail.com,4902309320.0
18618,LP,glpsmankada@gmail.com,9495029401.0
16849,LP,hmpalayadno1lp@gmail.com,9539425173.0
29228,LP,gnlpskudayathoor@gmail.com,4862252992.0
41443,LP,avlpskannimel1@gmail.com,9447402352.0
23310,LP,alpskaralam@gmail.com,4802887720.0
21239,LP,alps21239@gmail.com,9446874390.0
16621,LP,kacherinorthlp16621@gmail.com,9745150479.0
24544,LP,kmmlpsvadanappalli@gmail.com,4872607500.0
18649,LP,amlpsvkpta@gmail.com,9496001002.0
14231,LP,anandothlp@gmail.com,4902355743.0
44502,LP,44502ayinkamam@gmail.com,9995559344.0
47610,LP,gmlpsnaduvannur@gmail.com,9656244749.0
13814,LP,mvrajeevan11@gmail.com,9447721209.0
30222,LP,lmlpslebbakkada@gmail.com,4868271120.0
48439,LP,poolappadamglp@gmail.com,9446242123.0
26225,LP,moolampillyschool@gmail.com,2430030.0
20541,LP,ajbskmr1904@gmail.com,9995490761.0
13615,LP,school13615@gmail.com,9746032750.0
48325,LP,alpspuliyakode@gmail.com,9946026504.0
42220,LP,lpbsvakkom@gmail.com,4702655338.0
43435,LP,stlpveli@gmail.com,9447344089.0
43430,LP,govtlpsthumpa@gmail.com,9495641844.0
20339,LP,amlpschoolkarimpuzha@gmail.com,4662266516.0
48513,LP,glpskvk@gmail.com,4931280044.0
14536,LP,bhashaposhinilp@gmail.co,9447239687.0
21282,LP,nssemschool@gmail.com,4922232678.0
20234,LP,jbstmgm@gmail.com,4662230324.0
46321,LP,edathuastmaryslp@gmail.com,4772212249.0
37314,LP,cmslpskothaviruthy@gmail.com,7306397912.0
16217,LP,16217hmchombala@gmail.com,9495207107.0
44536,LP,stmaryslpsthekkupara@gmail.com,
41567,LP,messchoolumayanalloor@gmail.com,2950060.0
18201,LP,amlp18201@gmail.com,8086344314.0
38732,LP,glpspadam@gmail.com,4752379325.0
25225,LP,mkmlpsparpm@gmail.com,4842467445.0
21230,LP,pcalpskavassery@gmail.com,9847158026.0
19301,LP,glpsathippetta123@gmail.com,
34323,LP,stjosephlpschool34323@gmail.com,8129427322.0
44311,LP,kuruthamcodelps@gmail.com,9496748596.0
13834,LP,kayaralamlps@gmail.com,277030.0
38720,LP,cmslpsmallassery@gmail.com,9744623532.0
37257,LP,vclpsniranam@gmail.com,4692611620.0
19529,LP,amlpsputhiyiruthy@gmail.com,9847544919.0
48527,LP,glpspookulam@gmail.com,9497114839.0
20324,LP,perumangodealps@gmail.com,9544191383.0
39407,LP,bethelmtlpskulakkada@gmail.com,4742615454.0
41219,LP,glpsvengara@gmail.com,4762862530.0
16548,LP,vennarotlps@gmail.com,9496286040.0
41537,LP,kanicherylps1960@gmail.com,4742729560.0
11249,LP,11249attegoli@gmail.com,4998206677.0
18606,LP,mrlpscherukulamba@gmail.com,4933242022.0
13541,LP,vmlpsarathil@gmail.com,9400612607.0
14750,LP,mettadi14750@gmail.com,9946368801.0
37324,LP,ealpsnellimala@gmail.com,8075952197.0
18310,LP,cholamukkuschool@gmail.com,9605488706.0
16453,LP,palerilps@gmail.com,4962668325.0
19724,LP,amlpskainikkara@gmail.com,9446897892.0
13432,LP,choolyadalpsnew@gmail.com,
24320,LP,bclpshm@gmail.com,4885222388.0
43443,LP,glpsmanalakom@gmail.com,4712427033.0
20449,LP,cprlpsthrikaramanna@gmail.com,9447824751.0
15209,LP,kottatharasalpschool@gmail.com,4936285500.0
17521,LP,mkamlpschool@gmail.com,7736291569.0
14604,LP,glpskuthuparamba04@gmail.com,4902367374.0
23405,LP,glpsbhskodungallur@gmail.com,4802801870.0
26227,LP,straphaelslps@gmail.com,9947574848.0
13806,LP,alpscherupazhassi@gmail.com,9497607242.0
25213,LP,glpshmtcolony@gmail.com,
13533,LP,onaparambalpskottila@gmail.com,4972816123.0
20419,LP,alpskkr@gmail.com,
43445,LP,hmpattathil@gmail.com,4712427676.0
29224,LP,glpselpy@gmail.com,8547800674.0
46305,LP,changankaryglps123@gmail.com,4772210370.0
21713,LP,pknmjbs@gmail.com,9995290679.0
19808,LP,glpsedakkaparamba@gmail.com,4942491114.0
19511,LP,kealpsem@gmail.com,9388113993.0
27233,LP,govtlpss.vazhakulam@gmail.com,0.0
26332,LP,illikkalvpylps@gmail.com,4842248484.0
23305,LP,edathirinjirilps@gmail.com,9847963815.0
40426,LP,glpsvilakudy123@gmail.com,4752322911.0
13525,LP,gwlpsmadakkara@gmail.com,4972867280.0
24527,LP,alpspalliprom@gmail.com,4872391238.0
44442,LP,44442nicholas@gmail.com,
41222,LP,rcelpsazheekal@gmail.com,8086434577.0
41302,LP,glpsayyankoickal@gmail.com,7034143929.0
19803,LP,amlpschalilkundu@gmail.com,9846582172.0
19421,LP,amlpspantharangadi@gmail.com,4942469064.0
18608,LP,alpseranthode@gmail.com,9946714863.0
42420,LP,glpsputhumangalam@gmail.com,4702652050.0
21428,LP,,7306165559.0
30352,LP,stpius366@gmail.com,4865252924.0
42606,LP,lpsdevappura@gmail.com,4722845505.0
19795,LP,memskuttay19795@gmail.com,8089321915.0
30323,LP,alpschundavurrai@gmail.com,9446824482.0
19310,LP,hmglpschottur@gmail.com,4942616251.0
37231,LP,pmvlpschool@gmail.com,4692700059.0
18457,LP,pmsaptmlps@gmail.com,4832740638.0
13424,LP,shalpspayyavoor@gmail.com,4602211532.0
17255,LP,csiemclt@gmail.com,2301733.0
33372,LP,stteresaslpsvazhappallychry@gmail.com,2410792.0
33215,LP,skvglpskaipuzha@gmail.com,
12528,LP,12528alpsthankayam@gmail.com,9497421389.0
48523,LP,glpspallisserikkv2024@gmail.com,4931257006.0
40225,LP,thachonamlps@gmail.com,9400920033.0
22625,LP,sbmlpsschool@gmail.com,8848570433.0
13709,LP,glpskeezhattoor@gmail.com,4602202265.0
17437,LP,stfilominas@gmail.com,9497217528.0
21538,LP,alpsethanurwest@gmail.com,9496304255.0
37518,LP,cmslpskeezhvaipursouth@gmail.com,9497677895.0
34302,LP,34302thuravoor@gmil.com,4782872657.0
38310,LP,msmlpschoolpandalam@yahoo.in,9496881318.0
38223,LP,glpsparakode@gmail.com,4734216177.0
32439,LP,hmgovtlpscheruvally@gmail.com,4828228992.0
27331,LP,kadavoorglps@gmail.com,4852566544.0
21516,LP,gtwlpsthunakadavu@gmail.com,4253277223.0
18529,LP,gmlpsmpta@gmail.com,4832709250.0
13705,LP,pvknsglps@gmail.com,4602200013.0
23408,LP,lflpslokamaleswaram@gmail.com,9995044677.0
19221,LP,amlpskololamba@gmail.com,9037720786.0
37329,LP,poovathoorcmslps2017@gmail.com,9447162211.0
38627,LP,neelipilavulps@gmail.com,4735255658.0
16508,LP,cnmlpschool@gmail.com,2775281.0
42632,LP,snlpskakkanikkara123@gmail.com,9400879939.0
24607,LP,glpsmulloorkara@gmail.com,4884271900.0
25963,LP,stfrancislpskuttipuzha@gmail.com,4842479585.0
13639,LP,school13639@gmail.com,9946487355.0
33260,LP,stgeorgelpsvaliad@gmail.com,9656692551.0
14414,LP,kunnummallps@gmail.com,8547650194.0
44332,LP,RCLPSKEEZHAROOR44332@gmail.com,9446308102.0
13916,LP,glpsedavaramba@gmail.com,4985290502.0
44309,LP,kulathummellps@gmail.com,4712290945.0
44241,LP,stellamarislps@gmail.com,4712263721.0
32228,LP,sglps228@gmail.com,9048194634.0
21620,LP,glpskunnathurmedu@gmail.com,4912502008.0
16809,LP,16809hm@gmail.com,4962536057.0
30521,LP,govtlpsmali@mail.com,7902857047.0
13936,LP,kkrnmlpskarivellur123@gmail.com,4985261572.0
11222,LP,11222gmlpsarikady@gmail.com,4998208193.0
36443,LP,nvmlpsvallikunnam36443@gmail.com,
16637,LP,perumundacherysvlp@gmail.com,9048015405.0
16731,LP,ponmerimlpschool@gmail.com,9846594917.0
18611,LP,pmsalpskadunnamutty@gmail.com,9645139250.0
16533,LP,mlpschoolpallikkuni@gmail.com,9497864442.0
21819,LP,gmlpskumaramputhur@yahoo.in,4924293204.0
39522,LP,gskvlps39522@gmail.com,4762821133.0
37319,LP,lpgskuttoor2020@gmail.com,
46314,LP,choottumalylpgs123@gmail.com,9656154168.0
39532,LP,stmarylps@gmail.com,9656314038.0
19659,LP,amlpsvelliyambrom@gmail.com,4942440071.0
17222,LP,iumlpshm@gmail.com,9946977479.0
18229,LP,cbmsylps@gmail.com,8593080816.0
32201,LP,stjohns1916@gmail.com,9744988330.0
23530,LP,nslpsvaloor@gmail.com,4802730557.0
24626,LP,bmpvkanjirakode@gmail.com,4884234037.0
42435,LP,glpsaroor@gmail.com,4702651010.0
41514,LP,41514klm@gmail.com,
12423,LP,palavayallps@gmail.com,4985214205.0
20427,LP,nationallps1960@gmail.com,9605197671.0
18656,LP,amlpspadinhattummurieast@gmail.com,4933241260.0
11239,LP,11239kaniyala@gmail.com,9497435623.0
14802,LP,edavelyglps8@gmail.com,4902455966.0
36338,LP,marymathews907@gmail.com,8547848517.0
16750,LP,thirumanalpschool@gmail.com,9567114375.0
21626,LP,olavakodes@gmail.com,4912552053.0
25416,LP,lpsparakkadavu@gmail.com,9446720891.0
33328,LP,stsebastianslps28@gmail.com,9446190598.0
36418,LP,gskvlpspathiyoor1@gmail.com,9745393752.0
24230,LP,adlpskoranjiyoor@gmail.com,9656024132.0
24654,LP,stfranciswky@gmail.com,4884235557.0
37638,LP,mtlpsvelliyara2022@gmail.com,9747096221.0
15451,LP,glpkaithakkal@gmail.com,9207279097.0
43409,LP,glpskarichara@gmail.com,4712757088.0
30229,LP,glpskarimpanmanippara@gmail.com,9947640583.0
14353,LP,venduttayilp14353@gmail.com,8547118924.0
41573,LP,shefeekrdsu@gmail.com,4742082213.0
18617,LP,kuzharambakhmalps@gmail.com,9745517446.0
33359,LP,glpspuzhvt@gmail.com,4812423383.0
15207,LP,glpsmadakkimala39@gmail.com,4936284430.0
38236,LP,glpsarukalickal2017@gmail.com,4734241980.0
18528,LP,gmlpsmangalasseri@gmail.com,4832761750.0
14741,LP,shameenavp4@gmail.com,9400469538.0
33235,LP,govtnorthlpschoolkumarakom@gmail.com,4812523347.0
35215,LP,35215lmlps@gmail.com,7907318977.0
14703,LP,glpskodolipuram@gmail.com,9400674077.0
14435,LP,janaranjinilps@gmail.com,9446626172.0
21238,LP,kmmlpsathipotta@gmail.com,8086910250.0
40335,LP,40335gplpsozhukuparackal@gmail.com,4752292846.0
29417,LP,glpsmuthirapuzha2013@gmail.com,4864299464.0
25819,LP,gmlpsvadakkekara@gmail.com,9526764107.0
47226,LP,karanthuramlps@gmail.com,9946617985.0
16737,LP,valliadnmlpschool@gmail.com,8921115895.0
14842,LP,mlps14842@gmail.com,
12311,LP,12311glpsmalappachery@gmail.com,4672960004.0
33406,LP,glpsnattakom@gmail.com,9400518670.0
36355,LP,svemlpspandanad@gmail.com,9605258877.0
19616,LP,gmlpskorad@gmail.com,4942583350.0
18555,LP,thotp365@gmail.com,8848831610.0
16423,LP,mannurglpschool@gmail.com,4962597400.0
21227,LP,rmangalam123@gmail.com,9447392513.0
33233,LP,cnilps7@gmail.com,4812304011.0
27332,LP,glpschoolputhuppady@gmail.com,9744190941.0
11447,LP,gwlpsshiribagilu@gmail.com,4994240600.0
30520,LP,glpspuliyanmala@gmail.com,4868270599.0
18558,LP,amlpsv@gmail.com,7012763181.0
27364,LP,lpsnadukani@gmail.com,8593881675.0
31227,LP,sslpsuzhavoor123@gmail.com,4822241962.0
13527,LP,kannomlp@gmail.com,4972816710.0
36350,LP,stthomaskglpscgnr3@gmail.com,9744053050.0
21612,LP,kadukkamkunnam.glps@gmail.com,
18568,LP,glpspookuth@gmail.com,4832783220.0
28207,LP,mudappannoorstlps@gmail.com,9495715690.0
14619,LP,vgslps@gmail.com,9895673325.0
15222,LP,hmstthomaselps@gmail.com,9446889531.0
13922,LP,karamelalps@gmail.com,4985290349.0
22639,LP,vivekodayamblps@gmail.com,4872333380.0
27219,LP,glpsvaniappilly@gmail.com,4842646175.0
48227,LP,glpsthencheri@gmail.com,4832845688.0
16807,LP,Rejisharavi82@gmail.com,9745743013.0
15224,LP,moonlightmunda@gmail.com,9846205062.0
33523,LP,mdlpspdy@gmail.com,4812501120.0
23934,LP,jyothiems@gmail.com,4802732004.0
20209,LP,eledathmadamba20209@gmail.com,4662380119.0
13155,LP,chirakkuthazhalps@gmail.com,9497603974.0
22635,LP,glps28puthurkkara@gmail.com,9746014283.0
38616,LP,gavilps3@gmail.com,9497624887.0
26507,LP,sahodaranlps@gmail.com,9446897733.0
25238,LP,stmaryslps001@gmail.com,9995375090.0
39437,LP,glpsvadacodu1964@gmail.com,4752325911.0
38619,LP,mtlpsedathara@gmail.com,9656424238.0
38233,LP,glpsvayala1@gmail.com,4734210252.0
13405,LP,glpsparippayi@gmail.com,4602231190.0
24203,LP,gmlpsedr24203@gmail.com,9048756678.0
28411,LP,ststpby@gmail.com,4852563276.0
18680,LP,aiesckmba@gmail.com,7907885747.0
32222,LP,salpspoojar272726@gmail.com,9946226995.0
39342,LP,stantonysemschoolveliyam@gmail.com,9496090795.0
19610,LP,cheriyaamlps@gmail.com,4942587120.0
19645,LP,omachapuzhaamlps@gmail.com,9847586764.0
28310,LP,splpsmutholapuram@gmail.com,4852259406.0
28307,LP,glpsmannathoor@gmail.com,4852876560.0
39327,LP,Sinyroy2011@gmail.com,8078724263.0
28216,LP,vidhu.ninavu@gmail.com,9447523033.0
16504,LP,ayanikkadmlps123@gmail.com,8606836159.0
12202,LP,hmaramanganam@gmail.com,0.0
19626,LP,parapputhadamgmlps@gmail.com,4942588284.0
20438,LP,stthereselps@gmail.com,4662222305.0
46311,LP,lpskelamangalam@gmail.com,9847206751.0
21870,LP,infantjesuspettikkal@gmail.com,9526407960.0
20650,LP,thekkummalaalps@gmail.com,9447216284.0
17422,LP,nationalalpselathur@gmail.com,9847699601.0
36435,LP,muhammadenlps1886@gmail.com,9496274724.0
29368,LP,nationallpsmullaringad@gmail.com,9656285809.0
47426,LP,nediyanadwestglps@gmail.com,4952244600.0
26203,LP,srvlps4321@gmail.com,4842377536.0
40213,LP,karakkadulmlps@gmail.com,4742422855.0
35317,LP,ealps35317@gmail.com,949777847.0
18637,LP,pothukunduglps@gmail.com,4933281620.0
14313,LP,kadirureastlp@gmail.com,4902306530.0
22404,LP,gmlpsgthrissur@gmail.com,9447774398.0
33517,LP,cmslps1904@gmail.com,9074798340.0
14219,LP,westmoozhikkaralps12@gmail.com,9847200641.0
48519,LP,glpsmmptmla@gmail.com,4931260162.0
42403,LP,glpskilimanoor456@gmail.com,4702675199.0
20624,LP,bkmlpskodalur@gmail.com,9048339422.0
14648,LP,pattiamlps8@gmail.com,9497843865.0
37637,LP,stmaryslpsvaipur@gmail.com,9495734334.0
25625,LP,sindumamala@gmail.com,4842786957.0
48221,LP,glpspathanapuramhm@gmail.com,4832851625.0
17432,LP,milpannasseri@gmail.com,7034404452.0
48311,LP,alpskizhattur@gmail.com,9497463629.0
37636,LP,cms.lps2022@gmail.com,
47523,LP,alpsthalayad@gmail.com,4952271200.0
15213,LP,glpsnedumbala@gmail.com,
44348,LP,sndplpsplampazhinji@gmail.com,6282496184.0
38515,LP,ealp38515@gmail.com,8921984465.0
44257,LP,eskayps@gmail.com,2391707.0
17211,LP,glpskottummal@gmail.com,4952322733.0
21537,LP,celpsnelliampathy@gmail.com,4923246325.0
37624,LP,mtlpsnjzhr@gmail.com,47352390978.0
48314,LP,amlpmelattur@gmail.com,9495740492.0
40437,LP,abrahamhmplr@gmail.com,9447413091.0
42231,LP,sreeramavilasmlps@gmail.com,9495057203.0
26318,LP,stantonyslpssaudi2011@gmail.com,9656650171.0
44531,LP,lmslpspanachamood@gmail.com,4712251018.0
24242,LP,amlpschoolpaluvai@gmail.com,2554569.0
48525,LP,glpspayyakodu@gmail.com,4931294364.0
26519,LP,st.josephlpsmunambam@gmail.com,8547507814.0
21315,LP,govtlpsnattukal@gmail.com,9443477359.0
19211,LP,amlpskadakassery9@gmail.com,8547420886.0
19437,LP,alpskchali@gmail.com,9446161322.0
29345,LP,stmaryslpskodikulam@gmail.com,9447511462.0
15446,LP,kandathuvayalglps@gmail.com,9446792480.0
30430,LP,ekmlpspasuppara@gmail.com,9446317441.0
15425,LP,palvelichamglps@gmail.com,4935250039.0
42620,LP,glpsparappil4@gmail.com,2821197.0
38414,LP,mtlpscherukole@gmail.com,9495028769.0
41428,LP,mccrclpstangy@gmail.com,4742798879.0
13316,LP,mmlps1943@gmail.com,4972700734.0
27229,LP,glpskanjirakkad@gmail.com,4842591400.0
13512,LP,cherukunnunorthglps@gmail.com,4972860875.0
47311,LP,karakkuttyschool@gmail.com,4952207818.0
39315,LP,glpsugramkunnu@gmail.com,4742467002.0
44522,LP,hmslps4@gmail.com,9562461209.0
29230,LP,glpsmuthiyamala@gmail.com,9895647314.0
44520,LP,hmlmslpskakkaravila@gmail.com,7356248848.0
48521,LP,gmlpsmundakode@gmail.com,4931284022.0
17537,LP,govindavilasalps@yahoo.in,4952418350.0
18709,LP,amlpscherukara1924@gmail.com,9496291244.0
40249,LP,kavithaemschool@gmail.com,9048404684.0
20225,LP,pilakkattuthody@gmail.com,7907199490.0
15414,LP,hmglpsmakkimala@gmail.com,6282564296.0
30325,LP,alps.devikulam@gmail.com,
39421,LP,gvvlpspanthaplave39421@gmail.com,4752398133.0
13833,LP,karayappealps@gmail.com,4972797855.0
16519,LP,meladimlps@gmail.com,9400471015.0
30309,LP,glpsblram@gmail.com,4868220228.0
36306,LP,mannarglps1@gmail.com,9400886261.0
20406,LP,rasheedaalps@gmail.com,9846406597.0
38303,LP,glps38303@gmail.com,4734253460.0
23236,LP,stgeorgeslpspariyaram@gmail.com,9400997256.0
47317,LP,lflpspushpagiri@gmail.com,4952277960.0
18212,LP,omanooramlps@gmail.com,8921682728.0
25841,LP,bijisnlps@gmail.com,2482625.0
18520,LP,amlpskaruthedath@gmail.com,9946224554.0
30413,LP,mailpsmurikay@gmail.com,9895204556.0
31403,LP,glpgs2011@gmail.com,4822254665.0
41206,LP,govtlpskottampally@gmail.com,4762691020.0
11319,LP,11319alpspaniye@gmail.com,4994262720.0
44254,LP,sfsschoolvzm@gmail.com,4712483447.0
42232,LP,lpskarunilacode@gmail.com,8136881922.0
41329,LP,stsebastian41329@gmail.com,9847183762.0
34304,LP,34304gnslps@gmail.com,4782561054.0
18354,LP,thadathilparambaglpschool@gmail.com,9048505446.0
13183,LP,headmistressalps@gmail.com,9961550785.0
38420,LP,mtlpskozhencherry@gmail.com,9446421474.0
39333,LP,lpsparancodu@gmail.com,9446926714.0
33221,LP,stphilominaslps@gmail.com,8078854089.0
34313,LP,hslpsperumpalam@gmail.com,4782513151.0
13620,LP,school13620@gmail.com,9961725982.0
36201,LP,glpspela36201@gmail.com,9497245842.0
41205,LP,townlpskply@gmail.com,4762626220.0
40431,LP,cnlekha100@gmail.com,7306049122.0
19555,LP,amlpsbm@gmail.com,9846922825.0
41217,LP,41217glpsthodiyoornorth@gmail.com,9446267206.0
11417,LP,glpskudlu26@gmail.com,4994230090.0
33419,LP,Kottayammtlps@gmail.com,9497171916.0
18421,LP,amlpspattuparakulamba@gmail.com,2800003.0
14324,LP,ponniamlp@gmail.com,4902305335.0
36260,LP,36260stjohnsvathikulam@gmail.com,9495352558.0
24323,LP,rssrvmgschool2024@gmail.com,9847734472.0
19341,LP,gmlpsparappuram@gmail.com,9188831751.0
43440,LP,chenkottukonam43440@gmail.com,9495729978.0
22626,LP,srmlpschoolkoorkkenchery@gmail.com,9562972127.0
47519,LP,nationalalps@gmail.com,9074103220.0
29342,LP,hmsmlps7muttom@gmail.com,4862262313.0
18217,LP,glpsparappur12@gmail.com,9446692790.0
33325,LP,glpsmarangad@gmail.com,9495665226.0
47445,LP,pullaluralpsnorth@gmail.com,4952245344.0
42336,LP,govtlpsnedumkaitha@gmail.com,4722820047.0
23557,LP,gmlpsmala@gmail.com,4802892405.0
15230,LP,glpslakkidi@gmail.com,9446254247.0
36231,LP,gskvlps36231@gmail.com,4792386110.0
48308,LP,amlpseppicad@gmail.com,9400478153.0
13438,LP,snvalpschool@gmail.com,4602230754.0
16744,LP,16744.aeotdnr@gmail.com,9495891736.0
19308,LP,cheruparamba.glps@gmail.com,9846206327.0
19807,LP,bpalpschoolcherukunnu@gmail.com,9497807799.0
17414,LP,alpspalath@gmail.com,9745950155.0
22603,LP,glpsanthikkad.@gmail.com,4872620275.0
16655,LP,mudavantherisvlp@gmail.com,9747074868.0
14444,LP,nrklpschool@gmail.com,4902338930.0
19429,LP,gflpskadalundi@gmail.com,4942474888.0
11204,LP,11204mangalpady@gmail.com,4998244025.0
20312,LP,alpscherpulassery@gmail.com,8943019534.0
19334,LP,alpspainkannur@gmail.com,9207439791.0
17438,LP,sethusitaramalps@gmail.com,9846796299.0
26513,LP,stjosephlpskarthedom@gmail.com,9387229755.0
38516,LP,mtlpschoolkadavupuzha@gmail.com,9048405299.0
30353,LP,fmlpschinnakanal@gmail.com,4868249539.0
19718,LP,amlpcheriyaparappur@gmail.com,9895709402.0
14430,LP,thayyullathilmlps@gmail.com,9539637120.0
42211,LP,govtlpgskurakkanni@gmail.com,4702611952.0
36244,LP,36244alappuzha@gmail.com,9605411488.0
44359,LP,stfrancislps@gmail.com,4712280626.0
27222,LP,glpskpdy@gmail.com,4842640760.0
13716,LP,naduvilalps@gmail.com,4602250975.0
21429,LP,alpsmathurwest@gmail.com,4922214545.0
13902,LP,svalps2012@gmail.com,4985290961.0
48436,LP,payampadamglps@gmail.com,4931262040.0
42402,LP,glpskattapparambu@gmail.com,4702677926.0
35406,LP,35406haripad@gmail.com,4792417771.0
19531,LP,thamalasseryamlps@gmail.com,9946158791.0
31547,LP,govt.lpsarunapuram@gmail.com,4822216829.0
43223,LP,rclpskalliyil@gmail.com,9495362764.0
19402,LP,amlpsariyallur@gmail.com,4942472480.0
18430,LP,amlpsvengalur@gmail.com,9447627537.0
16442,LP,hmnittoorlpschool@gmail.com,9745440875.0
11333,LP,gjbsmugu@gmail.com,9947507862.0
41231,LP,avkmmlps@gmail.com,4762666447.0
41636,LP,41636perinadlmslps@gmail.com,8078094077.0
33401,LP,glpschannanikadu@gmail.com,4812436600.0
42530,LP,gveliyannoor@gmail.com,4722882111.0
15340,LP,hmsnalpskalluvayal@gmail.com,9447436976.0
32464,LP,pushparamschool77@gmail.Com,4812937002.0
48450,LP,glpsvpotty@gmail.com,9446818421.0
18533,LP,manjerigmlps@gmail.com,9961019092.0
48420,LP,gmlpsmampadnorth8@gmail.com,4931201600.0
17325,LP,arathilparambaamlps06@gmail.com,9497356392.0
40338,LP,lpsvilakkupara2016@gmail.com,9605156868.0
44430,LP,44430lutheran@gmail.com,9495073938.0
13631,LP,school13631@gmail.com,4972867277.0
36234,LP,cmslpskomalloor@gmail.com,9446908480.0
18304,LP,andiyurkunnuamlps@gmail.com,4832792110.0
34211,LP,34211cherthala@gmail.com,9249100592.0
25432,LP,nsslpsmanikamangalam@gmail.com,4842698648.0
16828,LP,mukkolajbs@gmail.com,9946026441.0
30230,LP,glpskuthirakkallu@gmail.com,4862235910.0
32331,LP,smlps.punchavayal@gmail.com,4828279450.0
18363,LP,alpsvazhayur@gmail.com,4832831990.0
19327,LP,glpskulakkad@gmail.com,9746129200.0
40408,LP,gnlpsedamon@gmail.com,4752335053.0
41620,LP,41620kundara@gmail.com,9744927413.0
16528,LP,nsouthlps@gmail.com,9846617327.0
19852,LP,ealps.thenhipalam@gmail.com,2405835.0
44416,LP,44416glpbsckl@gmail.com,4712236070.0
27330,LP,glpscheruvattoor@gmail.com,9496800789.0
44524,LP,44524lps@gmail.com,9946939264.0
36402,LP,kappileastglps@gmail.com,4792438127.0
21705,LP,mararkulamglps@gmail.com,4912845888.0
17519,LP,karinkallaialps1915@gmail.com,8589052494.0
11214,LP,glpskunjathur@gmail.com,4998278827.0
37310,LP,mtlpschirayirambu@gmail.com,9495513734.0
39319,LP,gwlps123@gmail.com,4742493300.0
43465,LP,glpsalummoodu@gmail.com,4712757470.0
14237,LP,mohanmemoriallps@gmail.com,9496716500.0
36425,LP,pnmlps36425@gmail.com,9495267345.0
18592,LP,gmlpsanakkayam@gmail.com,9495180979.0
24612,LP,glpsthozhuppadam@gmail.com,4884250028.0
31515,LP,stmathewslps2015@gmail.com,4822210532.0
37535,LP,mmemlps@gmail.com,4692680372.0
31414,LP,stsebastianscheruvandoor@gmail.com,4812530226.0
18323,LP,www.gmlpskty@gmail.com,9645122117.0
48326,LP,mpglpsputhenpally@gmail.com,9497659670.0
44331,LP,lmlpskanacode@gmail.com,9846061625.0
15315,LP,hmchannali@gmail.com,4936249700.0
11330,LP,glpskannur3@gmail.com,8547892628.0
36261,LP,36261allapuzha@gmail.com,9847661481.0
14633,LP,ambiladlpschool1@gmail.com,9495028497.0
40434,LP,svklpsottakkal@gmail.com,4752345100.0
44432,LP,msclpspampukala5656@gmail.com,9497005438.0
47452,LP,vidyaposhini123@gmail.com,4952288580.0
22210,LP,alpschemmappilly@gmail.com,4872275016.0
17528,LP,tmmalps@gmail.com,9446732659.0
33256,LP,sndplps1964@gmail.com,9447116875.0
12424,LP,thomapuramlps@gmail.com,4672221700.0
37618,LP,jayaannieshaji@gmail.com,9497815677.0
25202,LP,standard.glp.6@gmail.com,
40209,LP,sssajichithara@gmail.com,9744403666.0
47612,LP,pushpalpsnarinada@gmail.com,4962662029.0
45324,LP,hwlpappanchira@gmail.com,9496161164.0
45345,LP,keezhoorglps@gmail.com,9495264314.0
36257,LP,36257alappuzha@gmail.com,8157042957.0
16409,LP,glpsthinoor@gmail.com,4962445071.0
31408,LP,glpspirayar@gmail.com,4822256699.0
18515,LP,eranhicodegmlps@gmail.com,9746645221.0
19844,LP,amlpsperumpuzha@gmail.com,494248345.0
11206,LP,gflpskumbla@gmail.com,4998213465.0
12327,LP,12327alpspalayi@gmail.com,4672284952.0
22604,LP,glpsayyanthole@gmail.com,4872363234.0
37201,LP,govtlpsalamthuruthy@gmail.com,9605380534.0
13827,LP,hmvesalaalps@gmail.com,4902484544.0
48443,LP,pullodeamlps@gmail.com,9400157753.0
26212,LP,yacobsleeha@gmail.com,4842430921.0
27372,LP,mlpsmyloor@gmail.com,4852284320.0
21873,LP,alpskottoppadameast@gmail.com,4924230314.0
32300,LP,sjmschoolsanthigiri@gmail.gmail.com,9961309995.0
34205,LP,34205cherthala@gmail.com,9037740252.0
42241,LP,varkalalmslps@gmail.com,8921426330.0
33414,LP,stthomaslps12@gmail.com,4812433420.0
16711,LP,16711.aeotdnr@gmail.com,8075880126.0
11237,LP,11237spalpsbayar@gmail.com,9605565852.0
24613,LP,varavoorglps@gmail.com,4884278690.0
15329,LP,hmnambiarkunnu@gmail.com,4936262191.0
39326,LP,skvlps1957@gmail.com,9605627602.0
44308,LP,govtlpskonniyoor@gmail.com,4722896926.0
35335,LP,govtlpsthrikkunnappuzha@gmail.com,4792991077.0
13744,LP,lpsmullool@gmail.com,4602220665.0
32422,LP,cmslpsmundathanam1917@gmail.com,9846499774.0
44342,LP,lmslpsmulayara@gmail.com,4722884399.0
30324,LP,alpschokanad2018@gmail.com,4865215028.0
22228,LP,alpsvelupadam1@gmail.com,4802763838.0
48323,LP,glpspezhumthara84@gmail.com,9495762498.0
25451,LP,stantoyslpsmattoor@yahoo.in,7558990884.0
20504,LP,glpschalissery@gmail.com,4662255265.0
39328,LP,lpskdvr@gmail.com,4742499526.0
48437,LP,glpschoolperumbathur@gmail.com,
21803,LP,gmlpsariyur@gmail.com,4924230277.0
19662,LP,glpsozhur@gmail.com,8547392501.0
21821,LP,glpsmully@gmail.com,9495197432.0
39325,LP,plpskampamkode@gmail.com,4752292225.0
33412,LP,standrewslps2014@gmail.com,9446758032.0
16742,LP,kakkunathmpls@gmail.com,8281674886.0
19510,LP,alpsezhuvathiruthyalps@gmail.com,9947359609.0
37228,LP,mtlpsniranams@gmail.com,4692710645.0
32438,LP,lpgschampakara68@gmail.com,4812488004.0
39526,LP,ghumariyalps@gmail.com,9446051888.0
18343,LP,amlpsozhukur@gmail.com,4832114050.0
17321,LP,paingotupuram@gmail.com,9846037987.0
18703,LP,amlpsamminikkad@gmail.com,9526273676.0
44412,LP,glpskjm@gmail.com,4712260520.0
29341,LP,sslpsezhani12@gmail.com,9656639346.0
16439,LP,mokerilpschool@gmail.com,8606728387.0
19654,LP,amlpsthalakkottur@gmail.com,9946456411.0
12213,LP,12213hmglpsmukkoot@gmail.com,4672310500.0
16850,LP,hmpurankara@gmail.com,9656217103.0
39337,LP,lpgsveliyam2016@gmail.com,4742465007.0
19646,LP,gmlpsvalavannur@gmail.com,4942549080.0
24322,LP,mjdlpkkm@gmail.com,4885226585.0
47634,LP,alpsavit123@gmail.com,4962657283.0
30330,LP,alps.kallar2017@gmail.com,4865231247.0
40315,LP,govtsvlps40315@gmail.com,4752252390.0
38208,LP,kadampanadglvlps@gmail.com,4734281687.0
16535,LP,pampirikunnulps@gmail.com,4962679311.0
14806,LP,glpskunithala@gmail.com,4902443252.0
14722,LP,nlpskolari2020l@gmail.com,9645914464.0
40420,LP,hbmglps@gmail.com,8113955357.0
36410,LP,chathiyaraglps@gmail.com,4792370347.0
21854,LP,alpsmkd@gmail.com,4924224782.0
18408,LP,amlpsakapparamba@gmail.com,9447534572.0
16805,LP,16805clps@gmail.com,4962514247.0
11324,LP,sspalpsudayagiri@gmail.com,9482489057.0
46408,LP,vezapraglps@gmail.com,9446952455.0
16449,LP,govtlpskunnassery@gmail.com,8547782584.0
19632,LP,klariputhur@gmail.com,4832642525.0
15234,LP,glpsachooranam@gmail.com,4936255878.0
42603,LP,glpsbharathannoor@gmail.com,4722868453.0
27246,LP,asramlpspbvr@gmail.com,4842525648.0
40435,LP,mtipspathanapuram@gmail.com,4752350541.0
43236,LP,pangode1234@gmail.com,9495826838.0
19313,LP,gmlpskallarmangalam@gmail.com,
13829,LP,bhagavathivilasamalps@gmail.com,4972792191.0
40211,LP,sreelatha4447@gmail.com,7012656693.0
39510,LP,karimpinpuzhaglps1918@gmail.com,4762856390.0
38406,LP,glpgsprakkanam@gmail.com,9446186524.0
39504,LP,glpsazhak@gmail.com,4762085551.0
44315,LP,mklglpgs@gmail.com,4712282374.0
11334,LP,11334peral@gmail.com,4998215860.0
25434,LP,smlpsmltr@gmail.com,4842468301.0
19387,LP,st.josephschoolkuttippuram@gmail.com,8086163661.0
43201,LP,aramadagovtlps@gmail.com,9074586255.0
44316,LP,mylamglps@gmail.com,9946323579.0
39417,LP,glpsnjarakadu@gmail.com,9495148182.0
16241,LP,16241hmchombala@gmail.com,9496239701.0
48415,LP,glpskavala@gmail.com,4931261070.0
40309,LP,hmglpsedayam@gmail.com,
39335,LP,sclpsvalakom@yahoo.in,4742471525.0
23215,LP,vblpspoolany@gmail.com,4802737100.0
18417,LP,amlpskuttippuramnorth@gmail.com,9847187174.0
18619,LP,maalpsmakkarapparamba@gmail.com,9188190504.0
32326,LP,glps2010plappally@gmail.com,9526436402.0
26401,LP,gjbsamballoor@gmail.com,4842742777.0
25845,LP,navadeepthikarumalloor@gmail.com,4842670827.0
37227,LP,stmaryslpgsniranam@gmail.com,9847798982.0
25224,LP,stjosephlps10@gmail.com,9947168972.0
15308,LP,glpsabvl@gmail.com,4936260640.0
21303,LP,glpsarandappallam@gmail.com,4923282006.0
41639,LP,41639kundara@gmail.com,2525858.0
38501,LP,glpsarayanjilimon@gmail.com,9048831339.0
16629,LP,mudavantherimlps@gamil.com,9946507159.0
21403,LP,gwlpskalappetty@gmail.com,9495056019.0
12333,LP,12333ralpsnileswar@gmail.com,9400865567.0
34314,LP,34314thuravoor@gmail.com,4782512190.0
21721,LP,ajbsmucheeri@gmail.com,4912965521.0
37309,LP,glpsvallamkulam1914@gmail.com,9496324592.0
40226,LP,vayyanamlps8135@gmail.com,4742438135.0
17427,LP,alpsmakkada@gmail.com,4952268089.0
32306,LP,sasthaschoolelamgulam@gmail.com,9447280749.0
19701,LP,alathiyooramlps@gmail.com,9605184671.0
13813,LP,www.epknsalps@gmail.com,9495938195.0
19427,LP,navajeevanalps@gmail.com,9995219238.0
37301,LP,gmlpgskumbanad@gmail.com,9495443773.0
13191,LP,kottamlps@gmail.com,4972827324.0
21871,LP,gtskkav@gmail.com,9495857838.0
23524,LP,skvlpsaravathoor@gmail.com,4802778417.0
14716,LP,karalpshm@gmail.com,9497292238.0
48235,LP,kalamalps@gmail.com,8281894418.0
37523,LP,mlply.stmarys@gmail.com,9495525355.0
18509,LP,amlpscherupallikkal@gmail.com,9037840480.0
13906,LP,gflpskavvayi@gmail.com,4985201630.0
48532,LP,glpschoolsanthinagar@gmail.com,4931236788.0
44347,LP,shibupgeeverghese@gmail.com,4722851398.0
44435,LP,salpsolathanni@gmail.com,4712221026.0
17402,LP,glpschelannur13@gmail.com,4952264114.0
36452,LP,shemkattanam@gmail.com,
45332,LP,hmglpskspuram@gmail.com,9946575975.0
18221,LP,gmlpspktr@gmail.com,4832821331.0
31513,LP,newglpspuliyannoor@gmail.com,4822206139.0
22427,LP,alpseravimanglam7@gmail.com,4872316001.0
17508,LP,gmlpsk19@gmail.com,9846910006.0
42516,LP,panayamuttomlps@gmail.com,9497776152.0
39334,LP,mgmlpspunnacode@gmail.com,2462567.0
20607,LP,glpschoolperumudiyur@gmail.com,4662210467.0
23431,LP,amlpspappinivattameast2@gmail.com,9846901342.0
30331,LP,alpskanniamallay@gmail.com,9446130186.0
18454,LP,miclpschoo@gmail.com,4832776444.0
39250,LP,gmtlps39250@gmail.com,4742453639.0
17223,LP,kommerialps@gmail.com,4952354378.0
26408,LP,lpgsthripunithura@gmail.com,4842781422.0
19736,LP,glpstrikkandiyur@gmail.com,9495094533.0
17304,LP,glpskoodathumpara@gmail.com,4952436992.0
12508,LP,12508moicha@gmail.com,4672260112.0
21822,LP,hmglpspayyanadam@gmail.com,231509.0
38624,LP,nmlpsmylapra2012@gmail.com,9446409250.0
44302,LP,glpschempancode@gmail.com,9447451455.0
42230,LP,snvlps@gmail.com,4702693736.0
19304,LP,gmlps19304@gmail.com,9946901501.0
47227,LP,parambilamlps@gmail.com,9497170921.0
30356,LP,lionsschoolmnr@gmail.com,9447118437.0
44325,LP,triballpsvlavetty@gmail.com,4722850335.0
48520,LP,mampuzhaglps@gmail.com,4931284898.0
21413,LP,glpsmarakkavu@gmail.com,4922210222.0
18612,LP,glps18612@gmail.com,8592893807.0
13189,LP,lpskadachira@gmail.com,9495461675.0
47449,LP,amlpsmadavoornorth@gmail.com,4952213268.0
13830,LP,chelerimalps@gmail.com,9526657687.0
19220,LP,gmlpspallikkara@gmail.com,4942650235.0
41227,LP,hmstgregorios@gmail.com,9846453540.0
45316,LP,stlukeslpspoozhikol@gmail.com,9496713906.0
37425,LP,stjohnsmsclps12c@gmail.com,4682286189.0
13346,LP,hm.munderieastlps@gmail.com,4972790543.0
36323,LP,wlpsmannar@gmail.com,9497177246.0
43320,LP,pettahstanneslps@gmail.com,4712576429.0
13925,LP,mukkothadamalps@gmail.com,4985208720.0
12312,LP,12312glpsnileswar@gmail.com,4672283640.0
32304,LP,selpschirakkadavu@gmail.com,4828231040.0
35305,LP,ghwlpskaruvatta@gmail.com,9656808977.0
18313,LP,amlpskakkove@gmail.com,4832831627.0
44327,LP,lmslpschemboor@gmail.com,2257231.0
48404,LP,chembankolli.stpaulsschool@gmail.com,4931241641.0
14637,LP,hmkongattalps@gmail.com,9400764103.0
18614,LP,nationallpskolathur@gmail.com,4933204310.0
26307,LP,stfrancischurchlps@gmail.com,9526971138.0
34226,LP,34226cherthala@gmail.com,4782572257.0
17327,LP,amlpskuttikkattoor@gmail.com,9633222812.0
29346,LP,btmlps1979@gmail.com,9142081183.0
48208,LP,amlpskallarattikkal@gmail.com,9847850790.0
14727,LP,maruthayilps9605@gmail.com,8547277353.0
16730,LP,ponmeriwlps@gmail.com,9048597788.0
41218,LP,vkulangaralps@gmail.com,9744286941.0
12519,LP,12519edayilakkad@gmail.com,4672211621.0
38408,LP,cmslpsprakkanam2020@gmail.com,9946261390.0
38628,LP,sislppathanamthitta@gmail.com,9446060221.0
23203,LP,kuttichiraglps506@gmail.com,4802742162.0
38510,LP,glpgsranni38510@gmail.com,4735221256.0
40419,LP,govtlpspathanapuram@gmail.com,4752354525.0
38560,LP,gtlpsattathodu@gmail.com,
36428,LP,pkmmlps@yahoo.com,4792377487.0
23505,LP,nlpspoovathussery@gmail.com,4802771734.0
19356,LP,southalpschool@gmail.com,4942609850.0
14326,LP,parallpkavumbhagam@gmail.com,9744584849.0
19423,LP,hmppadamschool@gmail.com,9847310998.0
21217,LP,alpsperinkulam@gmail.com,9061052681.0
19761,LP,amlpsvakkadkadappuram@gmail.com,4942630124.0
32203,LP,aruvithurastmarys@gmail.com,4822272603.0
36238,LP,36238alappuzha@gmail.com,9847399715.0
18341,LP,amlpsneerad@gmail.com,9946977100.0
16211,LP,schoolgjb@gmail.com,9497648806.0
33358,LP,nsslpsperunna1966@gmail.com,6282710702.0
27349,LP,27349elangavamschool@gmail.com,9495841406.0
17315,LP,alpskuttikkattoor@gmail.com,2352920.0
22411,LP,mtlpschool1927@gmail.com,9895907250.0
24528,LP,silpspalliprom@gmail.com,9745823663.0
14513,LP,sree14513@gmail.com,4902314990.0
13328,LP,puravooralp@gmail.com,4972857310.0
20425,LP,mnlps20425@gmail.com,9747494718.0
41325,LP,skvlps41325@gmail.com,8075850039.0
47514,LP,punnsserysouthamlpschool@gmail.com,4952247470.0
37628,LP,nmthadiyoor@gmail.com,4692655303.0
34234,LP,34234cherthala@gmail.com,4782811278.0
23304,LP,lflpsthanissery@gmail.com,9447314167.0
41603,LP,41603kundara@gmail.com,7558800839.0
19613,LP,kanmanamgovtlps@gmail.com,4942548698.0
19744,LP,amlpsmuthurtirur@gmail.com,9947718028.0
19709,LP,amlpsannaratirur1@gmail.com,8943417055.0
44401,LP,44401glpgsp@gmail.com,8304931679.0
21834,LP,amlpsalr@gmail.com,9496958787.0
18737,LP,headmaster.gmlpsthazhekkode@gmail.com,4933250459.0
29365,LP,kaliyarsmlps@gmail.com,4862245258.0
19318,LP,alpskadampuzha@gmail.com,9562003663.0
33518,LP,manarcadglps@gmail.com,4812374448.0
17215,LP,glpsparapil@gmail.com,9947738303.0
11306,LP,11306kakkebettu@gmail.com,9741815523.0
37601,LP,glps37601@gmail.com,4735230707.0
47205,LP,glpschoolpadanilam@gmail.com,9048454372.0
21416,LP,ajbsmanamkulambu@gmail.com,9447620670.0
32576,LP,nirmalalpskty44@gmail.com,9447823493.0
14733,LP,pelpspazhassi@gmail.com,9562988529.0
48421,LP,cklpschool@gmail.com,4931274504.0
42533,LP,lmlpsclmr68@gmail.com,4722878326.0
17415,LP,kottamparambalps@gmail.com,9497830127.0
20404,LP,amlpschalavara@gmail.com,9961752165.0
31548,LP,glpsedappady2015@gmail.com,4822236735.0
39436,LP,gwlpsthekkethery1@gmail.com,9447903371.0
20648,LP,bsalps@gmail.com,9497810358.0
21510,LP,govtlpspothundy@gmail.com,4923242182.0
26509,LP,vdslps@gmail.com,4842417488.0
24650,LP,alpsvadakkethara@gmail.com,9495071105.0
19858,LP,alpsvalakulam@gmail.com,9744699718.0
36405,LP,vettikodgovlps123@gmail.com,9497244779.0
30344,LP,alpssilentvalley@gmail.com,9446337567.0
48438,LP,akmlpspongalloor@gmail.com,4931201680.0
11342,LP,chmkmlps@gmail.com,4998245693.0
40218,LP,skvlpsvettuvazhy@gmail.com,9446179644.0
47522,LP,salih.chaliyath@gmail.com,9048235876.0
18202,LP,pmsaptmalpschirapalam@gmail.com,9846765323.0
15439,LP,glpskellur@gmail.com,9447349102.0
20316,LP,alpskulakkattukurussi@gmail.com,4662268018.0
16712,LP,lpsedathumkara@gmail.com,2241151.0
19406,LP,amlpschullippara@gmail.com,9846731123.0
42623,LP,gtlpsthalathoothakavu@gmail.com,9605282724.0
35322,LP,varghese.t1975@gmail.com,9847932982.0
21808,LP,glpsedathanattukara@gmail.com,9400677079.0
13745,LP,muthukudalp@gmail.com,8547091195.0
18567,LP,gmlpspandikkad@gmail.com,4832780150.0
39209,LP,kmaranad@gmail.com,
30433,LP,glpsgranby@gmail.com,9400178948.0
14215,LP,devivilasamlpscherakkara@gmail.com,9747296547.0
21835,LP,alanallurkrishnaalps@gmail.com,9497660131.0
26237,LP,stantonyseps@gmail.com,8281644247.0
47604,LP,kallodealps@gmail.com,9400911824.0
42334,LP,jmlpsparameswaram1966@gmail.com,4722870244.0
13707,LP,glpskarimbam@gmail.com,4602202312.0
32423,LP,stteresaslpndkm@gmail.com,4812415065.0
33435,LP,lpsvellukutta@gmail.com,9496801089.0
32379,LP,ywcaengmedschool@gmail.com,9446858535.0
13341,LP,iriverieast2023@gmail.com,9497143010.0
45320,LP,cmslpschoolvilayamcode@gmail.com,4829264825.0
43318,LP,kindergartenlps635@gmail.com,9995829069.0
41401,LP,govtlpsanchalummoodu@gmail.com,4741915488.0
37245,LP,ealpskocharimukkam@gmail.com,8075095218.0
17509,LP,mailtogmlpsk@gmail.com,4952484670.0
14708,LP,ayitharanorthlps@gmail.com,9846014002.0
41408,LP,glpgsperinad@gmail.com,9400853063.0
39313,LP,thrippilazikomglps@gmail.com,4742523999.0
29223,LP,glpsedadu@gmail.com,4862288070.0
30203,LP,clps213017@gmail.com,4868226065.0
29358,LP,sjlpsthommankuthu1964@gmail.com,6238154061.0
28410,LP,lflpsmuvattupuzha@gmail.com,4852837435.0
19847,LP,amlpsthoobathparamba@gmail.com,9496363902.0
14734,LP,srvlpsperavoor@gmail.com,9495712106.0
27242,LP,marthomalpskrariely@gmail.com,4842648963.0
48511,LP,amlpsedappulam@gmail.com,4931249619.0
38416,LP,eemtlps@gmail.com,9207403459.0
13729,LP,sacredheartlps2014@gmail.com,4602286928.0
48222,LP,glpspavanna@gmail.com,9544759072.0
14509,LP,kannamvallilps@gmail.com,9645927337.0
47511,LP,kakkuralpschool@gmail.com,4952264440.0
38614,LP,valiyakulamglps38614@gmail.com,4735206010.0
20210,LP,kothakurssiamlps@gmail.com,4662243377.0
15443,LP,glpsmangal@gmail.com,4935208149.0
48617,LP,micenglishschooledk@gmail.com,4931276628.0
42228,LP,hmgmlpschilakkoor@gmail.com,9074608651.0
41521,LP,dvlps41521klm@gmail.com,4742516211.0
20518,LP,vkkadavugmlps@gmail.com,9745285561.0
13198,LP,mambamappilalps@gmail.com,4972851501.0
19833,LP,glpsolakara@gmail.com,9497843083.0
18231,LP,amlpskaraparamba@gmail.com,9645273500.0
21838,LP,hmarappara@gmail.com,9446582013.0
44516,LP,hmstgeorgelpsamboori@gmail.com,4712245091.0
47622,LP,nochadreena@gmail.com,9846096953.0
18653,LP,vellilaglps@gmail.com,4933236120.0
33349,LP,sjlpslaikadu@gmail.com,9495268884.0
47244,LP,savnkunnamangalam@gmail.com,9447724727.0
36223,LP,gwlpsthamarakulam@gmail.com,9497633827.0
18530,LP,bemlpschoolmanjeri@gmail.com,4832763450.0
39575,LP,kpmemlps@gmail.com,4742467300.0
34225,LP,34225cherthala@gmail.com,9400510709.0
25417,LP,glpspoickattussery@gmail.com,4842477787.0
20202,LP,ambalaparaalps@gmail.com,4662240407.0
25816,LP,psmglpspvk@gmail.com,4842485922.0
29307,LP,glpschittoor@gmail.com,4862200544.0
19755,LP,amlpsthekkankuttoor@gmail.com,9846831961.0
20418,LP,amlpskulappida@gmail.com,9048790455.0
24207,LP,kakkasseryglps@gmail.com,
28506,LP,glpseast@gmail.com,4852870808.0
20309,LP,adlpscpy@gmail.com,9947820760.0
19837,LP,vibinamlpsparappureast@gmail.com,9048716793.0
19432,LP,gmlpsangadi@gmail.com,4942940328.0
15212,LP,glpsmeppadi@gmail.com,4936282295.0
14308,LP,school14308@gmail.com,4902384720.0
36242,LP,36242alappuzha@gmail.com,7560810370.0
18447,LP,chappanangadi3@gmail.com,4832705466.0
17443,LP,glpsera@gmail.com,4952460101.0
27224,LP,glpsokkal@gmail.com,4842925373.0
11301,LP,agalpadylp@gmail.com,9645240650.0
39517,LP,hmlvlps@gmail.com,4762833466.0
32208,LP,cmslpschovoor67@gmail.com,9495437838.0
39427,LP,glpspoovattoorwest@gmail.com,9656991774.0
37507,LP,glpsputhusserry@gmail.com,9447085981.0
19828,LP,gmlpskarathode@gmail.com,4832836171.0
14632,LP,ed.aslps@gmail.com,9048948995.0
36329,LP,stmary.klry@gmail.com,9495087046.0
19813,LP,iringalluramlps@gmail.com,9947346818.0
32227,LP,stmaryslps32227@gmail.com,4822286900.0
47212,LP,chooluralpshm@gmail.com,9387379811.0
13352,LP,hmvelloorillamlp@gmail.com,9961113160.0
17307,LP,hmpayyadimeethal@gmail.com,9633678383.0
16524,LP,glpsmukappur@gmail.com,9400661067.0
14747,LP,kovoorclps@gmail.com,4902487125.0
15310,LP,glpscheengavallam@gmail.com,0.0
36449,LP,arattukulangaralps1908@gmail.com,4792437555.0
48535,LP,mail.amlps@gmail.com,4832720330.0
30422,LP,stjosephlpsperuvanam@gmail.com,4869281187.0
40201,LP,hmglpschithara@gmail.com,4742427500.0
17441,LP,sreevidyamandiramalps@gmail.com,9846258541.0
47632,LP,glpsvakayad2017@gmail.com,4962652778.0
19758,LP,tiruramlps@gmail.com,9447408177.0
42434,LP,lmlpsmelporunthamon@gmail.com,4702670038.0
20417,LP,pvjbkulapulli@gmail.com,9446789128.0
38639,LP,glpsvadasserikkara@gmail.com,9544000195.0
47322,LP,clubit.school@gmail.com,9946228253.0
33364,LP,thottackadmtlps@gmail.com,9497095219.0
36408,LP,glpsputhiyavila@gmail.com,4792430209.0
17446,LP,kadavuamlps@gmail.com,4952730251.0
21434,LP,mslpskadumthuruthy@gmail.com,9446328264.0
44444,LP,44444stthresias@gmail.com,4712225026.0
40227,LP,,4742424355.0
40337,LP,bethanylpskpz@gmail.com,4752317600.0
19306,LP,glpschellur@gmail.com,
21401,LP,glpsperuvemba@gmail.com,7994386015.0
32324,LP,gwlpspanackavayal@gmail.com,4828255360.0
42327,LP,scvlpschool@gmail.com,4702640036.0
36448,LP,skvlpseruva@gmail.com,4792444646.0
19817,LP,amlpskaippatta@gmail.com,9446686444.0
38428,LP,mtlpsvaliyavettom@gmail.com,4682228788.0
19704,LP,glpsbpangadi@gmail.com,
15317,LP,hmsalpsgnagar@gmail.com,4936248366.0
24444,LP,clpemschentrappinni@gmail.com,4802878630.0
21507,LP,glps21507@gmail.com,8848505605.0
44323,LP,govtlpsthuruthummoola@gmail.com,
27228,LP,glpspulluvazhy1@gmail.com,4842594960.0
17212,LP,glpspalikandy17@gmail.com,9400578926.0
39345,LP,malayillps@gmail.com,4742461080.0
41623,LP,41623kundara@gmail.com,4742580400.0
30436,LP,elpsaranakal@gmail.com,4869252224.0
32308,LP,elamgulamstmaryslps@gmail.com,269396.0
24305,LP,kuttancherylps@gmail.com,9947529517.0
19350,LP,gmlpsvalanchery@gmail.com,4942643250.0
16848,LP,knlps16848@gmail.com,4962536586.0
19827,LP,sulpskuttoor@gmail.com,9656661779.0
21810,LP,gmlpkkd1924@gmail.com,4924246033.0
18625,LP,amlpswest@gmail.com,9995077015.0
44214,LP,nellivilaglps@gmail.com,9495518455.0
30227,LP,smlpsmariyapuram@gmail.com,9744044081.0
15448,LP,alps243324@gmail.com,4935243324.0
36210,LP,lpsvazhuvady@gmail.com,8157878790.0
41522,LP,lmslpschathannoor@gmil.com,4742596361.0
46407,LP,lpbsveliyanadu46407@gmail.com,4772753155.0
42542,LP,lmalpsnedumengad@gmail.com,4722812800.0
23341,LP,vidyodayaemlps@gmail.com,9497038225.0
37517,LP,mtlpsk@gmail.com,9388189598.0
22418,LP,stjosealpschool@gmail.com,2352308.0
16249,LP,kunnummakkaralps@gmail.com,4962546105.0
19201,LP,headmasteralankode@gmail.com,9946701554.0
20322,LP,alpseast@gmail.com,9847503757.0
42214,LP,gmlpsodayam@gmail.com,4702664009.0
19321,LP,kattilangadyglps@gmail.com,4942571998.0
13205,LP,muringerinorthlp@gmail.com,9746934198.0
14537,LP,poyiloorcentrallps@gmail.com,4902375584.0
35210,LP,35210gvvsdlps@gmail.com,4772231854.0
16826,LP,16826mooradmlp@gmail.com,9961196571.0
11313,LP,hmsgalpsmulleria@gmail.com,8086733209.0
16228,LP,svlpschool22@gmail.com,9539958458.0
26429,LP,hflpssparur@gmail.com,4842792712.0
29354,LP,sjlpspannimattom01@gmail.com,4862276282.0
31417,LP,salpskoodalloor@gmail.com,9496134329.0
44512,LP,glpgsparassala@gmail.com,8590556766.0
14636,LP,kinavakkallps@gmail.com,9446675569.0
33360,LP,shemlpspaipad@gmail.com,4812962442.0
18629,LP,amlpspang@gmail.com,9846016407.0
20218,LP,alpsmelur@gmail.com,9947062095.0
19824,LP,gmlpsokmuri@gmail.com,9495531052.0
42541,LP,lpskulappada@gmail.com,9497689073.0
41207,LP,41207kspuram@gmail.com,4762863123.0
23520,LP,glpsmeladur2012@gmail.com,4802770702.0
41618,LP,41618kundara@gmail.com,4742520869.0
16831,LP,16831hm@gmail.com,9447446200.0
41203,LP,41203kollam@gmail.com,4762826424.0
39321,LP,maamlpsakkal66@gmail.com,2466066.0
45312,LP,mplylps@gmail.com,4822252646.0
48447,LP,glpsvarikkal1999@gmail.com,4931270850.0
12414,LP,12414glpspuncha@gmail.com,4672248674.0
31308,LP,salpschengalam@gmail.com,4812704376.0
36312,LP,36312alappuzha@gmail.com,9446353890.0
36343,LP,lpspiralassery1889@gmail.com,4792467057.0
11318,LP,11318ssalpspaneyala@gmail.com,8281318358.0
14232,LP,ganapathivilasam@gmail.com,4902332270.0
19730,LP,glpsthekkankuttoor@gmail.com,9446659401.0
25907,LP,stlouislps1997@gmail.com,9037938960.0
18604,LP,hmcherakkaparambaeast@gmail.com,4933258200.0
38411,LP,nsslpskattoor007@yahoo.com,9446856858.0
20467,LP,vemsmk@gmail.com,9526918011.0
46308,LP,46308thalavady@gmail.com,9497442462.0
48487,LP,nirmalaemd@gmail.com,4931255623.0
26412,LP,gjbskanayannur@gmail.com,4842712771.0
22614,LP,tharakanslps1922@gmail.com,4872384390.0
38641,LP,kslps38640@gmail.com,9605534770.0
26545,LP,glpscherai@gmail.com,9249229472.0
19515,LP,amlpskarakkad@gmail.com,9995613568.0
14504,LP,glppanoor@gmail.com,9400640425.0
35427,LP,35427haripad@gmail.com,9446155842.0
34202,LP,34202alappuzha@gmail.com,9497275979.0
16418,LP,hmmlps@gmail.com,9846364405.0
43428,LP,govtlpsthiruvelloor@gmail.com,4712410384.0
39419,LP,glpspandithitta@gmail.com,9605939765.0
37414,LP,ealpschoolschool@gmail.com,9447517211.0
30545,LP,mbvhss@gmail.com,4868245283.0
29362,LP,jessykgeorge2014@gmail.com,4862248040.0
13159,LP,kizhunnacentrallps@gmail.com,9895138066.0
20350,LP,bvalpschool@gmail.com,7034664558.0
40413,LP,glpskariara1@gmail.com,9539911228.0
24227,LP,alpskaveed24227@gmail.com,0.0
15453,LP,hmsnmlpsvarayal@gmail.com,9446647977.0
48204,LP,amlpschoolchengara@gmail.com,9961487692.0
21341,LP,ramasseryalps@gmail.com,9288657157.0
42638,LP,tkmlps67@gmail.com,7907072263.0
22475,LP,mercyclpspeechi@gmail.com,9562162303.0
36440,LP,smlpscharummood@gmail.com,4792384765.0
26235,LP,stantonyslpsvaduthala@gmail.com,9495838879.0
14208,LP,mubarakhlps1937@gmail.com,4902321223.0
41507,LP,kaithakuzhiklm@gmail.com,9497757793.0
44415,LP,44415lpgsckl@gmail.com,4712236260.0
44307,LP,gpsmlpsktda@gmail.com,4712290886.0
36335,LP,36335alappuzha@gmail.com,9947256587.0
48417,LP,alpskonnamanna1966@gmail.com,4931230210.0
27230,LP,glpspuzhucad@gmail.com,4842643100.0
39531,LP,glpssooranadnaduvilanayadi@gmail.com,4762854111.0
16268,LP,rightchoiceschool@gmail.com,2981660.0
11212,LP,glpskidoor1@gmail.com,4998245344.0
44203,LP,chundavilakamlps@gmail.com,9496100350.0
17267,LP,providencejsnadakkavu@gmail.com,4952768052.0
23538,LP,stthomaslps2015@gmail.com,4802897016.0
19814,LP,glpskilinakode@gmail.com,4942450042.0
39445,LP,glpspidavoor@gmail.com,4752328425.0
36318,LP,jbschoolvenmoney@gmail.com,4792350004.0
42537,LP,vrlpsettamkallu@gmail.com,4722812424.0
14811,LP,stgeorgeslpsambayathode@gmail.com,8606383601.0
12527,LP,alpspollapoyil@gmail.com,9496138977.0
44411,LP,glpsarumannoorthura44411@gmail.com,6282173741.0
14639,LP,kunninumeethallpschool@gmail.com,4902361180.0
38618,LP,ealpschool@gmail.com,9447404440.0
46401,LP,grvlpseara@gmail.com,4772710106.0
20533,LP,ajbsnayyoor@gmail.com,8086400699.0
24226,LP,amlpskarukamad@gmail.com,4872530648.0
40210,LP,chakkamalalps@gmail.com,8848329211.0
21943,LP,demsnp@gmail.com,4924224244.0
40318,LP,glpspazhayeroor@gmail.com,4752202136.0
18635,LP,ssmalps@gmail.com,9495291630.0
23332,LP,amlpsaripalam@gmail.com,9747805858.0
19745,LP,amlpspanampalam@gmail.com,9497671982.0
13544,LP,kknorthlps@gmail.com,4972861115.0
39205,LP,gclpsirumpanangad@gmail.com,9846457909.0
41323,LP,mulackellps@gmail.com,4762873633.0
18228,LP,glpsvilayil@gmail.com,9447842086.0
13421,LP,narayanavilasamalps@gmail.com,9895295718.0
14711,LP,kaiderywestlpschool@gmail.com,9497167549.0
25234,LP,sjlpstkm@gmail.com,9946086014.0
40416,LP,glpskunnicode@gmail.com,9496535988.0
21874,LP,amlpstvkunnu@gmail.com,4924263118.0
24519,LP,snvlpsedywest@gmail.com,7025521322.0
19617,LP,amlpschungathapalaml@gmail.com,
33415,LP,kanjikuzhylps@gmail.com,9605142215.0
19355,LP,svalpsedayur@gmail.com,9400313131.0
40222,LP,tislpspoovathoor@gmail.com,8547857589.0
38623,LP,msc38623@gmail.com,9400242034.0
36417,LP,36417alappuzha@gmail.com,4792476057.0
16741,LP,glpsvellukkara@gmail.com,9497216660.0
31416,LP,stjosephskongandoor@gmail.com,4812544939.0
14425,LP,nidheeshmadathil1@gmail.com,4902375154.0
44338,LP,mandikalamlmlps@gmail.com,9446206585.0
20337,LP,amlpsncedu@gmail.com,9048423341.0
18360,LP,vazhayoorgmlp@gmail.com,7907924403.0
37412,LP,mtlpedayarnmula@gmail.com,9947753448.0
13812,LP,kodalluralps@gmail.com,9744194923.0
12514,LP,12514glpsudumbunthala@gmail.com,4672271265.0
47520,LP,pcalps@gmail.com,9496286556.0
20340,LP,amlpskulikkiliyad@gmail.com,
16432,LP,cherapuramnewlp@gmail.com,4962580181.0
14837,LP,glpsperumpunna@gmail.com,0.0
30401,LP,fairfieldglps@gmail.com,9495233735.0
48316,LP,headmasteramlps@gmail.com,9495095175.0
19507,LP,gmlpsponnanitwon@gmail.com,9446541189.0
32230,LP,valakomcmslpschool@gmail.com,9496721699.0
39221,LP,gwlpskkbm1957@gmail.com,4742408016.0
40317,LP,gwlps40317@gmail.com,4752270252.0
12408,LP,glpskply@gmail.com,4672255583.0
13732,LP,yatheemlps@gmail.com,4602201188.0
39405,LP,lpgskottathala1@gmail.com,4742663104.0
44425,LP,44425lmslpskl@gmail.com,8903534520.0
21632,LP,hmhjbs18@gmail.com,9544922909.0
11248,LP,11248perodi@gmail.com,4998240576.0
14222,LP,palayadwestjbs123@gmail.com,9400747894.0
38529,LP,cmslpschoolranni@gmail.com,9496604401.0
35311,LP,mangalamglps@gmail.com,4792480861.0
18435,LP,glpschoolkodur@gmail.com,4832800828.0
30455,LP,lpschoolcms@yahoo.co.in,9562324601.0
13309,LP,elayavoorcentrallp@gmail.com,9447736166.0
32337,LP,sdlpsurulikunnam@gmail.com,4822227105.0
48542,LP,vellampuramalps@gmail.com,
40438,LP,glpsurukunnu@gmail.com,4752335121.0
41616,LP,41616kundara@gmail.com,8547153543.0
31316,LP,stjosephslpsvakamala@gmail.com,9846985388.0
47439,LP,gmlpsthalapperumanna@gmail.com,4952214344.0
38431,LP,mtlpschoolkadammanitta1@gmail.com,9447404798.0
43116,LP,govt.ttimanacaud@gmail.com,4712473407.0
35224,LP,35224snvlps@gmail.com,8891535851.0
44503,LP,glpsdalumugham@gmail.com,2255034.0
18345,LP,alpspallikkal123@gmail.com,9633301558.0
19388,LP,pallykoodam@gmail.com,7025322339.0
22405,LP,www.glpscherukunnu1@gmail.com,9447965612.0
24247,LP,thiruvenkidom@gmail.com,4872555448.0
48339,LP,glpsedappatta@gmail.com,9495659330.0
16422,LP,glpsmoilothara@gmail.com,9946123176.0
39514,LP,vrmlpspallisserickal@gmail.com,4762836793.0
24238,LP,amlpsorumanayoornorth@gmail.com,9400765088.0
35323,LP,komanalpsambalappuzha@gmail.com,9633996575.0
41445,LP,njarackallps@gmail.com,9496329376.0
21206,LP,glpsmanjapra@gmail.com,4922254905.0
17224,LP,mcclpskozhikode@gmail.com,9446890798.0
26520,LP,stmarysmurikkumpadam@gmail.com,9847202424.0
16427,LP,govtlpsarambol@gmail.com,2770810.0
47423,LP,pannikkotturglps@gmail.com,4952200032.0
36453,LP,stmaryslpskylm@gmail.com,8891668219.0
17516,LP,kacheriparambamlps@gmail.com,9447542881.0
41447,LP,thrikkadavoorlps@gmail.com,4742704254.0
16243,LP,16243hmchombala@gmail.com,4962690356.0
13187,LP,chalawestlps@gmail.com,9400705646.0
19305,LP,cheloorschool@gmail.com,9048082208.0
45333,LP,krnglps@gmail.com,4822250007.0
35336,LP,kanjippadamlps@gmail.com,2283800.0
11207,LP,11207mangalpady@gmail.com,4998244588.0
13332,LP,glpsthayatheru19@gmail.com,9496663811.0
18207,LP,mklmlp42@gmail.com,9846380840.0
39210,LP,glpskokkadu.dge@gmail.com,9947631512.0
12317,LP,12317glpsperole@gmail.com,4672283650.0
25626,LP,lpspinarmunda@gmail.com,9645135350.0
42320,LP,lpsparavoorkonam@gmail.com,9947138284.0
18560,LP,amlpsvgdn54@gmail.com,9446184580.0
33429,LP,cmslpsp@gmail.com,4812435684.0
36356,LP,ksndplps@gmail.com,7306198698.0
18552,LP,amlpspullencheri@gmail.com,9447258730.0
16734,LP,16734.aeotdnr@gmail.com,9400818283.0
30548,LP,christrajlpschool@gmail.com,8921572320.0
18206,LP,glpskuzhimanna2south@gmail.com,4832754044.0
21611,LP,glpeasty@gmail.com,8129252560.0
27223,LP,glpsakanad727223@gmail.com,4842647070.0
26304,LP,bristto16@gmail.com,4842666348.0
32343,LP,panacheppallylps@gmail.com,4828205865.0
26435,LP,stjmspoonithura@gmail.com,4842305686.0
25226,LP,stmaryslpskanjoor@gmail.com,4842698567.0
19245,LP,hmsvjbskuttippala@gmail.com,9497808507.0
26319,LP,stmaryslpsedakochi@gmail.com,9995356184.0
39435,LP,glpsthekkethery456@gmail.com,9605917601.0
30216,LP,splpschempakappara@gmail.com,7012226850.0
11332,LP,11332kumbdajegjbs@gmail.com,4998260752.0
16701,LP,16701.aeotdnr@gmail.com,4962230995.0
21802,LP,glpsallampadam@gmail.com,9496294502.0
18301,LP,gmlpsakode@gmail.com,9744505650.0
44406,LP,44406townlpsnta@gmail.com,4712220200.0
18504,LP,amlpsarukizhaya@gmail.com,4832760250.0
19520,LP,hmamlpspalappetty@gmail.com,9497654163.0
18734,LP,amlpsponniakurssisouth@gmail.com,8547586834.0
31317,LP,holyfamilylpsmanalumkal@gmail.com,8547138964.0
38242,LP,ealpsmannadikala@gmail.com,4734210238.0
31518,LP,salpschool@gmail.com,4822276606.0
14431,LP,thiruvangalamlps@gmail.com,9539695992.0
45319,LP,olflps@gmail.com,4829264001.0
29409,LP,stantonylps@gmail.com,4865265811.0
48303,LP,amlpskanniyala@gmail.com,9496269232.0
23336,LP,shlpcssouthkaduppassery@gmail.com,4802788582.0
14544,LP,noufelvm9@gmail.com,4902391895.0
20629,LP,amlpsmaruthur123@gmail.com,8086510003.0
13602,LP,school13602@gmail.com,9400757349.0
11323,LP,11323saya@gmail.com,9539460900.0
42412,LP,gmlpsnavaikulam@gmail.com,2692726.0
33423,LP,manganamlpschool@gmail.com,8547312959.0
27220,LP,glpkodanad@gmail.com,4842642755.0
41437,LP,snelpsklm@gmail.com,9495117451.0
25452,LP,sjlpsnlm@gmail.com,9495635004.0
23238,LP,holyangelclpschool@gmail.com,4802769015.0
26510,LP,salpsekds@gmail.com,9846695207.0
25206,LP,glpsucc133@gmail.com,4842605530.0
19660,LP,glpschoolkpuram@gmail.com,4942445040.0
14630,LP,trikkannapuramlpschool@gmail.com,9447412225.0
37519,LP,cmslps37519@gmail.com,9847048184.0
42425,LP,pvlps2013@gmail.com,9447461002.0
28311,LP,stlpsmutolapuram@gmail.com,8848795709.0
19218,LP,nariparambaglps@gmail.com,0.0
19329,LP,glpskuttippuram@gmail.com,9446546806.0
45347,LP,govtlpschoolpavackal@gmail.com,4822230017.0
24501,LP,hmgflpskpm@gmail.com,4802844725.0
37537,LP,cms.emlps@gmail.com,4692682897.0
12420,LP,palps12420@gmail.com,4985240828.0
20232,LP,hmdesabandhulps@redifmail.com,9539510037.0
13151,LP,adooreastlpschool@gmail.com,9400527461.0
13207,LP,muzhappilangadlps@gmail.com,7012224308.0
42212,LP,lpsmuthana@gmail.com,4702694626.0
46317,LP,anmtlps123@gmail.com,4772219991.0
16428,LP,northmlps@gmail.com,9605864696.0
21805,LP,gtwlps123@gmail.com,9961946082.0
20203,LP,alpsaravakkad@gmail.com,9446638277.0
35321,LP,stjosephkvta@gmail.com,4792490268.0
47406,LP,alpspallippuram@gmail.com,4952224823.0
13717,LP,hflpsnellippara@gmail.com,460225060.0
16727,LP,muyipralps@gmail.com,9497651130.0
47644,LP,mooladmapila@gmail.com,9946054351.0
37203,LP,gnlpschathankery@gmail.com,0.0
41504,LP,41504klm@gmail.com,2590630.0
17532,LP,chaliyamfisheries@gmail.com,4952473320.0
16604,LP,glpspalur@gmail.com,4962991982.0
48225,LP,glpst692@gmail.com,4832844692.0
13419,LP,malps.skpm@gmail.com,8606487597.0
33246,LP,stmarcellinaslps@gmail.com,2310987.0
42528,LP,lpschittazha@gmail.com,4722587844.0
39518,LP,govtlpsnediyavila@gmail.com,4762856265.0
26428,LP,svlpschool1956@gmail.com,9446044777.0
20521,LP,glpsmelazhiyam@gmail.com,960591214.0
30411,LP,sslpsvadakkemala@gmail.com,9895069099.0
43202,LP,lpschalatvm@gmail.com,9633621142.0
33520,LP,glpsmeenadomnew@gmail.com,4812555293.0
44402,LP,44402poovar@gmail.com,9497163896.0
28209,LP,salpskadalikad@gmail.com,9446640913.0
20241,LP,gjbspalappuram@gmail.com,9400229475.0
13746,LP,bemlpthaliparamba@gmail.com,
12521,LP,12521kariyil@gmail.com,4672260205.0
18725,LP,glpspallikkunnu@gmail.com,4933233700.0
29217,LP,glpsmorkad48@gmail.com,9497047327.0
16605,LP,gmlpstuneri@gmail.com,8156905526.0
20617,LP,alpsttply@gmail.com,9495787410.0
40415,LP,glpskazhuthurutty@gmail.com,8921230549.0
19748,LP,amlpspoilissery1940@gmail.com,4942429810.0
15346,LP,glpskaippencheri@gmail.com,4936221810.0
20342,LP,hmbbalpsalangad@gmail.com,4662014127.0
18628,LP,glpspang@gmail.com,4933242111.0
44314,LP,glpbs.mkl@gmail.com,4712282422.0
40405,LP,gwlpsavaneeswaram40405@gmail.com,9562237179.0
43441,LP,govtlpskanjickal@gmail.com,
31426,LP,stmaryslpsthellakom@gmail.com,4812792162.0
11431,LP,alpsbpara@gmail.com,4994207230.0
45311,LP,santacruzlpschool@gmail.com,4822230034.0
42202,LP,glpscherunniyoor42202@gmail.com,9746381628.0
37229,LP,kvlpschoolparumala00@gmail.com,4792998669.0
38426,LP,mtlpspulinthitta123@gmail.com,8547095704.0
41432,LP,thrikkaruvaplps@gmail.com,2700244.0
16815,LP,16815hm@gmail.com,9645254935.0
12502,LP,12502glpscheriyakkara@gmail.com,
23533,LP,pazhookkara@gmail.com,9495567394.0
44204,LP,glpskazhivoormoolakkara@gmail.com,4712266550.0
25614,LP,jbs25614@gmail.com,4852267640.0
24418,LP,stlouislpsvenmenad@gmail.com,9847375501.0
37512,LP,elavinalcmslp@gmail.com,9496849025.0
36429,LP,msmlps2014@gmail.com,9446841461.0
41330,LP,glpsneendakara451@gmail.com,4762684100.0
18536,LP,mullamparaalpschool@gmail.com,9895162180.0
32432,LP,salpschoolullayam@gmail.com,9847858591.0
14739,LP,ayitharalps@gmail.com,6282391172.0
41335,LP,staugustinslps@gmail.com,9744946545.0
21307,LP,glpsennappadam@gmail.com,4912584471.0
24604,LP,kondayoorschool@gmail.com,4884279098.0
48223,LP,iqraapublicschool55@gmail.com,8921734878.0
14832,LP,uliyilsouthlps14832@gmail.com,9388462930.0
22415,LP,hrc.nadathara@gmail.com,4872375378.0
21619,LP,glpskunnanur@gmail.com,9037647993.0
27350,LP,varappettyglps12@gmail.com,4852285166.0
35302,LP,glpsambalapuzha@gmail.com,2278090.0
15426,LP,aranapparaglps@gmail.com,9744192686.0
14209,LP,chandrimanat@gmail.com,9447746921.0
29344,LP,holyfamily29344@gmail.com,
14612,LP,east.kadirurlowerprimaryschool@gmail.com,4902307220.0
19620,LP,amlpsiringavoornorth@gmail.com,9846447920.0
47216,LP,konottschool@gmail.com,4952811940.0
17506,LP,glpchaliyam@gmail.com,4952472277.0
14267,LP,holyangelsemschool@gmail.com,4902345330.0
48330,LP,glpschemmaniyode@gmail.com,4933278490.0
24209,LP,glps24209kuranhiyoor@gmail.com,4872683438.0
44420,LP,lms44420lpsarayoor@gmail.com,
19408,LP,gflpspgdi@gmail.com,4942940357.0
42323,LP,govtchempoor@gmail.com,2638708.0
14311,LP,eranholynorthlps@gmail.com,4902307101.0
28520,LP,sjlppiravom@gmail.com,4852002451.0
24506,LP,gflpspallipram@gmail.com,4802838565.0
21504,LP,kumaramputhurglps@gmail.com,4922234833.0
23231,LP,stanislauslps1915@gmail.com,4802735550.0
44410,LP,44410gnlpsarumanoorthura@gmail.com,4712209933.0
26209,LP,lmcblps1898@gmail.com,4843134162.0
15344,LP,glpspazhuppathoor@gmail.com,4936288749.0
19812,LP,glpsklari@gmail.com,4832750460.0
42324,LP,hmperumala@gmail.com,2828090.0
39521,LP,glpsperuvinchasivagiri@gmail.com,4762856194.0
25450,LP,gkylpsthuruth@gmail.com,8075260351.0
39530,LP,glpskarimthottuva@gmail.com,4762856515.0
14613,LP,lpskanathumchira@gmail.com,9495346066.0
38409,LP,hmcmslpsvayalathala@gmail.com,9446115267.0
19648,LP,panakkathayamlpskodinhi@gmail.com,9447334365.0
36502,LP,rvsmlpsprayar@gmail.com,4762693574.0
16210,LP,16210hmchombala@gmail.com,9562123120.0
32226,LP,cmsthidanadu@gmail.com,7907882792.0
40407,LP,govtlpsedamon@gmail.com,4752335026.0
16626,LP,kummamcodesouthlp@gmail.com,9645159956.0
19390,LP,mssktpm123@gmail.com,9633104462.0
25818,LP,snvglpschool@gmail.com,4842482907.0
17413,LP,alpsmuthuvad@gmail.com,9747419976.0
24617,LP,sflpsattathara@gmail.com,4885262617.0
16623,LP,kallachimmalmlps@gmail.com,9847115979.0
41226,LP,cmsnjakkanal@gmai.com,8129704737.0
17512,LP,cwalpschool@gmail.com,8129649935.0
19342,LP,amlpsthozhanureastrandathani@gmail.com,9747750233.0
47312,LP,glpsmkadavu@gmail.com,4952253150.0
46405,LP,glpsramankaryschl@gmail.com,8606856993.0
29412,LP,glpskathippara@gmail.com,9744392046.0
37629,LP,ealpsthonippara@gmail.com,8157951947.0
13511,LP,ezhomehindulps@gmail.com,4972873755.0
37626,LP,mtlpsathyal@gmail.com,4692697004.0
20410,LP,amlpsew@gmail.com,4662215411.0
38735,LP,vakayarsnvlps@gmail.com,8590680565.0
13513,LP,glpscherukunnusouth@gmail.com,4972860540.0
14726,LP,mannurlps@gmail.com,9447889203.0
48515,LP,glpskizhakkethala243@gmail.com,4931280243.0
18610,LP,alpskadannamannasouth@gmail.com,9747334866.0
13407,LP,puravayalglps1@gmail.com,4602228135.0
19728,LP,alpskaloor@gmail.com,4942080212.0
42612,LP,glpskarimancode@gmail.com,9495392353.0
44240,LP,smlps44240@gmail.com,4712485946.0
14616,LP,kurumbukkalmlps@gmail.com,9400110927.0
13335,LP,headmaster.edlps@gmail.com,9746215311.0
41625,LP,stks41625@gmail.com,9495475526.0
18646,LP,mmalpsvdk@gmail.com,8592041133.0
13542,LP,aduthilalps@gmail.com,9495325279.0
39308,LP,glpskuzhumathicadu@gmail.com,8547527676.0
25236,LP,lpsdarussalamthrikkakara@gmail.com,9846431486.0
43414,LP,govtrlpskulathoor@gmail.com,8547435861.0
34203,LP,34203cherthala@gmail.com,9497109989.0
43442,LP,govtlpskariyam@gmail.com,9495629518.0
36248,LP,36248alappuzha@gmail.com,9400641023.0
47324,LP,thondimmalglps@gmail.com,4952297655.0
18332,LP,morayurgmlps1@gmail.com,4832776365.0
20466,LP,vpzct@yahoo.com,9745106214.0
18621,LP,amlpsmoorkanad@gmail.com,4933265000.0
38221,LP,glpspannivizha@gmail.com,4734223543.0
39242,LP,vimalambikalpsktr@gmail.com,4742453151.0
48216,LP,glpskuniyilsouth@gmail.com,4832858255.0
20235,LP,alps.trikkaderi@gmail.com,4662380287.0
25619,LP,mtlpskadackanad@gmail.com,9947729855.0
46315,LP,mtlps46315@gmail.com,8921373570.0
14408,LP,choklimuslimlpschool@gmail.com,4902330140.0
15304,LP,alpskolavayal@gmail.com,4936248567.0
32231,LP,stthomaslpsvelathusery@gmail.com,9447142043.0
13621,LP,13621@gmail.com,9895286000.0
25207,LP,glpskottappuram@gmail.com,4842670276.0
14643,LP,mooriyadmopla@gmail.com,4902367365.0
42624,LP,42624tvm@gmail.com,9526236365.0
41237,LP,surajaradhan@gmail.com,9497619348.0
45306,LP,stmarysglpskvld@gmail.com,4822233901.0
15436,LP,glpspmndyk@gmail.com,9747363391.0
39227,LP,annoorlps123@gmail.com,9447094867.0
43432,LP,lpskailathukonam@gmail.com,4712618526.0
15402,LP,splpschool@gmail.com,9744371518.0
19513,LP,karukathiruthyschool@gmail.com,9846067283.0
47438,LP,gmlpsvavad1947@gmail.com,9447986695.0
16608,LP,gwlpsvelliyode@gmail.com,9544754309.0
48530,LP,gmlpspullengode054@gmail.com,9809741865.0
26512,LP,angloindianepschool@gmail.com,4842494040.0
16736,LP,16736.aeotdnr@gmail.com,9846169344.0
19642,LP,thalakkadathurgmlps@gmail.com,4942587160.0
35420,LP,35420haripad@gmail.com,
32429,LP,stmaryslpspk@gmail.com,2454893.0
28720,LP,mtmemlps02@gmail.com,4852274120.0
42409,LP,glpsmoothala2016@gmail.com,4702681115.0
31401,LP,glpsayarkunnam@gmail.com,4812544066.0
40247,LP,nationalopenschool123@gmail.com,9961004633.0
19629,LP,rayirimangalamglps@gmail.com,4942441940.0
27367,LP,stmaryslpsnpra@gmail.com,7356551664.0
27379,LP,valiyaparakmlps@gmail.com,9048370604.0
15311,LP,glpscheengery@gmail.com,4936221455.0
14448,LP,praseenaokparakandi@gmail.com,9048948307.0
46301,LP,thalavadygovtnewlps@gmail.com,8281524013.0
21616,LP,kodunthirappullyglps@gmail.com,4912508209.0
18210,LP,hmmuthuparamba@gmail.com,9745720113.0
39235,LP,mtsslpskottavattom@gmail.com,9447434811.0
47327,LP,snmalpsponnamkayam@gmail.com,9539632359.0
18440,LP,glpschoolparankimoochikkal@gmail.com,4832705677.0
19840,LP,glpschoolpukayoor@gmail.com,4942460464.0
47521,LP,hmlohia@gmail.com,9846267882.0
43218,LP,mangalammsclps1925@gmail.com,9745540251.0
24619,LP,imlpschelakkara@gmail.com,8281829315.0
44328,LP,salpschengalloor@gmail.com,7012189415.0
19641,LP,nettancholaschool@gmail.com,4942547600.0
25413,LP,glpsmalayattoor@gmail.com,9567171648.0
28409,LP,kmlpsmuvattupuzha@gmail.com,9188136647.0
19303,LP,majlislpschool@gmail.com,8281899823.0
13727,LP,pullanhiodalps@gmail.com,4602225451.0
19337,LP,glpsmelmuri@gmail.com,9745993924.0
36413,LP,pallickallpsa@gmail.com,9544099276.0
17323,LP,alpspoovattuparamba@gmail.com,8129422683.0
21225,LP,galpschool2016@gmail.com,9495539406.0
13547,LP,headmasterparur@gmail.com,9946459138.0
19517,LP,amlpskodathur@gmail.com,8129311729.0
47637,LP,alpsthiruvode22@gmail.com,9946915785.0
13815,LP,kealpschool@gmail.com,4902485077.0
16403,LP,hmkovukkunnulpschool@gmail.com,4962589522.0
37243,LP,mtlpsamichakary2017@gmail.com,9544333364.0
19534,LP,alpseramangalam12@gmail.com,7025145797.0
21228,LP,akvmlps@gmail.com,8111947595.0
16212,LP,hmgmjbs123@gmail.com,
28212,LP,splpsmadakkathanam@gmail.com,8848930321.0
15236,LP,glpsvaliyapara@gmail.com,9495581483.0
13838,LP,morazhasouth@gmail.com,9947022596.0
13647,LP,school13647@gmail.com,4972867310.0
20606,LP,gmlpsptb@gmail.com,9495800630.0
13831,LP,kadamberyalps@gmail.com,9495036526.0
41526,LP,lmslpsmayyanad@gmail.com,9895265565.0
39237,LP,hmmsclpsneeleswaram@gmail.com,9846325867.0
48431,LP,gmlpsnilambur100@gmail.com,4931225575.0
42526,LP,glpsuriacode@gmail.com,4722882369.0
20266,LP,lsnttiotp@gmail.com,4662246448.0
16542,LP,thikkodimlps@gmail.com,9847448250.0
39223,LP,39223gwlps@gmail.com,8075237917.0
19340,LP,amlpsputhanathani@gmail.com,8590941424.0
16536,LP,payyolimlps@gmail.com,9447930139.0
38707,LP,nariyapuramglps2017@gmail.com,9446232277.0
26328,LP,stjosephlpschr@gmail.com,9400175181.0
44324,LP,glpsvilappilpeyad@gmail.com,4712270290.0
18524,LP,glpskizhakkuparamba@gmail.com,9446802049.0
21435,LP,glpsthenkurissi@gmail.com,9496255310.0
16811,LP,16811hm@gmail.com,9048082464.0
18439,LP,glpsmelmurisouth123@gmail.com,9847591455.0
41612,LP,41612kundara@gmail.com,4742523508.0
21536,LP,valpsaluvassery19@gmail.com,4923244743.0
34306,LP,34306thuravoor@gmail.com,4782821210.0
21617,LP,koppamglps@gmail.com,4912544280.0
27351,LP,msmschoolmulavoor@gmail.com,4852883995.0
19658,LP,sunithavaranakkara@gmail.com,9400741418.0
13523,LP,narikodegmlps@gmail.com,4972816722.0
15232,LP,mplpsgd@gmail.com,4936217800.0
39222,LP,gwlpseastmaranad2022@gmail.com,9895679050.0
22621,LP,22621shmary@gmail.com,4872637146.0
39508,LP,hmglpsiverkala@gmail.com,4734292155.0
20240,LP,alpsven1923@gmail.com,9495484870.0
26504,LP,pallipuramglps@gmail.com,9400152894.0
23342,LP,holycrosslps@gmail.com,4802865946.0
13939,LP,southlppnr@gmail.com,4985201799.0
18640,LP,glpsputhanangadi@gmail.com,4933253612.0
22221,LP,rochslps@gmail.com,4872344535.0
37403,LP,glpskdr37403@gmail.com,9605125151.0
39225,LP,a39225pullamala@gmail.com,4742416400.0
36315,LP,govtjbsmundancavu@gmail.com,9495437049.0
25444,LP,nazarethschool1956@gmail.com,9496743734.0
27342,LP,glpskpdy@yahoo.in,4852548852.0
11412,LP,gwlpskasaragod@gmail.com,4994223950.0
32207,LP,chettuthodulps207@gmail.com,9747177320.0
28514,LP,lpskaippattoorr@gmail.com,9747833019.0
43304,LP,ghslpsperoorkada@gmail.com,4712430999.0
31402,LP,lpbskidangoor@yahoo.in,4822255366.0
12304,LP,12304glpschullikkara@gmail.com,4672224499.0
19536,LP,hmgflpsveliancode@gmail.com,4942679760.0
21712,LP,kanhikulamalps@gmail.com,9495689725.0
16601,LP,chekkiadglps@gmail.com,
24246,LP,thaikkadstjohn@gmail.com,9544898602.0
16819,LP,kottakkalhm16819@gmail.com,9048637999.0
44422,LP,44422lmslpskl@gmail.com,9400740787.0
24314,LP,cmlps24314@gmail.com,9961537748.0
38228,LP,govtlpsputhusserybhagom@gmail.com,9496735368.0
22642,LP,sdslpsvelappaya1927@gmail.com,4872203993.0
18324,LP,amlpskoonulmadu@gmail.com,4942400068.0
19344,LP,amlpsthozhanur@gmail.com,7012232378.0
20444,LP,oalpsvallapuzha@gmail.com,9539573931.0
21424,LP,alpskeezhathur79@gmail.com,9207906086.0
19855,LP,glpsoorakamkizhumuri8@gmail.com,9847510030.0
15406,LP,nlpsozhakkodi@gmail.com,241229.0
19417,LP,glpsvenniyoor@gmail.com,4942480096.0
38701,LP,athirumkalglps@gmail.com,9497107022.0
20536,LP,alpschoolperingode@gmail.com,4662370146.0
21241,LP,ammlpsvadakkencherry@gmail.com,9447216033.0
19232,LP,amlpsolr@gmail.com,4942651650.0
24641,LP,pangarappillyalps@gmail.com,9447992717.0
20222,LP,svlpmanissery@gmail.com,4662226862.0
29311,LP,glpskolani@gmail.com,9400298841.0
13722,LP,panniyoorglps@gmail.com,4602226560.0
42237,LP,mlpselappil@gmail.com,9645832050.0
40331,LP,esmcolony40331@gmail.com,9495117941.0
19826,LP,nottappuramglps@gmail.com,4942490204.0
14748,LP,kunderipoyillps@gmail.com,9495512940.0
14606,LP,cwlpschool@gmail.com,4902590091.0
18215,LP,pmsaptmalpspalakkadnorth@gmail.com,9947070110.0
20614,LP,svalps1936@gmail.com,9497825560.0
16816,LP,iringallpschooliringal@gmail.com,4962605657.0
18507,LP,glpschembakuth@gmail.com,9074864607.0
18648,LP,alpsvalamburwest@gmail.com,0.0
16534,LP,hmpalurlps2015@gmail.com,9400975402.0
43208,LP,glpskunnapuzha@gmail.com,9946795320.0
26204,LP,padivattomglps@gmail.com,9495714131.0
32410,LP,cmslpskangazha2019@gmai.com,9995941067.0
38247,LP,bjmschoolputhuval@gmail.com,4734275390.0
48428,LP,alpsmundappadam@gmail.com,
17322,LP,alpsperumanna@gmail.com,9497080809.0
22420,LP,lmlpschoolkuttanellur@gmail.com,
12207,LP,hmchettukundu@gmail.com,4672272600.0
43422,LP,glpspirappancode@gmail.com,4722581252.0
20331,LP,alpsthekkummury@gmail.com,9947632315.0
18546,LP,smmalpspandikkad@gmail.com,4832783244.0
18602,LP,amlpsaripramelmuri@gmail.com,8086613038.0
20413,LP,amlps20413@gmail.com,9544908528.0
40427,LP,glpsvilakkuvettom@gmail.com,9947045940.0
40321,LP,podiyattuvilalps@gmail.com,8111940363.0
18655,LP,amlpskdm@gmail.com,9747642604.0
37409,LP,govtlpgsthumpamonnorth@gmail.com,9846212827.0
23320,LP,ijlpskallettumkara@gmail.com,9400525831.0
14523,LP,eslpschool@gmail.com,4902313134.0
27361,LP,panipramtlps@gmail.com,8281790860.0
18622,LP,mmalpscheriyam@gmail.com,8943868646.0
16218,LP,onchiyamdharmalps@gmail.com,9605330901.0
19508,LP,ummlpschool@gmail.com,4942674961.0
19238,LP,cmclpschool@gmail.com,4942684740.0
18679,LP,fazfarienglishschool@gmail.com,4933241396.0
46411,LP,kavalamstthresias@gmail.com,4772747888.0
48507,LP,umalpschathangottupuram@gmail.com,9946443302.0
19224,LP,maniyooramlps@gmail.com,9745597252.0
24205,LP,erattapuzhaglps@gmail.com,0.0
18613,LP,alpschoolkolathur1@gmail.com,9946649981.0
37608,LP,gmlpsthadiyoor@gmail.com,4692774800.0
11420,LP,glpsmanimoolahm@gmail.com,4994201240.0
39404,LP,msclps753@gmail.com,9447590221.0
11296,LP,mesmanimunda2727@gmail.com,9995712727.0
20320,LP,alpsmangode@gmail.com,9496293229.0
21605,LP,ajbsvnpuram@gmail.com,9495993989.0
24505,LP,gflpsnattika@gmail.com,4872989140.0
48313,LP,alpsmelattur1957@gmail.com,4933278550.0
20633,LP,kizhumuriamlps@gmail.com,9605846096.0
20668,LP,alhidayapattambi@gmail.com,8086666823.0
18719,LP,amlpskuruvambalam@gmail.com,9447122766.0
37401,LP,gwlpsedayaranmula@gmail.com,8590383366.0
24401,LP,glpsannakara@gmail.com,9497657910.0
32440,LP,littleflowerlp@gmail.com,9497668035.0
24319,LP,vskizhur@gmail.com,9447233345.0
15325,LP,cherumadglps@gmail.com,4936266066.0
23435,LP,gflpsvekkode@gmail.com,4802850490.0
20613,LP,alpsammanur@gmail.com,9447120891.0
42432,LP,dvlps42432pavalla@gmail.com,4702696272.0
40316,LP,glpsneelammal@gmail.com,4752251783.0
23412,LP,glpskvhseriyad75@gmail.com,4802818888.0
15408,LP,glpskurukkanmoola@gmail.com,4935215830.0
47301,LP,poolappoyilglps@gmail.com,4952281806.0
18203,LP,cholayilmukku@gmail.com,9446241691.0
11401,LP,glpsathirkuzhi@gmail.com,4994281164.0
16431,LP,mdlpsv@gmail.com,4962597430.0
22239,LP,shejicv@gmail.com,9249333366.0
40303,LP,gnlpsalayamon@gmail.com,4752275493.0
40330,LP,40330anchal@gmail.com,8848887041.0
42423,LP,glpschoolvettiyara@gmail.com,6282680441.0
33365,LP,ghwlpsthottakad@gmail.com,4812488305.0
18219,LP,gmlpsparathakkad@gmail.com,7510355291.0
19650,LP,amlpsponmundamnorth@gmail.com,9745676029.0
14502,LP,govtlpkolavallur@gmail.com,4902466888.0
41528,LP,41528klm@gmail.com,4742501475.0
21628,LP,glpsprknm@gmail.com,9388191138.0
13607,LP,school13607@gmail.com,4972781233.0
39412,LP,lpschoollittleflower@gmail.com,9188437520.0
15435,LP,glpshoolkorome@gmail.com,4935235888.0
34307,LP,glpskodm@gmail.com,4782565848.0
36409,LP,puthuppallyglps@gmail.com,4762693435.0
26287,LP,stgeorgeemlpsepy@gmail.com,
19754,LP,dvalpspurathur@gmail.com,9188010547.0
32427,LP,lpspanayampala@gmail.com,4812485591.0
16820,LP,16820hm@gmail.com,9496264742.0
11343,LP,11343bolinjalps@gmail.com,9633165999.0
12321,LP,12321glpsvayakode@gmail.com,9400461452.0
11216,LP,11216moosodiglps@gmail.com,4998241077.0
16728,LP,16728n@gmail.com,9961620603.0
38424,LP,mtlpsolikkal@yahoo.com,4682210157.0
22225,LP,littleflowerlps.thalore@gmail.com,4872351555.0
16657,LP,perumundacherilps@gmail.com,
33436,LP,stjohnslpsveloor@gmail.com,9605793999.0
17420,LP,chelavoormoozhikkalamlps@gmail.com,8921142354.0
31218,LP,stgeorgelpselivaly@gmail.com,4822221019.0
43210,LP,1961govtlpsmudavanmugal@gmail.com,4712352211.0
30458,LP,saemsmundakayam@gmail.com,9446580365.0
17406,LP,glpsparayanchery@gmail.com,9496329801.0
45201,LP,glpsedavattom@gmail.com,4829291601.0
19307,LP,cmamlp22@gmail.com,9656390094.0
48401,LP,glpsamarambalam@gmail.com,4931262060.0
42238,LP,lmlpskarippuram@gmail.com,9633680094.0
28536,LP,glpskizhumuri@gmail.com,4852277440.0
45225,LP,snlpchempu@gmail.com,9961816054.0
19706,LP,timlpsalathiyur@gmail.com,8281181426.0
13810,LP,kandakkaialps@gmail.com,4602277027.0
24402,LP,gwlpselavathur01@gmail.com,4872286080.0
42635,LP,remyakv77@gmail.com,9495718726.0
19317,LP,glpskalpakanchery@gmail.com,4942543848.0
19335,LP,ambikapottekkattu@gmail.com,4942621453.0
14714,LP,kallerikkaralpschool@gmail.com,4902472020.0
42517,LP,glpsparentode@gmail.com,4722891400.0
41410,LP,glpsvalathungal410@gmail.com,4742726622.0
26517,LP,gdsmailps1928@gmail.com,9287537655.0
13742,LP,govtlpskooveri@gmail.com,4602270100.0
30339,LP,alpsperiakanal2018@gmail.com,4868249019.0
21855,LP,habeebullasr@gmail.com,9495018129.0
43309,LP,manchamparaglps@gmail.com,
28205,LP,glpskalampoor@gmail.com,4852283044.0
26516,LP,stpeterslpschool@gmail.com,9745171232.0
39336,LP,lmslpsvayakkal39336@gmail.com,8137887768.0
14617,LP,madathilpookodlps@gmail.com,8281576442.0
17202,LP,gaglpschalappuram@gmail.com,2305500.0
12325,LP,12325kialpskanhangad@gmail.com,4672208122.0
14705,LP,glpschoolpazhassi@gmail.com,4902477260.0
12511,LP,12511thayyilnorth@gmail.com,4672271621.0
28202,LP,glpsmm@gmail.com,4852287502.0
36209,LP,govtlpsputhiyakavu@gmail.com,9446943599.0
27347,LP,glpspalamattom@gmail.com,9645957885.0
16844,LP,valappilbhagmjbschool@gmail.com,9745615783.0
22607,LP,mlrglps@gmail.com,4872639490.0
19757,LP,alpstirurthumarakkavu@gmail.com,9895009195.0
32383,LP,ckmemlpskoruthodu@gmail.com,4828280074.0
17330,LP,amlpsvlprmb@gmail.com,9745192208.0
12407,LP,glpskammadam@gmail.com,4672220899.0
22241,LP,holyfamilykallur@gmail.com,9497773888.0
19325,LP,kizhmurischool@gmail.com,9961177813.0
20502,LP,glpsalur@gmail.com,9142433630.0
25221,LP,nilpschool@gmail.com,4842427044.0
24339,LP,bharathamathalps@gmail.com,9847692905.0
15438,LP,hmglpsmakkiyad@gmail.com,4935236530.0
12329,LP,12329ubmcalpshosdurg@gmail.com,4672200887.0
14336,LP,ponniamsclpschool@gmail.com,9495947582.0
39241,LP,villoorlmslps38@gmail.com,8138877946.0
18329,LP,gmlpsmapram@gmail.com,9496408313.0
18446,LP,athanikkalgmlps@gmail.com,9048590619.0
36314,LP,jbsmangalam2017@gmail.com,9446927899.0
40329,LP,40329chozhiacodelps@gmail.com,4752312026.0
48432,LP,pumlpsodayikkal@gmail.com,9746303896.0
19514,LP,glpsvkdnew@gmail.com,4942679911.0
14445,LP,northmenapramlps@gmail.com,9495536310.0
12418,LP,kiapskallenchira@gmail.com,9495376182.0
21860,LP,valpsputtanikkad@gmail.com,
36446,LP,manacadulps@gmail.com,9544525985.0
31306,LP,cmslpschool.anickad@gmail.com,4812455755.0
24606,LP,vnmmglpsmachad06@gmail.com,9497654670.0
25423,LP,strockeylps@gmail.com,9447673336.0
36240,LP,hisjlps36240@gmail.com,4792387788.0
15229,LP,rclpsvengappally@gmail.com,9562538955.0
30314,LP,gtlpsedamalakudy1@gmail.com,9497685266.0
13406,LP,glpsperumpally@gmail.com,4602229380.0
41622,LP,41622kundara@gmail.com,8547457010.0
22219,LP,stannesmgspazhuvil@gmail.com,4872274109.0
20403,LP,glpsvadanamkurussi@gmail.com,4662233998.0
41527,LP,vazhappallylps@gmail.com,4742533480.0
19223,LP,glpspolpakkara2015@gmail.com,9048611913.0
42529,LP,lmalpsvattappara@gmail.com,4722587101.0
25828,LP,195stphilomina@gmail.com,9446719052.0
27245,LP,pothiyillps.pallipram@gmail.com,4842285282.0
31315,LP,infantjesuslpsthodanal@gmail.com,9072455722.0
24543,LP,eastlpsvty@gmail.com,4872606229.0
33326,LP,glpsthuruthy01@gmail.com,4812321991.0
16314,LP,cmlpskd@gmail.com,4962630572.0
47356,LP,hmsmemschool@gmail.com,9142097702.0
21532,LP,svlpsvithanassery@gmail.com,4923244349.0
21817,LP,glpskakkuppady@gmail.com,9605247427.0
18346,LP,glpspanickerapuraya@gmail.com,4832724188.0
16632,LP,narikkatterilvlps@gmail.com,9446892071.0
43213,LP,43213thrivikramangalam@gmail.com,8301063418.0
30419,LP,ptslpspallikkunnu@gmail.com,9495573414.0
47302,LP,glpsthazhakode@gmail.com,4952295251.0
14627,LP,naravoornorthlp14627@gmail.com,9544546477.0
26426,LP,spylps@gmail.com,0.0
20647,LP,gwlpspulassery@gmail.com,
17262,LP,gttiwomenkkd@gmail.com,4952368657.0
41322,LP,palakkalmlps@gmail.com,7558986605.0
36251,LP,36251alappuzha@gmail.com,9495873473.0
44424,LP,44424lmslpsk@gmail.com,9446619901.0
28413,LP,sabtmrandar@gmail.com,4852830121.0
19522,LP,amlpspallappuram@gmail.com,4942665525.0
16456,LP,deverkovilwestlps@gmail.com,9947817477.0
11345,LP,11345pundoor@gmail.com,9495906145.0
21330,LP,gnanasoundariv69@gmail.com,4923235733.0
47526,LP,glps.kanthapuram@gmail.com,9495478790.0
19838,LP,gmlpsputhur@gmail.com,9446352439.0
13630,LP,school13630@gmail.com,9496312879.0
14804,LP,glpskolakkad14804@gmail.com,4902447462.0
16716,LP,16716hm@gmail.com,9495177322.0
42205,LP,clpselakamon2018@gmail.com,9745039723.0
14718,LP,keecherylps@gmail.com,4902474770.0
48510,LP,chokkadglps@gmail.com,9747635304.0
19240,LP,alpstrikkanapuram@gmail.com,4942699088.0
14507,LP,kadavathoorlp@gmail.com,4902392510.0
37632,LP,valankaramtlps@gmail.com,9539588850.0
41326,LP,staloysious26@gmail.com,4762897457.0
37306,LP,govtlpspoovathoor@gmail.com,9747222330.0
45228,LP,sfxlpskothavara1@gmail.com,9447530569.0
26217,LP,olcarmellps@gmail.com,4842390636.0
48215,LP,gmlpschoolkuniyil@gmail.com,9745793185.0
13437,LP,schoolpattuvam@gmail.com,4602259627.0
38635,LP,mglp38635@gmail.com,9446188406.0
11437,LP,alpsmarypuram@gmail.com,4994201230.0
32316,LP,susan.15571@gmail.com,4828284058.0
47456,LP,sirajulhudalpskdy@gmail.com,8606581705.0
14415,LP,menapramlps@gmail.com,9061500682.0
14737,LP,vengadlpschool6747@gmail.com,9495500486.0
48322,LP,dmlpspattikkad@gmail.com,9946892576.0
44521,LP,sheelaamlps@gmail.com,9400184574.0
37321,LP,lflpgsmaramon@gmail.com,9645206122.0
20239,LP,alpsv20239@gmail.com,9496808603.0
30459,LP,sansebans@gmail.com,9526686761.0
37505,LP,glpskunnamthanam2019@gmail.com,9778007276.0
18701,LP,alpsaliparamba@gmail.com,9961150171.0
32232,LP,glpsvellani@gmail.com,4822286319.0
13809,LP,kambilmlps@gmail.com,9207039726.0
18711,LP,amlpsedathara@gmail.com,9656045392.0
14642,LP,kunhambusmarakamlps@gmail.com,9847564235.0
39442,LP,gwlpskulakkada@gmail.com,7012982724.0
45217,LP,lpsenadi@gmail.com,9400472999.0
11311,LP,11311marikkanaalps@gmal.com,260507.0
19411,LP,amlpskalathingalpara@gmail.com,9446200123.0
22630,LP,apsparakad@gmail.com,4872310440.0
35428,LP,st.thomaslpskply@gmail.com,4792486019.0
13178,LP,udungotavlps@gmail.com,9495328875.0
42311,LP,glpsnjekkad42311@gmail.com,4702694171.0
41209,LP,glpsmanappally@gmail.com,476863623.0
29316,LP,gtlpspattayakudy@gmail.com,4862240144.0
43225,LP,holycrosslpschool@gmail.com,4712384466.0
38425,LP,onthekadumtlps@gmail.com,9745954142.0
18303,LP,alungal.amlpschool@gmail.com,9846468045.0
32332,LP,mmlpsthampalakadu@gmail.com,9495285195.0
44233,LP,muttakkadlmslps@gmail.com,9495694813.0
21408,LP,glpsperingottukurissi@gmail.com,8547421251.0
42374,LP,modelempublicschool@gmail.com,9846907857.0
43411,LP,glpskorani@gmail.com,4712427272.0
21436,LP,glpspulinelly2015@gmail.com,4922294243.0
13816,LP,ksalp1910@gmail.com,9497145577.0
41536,LP,41536lpsmeenad@gmail.com,4742596292.0
18616,LP,glpskuruvavtr@gmail.com,4933281129.0
40313,LP,40313glpskaravaloor@gmail.com,4752252911.0
13404,LP,school13404@gmail.com,4602216116.0
46400,LP,amalaemlpsmithrakery@gmail.com,9605218420.0
17440,LP,sreekumarasramam@gmail.com,9446081157.0
44352,LP,saintthresiaslpsveli@gmail.com,9947856921.0
41232,LP,thazhavasnlpspavumba@gmail.com,9048890122.0
40323,LP,40323glpsthadicadu@gmail.com,4752207700.0
48503,LP,amlpsakkarappuram@gmail.com,9447948441.0
48324,LP,amlpspoonthavanam@gmail.com,4933270470.0
24618,LP,cgemsschool@gmail.com,9495855083.0
48203,LP,glpschemrakatur@gmail.com,9946889792.0
20531,LP,ajbskottappadam@gmail.com,7510107435.0
19314,LP,amlpsibm@gmail.com,9846451697.0
14422,LP,,9072231238.0
13318,LP,kappadlpskappad@gmail.com,9847760172.0
30211,LP,lpmarykulam@gmail.com,4869244084.0
37603,LP,lvlpskulathoor@gmail.com,
39434,LP,gwlpsthazhathuvadakku@gmail.com,9497104376.0
18444,LP,vadakkemannaglps@gmail.com,4832752242.0
19328,LP,amlpskolatholektmsub@gmail.com,9495174822.0
19720,LP,amlpsetdv@gmail.com,9048885960.0
41418,LP,lmslps41418@gmail.com,9747107498.0
41565,LP,41565klm@gmail.com,4742531577.0
43312,LP,holycrosslpsparuthippara@gmail.com,9995360641.0
33241,LP,kumarakomstpeterslps@gmail.com,4812524524.0
18624,LP,pkhmalpspadapparamba@gmail.com,9567298216.0
21867,LP,universalemlps@gmail.com,9074532743.0
37522,LP,ikmcmslps@gmail.com,4692901173.0
37230,LP,stfrancislpsparumala@gmail.com,4792313336.0
21204,LP,g.l.p.s.kunissery123@gmail.com,234240.0
43215,LP,thycaudlps@gmail.com,4712323026.0
25430,LP,ijlpskidangoor@gmail.com,4842454866.0
24311,LP,anjoorjmlps@gmail.com,8606705441.0
48142,LP,mareenaschool@gmail.com,9539456308.0
35209,LP,35209gmlps@gmail.com,4772288960.0
37215,LP,ealpsamalloor17@gmail.com,9400651482.0
15211,LP,hmglpschulikka@gmail.com,4936283999.0
13529,LP,madayikavualps@gmail.com,4972872185.0
31202,LP,glpsamanakara@gmail.com,9961675881.0
31226,LP,shlpsrpm@gmail.com,4822262644.0
42424,LP,lmlpsarivarikuzhi@gmail.com,9037343185.0
35204,LP,35204gtownlps@gmail.com,
35306,LP,gnewlpspurakkad@gmail.com,9494923288.0
18442,LP,glpspookkotturnew@gmail.com,4832773189.0
43203,LP,cottonhilllps@gmail.com,4712721971.0
45346,LP,govtlpsmemury@gmail.com,4829245886.0
44405,LP,glpsthathiyoor@gmail.com,7306155906.0
25418,LP,lpsthu@gmail.com,4842475788.0
13613,LP,school13613@gmail.com,9496356470.0
44339,LP,jayalrohini@gmail.com,4712297106.0
19557,LP,info.azhareducation@gmail.com,8593990022.0
33355,LP,pamalanmlps@gmail.com,8547626854.0
27375,LP,mtlpspothanicad@gmail.com,4852563101.0
47403,LP,nlpsmoothottickal@gmail.com,4952270006.0
19352,LP,halpsvkn@gmail.com,9846420556.0
24535,LP,stmaryslps24535@gmail.com,9446722342.0
14521,LP,lvlpschool@gmail.com,4902313263.0
12520,LP,12520alpskadamkode@gmail.com,4672261020.0
17447,LP,jishapunathilclt@gmail.com,9847792005.0
17522,LP,mmlpscym@gmail.com,4952900998.0
13743,LP,kutttikkolslpschool@gmail.com,200209.0
19835,LP,lpsneerolpalam@gmail.com,4942401991.0
25403,LP,sjglpschool@gmail.com,9446418927.0
19722,LP,amlpskaimalassery@gmail.com,9496678243.0
24224,LP,alpsiringapuramgvr@gmail.com,2555480.0
19653,LP,amlpsthalakkadathurnorth19653@gmail.com,9744811747.0
33322,LP,stmaryshm@gmail.com,4812422785.0
30507,LP,pmglpsbalagram@gmail.com,4868294671.0
20509,LP,glpshmmalamakkavu@gmail.com,9544685040.0
48434,LP,umalpspalangara123@gmil.com,9497669108.0
29231,LP,stjosephlpschoolkanjar@gmail.com,4862253077.0
18605,LP,amlps22@gmail.com,9946068895.0
39513,LP,glpskothapuram66@gmail.com,4742543020.0
20431,LP,bharathlpschool@gmail.com,9633727959.0
18547,LP,amlps18547@gmail.com,4832762350.0
17306,LP,glpsolavanna@gmail.com,4952432472.0
48435,LP,glpspathirippadam123@gmail.com,
18218,LP,vavoorglps@gmail.com,9745005185.0
48445,LP,gmlpsvdpm@gmail.com,
13903,LP,cmalpsvellur@gmail.com,4985267100.0
47458,LP,chamalglps@gmail.com,4952270572.0
44409,LP,44409glpsv@gmail.com,4712275026.0
21856,LP,alpsmundakkunnu@gmail.com,7012721090.0
33519,LP,cmslpsmeenadom@gmail.com,4812501131.0
15442,LP,govtlpsmothakkara@gmail.com,4935232155.0
36345,LP,venmonythazhamlps1923@gmail.com,9497452583.0
42521,LP,perinjaramoolalps@gmail.com,4722882252.0
18539,LP,nellikuthnorthgmlps@gmail.com,9496844665.0
42524,LP,glpssankaramukhom@gmail.com,2882264.0
14233,LP,roshnashibin1990@gmail.com,8281810170.0
17208,LP,glpskappakal@gmail.com,4952321778.0
44434,LP,rclps44434@gmail.com,9400417705.0
20540,LP,islahiyakmr@gmail.com,9947276025.0
14341,LP,sharadavilasam@gmail.com,4902383584.0
48531,LP,glpspulvetta@gmail.com,4931294747.0
39444,LP,nssklps.39444@gmail.com,4742453104.0
47513,LP,ipcamlpschool@gmail.com,4952244666.0
23528,LP,holyfamilyholy@gmail.com,4802081705.0
14451,LP,pookkommlps14451@gmail.com,4902318001.0
42627,LP,modernlpsmanalayam@gmail.com,
30415,LP,glpsglen@gmail.com,9539197538.0
21411,LP,hmglpsveeswalam@gmail.com,9961269613.0
16814,LP,hmiringalarunodayamlps@gmail.com,9497449498.0
14331,LP,perunthattillps@gmail.com,4902308788.0
42319,LP,mudakkalglps9497162115@gmail.com,4702639979.0
30319,LP,glpsthalayar@gmail.com,4865257229.0
27251,LP,mtlpsvengola@gmail.com,8921546920.0
12205,LP,hmglpschalingal@gmail.com,4672232144.0
18227,LP,vavooramlps@gmail.com,4832728630.0
24445,LP,admnrmvhss@yahoo.com,4802845222.0
18721,LP,alpsmanalaya@gmail.com,7025147421.0
13711,LP,stthomasmangara@gmail.com,4602270140.0
42502,LP,lparuvikkara@gmail.com,9895416660.0
41515,LP,glpsmylakkadu@gmail.com,4742596899.0
25813,LP,gkvlpsparavur@gmail.com,4842447815.0
18632,LP,amlpspariyapuram@gmail.com,9744750980.0
18413,LP,amlpsindianur@gmail.com,4832705103.0
44403,LP,44403glpgsperumkadavila@gmail.com,9400184673.0
21618,LP,glpskottekkad@gmail.com,9633161645.0
42404,LP,gvvlpskmr@gmail.com,4702674207.0
16515,LP,keezhariyurwest@gmail.com,9946203513.0
19834,LP,alpsmundothparamba@gmail.com,9895253786.0
18322,LP,gmlpskdychungam@gmail.com,8086892530.0
18450,LP,gmlpskuttasserikulamba@gmail.com,4832800700.0
19463,LP,haripuramvidyanikethan@gmail.com,4942948562.0
48408,LP,glps.cp@gmail.com,4931232233.0
41673,LP,meselampalloor@gmail.com,4742548858.0
25834,LP,st.vincentpalliakkal@gmail.com,9605003809.0
43426,LP,glpsthalayalvbm@gmail.com,4722831555.0
37318,LP,mtlpkurungazha@gmail.com,9400313304.0
25242,LP,alwaye_settlement@yahoo.co.in,4842604746.0
34209,LP,34209cherthala@gmail.com,4772293725.0
19524,LP,amlpsparichakam@gmail.com,4942085792.0
24243,LP,mkmamlps@gmail.com,4872680111.0
15331,LP,hmedakkal@gmail.com,4936227542.0
19698,LP,miesvaranakkara@gmail.com,9895883622.0
14815,LP,pkkmamlpschavassery@gmail.com,9447339747.0
24541,LP,sndplpstpr@gmail.com,9744255569.0
13719,LP,glpspadappengade@gmail.com,4602271010.0
18410,LP,bamlpscholakkal@gmail.com,8129292727.0
47207,LP,glpspoolacode@gmail.com,
19332,LP,gmlpsmanhachola@gmail.com,2610200.0
43313,LP,stglps@gmail.com,4712531459.0
44538,LP,44538udiyankulam@gmil.com,4712231526.0
16748,LP,parambillpschool@gmail.com,9745186803.0
45331,LP,kallaragovtlps@gmail.com,4892267026.0
25231,LP,olanadlflps@gmail.com,9847582234.0
43423,LP,hmlpspkm@gmail.com,47122585570.0
18643,LP,amlpsrpm@gmail.com,9446768721.0
47303,LP,katcheryalps@gmail.com,4952296865.0
33346,LP,cmslps33346@gmail.com,9446859567.0
19349,LP,alpsvaikkathur@gmail.com,9846115015.0
41334,LP,st.josephslpsmamukil1901@gmail.com,9895740281.0
19644,LP,thirthigmlps@gmail.com,4942480014.0
24237,LP,oldlpschool@gmail.com,9633259687.0
18309,LP,pmsaptmamlp@gmail.com,8157961201.0
34328,LP,stmaryslps278@gmail.com,9495022189.0
47517,LP,gnanapradayanialps@gmail.com,4952856530.0
40324,LP,venchempuglps@gmail.com,4752252271.0
16654,LP,kotancherilpschool@gmail.com,9496901161.0
38235,LP,aranthakulangara@gmail.com,4734285077.0
38723,LP,msclps38@gmail.com,9497257855.0
25401,LP,glpbsakapparambu@gmail.com,4842611951.0
18521,LP,glpskaruvambramwest@gmail.com,9482921179.0
33534,LP,mgmemlps99@gmail.com,4812701885.0
19403,LP,alpsariyallureast@gmail.com,9744663399.0
17425,LP,kandannuramlps@gmail.com,9947028380.0
18416,LP,amlpskunnummal@gmail.com,9747113778.0
39525,LP,hmglpsthuruthikkara@gmail.com,4762856383.0
25824,LP,stmaryslpschendamangalam@gmail.com,8301012135.0
14441,LP,kuttipramlpschool@gmail.com,9946714573.0
18535,LP,gmlpschoolmariyad@gmail.com,9048447917.0
28306,LP,glpgskklm@gmail.com,4852250727.0
21337,LP,ramankandan.lp@gmail.com,4923285241.0
38429,LP,mtlpsvanchithramalabhagam@gmail.com,9847011546.0
17318,LP,odumbra19@gmail.com,8547372233.0
16410,LP,narippattamlps@gmail.com,9745856889.0
31411,LP,stthomasamayannur@gmail.com,9495705964.0
14203,LP,glpsgopalapetta@gmail.com,9446673101.0
14518,LP,thekkummurilps@gmail.com,8606513146.0
21410,LP,glpsvarode2014@gmail.com,
14442,LP,madiyambath@gmail.com,
19624,LP,panangatturgmlps@gmail.com,9605115089.0
44447,LP,holycrossschooltvm@gmail.com,4712218688.0
11513,LP,govtashramamschool@gmail.com,4994210922.0
37312,LP,mtlpskadapra007@gmail.com,9605321419.0
38625,LP,mariammabraham0@gmail.com,9446910761.0
20437,LP,saintantonyslps@gmail.com,9495880541.0
39303,LP,glpsedkm@gmail.com,4742484849.0
19239,LP,amlpsthiruthikkundu1979@gmail.com,8907100390.0
32327,LP,sjlpspodimattom@gmail.com,4828234073.0
33526,LP,stthomasglpspampady@gmail.com,4812504357.0
48533,LP,glpschooltharish@gmail.com,9744031374.0
41201,LP,alappadglps@gmail.com,9539359367.0
43416,LP,manackallps@gmail.com,2598226.0
20329,LP,alpschoolpullundassery@gmail.com,
18718,LP,amlpskpy@gmail.com,9961282616.0
23323,LP,glpschengaloor@gmail.com,4802752471.0
13603,LP,school13603@gmail.com,9495744204.0
41626,LP,41626kundara@gmail.com,4742523503.0
38232,LP,govtlpsthuvayoornorth@gmail.com,8111876557.0
25235,LP,snglpsthottumugham25@gmail.com,9744423571.0
39406,LP,glpskottathala123@gmail.com,4742663003.0
20503,LP,gwlpsanakkara@gmail.com,9037725547.0
45206,LP,gwlpspolasserybhagam@gmail.com,9947132325.0
42426,LP,mlpsmadanthapacha@gmail.com,4702696577.0
37416,LP,mdlpskaipuzha13@gmail.com,9495008034.0
48214,LP,kozhakkotturglps@gmail.com,4832851450.0
47455,LP,alpspullalur@gmail.com,9846756554.0
23427,LP,lpskazhuvilangu2@gmail.com,9495132819.0
24338,LP,ranaldchungath@gmail.com,8075901550.0
21407,LP,gjbspa@gmail.com,7558812047.0
17435,LP,morikkaraalps@gmail.com,9446352897.0
15339,LP,devamathaalps@gmail.com,
13713,LP,glpsmazhoor@gmail.com,4602226501.0
36305,LP,mudikkunnuglps@gmail.com,9497677812.0
36211,LP,Gglpskunnam2016@gmail.com,9495524062.0
19226,LP,gsalpsnannamukku@gmail.com,4942656850.0
48422,LP,glpsmankuth@gmail.com,4931223712.0
14622,LP,mowerimlps@gmail.com,9645649627.0
29216,LP,snlpsvenmony@gmail.com,9744515899.0
40333,LP,40333lmslps@gmail.com,4752304410.0
24419,LP,stmaryslpsenamakkal@gmail.com,4872264830.0
44418,LP,44418bfmlps@gmail.com,9446453848.0
29413,LP,glpskonnathady@gmail.com,4868262290.0
28509,LP,glpsramamangalam@gmail.com,4852278301.0
36245,LP,36245alappuzha@gmail.com,4792445413.0
25421,LP,stmaryslpsangamaly@gmail.com,9447806029.0
19412,LP,gmlpstgi@gmail.com,
14230,LP,lovelybobanreal@gmail.com,9495796262.0
42242,LP,lpgsvakkom4@gmail.com,4702656333.0
31527,LP,tpglps1918@gmail.com,4822272461.0
12082,LP,stjosephsmatalai@gmail.com,8078241751.0
34312,LP,34312thuravoor@gmail.com,4782512327.0
45210,LP,glpsullala@gmail.com,9496157998.0
25448,LP,gjbsangamaly@gmail.com,4842457210.0
26308,LP,santacruzlps123@gmail.com,9995053813.0
35316,LP,aplpsnallanickal@gmail.com,4772275513.0
14416,LP,navallurmlps@gmail.com,9747092156.0
14845,LP,vaneevilasamlps@gmail.com,4902435110.0
15327,LP,hmkunthani@gmail.com,
22204,LP,glpskurumpilavu@gmail.com,4872270558.0
15449,LP,edavakanlps@gmail.com,9497780935.0
47440,LP,gmlpskoduvally@gmail.com,2210474.0
18312,LP,iyyathingalamlps@gmail.com,4832080344.0
19845,LP,pmsamlpsperuvallur4u@gmail.com,4942434055.0
40412,LP,glpskaravoor2018@gmail.com,9400469934.0
27345,LP,glpsmavudy111@gmail.com,8547930327.0
27346,LP,glpsptcd@gmail.com,4852562840.0
28301,LP,glpsalapuram@gmail.com,4852257577.0
32328,LP,cmslpspknm@gmail.com,4828221155.0
17426,LP,karannurlpshm@gmail.com,
19506,LP,hmgflpspni@gmail.com,4942562786.0
15227,LP,hmsalpthariode@gmail.com,9745247750.0
34308,LP,34308thuravoor@gmail.com,4782564836.0
21720,LP,amjbsmannur@gmail.com,6235258265.0
44235,LP,salpsparuthanpara@gmail.com,9497639986.0
42633,LP,stgeorgelpspalode7@gmail.com,9349710728.0
15413,LP,porurglps1@gmail.com,4935256071.0
16722,LP,mandarathurmlp@gmail.com,9495220605.0
21425,LP,hmkjbskuthanur@gmail.com,9496131136.0
28304,LP,glpskakkoor@gmail.com,8547147241.0
14349,LP,kizhakkumbhagamjbs@gmail.com,9496354729.0
40432,LP,glpskelancavu40432@gmail.com,8594004373.0
45213,LP,glpsvazhekadu15@gmail.com,4829272200.0
20443,LP,kvlpschool1945@gmail.com,9495018199.0
15219,LP,ptharaglps@gmail.com,4936274580.0
21818,LP,gtwlpskathalakandi@gmail.com,9447938185.0
14214,LP,kbsedakkad774@gmail.com,8592952991.0
30429,LP,glpspasuppara@gmail.com,9961742049.0
36255,LP,36255alappuzha@gmail.com,8111859774.0
31219,LP,stjohnslpsezhacherry@gmail.com,7025090947.0
30312,LP,glpschikkanamkudy@gmail.com,7510332183.0
17203,LP,glpsazchavattam@gmail.com,4952330013.0
42222,LP,gmvlpsvarkala@gmail.com,8943084235.0
31309,LP,lflpskanjiramattom@gmail.com,6238893707.0
14325,LP,panundalpschool@gmail.com,4902540384.0
13905,LP,eramamsouthlps@gmail.com,4985284860.0
25804,LP,glpselenthikara10@gmail.com,4842485248.0
21512,LP,glpspdgmeast@gmail.com,251960.0
34319,LP,34319thuravoor@gmail.com,4782871057.0
21223,LP,calpschoolayakkad@gmail.com,9847225059.0
39509,LP,glpskanatharkunnam@gmail.com,4762830890.0
24233,LP,salpsmanathala24233@gmail.com,4872503558.0
41430,LP,lflps41430@gmail.com,8129706834.0
32213,LP,pmsa83@gmail.com,4822273589.0
18513,LP,edavannaiolp@gmail.com,4832704150.0
20512,LP,gjbspattissery@gmail.com,9497453507.0
22406,LP,gjbsmathikunnu@gmail.com,4872357678.0
18601,LP,amlpschoolaripra@gmail.com,9048905053.0
21843,LP,csmalpsedaykal@gmail.com,492243368.0
24333,LP,stfrancislpspudussery1@gmail.com,9656310120.0
20520,LP,glpsarikkad@gmail.com,4662278782.0
20304,LP,glpsveeramangalam@gmail.com,9497827945.0
18710,LP,amlpsedaikkal@gmail.com,9207680861.0
21615,LP,glpkvlpd@gmail.com,4912552026.0
42617,LP,maruthamala2016@gmail.com,8921275262.0
30424,LP,stthomaslpsamalagiri@gmail.com,9656613560.0
39316,LP,glpsvalakom1918@gmail.com,4742471033.0
39233,LP,msclps2016@gmail.com,9497130197.0
47414,LP,stthomaslpsn@gmail.com,9446669311.0
40204,LP,glpskeezhuthoni@gmail.com,4742475584.0
14520,LP,centralputhoorlps@gmail.com,9846876414.0
25627,LP,lpsthammanimattam@gmail.com,4842760193.0
19830,LP,oorakamglps@gmail.com,4942455815.0
18414,LP,amlpskodur@gmail.com,4832752452.0
27343,LP,glpsmaramangalam@gmail.com,9961577866.0
18736,LP,puthurgmlps@gmail.com,4933216411.0
47602,LP,gnanodayameravattur@gmail.com,4962614125.0
29240,LP,cmslpschooladoormala@gmail.com,4862255289.0
19836,LP,peruvallurglps@gmail.com,9446882907.0
19829,LP,amlpskuttursouth@gmail.com,4942450094.0
25203,LP,settlementglps@gmail.com,
25631,LP,glpsvadavucode@gmail.com,4842733100.0
44532,LP,slmslps44532@gmail.com,9400083911.0
36330,LP,anujitgeoge@gmail.com,4792369090.0
38230,LP,glpsthottuva@gmail.com,4734289700.0
23222,LP,sannskoplipadam@gmail.com,4802743079.0
19715,LP,chennaraamlps@gmail.com,
17329,LP,amlpsvellayicode@gmail.com,4952431870.0
37639,LP,govtlpskolathoor@gmail.com,4692687132.0
40418,LP,glpsnellippally@gmail.com,9744149824.0
47618,LP,glpschoolputtad@gmail.com,4962616825.0
19346,LP,alpsthozhuvanoor24@gmail.com,9895290409.0
32334,LP,glpsthampalakkad@gmail.com,4828226345.0
22444,LP,alpschuvannamannu@gmail.com,9495831496.0
24218,LP,pvmlps@gmail.com,4872503667.0
19409,LP,pmsalpskachadi@gmail.com,4942462256.0
44509,LP,govtlpskulathoor@gmail.com,4712214242.0
41210,LP,maruthoorkulangaraglps@gmail.com,
32425,LP,cmslpsnpja@gmail.com,9847659899.0
19737,LP,iimlpskuttayinorth123@gmail.com,9495577818.0
42622,LP,gtsthannimoodu@gmail.com,4742910692.0
15220,LP,thengumundaglpshm@gmail.com,4936274455.0
18452,LP,gmlpsponmala@gmail.com,7012112932.0
40417,LP,gmlpskuthirachira417@gmail.com,4752220477.0
37533,LP,salpsvallamala@gmail.com,9847427332.0
25492,LP,vidyanikethankarukutty@gmail.com,4842612633.0
29309,LP,glpsinchiyany@gmail.com,8281628077.0
42512,LP,mukkolackal.glps.hm@gmail.com,-2534526.0
33438,LP,hmbakerlp@gmail.com,4812564180.0
16411,LP,mlpscheekkonnu@gmail.com,9048451990.0
20401,LP,kalladipattaglps@gmail.com,4662233351.0
19742,LP,amlpschoolmangalam@gmail.com,8547406363.0
14318,LP,school14318@gmail.com,4902384420.0
11230,LP,alpsudyawarbhagavathi@gmail.com,9495953396.0
41229,LP,41229idealthazhava@gmail.com,2625785.0
18441,LP,glpsperingottupulam@gmail.com,9446666544.0
42616,LP,glpsmuthuvila@gmail.com,4722821975.0
33249,LP,stantonyslps79@gmail.com,7994174140.0
25812,LP,townmodelschool2015@gmail.com,4842447242.0
47224,LP,amlpsthathoor@gmail.com,9947850738.0
48538,LP,glpschooltuvvur@gmail.com,9497872074.0
16827,LP,16827hm@gmail.com,
39529,LP,govtlpseravichira@gmail.com,4762852543.0
31425,LP,stthomaslps100@gmail.com,4812546707.0
47641,LP,elankamalamlps@gmail.com,9544841417.0
23313,LP,alpsvellany@yahoo.com,4802875555.0
26427,LP,st.francislpsputhiyakavu1913@gmail.com,4842774744.0
27254,LP,snemokkal@gmail.com,9188144429.0
14743,LP,kanadlps@gmail.com,4902486500.0
42407,LP,glpsmadavoor123@gmail.com,4702682244.0
17324,LP,alpssavio@gmail.com,4952357017.0
14439,LP,kariyadtherulpschool@gmail.com,4902397277.0
16627,LP,kuttippramalpschool@gmail.com,9539570291.0
44305,LP,glpskkulangara@gmail.com,9495746076.0
36450,LP,blesysibi23@gmail.com,7012846960.0
42520,LP,govlpspazhayatheruvu@gmail.com,4722851163.0
38702,LP,glpsattachackal2017@gmail.com,9747655911.0
30460,LP,snemsana138@gmail.com,4869263020.0
39329,LP,kurupsarayu@gmail.com,4742078100.0
20347,LP,svalpskulikkiliyad@gmail.com,9947067867.0
22207,LP,glpsthrikkur@gmail.com,4872357588.0
25607,LP,glpskolenchery@gmail.com,4842765244.0
11312,LP,11312mayyala@gmail.com,9496861641.0
34208,LP,34208cherthala@gmail.com,4782594866.0
26303,LP,ghslpsmattancherry@gmail.com,4842227220.0
15431,LP,assisilpscheloor@gmail.com,4935250421.0
30524,LP,nsslps30524@gmail.com,9656610109.0
18223,LP,thavanurgmlps@gmail.com,4832756664.0
34331,LP,34331thuravoor@gmail.com,7907500485.0
32401,LP,alapragovtlps@gmail.com,9074153455.0
13802,LP,glpskodallur@gmail.com,4972784668.0
13473,LP,rahmaniyaemlps@gmail.com,4602259310.0
18704,LP,anamangadalps@gmail.com,4933205488.0
42611,LP,glpskollayil1@gmail.com,6238296460.0
44537,LP,rclpsuchakkada@gmail.com,4712209016.0
39302,LP,39302veliyam@gmail.com,4742494537.0
11227,LP,ialpsichilangod@gmail.com,8547461034.0
19320,LP,karthalaalpschool@gmail.com,4942609803.0
19857,LP,amlpschoolparappurwest@gmail.com,9496738131.0
47525,LP,glpsknlr@gmail.com,9497834500.0
13577,LP,adlpspallikkara1@gmail.com,4972874799.0
38407,LP,cmslps38407@gmail.com,9745179317.0
16607,LP,gwlpsvalayam16607@gmail.com,9846756870.0
14634,LP,hmedumbalpschool@gmail.com,4902401022.0
13919,LP,hmgmlpspalakode@gmail.com,4985210590.0
48202,LP,gmlpsareacodewest@gmail.com,9744116829.0
13931,LP,13931staugustine@gmail.com,4985212712.0
44346,LP,lmlpsperumana2017@gmail.com,9446558523.0
36348,LP,36348chengannur@gmail.com,9400268450.0
31517,LP,kttmlpschool@gmail.com,4822216181.0
32221,LP,glpspoonjar@gmail.com,4822277300.0
47507,LP,puthoorvattam0@gmail.com,9846787810.0
16636,LP,perumundacherimlps@gmail.com,4962224117.0
44407,LP,44407jbsnta@gmail.com,4712227920.0
16438,LP,kunnummallvlps@gmail.com,9447345589.0
13739,LP,ariyileastlp@gmail.com,8590163836.0
43303,LP,oolamparagovtlps@gmail.com,9495405177.0
39420,LP,gnlpspanthaplavu@gmail.com,
36310,LP,jbgs2016@gmail.com,9747528804.0
19322,LP,glpskattipparuthi@gmail.com,9846554094.0
44439,LP,44439sjlps@gmail.com,9895448471.0
48448,LP,veettikuthglp@gmail.com,4931224269.0
36302,LP,36302glpsareekkara@gmail.com,9746825567.0
18337,LP,amlpsnediyiruppuamlps123@gmail.com,8547355616.0
16434,LP,cherapuramsouthmlpschool@gmail.com,8547316498.0
18564,LP,udayakumarvlki@gmail.com,9495583194.0
21809,LP,gtwlpsgottiyarkandi@gmail.com,8943618909.0
30346,LP,alpssurianelli@gmail.com,4868249307.0
25247,LP,glpssmn@gmail.com,4842602822.0
27355,LP,olmclps@gmail.com,4852586623.0
16624,LP,Kodiyuralps@gmail.com,9947334816.0
42215,LP,govtlpspanayara@gmail.com,4702603026.0
22412,LP,stclaresclps12@gmail.com,2331391.0
23527,LP,stjudelpskaringachira20@gmail.com,9496348860.0
41635,LP,41635kundara@gmail.com,4742523407.0
45321,LP,stjosephlpsnjeezhoor@gmail.com,7907743205.0
44336,LP,lmlpsmadathikonam3@gmail.com,9526580726.0
42418,LP,glpspuliyoorkonam@gmail.com,4702682525.0
16517,LP,kuluppaalp@gmail.com,9645055905.0
13736,LP,glpschoolthurumbi@gmail.com,9496770111.0
18339,LP,gmlpsnediyiruppu@gmail.com,9446521901.0
41602,LP,41602kundara@gmail.com,9846865935.0
14424,LP,periyandilps7@gmail.com,9947186166.0
47527,LP,gmlpskanthapuram@gmail.com,4962647155.0
48517,LP,glpschoolkooripoyil@gmail.com,9745029594.0
47624,LP,amlpskalloorkoothali@gmail.com,4962615458.0
18317,LP,amlpskarippur@gmail.com,9746813250.0
40425,LP,vanmala.glps.40425@gmail.com,9946996450.0
21602,LP,kalpathyajbs@gmail.com,9495827805.0
37209,LP,glpsmuthoor@gmail.com,9447410037.0
48233,LP,amlpsvakkalur@gmail.com,7012549010.0
15452,LP,glpsvilambukandam@gmail.com,9497644180.0
12417,LP,vimalalpschool@gmail.com,4672241366.0
47544,LP,nirmallureastalps@gmail.com,
36225,LP,36225gwlpsp@gmail.com,9446619247.0
21302,LP,gvlpschittur@gmail.com,4923221095.0
18420,LP,amlps.panikkerkundu@gmail.com,9744750956.0
38218,LP,glpsnedumon@gmail.com,4734244430.0
14736,LP,velliyamparambalpschool@gmail.com,9846304227.0
38293,LP,arogyamatha1987@gmail.com,9497633815.0
17518,LP,amlpschoolkadaludi@gmail.com,4952473510.0
18633,LP,alpspathiramanna@gmail.com,9946965664.0
21317,LP,nellimeduglps@gmail.com,4923234789.0
15324,LP,glpsambukuthy1@gmail.com,4936260105.0
31526,LP,salpspravithanam@gmail.com,4822247405.0
25809,LP,glpsnpr@gmail.com,4842508303.0
17529,LP,thattadathumkave@gmail.com,9496257863.0
46415,LP,stmichaellpsvld@gmail.com,9447618822.0
24229,LP,snlpskottapadi@gmail.com,4872555607.0
13924,LP,kvsalps@gmail.com,4985281050.0
21862,LP,sdalpstpara@gmail.com,7736355438.0
17214,LP,glpsthoppayil@gmail.com,9895774868.0
16451,LP,glpscheriyakumbalam@gmail.com,4962598813.0
44334,LP,stmathewslpskpm@gmail.com,4712257122.0
14410,LP,chothavooreastlpschool@gmail.com,9745547310.0
40203,LP,townlpskadakkal@gmail.com,4742422545.0
35214,LP,35214alappuzha@gmail.com,9946158690.0
13803,LP,koralaiglps@gmail.com,4602955388.0
22663,LP,littleflowerlpsponnore@gmail.com,4872286760.0
23204,LP,gtsrandukai@gmail.com,4802741040.0
29423,LP,govtlpssengulam@gmail.com,4864277068.0
42514,LP,glpsndd@gmail.com,4722991822.0
41414,LP,41414lmskollam@gmail.com,4742742720.0
41204,LP,gmlpskply@gmail.com,4762620567.0
41624,LP,stmaryslps41624@gmail.com,4742521057.0
43212,LP,glpssasthamangalam@yahoo.com,2316177.0
38222,LP,govtlpspannivizhaeast@gmail.com,8547579837.0
19741,LP,mangalamalps@gmail.com,9747051497.0
45323,LP,glpsandoor2016@gmail.com,4822250650.0
18522,LP,amlpskidangayam1@gmail.com,9495914645.0
31522,LP,meenachilaidedlps@gmail.com,4822215701.0
18712,LP,alpselamkulam@gmail.com,9846576577.0
47219,LP,kuruvattoorwestamlps@gmail.com,8075032838.0
16656,LP,nmlps673506@gmail.com,9045871702.0
43410,LP,glpskoppam1333@gmail.com,472581333.0
19665,LP,amlpsperumanna@gmail.com,9747996382.0
19309,LP,amlpsedachalam@gmail.com,9495297113.0
33236,LP,gslblpskumarakom@gmail.com,2524911.0
14330,LP,pathiriyadwestlps@gmail.com,8921664544.0
14423,LP,peringalamnorthlpschool@gmail.com,9447228371.0
45219,LP,karippadamkmlps@gmail.com,7909154482.0
21524,LP,malpspallam123@gmail.com,9447361727.0
15411,LP,stthomaslpsarinjermala@gmail.com,
14510,LP,lijilalv@gmail.com,9495224688.0
19640,LP,gmlpstanurnorth@gmail.com,4942443361.0
43216,LP,govtlpsvaliasala@gmail.com,9447944642.0
29306,LP,glpsarikuzha2022@gmail.com,9947710437.0
47633,LP,hmkavilamlps@gmail.com,8606087525.0
18428,LP,puthiyamaliyekkal@gmail.com,9562414141.0
32435,LP,stpeterlps123@gmail.com,9447045741.0
37635,LP,vaipurdblps@gmail.com,7559966588.0
12306,LP,12306glpshosdurgtheruvath@gmail.com,4672201233.0
47319,LP,hmglpskumaranellur@gmail.com,9846574619.0
21251,LP,alpskottarassery21@gmail.com,9656695055.0
21945,LP,hfcponnamkode@gmail.com,6235650841.0
48257,LP,vedatkr123@gmail.com,9744146061.0
15410,LP,kuppathodeglps@gmail.com,9961135686.0
42229,LP,shclps@gmail.com,4702656726.0
16227,LP,16227hmchombala@gmail.com,9497867878.0
11446,LP,glpsanangoor@gmail.com,4994225780.0
30205,LP,nmlpsidukki@gmail.com,9061334012.0
25825,LP,shjlpselenthikara@gmail.com,4842485271.0
19636,LP,amlps19636@gmail.com,9495070849.0
42427,LP,kcmlpsnavaikulam@gmail.com,4702993754.0
16549,LP,velps.mkm@gmail.com,4962679840.0
17205,LP,glpskatcheri@gmail.com,6282515044.0
24318,LP,emschoolkpl@gmail.com,0.0
48536,LP,thiruvaliglps@gmail.com,4832720688.0
23317,LP,klpsrappal@gmail.com,4802793225.0
23339,LP,mapranamstxaviersclps@gmail.com,4802832994.0
13531,LP,thavathdvlps@gmail.com,9744007670.0
19230,LP,ajbsnellisseri@gmail.com,9947103901.0
29357,LP,smlpsthennathoor@gmail.com,9847336901.0
19714,LP,kottjtilpstirur@gmail.com,7025787709.0
12322,LP,12322alpsballakadappuram@gmail.com,9400760752.0
37513,LP,mtlpseanthanoly@gmail.com,4692689210.0
14541,LP,lpsputhoor@gmail.com,9847490360.0
12334,LP,12334salpspanangad@gmail.com,9497719735.0
38513,LP,glpsvattarkayam1@gmail.com,9495414474.0
42210,LP,lpbskurakkanni@gmail.com,9447342489.0
25449,LP,25449glpskulangara@gmail.com,4842455710.0
28210,LP,anicad28210@gmail.com,4852833496.0
39312,LP,glpsthevannoor.gov@gmail.com,4742670400.0
20642,LP,alpsamayurnorth@gmail.com,9747018121.0
13302,LP,glpsanayidukku@gmail.com,
13710,LP,kuttikkollpsnorth@gmail.com,9496776200.0
21431,LP,alpschoolparuthippully@gmail.com,8281543207.0
17507,LP,glpsnallurferoke@gmail.com,9446781728.0
13636,LP,school13636@gmail.com,9495637801.0
14501,LP,glpskallaraykal@gmail.com,4902317580.0
35222,LP,35222beachlpspunnapra@gmail.com,4772287951.0
19816,LP,koomannagmlps@gmail.com,4942434006.0
13725,LP,alpspoonamgode@gmail.com,9947965217.0
19727,LP,headmastersouthpallar@gmail.com,6238843404.0
43302,LP,oruvathilkottalps@gmail.com,4712740226.0
23402,LP,cmmolps@gmail.com,9846982354.0
18505,LP,arukizhayaglps@gmail.com,4832765650.0
23521,LP,stxavierslpsthanissery@gmail.com,4802776296.0
18517,LP,gmlpskarakunnu@gmail.com,9447275070.0
16247,LP,16247hmchombala@gmail.com,9544110848.0
48537,LP,thodikappulamalps@gmail.com,9847531744.0
26228,LP,stjoseph26228@gmail.com,9645816929.0
17207,LP,glpskannachery@gmail.com,9446729367.0
13429,LP,stthomasalpskotturvayal@gmail.com,4602233080.0
33416,LP,kochumattomlpschool@gmail.com,9744936170.0
21526,LP,pkmlpspallassana@gmail.com,4923268299.0
33432,LP,thappadylps@gmail.com,9446670565.0
18723,LP,gmlpsm@gmail.com,9847403940.0
28305,LP,glpskurukkunnapuram@gmail.com,6282219724.0
19302,LP,alpsckpara5@gmail.com,9846205238.0
15303,LP,glpsmandat@gmail.com,4936231155.0
39424,LP,gwlpsperumkulam@gmail.com,4742662013.0
38305,LP,gwlps305@gmail.com,4734228060.0
21305,LP,hmglpselappully@gmail.com,4912584116.0
33329,LP,govttlps@gmail.com,4812423378.0
41305,LP,glpskamankulangara@gmail.com,4762682122.0
21221,LP,salpsmelarcode@gmail.com,4922244109.0
16415,LP,glpskoodalil2017@gmail.com,9995280402.0
21423,LP,alps678572@gmail.com,9188450172.0
37411,LP,ullannoorgsnv@gmail.com,4682287210.0
29414,LP,sreedevilpschool@gmail.com,4864200542.0
30317,LP,glpsmarayoor@rediffmail.com,4865252828.0
16806,LP,mlpscherandathur@gmail.com,8281923552.0
30322,LP,alpschittavurrai@gmail.com,9447574185.0
16546,LP,vemlps@gmail.com,9495242717.0
13194,LP,makrerilps@gmail.com,4972827338.0
35227,LP,35227alappuzha@gmail.com,8891390990.0
19516,LP,gramamglps@gmail.com,9544570692.0
42438,LP,glpsparakulam@gmail.com,7012596568.0
37438,LP,sreevijayanandavidyalaya@gmail.com,4682289140.0
19638,LP,kozhichenalp@gmail.com,9496696876.0
21832,LP,pooncholaglps@gmail.com,8590515859.0
19853,LP,koyappagmlps@gmail.com,4942400060.0
19747,LP,avlpsperunthallur@gmail.com,9846957424.0
36308,LP,hmthiruvanvandoor@gmail.com,9895346229.0
19818,LP,glpskodalikundu@gmail.com,4942450044.0
23211,LP,skunjavara@gmail.com,9746229506.0
23511,LP,fmlpsvellanchira@gmail.com,9745214166.0
38617,LP,musaliarmodellps@gmail.com,9497816263.0
16455,LP,alakkadmlp@gmail.com,4962588159.0
13819,LP,morazhawest@gmail.com,9846308372.0
44433,LP,msclpsvaliyavila@gmail.com,9495123121.0
14602,LP,kannavamglps@gmail.com,
31318,LP,lpsmoozhoor@gmail.com,4812552522.0
19809,LP,gmlpsiringallur@gmail.com,4832838583.0
18361,LP,vennayuramlps@gmail.com,4942400034.0
41406,LP,glpsneeravil@gmail.com,7034253938.0
13608,LP,school13608@gmail.com,
16709,LP,chemmarathurwlpschool@gmail.com,4962231660.0
13411,LP,clpsckpara@gmail.com,4602215618.0
14207,LP,alambathmlps@gmail.com,4902332470.0
31220,LP,smlpskadanad@gmail.com,4822224234.0
43217,LP,lpgsvaliathura@gmail.com,2508826.0
23316,LP,alpsponkothra@gmail.com,9995547051.0
37305,LP,glpsothera@gmail.com,9497817209.0
30316,LP,gatpschoolmunnar@gmail.com,4865231375.0
43234,LP,lpspachalloor@gmail.com,9446315062.0
19716,LP,gmlpskuttayisouth1957@gmail.com,4942632500.0
11422,LP,glpspanoor@gmail.com,0.0
44229,LP,44229stjoseph@gmail.com,4712266456.0
46319,LP,smsslpspandankary@gmail.com,9605449432.0
11433,LP,11433nialpsdeli@gmail.com,9847573593.0
19316,LP,alpschoolirimbiliyam@gmail.com,9645432960.0
45307,LP,stmaryslpbs@gmail.com,4822231860.0
20307,LP,glpselmby@gmail.com,46622269049.0
13304,LP,cheloranlps@gmail.com,9495459061.0
38226,LP,glpsputhenpurackal@gmail.com,9496412524.0
21506,LP,gmlpsmmda@gmail.com,4923275223.0
13530,LP,mattoolalps@gmail.com,4972841210.0
23434,LP,glpspaingode8@gmail.com,4802867200.0
40304,LP,anchalglps@gmail.com,4752270230.0
22432,LP,dblpsmannuthy@gmail.com,4872371015.0
17433,LP,milpskakkodi@gmail.com,9995792133.0
19311,LP,halpsedayur@gmail.com,4942642545.0
42527,LP,lpsuzhamalackal@gmail.com,9495407082.0
30315,LP,glpsmunnar@gmail.com,4865231522.0
19518,LP,mumlpmry@gmail.com,9447831880.0
43327,LP,bethlehememschool@gmail.com,8281808314.0
38539,LP,cmsvechoochira@gmail.com,4735265013.0
42604,LP,govtlpschayam@gmail.com,4722856066.0
21212,LP,glpsvavulliapuram@gmail.com,
35211,LP,35211leoxiiilps@gmail.com,2246330.0
41426,LP,41426holyfamilytuet@gmail.com,9495080051.0
18331,LP,glpsmorayur@gmail.com,4832776010.0
28513,LP,stmaryslps5@gmail.com,4842749310.0
44421,LP,44421lms@gmail.com,9400331249.0
48406,LP,glpscholamunda@gmail.com,9495133776.0
44528,LP,lmslps555@gmail.com,4712230126.0
43328,LP,scphglps@gmail.com,9495666329.0
33361,LP,stjosephkurumpanadom@gmail.com,9497088411.0
40214,LP,jawaharlpskurakkodu@gmail.com,4742427800.0
18347,LP,alpbsparammal@gmail.com,7025547148.0
42332,LP,glpspzy@gmail.com,4702636823.0
25443,LP,nmclpsvattekad@gmail.com,4842614346.0
47329,LP,gmlpschathavennacode@gmail.com,4952287766.0
36206,LP,glps36206@gmail.com,9447377963.0
19723,LP,hmgmlpsmuttanur@gmail.com,9496459076.0
37327,LP,perumparalps146@gmail.com,9747623697.0
24328,LP,mtspazhanji.2010@gmail.com,8281815656.0
44441,LP,stmarys44441@gmail.com,4712263526.0
11210,LP,glpskanwathirtha11210@gmail.com,4998278044.0
18486,LP,principal.malabarschool@gmail.com,4832733777.0
21210,LP,hmgmlpsputhucode@gmail.com,8075682591.0
42508,LP,kalathukallps@gmail.com,9495243531.0
43417,LP,mangalapuramlps@gmail.com,4712617319.0
43407,LP,gskvlpskadinamkulam19@gmail.com,9446635668.0
26220,LP,stmarycglp@gmail.com,4842373353.0
36297,LP,mattomstjohnsnurseryschool@gmail.com,4792304810.0
18544,LP,cmalpspandikkad@gmail.com,9495360105.0
20641,LP,unionalps@gmail.com,9447478007.0
20508,LP,glpskmr123@gmail.com,9539176760.0
26414,LP,stgeorgelpsakm@gmail.com,4842749007.0
20628,LP,alpsmaruthur1926@gmail.com,9605355567.0
43406,LP,lpskadinamkulam@gmail.com,9995080089.0
15447,LP,hmglpspayingattery@gmail.com,
31225,LP,northlps25@gmail.com,9497092347.0
14801,LP,anappanthyglps@gmail.com,4902422912.0
44440,LP,44440lpsmpm@gmail.com,4712234262.0
31503,LP,glpskaroor2015@gmail.com,9495561291.0
42304,LP,glpsramachamvila@gmail.com,4702623726.0
19326,LP,amlpskodumudi@gmail.com,7034741212.0
27237,LP,kodanadsndplps@gmail.com,4842647670.0
42421,LP,glpstkd@gmail.com,4702692232.0
22421,LP,popejohnlps@gmail.com,8086431697.0
15302,LP,glpskariampadi@gmail.com,9539419987.0
19338,LP,emalpsparavannur@gmail.com,4942547560.0
41619,LP,41619kundara@gmail.com,4742552360.0
15306,LP,sjalpsvazhavatta@gmail.com,4936246216.0
36388,LP,aksharamnr@gmail.com,4792316948.0
22224,LP,alpstky@gmail.com,9497625095.0
31302,LP,glpskozhuvanal@gmail.com,4822269969.0
37520,LP,mdlpschool2017@gmail.com,7907207399.0
23421,LP,gflpsedavilang30@gmail.com,4802815300.0
20445,LP,vcmlpsvallappuzha@gmail.com,9526549486.0
26505,LP,stgeorgechakkarakadav@gmil.com,9947719494.0
16202,LP,vdlpsmuttungal@gmail.com,9495052066.0
22238,LP,dmlpwings@gmail.com,9446882964.0
45305,LP,stmaryslpskalathoor1@gmail.com,4822229403.0
47436,LP,amlpsparambathkave@gmail.com,4952213570.0
18214,LP,hmamlpspalakkad@gmail.com,9846594828.0
39433,LP,govtnewlps@gmail.com,2616602.0
14434,LP,bavantaparambalps@gmail.com,9747558074.0
48522,LP,glpschoolpedayanthal@gmail.com,9495227927.0
15312,LP,hmglpskadalmad@gmail.com,4936218050.0
21527,LP,sllpspply@gmail.com,9495250841.0
45327,LP,govtlpschoolkattampack@gmail.com,4829264210.0
16530,LP,nmlpsnitumpoyil@gmail.com,4962675045.0
31213,LP,glpsramapuram@gmail.com,4822263209.0
14728,LP,neervelilpschool@gmail.com,49022369938.0
21728,LP,ablpschoolthrippalamunda@gmail.com,0.0
36221,LP,glpgskkd36221@gmail.com,9562783055.0
27353,LP,stjeromesnjarakkad@gmail.com,8547454904.0
13339,LP,cheloralps@gmail.com,9995228592.0
23318,LP,hmalpsalathur@gmail.com,4802989690.0
24414,LP,sdlpschoolpavaratty@gmail.com,9446625731.0
24231,LP,alpskavukkanapetty@gmail.com,8330054187.0
46303,LP,glpsmithrakaryeast@gmail.com,4772219960.0
40402,LP,ariancavuglps@gmail.com,4752211675.0
29347,LP,hmstlpskolady@gmail.com,9544585239.0
44238,LP,staloysiuslps44238@gmail.com,8848183167.0
40423,LP,glpsthenmala@gmail.com,4752344828.0
24538,LP,stthomaslpsengandiyur4@gmail.com,4872290206.0
15386,LP,stjohnsschoolmoolankave@gmail.com,4936223870.0
38705,LP,glpskoodalmurinjakal@gmail.com,4682396040.0
43421,LP,glpsnannattukavu@gmail.com,4712719665.0
39511,LP,glpskidangayamnorth@gmail.com,7012942533.0
14618,LP,manantherimlps@gmail.com,9645770987.0
31310,LP,stantonyslpskompara@gmail.com,9847863788.0
13617,LP,school13617@gmail.com,4602240463.0
45233,LP,stthomaslpschempu1921@gmail.com,4829273037.0
31451,LP,govt.jblps5@gmail.com,4812539377.0
44535,LP,lmslpspoovathoor@gmail.com,9400431459.0
16706,LP,16706.aeotdnr@gmail.com,4962591368.0
13333,LP,thilannurlps@gmail.com,
32419,LP,cmslps1905@gmail.com,4812485944.0
22240,LP,paralamschool@gmail.com,8086864646.0
26330,LP,glpscentralcalvathy@gmail.com,4842215856.0
38712,LP,glpsvkm@gmail.com,4682306584.0
16603,LP,gmlpskannankai@gmail.com,4962551107.0
38210,LP,gslpskodumon@gmail.com,4734280930.0
19407,LP,headmastereamlps@gmail.com,9497830217.0
13937,LP,hm.kankolalps@gmail.com,4985282256.0
37620,LP,nmlpskariamplave10@gmail.com,4812080702.0
29232,LP,sjlpsmulakuvally@gmail.com,9495041963.0
21213,LP,headlpsmangalam@gmail.com,9072305367.0
19530,LP,alpspuduponnani@gmail.com,9544329149.0
13301,LP,aichureastlpschool@gmail.com,9895373144.0
24208,LP,glpschoolkarayoor@gmail.com,4872552144.0
16480,LP,nemsvattoli@gmail.com,
41614,LP,41614kundara@gmail.com,4742707411.0
12315,LP,12315glpspadnekad@gmail.com,4672282397.0
46208,LP,46208alappuzha@gmail.com,9400536464.0
18230,LP,glpsvparappur26@gmail.com,9745568240.0
16732,LP,snlpsthiruvallur@gmail.com,9497450272.0
16318,LP,karayadalp@gmail.com,9645656464.0
11327,LP,gwlpadoor11327@gmail.com,9447089652.0
36352,LP,stmaryemupschool@yahoo.com,9544512557.0
35314,LP,hmsnlps@hotmail.com,4772287567.0
13313,LP,kclps14@gmail.com,7012505092.0
18706,LP,alpscheerattamala@gmail.com,9747432468.0
21634,LP,salafischoolpalakkad@gmail.com,9496771056.0
15238,LP,glpsvrindavan@gmail.com,0.0
18553,LP,glpsramankulam18553@gmail.com,4832765350.0
19732,LP,glpsthekkummuri@gmail.com,4942940621.0
44213,LP,glpsmuttacaud@gmail.com,4712483015.0
13821,LP,naniyooralp@gmail.com,9747019896.0
48429,LP,gov.lpsnaduvakkad@gmail.com,9048135369.0
33245,LP,glpsmudiyoorkkara@gmail.com,4812595273.0
37335,LP,mtthottapuzhasserry@gmail.com,8547896716.0
36339,LP,pavukkaramdlps@gmail.com,9495073234.0
13306,LP,chembilodelps@gmail.com,9605169907.0
38308,LP,thottakkonamgovtlps@gmail.com,4734252769.0
25411,LP,25411glpsmambra@gmail.com,8943561966.0
40205,LP,glpskottukkal345@gmail.com,9633060739.0
13708,LP,premjigranma@gmail.com,40602238625.0
13197,LP,mambalps@gmail.com,8157949396.0
39507,LP,glpsinchakkadu71@gmail.com,9947431032.0
26431,LP,cezmlpstpra101@gmail.com,2785773.0
22609,LP,gjbsnedupuzha1@gmail.com,
18631,LP,amlpspba@gmail.com,4933287317.0
13526,LP,irinavethekkumbadalps@gmail.com,8921164064.0
25610,LP,glpsmalayidamthuruth@gmail.com,4842676735.0
23933,LP,st.josephskdlr@gmail.com,4802806749.0
41506,LP,klm41506@gmail.com,9895700112.0
48318,LP,gmlpspallikkuth@gmail.com,4933235880.0
25204,LP,glps25204@gmail.com,9497888259.0
20618,LP,amlpschooledappalam@gmail.com,9446878002.0
47420,LP,westamlpsparannur@gmail.com,4952245300.0
20408,LP,eealpspombilaya@gmail.com,9847221468.0
41402,LP,glpskolloorvila41402@gmail.com,9567069559.0
44216,LP,kvlpsthalayal@gmail.com,9744130764.0
22608,LP,glpsmullur@gmail.com,4872304970.0
29440,LP,glpschelachuvadu@gmail.com,4862234333.0
34206,LP,34206cherthala@gmail.com,9497245082.0
33243,LP,stthomaslpsmalloossery@gmail.com,8921881694.0
36241,LP,changavilalps@gmail.com,4792325470.0
21327,LP,lpsvengody@gmail.com,8078098121.0
33354,LP,paippadgmlps@gmail.com,4812406222.0
11406,LP,glpsce@gmail.com,4994239351.0
19203,LP,mmlpsnelissery@gmail.com,9746446662.0
39459,LP,dvemlpschool@gmail.com,9496407686.0
36403,LP,thayyilthekkulps@gmail.com,4792439012.0
38214,LP,gwlpsmannady2017@gmail.com,4734213434.0
34243,LP,34243cherthala@gmail.com,9400400636.0
21519,LP,nemmaraglps@gmail.com,4923242542.0
41404,LP,hslpsmangad@gmail.com,9847734631.0
37611,LP,cmslpschoolayroor@gmail.com,9947633795.0
16335,LP,kakkancheryalps@gmail.com,
18451,LP,gmlpsmelmuricentral@gmail.com,4832730166.0
47619,LP,kannambathalpschool@gmail.com,4962614119.0
21622,LP,gmoyanlpspkd@gmail.com,9496468623.0
24540,LP,tmlpsthalikulam1942@gmail.com,
12413,LP,glpsvadakkepuliyannur@gmail.com,4672235050.0
11435,LP,kalpskotoor@gmail.com,4994250930.0
23433,LP,glpshskarupadanna@gmail.com,4802861443.0
18436,LP,glpskottakkal@gmail.com,4832744100.0
27365,LP,elampralps@gmail.com,
20630,LP,hmalpsmelmuri@gmail.com,6282733033.0
44231,LP,ptmlpsmaruthoorkonam@gmail.com,4712266126.0
19523,LP,panampadwest@gmail.com,9288903111.0
18549,LP,alpspazhedam01@gmail.com,7025076273.0
38541,LP,nmlpsmannarathara@gmail.com,4735201118.0
37621,LP,stlittle2018@gmail.com,9495734335.0
47457,LP,shirlpschool@gmail.com,4952990136.0
33224,LP,chengalamstjosephlps@gmail.com,4812517126.0
37253,LP,snvengnurseryandlp@gmail.com,4692738468.0
19533,LP,glpskanhiramukku@gmail.con,9544638575.0
39416,LP,govt.kvlpsmylom@gmail.com,9744521050.0
21340,LP,bemlpspanayur@gmail.com,9037686966.0
43408,LP,glpskanya1357@gmail.com,4722834358.0
19336,LP,pmsamlpspknlr@gmail.com,
22213,LP,kmlpskadalassery@gmail.com,8078169985.0
13611,LP,school13611@gmail.com,4972867330.0
30438,LP,stmathewslpswld@gmail.com,4869253552.0
18314,LP,amlpskalothnediyiruppu@gmail.com,4832711822.0
40305,LP,glpsarchal40305@gmail.com,4752270218.0
46216,LP,marymathalpspunnakunnam@gmail.com,4772991260.0
24301,LP,erumapettyglps@gmail.com,4885264417.0
17417,LP,badiruralps@gmail.com,4952265958.0
33514,LP,cmslpskothala@gmail.com,9447676961.0
41411,LP,41411kollam@gmail.com,4742796633.0
47613,LP,glpscfmuthukad@gmail.com,9946733519.0
35301,LP,hmkaradiamayida@gmail.com,9809455129.0
19702,LP,fmemlpsthazhepalam@gmail.com,2425594.0
29238,LP,smlpsidukki@gmail.com,9074746370.0
15305,LP,hmwolps@gmail.com,4936284084.0
28214,LP,stlpsnadukkara@gmail.com,9495379162.0
48506,LP,alpsayanicode@gmail.com,9961669949.0
42511,LP,glpskvl@gmail.com,4722805152.0
48526,LP,glpspanampoyil@gmail.com,9446154409.0
41502,LP,41502kollam@gmail.com,4742516099.0
25211,LP,glpsthiruvalloor04@gmail.com,4842670003.0
19765,LP,gwlpspurathur01@gmail.com,4942563087.0
19823,LP,amlpskundilparamba@gmail.com,9446290621.0
36451,LP,majlisschool@gmail.com,4792441403.0
48409,LP,mmmlpschoolkalkulam@gmail.com,9846643311.0
21806,LP,glpschundottukunnu@gmail.com,9061373524.0
14343,LP,vwjbs2021@gmail.com,9495687692.0
21820,LP,glpskumaramputhur@gmail.com,4924230032.0
19694,LP,svnkalad@gmail.com,4942422212.0
31201,LP,glpsaimcompu@gmail.com,4822246001.0
32415,LP,stthomasktr7@gmail.com,4828248110.0
17510,LP,colpskolathara@gmail.com,4952420807.0
14212,LP,kallilvichithra@gmail.com,4902356898.0
44224,LP,lutheranlpsanthiyoor44224@gmail.com,9497162657.0
19806,LP,amlpschathrathody@gmail.com,4942434411.0
13350,LP,Valiyannurlpschool1234@gmail.com,4972722102.0
33433,LP,cmslpschoolthottakkad@gmail.com,9497664302.0
18526,LP,amlpskuttasseri@gmail.com,9747509794.0
16702,LP,vprakasan84@gmail.com,4962591541.0
21306,LP,gwlpselappully@gmail.com,4912583385.0
14346,LP,cclpsschool@gmail.com,4902306710.0
48211,LP,jmlpskc@gmail.com,9447884607.0
41511,LP,glpskoippad@gmail.com,4742590610.0
34326,LP,mamlps34326@gmail.com,4782523111.0
38527,LP,mdlpspoozhikkunnu@gmail.com,4735201038.0
18338,LP,glpsnediyiruppu@gmail.com,4832713727.0
16841,LP,16841hm@gmail.com,9961441546.0
16332,LP,vakamolialps@gmail.com,4962677755.0
14339,LP,ponniamwestlps@gmail.com,4902307010.0
47512,LP,amlpsnaduvallur@gmail.com,9946048909.0
14319,LP,madathumbhagamlp@gmail.com,9497839634.0
24221,LP,cherayinorth24221@gmail.com,9495739358.0
41574,LP,newholyangelsschool@gmail.com,4742555668.0
35424,LP,35424haripad@gmail.com,9847092511.0
25806,LP,glpsktm@gmail.com,4842440939.0
36259,LP,svlpsthazhakara23@gmail.com,9447058787.0
44428,LP,thozhukkallmslps@gmail.com,9746595648.0
22632,LP,sdvlps@gmail.com,4872214219.0
19242,LP,amlpsayilakad@gmail.com,
36333,LP,sndplpskozhuvalloor@gmail.com,9400658701.0
44419,LP,44419lpsamaravila@gmail.com,4712220590.0
18590,LP,anakkottupuram@gmail.com,9995892484.0
20308,LP,glpsvakkada@gmail.com,4662931364.0
13192,LP,kotturmappila@gmail.com,9495882247.0
19753,LP,pulluramlps@gmail.com,9446469682.0
45220,LP,glpskattikkunnu@gmail.com,4829272910.0
25620,LP,lpsmazhuvannoor@gmail.com,4842769769.0
20611,LP,amayuramlps@gmail.com,9744884247.0
25214,LP,stmarysaldlps@gmail.com,4842672334.0
19712,LP,hmamlpschangampalli@gmail.com,9446724252.0
19243,LP,glpskololamba@gmail.com,9747749954.0
16221,LP,16221hmchombala@gmail.comC,9946000186.0
24634,LP,alpskunnathara@gmail.com,9446463571.0
12216,LP,hmglpsperiye@gmail.com,4672234203.0
18652,LP,amlpsvattalur@gmail.com,9847446698.0
44219,LP,lpgsvenpakal@gmail.com,8921647463.0
21328,LP,gtwlpsnadupathy@gmail.com,9995473827.0
19205,LP,glpschiyyanur@gmail.com,9946681732.0
15313,LP,hmglpsputtad@gmail.com,9847320502.0
15208,LP,venniyodesalps@gmail.com,9544183544.0
40403,LP,40403gwlpsaruvithara@gmail.com,9605070623.0
38419,LP,keekozhooreast@gmail.com,9496625056.0
31305,LP,mevadagovtlps@gmail.com,4822267172.0
18556,LP,mmlps.in@gmail.com,4832781011.0
48236,LP,cvnmamlpsedu@gmail.com,8943269210.0
37255,LP,mannarchurchmdlps@gmail.com,9947331385.0
39216,LP,39216gskvlps@gmail.com,9496469919.0
21629,LP,pirayiriglps@gmail.com,4912509200.0
48230,LP,alpsurngattiri@gmail.com,9656738772.0
45226,LP,snlpsmaravanthuruthu1950@gmail.com,4829234612.0
20343,LP,BBALPSCHOOLTHOTTARA@gmail.com,9495067871.0
25831,LP,kunjithaiolsailps@gmail.com,8848100238.0
31207,LP,glpskondadurpm@gmail.com,4822263202.0
37514,LP,cmslpskaviyoor2022@gmail.com,9497817631.0
33437,LP,mountcarmelavlps@gmail.com,4812574120.0
41621,LP,s41621kundara@gmail.com,4742499496.0
11236,LP,11236ssnalpsk@gmail.com,4998203262.0
39410,LP,govtmlpskundayam@gmail.com,4752352625.0
39402,LP,gwlpsinchakkadu@gmail.com,
19433,LP,glpspgdi@gmail.com,4942411144.0
32416,LP,gwlps2014@gmail.com,9495885455.0
11442,LP,mialpsthalangara11442@gmail.com,9495505585.0
48210,LP,glpskavanoor@gmail.com,9447393447.0
15421,LP,kusumagirilps@gmail.com,9656776287.0
33220,LP,glpgsarpookara@gmail.com,9497667486.0
19821,LP,amlpskottumala@gmail.com,9947307801.0
48419,LP,glpsmamankara@gmail.com,4931287040.0
22403,LP,glpsputhur@gmail.com,4872350282.0
42613,LP,lpskurumpayam@gmail.com,9946607755.0
11407,LP,glpscheripady1@gmail.com,4994210023.0
41332,LP,41332stlegoryslps@gmail.com,4762685628.0
14332,LP,School14332@gmail.com,9446434192.0
13157,LP,kadambursouthlp@gmail.com,9037883562.0
44519,LP,44519embilikonam@gmail.com,9048941663.0
33232,LP,nsslpskarappuzha@gmail.com,4812562338.0
14653,LP,svlps14653@gmail.com,4902361118.0
20214,LP,kmsvlpschool@gmail.com,9961178026.0
31412,LP,stmaryslpsath@gmail.com,4812732320.0
29310,LP,glpskaloor29310@gmail.com,8547968636.0
28401,LP,glpskadathy@gmail.com,4852207900.0
11430,LP,glpsvavadukkam@gmail.com,9497609741.0
48544,LP,oalpschool@gmail.com,4931247224.0
18565,LP,glpscherankuth@gmail.com,9744580831.0
33362,LP,stadayisglps@gmail.com,4812464126.0
42256,LP,jyothistrinity@gmail.com,9495301384.0
15416,LP,nirmalalps.alattil@gmail.com,6238187223.0
21304,LP,glpschullimada@gmail.com,4912566808.0
25209,LP,pallilamkaralp@gmail.com,9744554899.0
42310,LP,abdulsalamshamnad54@gmail.com,9645940621.0
18355,LP,amlpstharayittal@gmail.com,4832710588.0
42507,LP,gwlpseanchapuri@gmail.com,9495654554.0
22480,LP,haemlps@gmail.com,8281308897.0
13930,LP,rplps1937@gmail.com,4985222680.0
35426,LP,35426haripad@gmail.com,9447044307.0
27378,LP,josephinelpschool@gmail.com,9846111769.0
19228,LP,amlpsnannamukku@gmail.com,2655630.0
15445,LP,pulikkad786@gmail.com,9495031404.0
18729,LP,hmaidedlpspariyapuram@gmail.com,9846941941.0
41318,LP,cmslpsthevalakkara01@gmail.com,9847772340.0
45302,LP,stgeorgekdy@gmail.com,4829283552.0
18523,LP,gmlpskid@gmail.com,9446338648.0
38612,LP,glpschittarestate@gmail.com,4735255289.0
22215,LP,kallayipgmmlps@gmail.com,
18545,LP,alpschoolpandikkadnorh@gmail.com,9446156264.0
15351,LP,hmglpsvadakkanad@gmail.com,
36415,LP,glpbseruva@gmail.com,4792435552.0
18532,LP,glpsmanjeri@gmail.com,4832762056.0
36208,LP,36208alappuzha@gmail.com,7356806577.0
15341,LP,snalpskappiset@gmail.com,9847256768.0
34219,LP,34219cherthala@gmail.com,4782862285.0
39311,LP,glpspalacode@gmail.com,4742465877.0
19710,LP,gmlpskaithakkara1@gmail.com,9846869735.0
24539,LP,snklpsthalikulam@gmail.com,9446828634.0
42226,LP,gwlpsvedarkunnu@gmail.com,4722665826.0
44429,LP,44429lmslpsbhoothamcode@gmail.com,4712264426.0
40216,LP,lpsmathira@gmail.com,4742447270.0
24251,LP,alpsvylathureast@gmail.com,8086472202.0
21827,LP,glpsthachanattukara@gmail.com,4924236966.0
34303,LP,34303thuravoor@gmail.com,4782873537.0
22616,LP,vvschittilappilly@gmail.com,9446163551.0
24409,LP,painkanniyooramlps@gmail.com,9745764322.0
14401,LP,glpspcentre@gmail.com,9847350762.0
47241,LP,staloysiuslpsktr@gmail.com,4952801164.0
48256,LP,anvarkuniyil955@gmail.com,4832858955.0
16740,LP,vwmlpschools@gmail.com,9995594921.0
19656,LP,vnamlps@gmail.com,8547808789.0
21864,LP,alps21864@gmail.com,9946743077.0
16830,LP,16830hm@gmail.com,
48449,LP,mkmmlpsvpadam@gmail.com,9946751410.0
25239,LP,stjosephlpsvpz@gmail.com,4842514020.0
47209,LP,glpspullanurnew123@gmail.com,4952287072.0
19222,LP,glpperumparamba@gmail.com,4942681247.0
39438,LP,gwlpsvendar@gmail.com,4742416006.0
40314,LP,40314kelankavugtlps@gmail.com,4752288090.0
32414,LP,glpskarikkattoor@gmail.com,9497667278.0
46312,LP,muttarsglps@gmail.com,4772219738.0
37418,LP,mdlpsneervilakom12@gmail.com,9446947353.0
17527,LP,mspalps@gmail.com,4952473560.0
36220,LP,36220alappuzha@gmail.com,9497675732.0
21320,LP,glpspokkanthode@gmail.com,8139077726.0
47639,LP,kallanodelps123@gmail.com,9495970718.0
33351,LP,glpsmadappally@gmail.com,4812471250.0
20433,LP,alpspattissery@gmail.com,9847640431.0
40421,LP,lpgsplr@gmail.com,4752220062.0
47540,LP,balusseryamlps@gmail.com,4962642391.0
42406,LP,kuttimoodulps@gmail.com,9633513960.0
22202,LP,hmglpsammadam@gmail.com,4872277063.0
38405,LP,glpsprakkanam38405@gmail.com,9447783310.0
19217,LP,hmamlpskanhiyoor@gmail.com,9745025260.0
43444,LP,glpspallippuram@gmail.com,4712755522.0
35423,LP,35423haripad@gmail.com,9961320318.0
19353,LP,rmttivly@gmail.com,4942644797.0
39203,LP,glpsezhukone@gmail.com,9846499649.0
36444,LP,mmlpskaduvinal@gmail.com,9446906492.0
43437,LP,csiemskazhakuttom@gmail.com,9446303490.0
42609,LP,kanchinadaglps@gmail.com,9995186256.0
20623,LP,kmalpskaringanad@gmail.com,4662263618.0
21842,LP,amlpsvattamannappuram@gmail.com,8547166618.0
44237,LP,lmslpsvenganoor@gmail.com,9496101104.0
16552,LP,melady16552@gmail.com,4962675734.0
24331,LP,aslpschool@gmail.com,9400644756.0
20534,LP,ajbspadinharnad@gmail.com,
42208,LP,glpskappil2016@gmail.com,4702661926.0
47419,LP,palangadamlp@gmail.com,7558979142.0
47640,LP,khepglps@gmail.com,4962698540.0
20238,LP,hm.dvjbs@gmail.com,9746147292.0
40206,LP,glpsmuthayil1@gmail.com,4742428088.0
13913,LP,hmponnamvayal@gmail.com,4985241050.0
45207,LP,govtlpskothavara@gmail.com,9947270611.0
38526,LP,cmslpsperuveli66@gmail.com,9447784424.0
48433,LP,sreevivekanandalps@gmail.com,4931278355.0
13635,LP,school13635@gmail.com,4602240448.0
12406,LP,glpskinanoor@gmail.com,4672230010.0
37213,LP,yglpsthiruvalla@gmail.com,4692700446.0
44533,LP,stmaryslpsparuthiyoor@gmail.com,4712212926.0
46204,LP,kuttamangalamglps@gmail.com,9446933203.0
18623,LP,amlpmum@gmail.com,4933287318.0
15348,LP,glpmuthanga@gmail.com,4936270528.0
25844,LP,mgmpsparavur@gmail.com,2441444.0
23214,LP,stjoseplpsmuringoor@gmail.com,9495384464.0
13310,LP,hmiriverilps@gmail.com,9947157062.0
40334,LP,mtsslpsmoongodu@gmail.com,7510990026.0
17326,LP,amlpskailamadam@gmail.com,9497167083.0
13401,LP,govtlpschamakkal@gmail.com,4602211200.0
19210,LP,kallurmalps2017@gmail.com,9497658218.0
14529,LP,kazhumgumvelli@gmail.com,7025384794.0
16838,LP,16838hm@gmail.com,9497216495.0
32403,LP,cmslpschackimangalam@gmail.com,8330877061.0
33242,LP,kumaranalloordvlps@gmail.com,9400996007.0
47213,LP,roshmagsukesh@gmail.com,9495479009.0
16725,LP,16725.aeotdnr@gmail.com,4962536559.0
32441,LP,smlpsvazhooreast@gmail.com,8281935719.0
12211,LP,glpsmuchilot@gmail.com,4672204310.0
37417,LP,mtlpsnalkalikkal@gmail.com,9633447642.0
48402,LP,alpsbhoodancolony@gmail.com,9495017590.0
18732,LP,glpsperinthalmannawest@gmail.com,4933227704.0
43308,LP,govtlpsvattiyoorkavu@yahoo.in,4712365120.0
42523,LP,lpsputhukulangara@gmail.com,4722898099.0
35405,LP,35405haripad@gmail.com,4792404733.0
41434,LP,vadakkevilaplps76@gmail.com,4742727020.0
33407,LP,glpsparampuzha@gmail.com,4812771593.0
28404,LP,govtlpsmekkadampu@gmail.com,4852207104.0
23526,LP,glpsputhenchirasouth@gmail.com,4802897080.0
13637,LP,school13637@gmail.com,8075254674.0
18349,LP,paravoorglps@gmail.com,4832790187.0
17328,LP,thumbayilamlp@gmail.com,4952991026.0
41415,LP,kadavoorlps41415@gmail.com,9447417814.0
22624,LP,cskaramuck@gmail.com,9447831640.0
21245,LP,alpsmudappallursouth@gmail.com,8921360662.0
41608,LP,41608kundara@gmail.com,9497551076.0
24215,LP,gmlpsschool@gmail.com,4872615054.0
32344,LP,glpsvelanilam@gmail.com,4828284043.0
30514,LP,plpsppara@gmail.com,8015876875.0
43418,LP,glpsmonvila@gmail.com,9495718286.0
31223,LP,smlpsmaryland@gmail.com,4822220000.0
15403,LP,prmlpschool@gmail.com,4935246160.0
16205,LP,sarannyaem@gmail.com,9400612703.0
22473,LP,hfcemlps@gmail.com,4872330432.0
42631,LP,thumpodesnvlpskallara@gmail.com,4722861515.0
14709,LP,chambadlpschool@gmail.com,4902384930.0
18563,LP,glpsvettikkattiri@gmail.com,6282598938.0
44446,LP,csiemsamaravila@gmail.com,4712226713.0
40336,LP,pptmlps1976@gmail.com,9946213679.0
41216,LP,glpsthodiyoor@gmail.com,4762663500.0
33371,LP,vakathanamglpgs2015@gmail.com,4812460875.0
33239,LP,shlpkumarakom2015@gmail.com,8089117751.0
28503,LP,mdheadmaster@gmail.com,4852245214.0
18429,LP,amlpsthalappil@gmail.com,4832705271.0
17230,LP,sankaravilasamalps@gmail.com,8281878847.0
12422,LP,alpsnattakkal@gmail.com,4672248427.0
38713,LP,govtlps689646@gmail.com,
16368,LP,iemsqdy@gmail.com,4962623220.0
20206,LP,vvlps20206@gmail.com,9846922203.0
13204,LP,lpschoolmundayode@gmail.com,9496143863.0
38231,LP,glpsthuvayoor@gmail.com,4734234059.0
14427,LP,mlpspullookkara@gmail.com,4902394230.0
23306,LP,stmaryslpschooleda@gmail.com,9747970326.0
21813,LP,karinkallathanigmlps@gmail.com,6282722264.0
38243,LP,stbrocards42@gmail.com,9249382540.0
48315,LP,glpsmelkulangara@gmail.com,
47621,LP,nochadamlps@gmail.com,4962614122.0
19391,LP,kolakkadschool@gmail.com,4942607773.0
18511,LP,alpschittathupara@gmail.com,4832781000.0
19649,LP,amlpspathampad@gmail.com,9447405673.0
39512,LP,govtlpskoickalbhagom@gmail.com,8547842296.0
18506,LP,chalippadamglps@gmail.com,9496758996.0
15342,LP,vijayalpschool@gmail.com,4936240908.0
42301,LP,lmslpsattingal@gmail.com,4702624526.0
22627,LP,stmarysktd@yahoo.com,4872210982.0
24408,LP,hindu.lps@gmail.com,9961419378.0
22434,LP,shcemlps@gmail.com,4872336444.0
24522,LP,snslpskazhimbram@gmail.com,8943277578.0
41304,LP,modeldvlps@gmail.com,4762672400.0
19804,LP,gmlpscherukunnu@gmail.com,9846760939.0
48317,LP,nenminischool@gmail.com,9446355685.0
14608,LP,eastpattiam@gmail.com,4902380095.0
21417,LP,jbsvemballur@gmail.com,8281596094.0
16708,LP,clps1904@gmail.com,4963128877.0
42630,LP,parapparaschool@gmail.com,4722835165.0
30232,LP,smlpsmkry@gmail.com,4868263955.0
24412,LP,littleflowerlpspvt@gmail.com,4872643851.0
44515,LP,gtlpspuravimala@gmail.com,8129346373.0
22205,LP,gmlpschoolperingottukara@gmail.com,4872270140.0
18205,LP,glpskuzhimanna@gmail.com,9746531012.0
15201,LP,glpskalpetta@gmail.com,4936204078.0
18607,LP,glpschovvana@gmail.com,9495123933.0
36233,LP,cmslpskallumala233@gmail.com,9847476209.0
19764,LP,glpsannara@gmail.com,4942429840.0
37529,LP,cmslp1897@gmail.com,4692685050.0
39527,LP,glpswkallada@gmail.com,9544639585.0
27225,LP,glpspaniyely@gmail.com,4842648050.0
34230,LP,34230cherthala@gmail.com,9447597748.0
21244,LP,smlphm@gmail.com,9961793451.0
37258,LP,parumalaseminarylps11@gmail.com,4792312340.0
45318,LP,sclpsvalachira@gmail.com,9605457841.0
19331,LP,glpskuttippuramnorth@gmail.com,4942609986.0
39446,LP,vendarlpschool@gmail.com,9497621143.0
41568,LP,littleflowerparavur@gmail.com,4742512310.0
45208,LP,govtlpsthottakom@gmail.com,8281294471.0
14452,LP,puzhakkallps@gmail.com,9496948678.0
13182,LP,awlpsadoor1932@gmail.com,8921447079.0
45313,LP,smlpsmgply@gmail.com,4822251019.0
48276,LP,glpswestpathanapuram@gmail.com,9446781568.0
42371,LP,rahmaniaschools@gmail.com,9539084227.0
18620,LP,amlpsmba@gmail.com,0.0
38415,LP,mtlps2011@gmail.com,9495434246.0
48534,LP,susanjose287@gmail.com,8547920823.0
46205,LP,46205alappuzha@gmail.com,8943862500.0
30321,LP,arivikadalps@gmail.com,4865242220.0
25220,LP,maildarussalam@gmail.com,4842677141.0
39461,LP,stmarysbethanymanjakala@gmail.com,
29361,LP,btmlpschool@gmail.com,9447210254.0
48541,LP,amlpsveethanasseri@gmail.com,9947811532.0
15419,LP,sslpsporoor@gmail.com,8547146014.0
13837,LP,mayyilalps@gmail.com,4602275950.0
30425,LP,trandtlpsmundakayam@gmail.com,9497747994.0
18730,LP,centralgmlps@gmail.com,9544844360.0
47638,LP,chenoliamlps@gmail.com,4962614120.0
23338,LP,kuzhikattukonamholyfamilylps@gmail.com,4802820712.0
39430,LP,svemlps@gmail.com,9747765811.0
47309,LP,kazhuthoottipurayaglps@gmail.com,9446116982.0
12219,LP,balpsbekal@gmail.com,4672265121.0
16843,LP,16843hm@gmail.com,9495186725.0
23307,LP,lpsgghsijk@gmail.com,4802825289.0
21309,LP,hmglpskozhippara@gmail.com,9400796646.0
45209,LP,tvpuramglps@gmail.com,4829210190.0
13329,LP,tlps1926@gmail.com,4972852498.0
18419,LP,amlpspaithini@gmail.com,9495846868.0
19435,LP,glpsvallikunnu@gmail.com,4942472380.0
45336,LP,hmgsnvmanjoor@gmail.com,4829243445.0
25414,LP,gjbsn2013@gmail.com,4842690455.0
35414,LP,35414haripad@gmail.com,9605708835.0
48209,LP,amlpkallingal@gmail.com,4832858121.0
42626,LP,sreyalpseattimoodu@gmail.com,4722835336.0
42305,LP,glpsmelattingalhm@gmail.com,9495441412.0
18644,LP,amlpstkd@gmail.com,9745630036.0
42518,LP,lpsparuthikuzhy@gmail.com,4722898270.0
18336,LP,amlpbsmuttayoor@gmail.com,9495670002.0
44513,LP,glpsparassala@gmail.com,9495521383.0
26233,LP,unionlps123@gmail.com,9847853353.0
21539,LP,vmglps@gmail.com,4923243250.0
17442,LP,palathualpschool@gmail.com,4952260980.0
14447,LP,panniyannorevvlpschool@gmail.com,9400641988.0
44212,LP,glvlpsmulloor@gmail.com,4712484045.0
47545,LP,sivapuramnewalps@gmail.com,9539683004.0
42428,LP,snvlpsnavaikulam2@gmail.com,4702690030.0
16506,LP,chavattamlps@gmail.com,
29441,LP,glpskeerithodu@gmail.com,
20639,LP,alpsvilathur@gmail.com,9946670063.0
47422,LP,glpschoolnediyanad@gmail.com,4952244511.0
19229,LP,glpstrikkanapuram@gmail.com,9447923828.0
44227,LP,balaramapurammsclps@gmail.com,7907253528.0
44506,LP,44506inchivila@gmail.com,9497878574.0
23212,LP,jylpschoolmeloor@gmail.com,4802737258.0
36414,LP,govtlpseruvasouth@gmail.com,4792442048.0
16710,LP,cmlps2017@gmail.com,9400592518.0
15337,LP,kakkadamkunnuglps@gmail.com,4936229110.0
37633,LP,mdvennikulam1988@gmail.com,9446381904.0
18645,LP,gmlpsvadakkangara@gmail.com,4933284088.0
41424,LP,jsphconvent@gmail.com,4742767546.0
14204,LP,glpskuniyil@gmail.com,9496415764.0
47605,LP,gwlpsperambra@gmail.com,4962614642.0
44333,LP,lpskilli1964@gmail.com,8547632793.0
26411,LP,jbskundannoor@gmail.com,4842707411.0
25829,LP,sclpskoottukad@gmail.com,9497791567.0
43446,LP,glpsvellanickal@gmail.com,9496195806.0
35201,LP,35201gmhslpsalpy@gmail.com,8281384272.0
37205,LP,govtlpskadapra@gmail.com,4692610054.0
16459,LP,cemlpspathirippatta@gmail.com,4962589533.0
24330,LP,dslpspazhunnana@gmail.com,9497063519.0
43219,LP,stantonylps9@gmail.com,9495925990.0
37206,LP,glpsmepral@gmail.com,9400537113.0
48529,LP,glpsporoor@gmail.com,4931235707.0
23224,LP,mattathurglps@gmail.com,8086121676.0
39236,LP,lmslpsmaranad@gmail.com,9544035508.0
41516,LP,2020004klm@gmai.com,4742501606.0
24507,LP,glpsperumpadappa@gmail.com,4802836655.0
48516,LP,glpskoithakundu2@gmail.com,4931280041.0
14818,LP,stmaryslpsedoor@gmail.com,4902451918.0
43429,LP,glpsthonnakkal.tvm@gmail.com,4712427538.0
35252,LP,stantonysemlpsalappuzha@gmail.com,8136997839.0
13506,LP,svalpsmandoor@gmail.com,4972802765.0
47606,LP,kizhinhaniamalps@gmail.com,9847678461.0
13601,LP,school13601@gmail.com,
20601,LP,cherukodeglp@gmail.com,4662235060.0
47630,LP,neerothglp@gmail.com,4962656010.0
13340,LP,elayavoorsouthlps@gmail.com,4972725134.0
40202,LP,edappanagtlps@gmail.com,4742916629.0
33428,LP,bilpspallom@gmail.com,4812435681.0
43401,LP,stthomaslpspothencode@gmail.com,9495919715.0
16458,LP,stthomaslps08323@gmail.com,9446254872.0
11225,LP,11225badoor@gmail.com,4998245700.0
11215,LP,hmglpsmajibail@gmail.com,4998272224.0
17308,LP,valayannur@gmail.com,9846113543.0
13518,LP,glpspanapuzha@gmail.com,4985270680.0
20537,LP,srvalps20@gmail.com,9496169906.0
39426,LP,glpspoovattooreast6@gmail.com,9400488161.0
40456,LP,salemmarthomalpscpna@gmail.com,4752385228.0
18741,LP,vazhenkadasouthamlpschool@gmail.com,9497353239.0
19731,LP,konnellur@gmail.com,9495885964.0
11443,LP,chinmayakasaragod@gmail.com,4994255429.0
18326,LP,gmlpskumminiparamba@gmail.com,9656914514.0
20440,LP,alpsvadanamkurssi@gmail.com,4662233818.0
11235,LP,11235satlps@gmail.com,
14543,LP,puthoorwestlp@gmail.com,9495067590.0
24423,LP,snalpsvenkitangu@gmail.com,9946181408.0
18510,LP,glpscheruvan@gmail.com,4832709150.0
18713,LP,alpselamkulamsouth@gmail.com,4933230024.0
45343,LP,stanneslp@gmail.com,4822231670.0
19225,LP,hmglpssukapuram@gmail.com,4942684750.0
39305,LP,glps39305@gmail.com,9946527542.0
41640,LP,st.margarets.emlps.kanjiracode@gmail.com,4742965677.0
13160,LP,hmkizhunnalp@gmail.com,8086997306.0
21545,LP,gblpskoduvayur@gmail.com,4923251165.0
19436,LP,gmlpsvelimukku@gmail.com,9846766176.0
21609,LP,bemlps336@gmail.com,4912543399.0
11302,LP,11302bedrampalla@gmail.com,6238398747.0
47401,LP,alpsambayathode@gmail.com,9946433768.0
44374,LP,sarnellischool@gmail.com,4712291452.0
23537,LP,annallur@gmail.com,9446041508.0
12529,LP,12529thimirialps@gmail.com,4672261220.0
48512,LP,kallamoolagmlps@gmail.com,
47453,LP,glpskoodathai@gmail.com,4952248127.0
17504,LP,glpswestnallur2013@gmail.com,
46404,LP,gneelamperoor@gmail.com,4772710447.0
13504,LP,cmlpsmattul@gmail.com,4972842705.0
19811,LP,alpsiringallur@gmail.com,4942458167.0
39238,LP,lmslpsnellikunnam@gmail.com,4742452377.0
11234,LP,www.kodibail@gmail.com,8078082654.0
17227,LP,mimlpschool@gmail.com,9400537670.0
41435,LP,vadakkumbhagamshlps@gmail.com,4742723254.0
14438,LP,kariyadnewmuslimlpschool@gmail.com,4902397330.0
48502,LP,akkarakkulamglps@gmail.com,4931284800.0
27371,LP,ssmlps.klm@gmail.com,4852562510.0
40221,LP,pullupanasnvlps@gmail.com,9645373296.0
32219,LP,stsebastians219@gmail.com,9495022137.0
15218,LP,hmglpsmanjoora@gmail.com,9061281928.0
27340,LP,glpsm80@gmail.com,8547930590.0
15466,LP,lfemlpmananthavady@gmail.com,4935296881.0
15235,LP,glpskurichiarmala@gmail.com,9605516850.0
44517,LP,lpsanchumaramkala@gmail.com,4712244215.0
39502,LP,amlpsmanakkara@gmail.com,9447903390.0
23410,LP,llpspullut@gmail.com,8590308490.0
36326,LP,gsvlpsperingala2019@gmail.com,9497615633.0
18630,LP,alps.pang@gmail.com,9400537133.0
21409,LP,hmgjbsthannirangad@gmail.com,9496235413.0
15202,LP,azharlpschool@gmail.com,9495760062.0
29242,LP,29242salps@gmail.com,8921974843.0
19413,LP,amlpskaliyattamukk@gmail.com,9895496752.0
32409,LP,stthomaslpkangazha@gmail.com,4812495115.0
13645,LP,school13645@gmail.com,4972797777.0
13507,LP,cnlpsedakom@gmail.com,4602271833.0
17424,LP,hmjdtilps@gmail.com,9446164049.0
16851,LP,16851hmthondikulangaralps@gmail.com,7593983527.0
13320,LP,kizhuthallywestlps@gmail.com,4972734434.0
13312,LP,kakkothlpschool13312@gmail.com,8129029198.0
18330,LP,gmlpsmelangadi@gmail.com,4832718080.0
11449,LP,glpsiriyanni@gmail.com,4994250081.0
48441,LP,glpschool123@gmail.com,
16612,LP,chaliyattpoyilnationallps@gmail.com,4962560680.0
19315,LP,hmgmlpskalpakanchery@gmail.com,7902279972.0
19746,LP,amlpspariyapuram10@gmail.com,9495574319.0
19750,LP,alpsporur@gmail.com,7034016304.0
14609,LP,eelpschool@gmail.com,7907644699.0
13415,LP,asanalps82@gmail.com,7907228451.0
33410,LP,glpsputhuppally@gmail.com,9495847952.0
13439,LP,lpsnellicampoil@gmail.com,4602228011.0
39431,LP,gwlpsthamarakudy1955@gmail.com,47426616132.0
42335,LP,govtlpsmelattumoozhy@gmail.com,4722180538.0
44312,LP,glpskuzhakad2@gmail.com,4722896133.0
13165,LP,mambasaraswathivilasam@gmail.com,9747376860.0
14449,LP,mmlpsperingadi@gmail.com,9495757707.0
39414,LP,glpsmeenam@gmail.com,4752351090.0
39317,LP,glpsvelinalloor@gmail.com,4742466008.0
47503,LP,glpspanayi@gmail.com,
39323,LP,mmlpsandoor@gmail.com,4742471530.0
32225,LP,glpsthalanad@gmail.com,9656540402.0
19206,LP,glpschooledapal@gmail.com,
30310,LP,triballpsc@gmail.com,9383426221.0
48424,LP,alpsmodapoika478@gmail.com,9495082003.0
33337,LP,ilpsmalakunnam@gmail.com,4812322168.0
21313,LP,hmglpsmanchira@gmail.com,9495396461.0
25821,LP,glpskmlr@gmail.com,4842670770.0
41336,LP,rajimol.nsslps@gmail.com,
37323,LP,nedumprayarmtlps@gmail.com,9747152492.0
14306,LP,school14306@gmail.com,4902382479.0
36232,LP,aommlpsmvk36@gmail.com,9961372552.0
44207,LP,gdvlpskottukal@gmail.com,9446517994.0
37207,LP,govtstjohnslps@gmail.com,9446293187.0
44417,LP,44417mlpspulluvila@gmail.com,2260406.0
18636,LP,glpspooppalamvalambur@gmail.com,9249221302.0
42509,LP,glpbskarakulam@gmail.com,4712370103.0
13436,LP,kuyilooralps@gmail.com,9745042601.0
44317,LP,govtlpsneduvantharatta@gmail.com,4712271880.0
15437,LP,govtlpskarimbil@gmail.com,4935235029.0
19505,LP,amlpscheruvallurs@gmail.com,4942656730.0
44228,LP,44228lpsbalaramapuram68@gmail.com,9961257070.0
21865,LP,st.thomaslps3@gmail.com,4924293319.0
23327,LP,stantonyslpspudukad@gmail.com,4802750786.0
27257,LP,markaumaemlps@gmail.com,4842643603.0
42337,LP,govtlpsmukkudil@gmail.com,4722828771.0
38506,LP,glpsmadamonnorth1@gmail.com,4735270188.0
42608,LP,kadukkakunnulps@gmail.com,4722891155.0
26523,LP,sacredfamilylpsnedungad@gmail.com,9745649312.0
42503,LP,glpsaryanad@gmail.com,4722854055.0
48269,LP,sivasakthibvnkaviannur@gmail.com,8129741264.0
14514,LP,nadakkakamlp@gmail.com,4902373063.0
27221,LP,glpskode@gmail.com,4842642666.0
20310,LP,alpsalangad@gmail.com,4662203117.0
40310,LP,40310glpsaerom@gmail.com,9446948955.0
19639,LP,amlps.kundoor@gmail.com,9048778452.0
30505,LP,stthomaslpscompayar@gmail.com,4868234428.0
14517,LP,sreekrishnavilasamlps@gmail.com,49022464120.0
38607,LP,eramglps@gmail.com,9947985051.0
37526,LP,marthomalpspariyaram@gmail.com,4692784036.0
16412,LP,glpskumbalachola123@gmail.com,9747645472.0
42413,LP,glpspakalkuri@gmail.com,4702685060.0
25420,LP,hflps1212@gmail.com,2458626.0
42405,LP,glpskizhakkanela@gmil.com,4702681626.0
24632,LP,koottilmukkulps@gmail.com,9539153462.0
44525,LP,lpskovilloor@gmail.com,9061955625.0
48301,LP,anappamkuzhiimalps@gmail.com,9497206012.0
47627,LP,cherukkadkvalpschool@gmail.com,4962221681.0
21541,LP,alpskudallur@gmail.com,4922234772.0
42218,LP,kgglps@gmail.com,9048062475.0
41628,LP,41628kundara@gmail.com,9447865558.0
41637,LP,mtlps41637@gmail.com,4742523504.0
20620,LP,amlpschoolkaipuram@gmail.com,9400019963.0
42415,LP,glpspappala@gmail.com,4702671847.0
16529,LP,narakkodelps@gmail.com,4962676131.0
23525,LP,glpsnorth47@gmail.com,4802891574.0
47430,LP,ammalpkizhakkoth@gmil.com,
42216,LP,wlpspoika@gmail.com,4702662726.0
13167,LP,sahadevanbanglavil@gmail.com,9747136765.0
39344,LP,glpsntym@gmail.com,4742670376.0
21829,LP,gmlpsthrikkaloor@gmail.com,9447624468.0
43227,LP,ansmthiruvallam@gmail.com,9539384261.0
19622,LP,glpsnannambra@gmail.com,4942480710.0
29339,LP,salpschilav@gmail.com,9495023379.0
24530,LP,eastamlpsperinjanam@gmail.com,9446995565.0
47211,LP,amlpscheruvatta@gmail.com,4952811980.0
48505,LP,amlpskadavu@gmail.com,4931257157.0
32233,LP,kcmlpsvettickanam@gmail.com,4828284474.0
19521,LP,amlpspalappettysouth@gmail.com,9400987150.0
18651,LP,glpsvkp@gmail.com,9400402188.0
21414,LP,alpsthannissery@gmail.com,9846477993.0
14829,LP,plps14829@gmail.com,4902493920.0
43232,LP,glpskuriathi@gmail.com,9497689195.0
42419,LP,glpspullayil@gmail.com,4702675575.0
18603,LP,schoolptm@gmail.com,4933286629.0
41534,LP,41534kannanalloorklm@gmail.com,4742501442.0
31409,LP,st.albertsamayannoor@gmail.com,9961735367.0
30224,LP,kochuthovalasjlps@gmail.com,4869244620.0
14532,LP,sivavilasammokeri@gmail.com,4902316995.0
26326,LP,stgeorgelpschellanam@gmail.com,9847287078.0
15485,LP,mgmhssmtdy@gmail.com,4935296591.0
32313,LP,mtlpskanakappalam@gmail.com,4828212242.0
15409,LP,glpspanamaram@gmail.com,4935222500.0
21830,LP,glpstvk21830@gmail.com,9495289937.0
42615,LP,hmgtlpsmethotty@gmail.com,
28417,LP,sslpsarikuzha@gmail.com,9961991173.0
21630,LP,glpspdm@gmail.com,9446576588.0
44208,LP,44208puthalam@gmail.com,4712266558.0
14351,LP,pulliyodewest@gmail.com,4902305430.0
36205,LP,36205alappuzha@gmail.com,9496116891.0
42430,LP,dvlpspaiveli@gmail.com,4702681756.0
18615,LP,kottapparambaamlps@gmail.com,
19607,LP,edakkadappuramgmlps@gmail.com,4942444068.0
47607,LP,amlpsmarutheri@gmail.com,4962614118.0
17533,LP,naduvattam.gflps@gmail.com,9605813753.0
16852,LP,gflpschoolkuriyadi@gmail.com,7012446112.0
15333,LP,alpsmarianad@gmail.com,4936238017.0
22235,LP,alpsurakam123@gmil.com,8078998211.0
19323,LP,ksmmalps@gmail.com,9567444418.0
34239,LP,34239cherthala@gmail.com,9446825864.0
41238,LP,glpsvaravila@gmail.com,4762690106.0
39249,LP,glpsanakottoor000@gmail.com,4742452353.0
19856,LP,glpschoolparambilpeedika@gmail.com,4942434155.0
21730,LP,meslps50@gmail.com,4912833212.0
22638,LP,cmslpsthrissur@gmail.com,4872331580.0
25437,LP,jamaath12@gmail.com,9744213366.0
14836,LP,glpsperatta@gmail.com,4902422314.0
47425,LP,gmlpschoolparannur@gmail.com,4952247418.0
18204,LP,glpskizhisseri@gmail.com,4832755520.0
23403,LP,govt.lpskodungallur@gmail.com,4802802028.0
18318,LP,gmlpkarippur123@gmail.com,
43324,LP,stmaryslpstvm@gmail.com,4712441880.0
16235,LP,16235hmchombala@gmail.com,9961713011.0
16334,LP,velurwest.school@gmail.com,4962672074.0
47437,LP,gkalaranthiri@gmail.com,9633334090.0
16223,LP,16223hmchombala@gmail.com,9605097737.0
19751,LP,sasthalps@gmail.com,9562002332.0
34241,LP,34241cherthala@gmail.com,9961733009.0
26231,LP,stmary26231@gmail.com,9961918788.0
15401,LP,glpspallikkalhm@gmail.com,9497305039.0
21824,LP,gmlpsperimpadari@gmail.com,4924222918.0
12302,LP,12302glpsattakandam@gmail.com,4672254810.0
47314,LP,koombaragtlps@gmail.com,4952278191.0
22216,LP,snsalps1924@gmail.com,4802873277.0
48442,LP,devadharpulliyil@gmail.com,9495141905.0
41501,LP,41501klm@gmail.com,8606382249.0
16875,LP,st.antonysjrschool@gmail.com,4962523501.0
16429,LP,emlpcherapuram@gmail.com,4962580317.0
16307,LP,gwlpskolakkad2015@gmail.com,9995153947.0
21947,LP,nssalr298@gmail.com,4924263298.0
37625,LP,cmslpsperumpetty1899@gmail.com,7306004908.0
48405,LP,alpschettiangadi@gmail.com,9496467272.0
41235,LP,govptlps@gmail.com,4762827200.0
15454,LP,alpskokkadavil90@gmail.com,9446020812.0
16226,LP,vilathapuramlp@gmail.com,9048485640.0
18634,LP,pazhamalloorglps@gmail.com,9745201298.0
19404,LP,mvalpsariyallur19404@gmail.com,4942473254.0
13196,LP,melpschool@gmail.com,9895466663.0
41309,LP,gmlpsmukundapuram@gmail.com,8590652575.0
14404,LP,14404champadlp@gmail.com,4902317235.0
12214,LP,hmglpspanayal@gmail.com,4672234288.0
48545,LP,48545naduvath@gmail.com,4931245115.0
38514,LP,glpvattukunnu@gmail.com,4735265408.0
39548,LP,vlpskadampanad4@gmail.com,4734281112.0
16550,LP,glpsvilayattur@gmail.com,4962675619.0
23314,LP,janathacheruval@gmail.com,9497656405.0
18308,LP,alpscherukavu@gmail.com,4832790770.0
13823,LP,13823pattayam@gmail.com,9496167903.0
43403,LP,glpsckkara1919@gmail.com,4712750126.0
19237,LP,amlpspookkarathara@gmail.com,9349899123.0
23207,LP,vidyabhavan.com@gmail.com,4802748290.0
48546,LP,iringattirilps@gmail.com,8086373447.0
14841,LP,madathiyilips@gmail.com,4902494010.0
20407,LP,adlpsezhuvanthala@gmail.com,7594022789.0
31206,LP,govlpskizhathiri@gmail.com,9496314963.0
25205,LP,glpseastkadungalloor@gmail.com,4842609889.0
48232,LP,alpsvkmuri@gmail.com,9446737829.0
17405,LP,glpskottoli61@gmail.com,9447264272.0
11425,LP,thalangarapadinhar@gmail.com,9605412195.0
14428,LP,pullookkaranorth@gmail.com,9497608750.0
29364,LP,celinelflps@gmail.com,9744050861.0
44530,LP,lmslpspalukal001@gmail.com,9633828863.0
12307,LP,12307glpschoolkallappally@gmail.com,8547822211.0
38316,LP,skvenglishmedium@gmail.com,4734220063.0
19825,LP,amlpskuttaloor@gmail.com,4942450023.0
41525,LP,kureeppallylmslps@gmail.com,9447376228.0
29319,LP,glpsudumbannoor@gmail.com,4862272350.0
24206,LP,glpsiringappuram@gmail.com,4872552102.0
16631,LP,nadapuramsouthlp@gmail.com,9048611094.0
15321,LP,glpsmarakkadavu@gmail.com,4936234852.0
42316,LP,glpskulamuttom123@gmail.com,9633427388.0
29438,LP,nankigovtlpschool@gmail.com,4862238037.0
13609,LP,school13609@gmail.com,4972787176.0
16316,LP,elatterylps@gmail.com,9496712682.0
24424,LP,amlpschoolvenmenad@gmail.com,9496529993.0
16526,LP,16526meladi@mail.com,9496972293.0
22233,LP,calpschevoor@gmail.com,4872342420.0
30508,LP,chembalamsmlps@gmail.com,234761.0
26310,LP,hmtdlp@gmail.com,4842212421.0
13840,LP,noonherilpschool@gmail.com,4602242644.0
24516,LP,dvnlps@gmail.com,4872402183.0
41441,LP,glpsmurunthaveli2017@gmail.com,2704564.0
18224,LP,amlpsthavanur@gmail.com,4832757415.0
37408,LP,ggvlps20@gmail.com,9497614371.0
24656,LP,st.thomasclps@gmail.com,9645674747.0
41333,LP,stjosephlps33@gmail.com,9895660934.0
30341,LP,alpspallivasal@gmail.com,4865231899.0
18405,LP,alpsthokkampara@gmail.com,4832080014.0
42204,LP,gmplpselakamon@gmail.com,4702665544.0
19843,LP,amlpspsdi@gmail.com,9605166270.0
25212,LP,glpsthrikkakara@gmail.com,4842410066.0
13724,LP,pattuvamghwlps@gmail.com,4602220730.0
18315,LP,gmlpschoolkanhiraparamba@gmail.com,9745473150.0
16802,LP,16802hm@gmail.com,4962512202.0
18538,LP,glpsnarukara2018@gmail.com,9048478360.0
19537,LP,glpsvelleeri@gmail.com,4942664480.0
21335,LP,alpskong@gmail.com,4923235703.0
16705,LP,ayancherimlpschool@gmail.com,9645397620.0
38202,LP,glpsedathita@gmail.com,4734280663.0
29343,LP,sjlpselamdesom@gmail.com,4862277135.0
44236,LP,kvlpspunnakkad44236@gmail.com,8547771439.0
26323,LP,st.josephlpsnk@gmail.com,4842248809.0
17206,LP,glpskatcherikunnu@gmail.com,4952332336.0
41403,LP,glpbskollurvila@gmail.com,9447560462.0
18739,LP,gmlpsthootha@gmail.com,
33367,LP,glpstkdm33367@gmail.com,2440556.0
42429,LP,mlpsnjara456@gmail.com,9447903713.0
42625,LP,elavattompanchyathlps@gmail.com,4722840119.0
38229,LP,glpsthengamam@gmail.com,4734288390.0
19519,LP,gmlpsveliancode34@gmail.com,4942672060.0
13805,LP,glpsvadakkanchery@gmail.com,9605255885.0
39228,LP,svmodellps23@gmail.com,9446852092.0
42525,LP,tlpstheviyarukunnu@gmail.com,4722891036.0
23437,LP,santamaria2337@gmail.com,4802802337.0
20636,LP,pallippuramcelps@gmail.com,8281647231.0
30350,LP,mclpskanthalloor@gmail.com,4865246323.0
14701,LP,glpskandamkunnu@gmail.com,9961095405.0
19850,LP,amlpskuttur@gmail.com,8848633808.0
21613,LP,glpskallikkad@gmail.com,4912541164.0
42607,LP,glpskanjirampara42607@gmail.com,4722863045.0
19425,LP,alpsparuthikkad@gmail.com,9562876108.0
23518,LP,stmaryslpsvelayanad@gmail.com,9497180683.0
31508,LP,glpspalasouth@gmail.com,9400933320.0
20319,LP,alpsmgk@gmail.com,4662260588.0
14342,LP,thaileemusibiyanmlpschool@gmail.com,9847529434.0
36303,LP,glpschenkilath@gmail.com,9605463044.0
44540,LP,lmslpsviraly44540@gmail.com,9562126335.0
32428,LP,subashlpspoovatholy@gmail.com,9446123247.0
13308,LP,school13308@gmail.com,9400640425.0
47504,LP,kcalps1964@gmail.com,4962706405.0
18351,LP,ammlpspkl@gmail.com,4832791310.0
48212,LP,glpschoolkizhuparamba@gmail.com,4832858160.0
13539,LP,varanacodealps@gmail.com,4972871670.0
39226,LP,gwlpsvettikavala@gmail.com,4742402008.0
16713,LP,katamerilps16713@gmail.com,4962581695.0
18638,LP,amlpspulikkalparamba@gmail.com,258021.0
44335,LP,stmaryskundamanbhagam@gmail.com,7907142321.0
17303,LP,glpschoolkanniparamba@gmail.com,4952883238.0
13413,LP,kaalpss@gmail.com,9400478700.0
35207,LP,35207alappuzha@gmail.com,4772267692.0
20221,LP,alpsmunnurcode1905@gmail.com,4662380156.0
45328,LP,kanakkaryglps@gmail.com,4812530167.0
44350,LP,lutheranlpsthumarichal3@gmail.com,4712299078.0
18508,LP,glpscherukulam123@gmail.com,
19528,LP,hmalpspurangu@gmail.com,4942670768.0
19614,LP,amplschilavilwest@gmail.com,7736880430.0
38212,LP,glpbsmannady.in@gmail.com,4734219166.0
42535,LP,lpsmarangad@gmail.com,7012529628.0
48524,LP,glpspattanamkund48524@gmail.com,4931325543.0
13932,LP,vadasserialpschool@gmail.com,4985281040.0
16229,LP,16229hmchombala@gmail.com,9747645669.0
48309,LP,hmglpskara@gmail.com,9288907728.0
39339,LP,nmlpsvilangaraktr@gmail.com,9961628262.0
35326,LP,35326alappuzha@gmail.com,9400680010.0
42534,LP,lmalpsuzhamalakal@gmail.com,4722851081.0
29408,LP,glpsanaviratty@gmail.com,9497790915.0
39528,LP,gwlpsiverkala1958@gmail.com,4734284979.0
13330,LP,telps1915@gmail.com,9446386822.0
42602,LP,gtlpsadappupara@gmail.com,9745900220.0
18311,LP,glpselamaram@gmail.com,9446411798.0
39343,LP,glpsarkkannoor39343@gmail.com,4752293142.0
16578,LP,gwlpsayanikkad@gmail.com,4962605958.0
44202,LP,lpbschowara@gmail.com,2266115.0
13206,LP,schoolmelp@gmail.com,7902869110.0
38322,LP,glpspongalady2016@gmail.com,4734223621.0
40404,LP,avaneeswaramglps@gmail.com,4752323711.0
19202,LP,janathaalps1@gmail.com,9495956576.0
25603,LP,glpsattinikkara@gmail.com,4842733797.0
14825,LP,mvilasamlps@gmail.com,4902405085.0
47003,LP,chavaraems@gmail.com,7559819338.0
21603,LP,ajbslnpuram6@gmail.com,9446282300.0
40339,LP,glpsedamulackal2015@gmail.com,4752275423.0
45205,LP,nerekadavughwlps@gmail.com,4829222123.0
14419,LP,pallipramlps@gmail.com,9495640569.0
14827,LP,nalluralps@gmail.com,8848761924.0
47217,LP,amlpschoolkgm@gmail.com,4952803446.0
15488,LP,stmarysbethanyems@gmail.com,9847612279.0
31211,LP,glpsmonippally@gmail.com,4822242320.0
25215,LP,asok25215@gmail.com,9895187997.0
22211,LP,cnnblpscherpu@gmail.com,9746546157.0
47421,LP,hmjanakeeya@gmail.com,4952992632.0
21242,LP,avlpsvdy@gmail.com,
41517,LP,klm41517@gmail.com,4742592233.0
13433,LP,ellarinhialps@gmail.com,9446696665.0
15228,LP,gwlps15228@gmail.com,4936250505.0
32405,LP,smlpscvally@gmail.com,9447740685.0
42522,LP,glpspoovathoor@gmail.com,4722803138.0
44301,LP,glpspunnavoor93@gmail.com,4712298089.0
19719,LP,hmmangalamgmlps@gmail.com,4942569400.0
44221,LP,44221glpsvizhinjam@gmail.com,9074426168.0
22611,LP,glpsputhenpeedika@gmail.com,4872730827.0
18422,LP,amlppbm@gmail.com,9895953860.0
42224,LP,glpsvenkulam@gmail.com,4702660160.0
19605,LP,gmlpscheravannur@gmail.com,4942546096.0
42330,LP,,4702645498.0
48407,LP,glpschungathara@gmail.com,4931230091.0
33512,LP,cmslpskooroppada1212@gmail.com,8921464724.0
22429,LP,stfrancislpsviyyur@gmail.com,9447966132.0
35408,LP,35408haripad@gmail.com,4792471816.0
38319,LP,svlpscherickal@gmail.com,4734252762.0
39439,LP,gwlps39439@gmail.com,9605497630.0
15350,LP,alpsnaiketty@yahoo.com,4936270099.0
26521,LP,pclps.narakal@gmail.com,9947921401.0
40422,LP,40422townlps@gmail.com,4752224120.0
40455,LP,chaithanyalps41@gmail.com,4752229141.0
26202,LP,gglpsekm@gmail.com,4842963291.0
47204,LP,erimalaglps@gmail.com,4952997532.0
20515,LP,pilakkattiriglps@gmail.com,4662370057.0
47442,LP,aktmlps.mnlvyl@gmail.com,9496422428.0
36246,LP,36246mattomnorthlps@gmail.com,8547471051.0
44523,LP,44523karumanoor@gmail.com,9496296360.0
38309,LP,marthomalpsmudiyurkonam@gmail.com,9961594471.0
33530,LP,gclpsvelloor@gmail.com,4812372270.0
20204,LP,ajbsariyoor@gmail.com,9446639199.0
12308,LP,12308glpskeekamkot@gmail.com,4672240131.0
20644,LP,peratiyuralps@gmail.com,4662315088.0
15216,LP,salpskottappadi@gmail.com,9447340809.0
41413,LP,balikamariyam56@gmail.com,4742740565.0
15450,LP,nlpskmna@gmail.com,9947432372.0
15433,LP,glpschekady@gmail.com,0.0
41419,LP,dvlpskollam@gmail.com,4742728083.0
43317,LP,st.josephslps1@gmail.com,4712337126.0
19831,LP,mhmlps@gmail.com,
16523,LP,mudadisouthlps@gmail.com,9447631701.0
42619,LP,glpspalode@gmail.com,4722840206.0
33257,LP,thazhathangadymdlps@gmail.com,9495571081.0
13548,LP,dvlpsm@gmail.com,4972841212.0
15349,LP,sreejayaalps@gmail.com,4936270680.0
18453,LP,malpswestmuthiriparamba@gmail.com,9745929923.0
19527,LP,newlpsponnani@gmail.com,4942663700.0
18534,LP,manjerisouth@gmail.com,9745930601.0
41629,LP,41629kundara@gmail.com,4742523406.0
31524,LP,dvnsslpsnechipuzhoor1234@gmail.com,9846770595.0
16541,LP,purakkalparakkadlp@gmail.com,4962691025.0
17218,LP,christurajalps@gmail.com,4952376455.0
36419,LP,cmskappil@gmail.com,4792438080.0
19609,LP,gmlpsiringavoor@gmail.com,4942585000.0
47330,LP,salafiprimarykdr@gmail.com,9061744008.0
44230,LP,44230lmslps@gmail.com,9497692936.0
14823,LP,snlpkottiyoor@gmail.com,4902431300.0
38633,LP,kvlpspadayanipara@gmail.com,9562717460.0
47608,LP,nimlpsperambra43@gmail.com,4962614673.0
41202,LP,glpsvava@gmail.com,4762643345.0
40220,LP,msclpsmalapperoor@gmail.com,8281728963.0
48305,LP,alpscholakkulam@gmail.com,9562804685.0
16832,LP,16832hm@gmail.com,9605341959.0
34232,LP,34232cherthala@gmail.com,9447502900.0
41221,LP,asmlps1960@gmail.com,4762660668.0
41508,LP,41508klm@gmail.com,4742556660.0
12324,LP,12324pptsalps@gmail.com,4672201838.0
39418,LP,gwlpspallickaleast@gmail.com,9495752856.0
22220,LP,alpsperinchery@gmail.com,9605386834.0
29415,LP,mukkudamvijnanam3@gmail.com,4868262618.0
21857,LP,kvalpsmuthukurussi1926@gmail.com,9747415727.0
22477,LP,stsebastianscemlps@gmail.com,4872445136.0
20448,LP,alpschoolkayiliad@gmail.com,4662228589.0
14505,LP,glpsnarikkottumala16@gmail.com,4902375977.0
19721,LP,mangattiriglps@gmail.com,9048447479.0
12405,LP,glpskonnakkad@gmail.com,4672249660.0
41533,LP,stjudelp@gmail.com,2502960.0
31424,LP,31424lpspunnathura@gmail.com,9656236542.0
40208,LP,gmlpsv@gmail.com,4742434830.0
25628,LP,stlpsnellad123@gmail.com,4842769810.0
18770,LP,mimemlps@gmail.com,8848197375.0
19846,LP,ttkmalpsthekkekulamba@gmail.com,9847888985.0
15319,LP,kolavallyglps@gmail.com,4936234142.0
42233,LP,salpsmampally@gmail.com,4702657251.0
36412,LP,glpskeerikkad@gmail.com,9497811650.0
48220,LP,mjmamlpspllimukku@yahoo.com,9400558281.0
14348,LP,keezhathurwestlpschool@gmail.com,4902382855.0
39215,LP,gbvlpschool@gmail.com,4742452321.0
36224,LP,gwlpsvallikunnam746@gmail.com,4792372746.0
40207,LP,gwlpsperingadu@gmail.com,8075817574.0
24523,LP,saheedabikunju@gmail.com,9946036600.0
36328,LP,ealpschangamala@gmail.com,9946761389.0
11247,LP,welfaremjr@gmail.com,8547221918.0
23233,LP,stjosephslpsnalukettu@gmail.com,9496745007.0
14635,LP,eslpschool@gmail.com,9847134959.0
39422,LP,gmlpspattazhy@gmail.com,8301091924.0
19431,LP,alpschelembra@gmail.com,9446901123.0
15440,LP,glpspaliyana@gmail.com,9447341252.0
13642,LP,school13642@gmail.com,9207788000.0
44387,LP,st.xaviersconventlps@gmail.com,4712289428.0
16842,LP,16842hm@gmail.com,8943662512.0
18531,LP,gmlpsmanjerieast31@gmail.com,
14820,LP,iimalpiritty@gmail.com,4902494490.0
30282,LP,lflps933@gmail.com,4868270933.0
44340,LP,sgnmlpsmarthandeswaram@gmail.com,4712409417.0
25436,LP,strockeysmanjapra@gmail.com,9447197219.0
34327,LP,34327thuravoor@gmail.com,
32322,LP,123mylathadikal@gmail.com,
41572,LP,bluestarpublicschool2530824@gmail.com,9495475483.0
24633,LP,hmnssbblps@gmail.com,4884234418.0
27329,LP,karingazhaglps@gmail.com,8848052050.0
15226,LP,thariodeglps@gmail.com,4936250575.0
25847,LP,glpbson1897moothakunnam@gmail.com,0.0
47441,LP,adivramalps@gmail.com,4952234560.0
11426,LP,hmglpstharamthatta@gmail.com,7592912311.0
39425,LP,glpspvtr@gmail.com,9947087491.0
16224,LP,parthan9846451711@gmail.com,9846451711.0
14731,LP,palyodelpschool@gmail.com,9446959794.0
36202,LP,glpserezha@gmail.com,9447787561.0
48518,LP,kottakkunnualps@gmail.com,4931245054.0
42235,LP,vencodelps@gmail.com,8547062863.0
35225,LP,35225ssvlpsvadackal@gmail.com,8547585181.0
21203,LP,glpsv123@gmail.com,9605231959.0
16817,LP,vidyav1972@gmail.com,9496207814.0
38503,LP,chathantharaglps@gmail.com,9744756314.0
38521,LP,mekkozhoormdlps@gmail.com,9495016883.0
44209,LP,snvlpskovalam@gmail.com,9497638558.0
13940,LP,tkkmlps1950@gmail.com,4985237010.0
13825,LP,thayampoyilalps@gmail.com,4602275510.0
17431,LP,amlpsmayanad2022@gmail.com,9847419758.0
17534,LP,glpschoolkadalundi@gmail.com,
16419,LP,kallatlps@gmail.com,9048016454.0
44306,LP,lpsktda@gmail.com,4712294045.0
18344,LP,kmhmamlps@gmail.com,9539078061.0
21614,LP,glpskalpathy@gmail.com,9495134121.0
42637,LP,kvlpsthemala2@gmail.com,9961467460.0
35330,LP,lflpspkd@gmail.com,4772273511.0
34217,LP,34217cherthala@gmail.com,4782865311.0
19634,LP,amlpskorangath@gmail.com,9495639088.0
48501,LP,glps.adkd@gmail.com,4931258285.0
19735,LP,amlpskumaramangalamtirur@gmail.com,9495565406.0
36266,LP,kuthirakettumthadamglps@gmail.com,4792375595.0
38621,LP,cmslpschool111@gmail.com,8547049643.0
41509,LP,41509klm@gmail.com,4742572110.0
14412,LP,knimlpschool@gmail.com,9846047171.0
46214,LP,glpsvaisyambhagom@gmail.com,9400983706.0
15210,LP,glpsmechana@gmail.com,4936273095.0
48430,LP,gtlpschool@gmail.com,
46410,LP,ajjmskainady@gmail.com,4772710950.0
30226,LP,stantonyslps5@gmail.com,9947463131.0
33327,LP,glpbsvktm@gmail.com,4812460186.0
41213,LP,adithyavilasamlps@gmail.com,4762660808.0
36426,LP,monkuzhysouthlps36426@gmail.com,2437905.0
46316,LP,mtlpsneerattupuram@gmail.com,8111932385.0
26205,LP,govtlpscheranellore@gmail.com,
11416,LP,11416glpskpdy@gmail.com,9497602942.0
21852,LP,mamana243@gmail.com,8157808780.0
11405,LP,chathankaiglps@gmail.com,4994239538.0
18333,LP,amlps18333@gmail.com,9846408873.0
38421,LP,mtlpsmallapuzha@gmail.com,9495569773.0
47402,LP,mmalpskedavur@gmail.com,9496432612.0
41524,LP,ezhippuramlps@gmail.com,8848390093.0
43351,LP,glpsvaliaudeswaram@gmail.com,9446208946.0
23542,LP,st.augustineslpskdty@gmail.com,4802717341.0
30342,LP,alpsrajamallay1@gmail.com,8281566858.0
19216,LP,gblpsmdr@gmail.com,4942698650.0
18325,LP,kottappuramamlps@gmail.com,4832794483.0
18722,LP,amlpsmanathumangalam@gmail.com,9496031841.0
19212,LP,kakkidippuramamlps@gmail.com,4942651639.0
38537,LP,lpschellakkad@gmail.com,8086151981.0
16640,LP,valayammlp@gmail.com,4962460020.0
16246,LP,vvlpschoolmvtr@gmail.com,9497863945.0
35217,LP,aryadcmslps@gmail.com,9895834085.0
42223,LP,glpgsvarkala@gmail.com,4702611255.0
13174,LP,orikaralp@gmail.com,9947271811.0
33405,LP,govtlpskuzhimattom2013@gmail.com,8075236628.0
18769,LP,micemstkd@gmail.com,4933251554.0
26325,LP,stgeorgeslpspazhangad@gmail.com,4842248990.0
15316,LP,glpsmeenangadi@gmail.com,4936248590.0
19692,LP,makhdoomiyakavappura@gmail.com,4942499199.0
47539,LP,amlpsulliyeri@gmail.com,9946422118.0
32336,LP,gtlpstpra@gmail.com,4828213130.0
38715,LP,glpsvettoor@gmail.com,4682334649.0
30510,LP,sblpssleevamala@gmail.com,4868292094.0
24410,LP,alpsparakkad@gmail.com,9946537673.0
39413,LP,m4manjakalalps@gmail.com,9995881662.0
30504,LP,glpskallarpattamcolony@gmail.com,4868222220.0
11308,LP,alpskilingar@gmail.com,9995535627.0
18609,LP,amlpschoolkachinikkad@gmail.com,9846044818.0
13409,LP,aravindsaji1971@gmail.com,8547460221.0
42564,LP,anadschool@gmail.com,8304931438.0
46310,LP,mdlpsouththalavadi@gmail.com,9446523004.0
39248,LP,stmarysemlps@yahoo.com,8921907413.0
41433,LP,thillerylpskollam2016@gmail.com,9633894224.0
44341,LP,bfmlpsmarukil@gmail.com,9446614214.0
21219,LP,alpsvanur@gmail.com,9847690102.0
20539,LP,mmjbsvellalur@gmail.com,4662278817.0
43205,LP,gmodelthycaud@gmail.com,4712327657.0
14803,LP,glpskavumpady@gmail.com,4902405010.0
37538,LP,gmnlps3@gmail.com,4692619969.0
24250,LP,amlpsvylathoor24250@gmail.com,4872680553.0
42431,LP,mgmlps123@gmail.com,9656611103.0
19633,LP,gmlpspkpm@gmail.com,4942444241.0
44303,LP,cherucodegtlps@gmail.com,4712288578.0
20532,LP,20532kozhikkara@gmail.com,4662279292.0
14646,LP,olayikkaranorthlpschool@gmail.com,4902538499.0
48224,LP,headmasterglpsputhalam@gmail.com,
18650,LP,kmamalpsvkptaw@gmail.com,8921018879.0
20511,LP,nayyurgblps@gmail.com,4662253655.0
20510,LP,nellikkattiriglps@gmail.com,4662313275.0
20441,LP,hmbemlpsvkm@gmail.com,4662226458.0
20670,LP,darussalam.kadavu.tvp@gmail.com,9745842975.0
38403,LP,hm.glpskaramveli@gmail.com,4682215021.0
41510,LP,41510kollam@gmail.com,4742572207.0
24329,LP,jeeblessgeorgeki@gmail.com,4885227818.0
31214,LP,glpsveliyannoor@gmail.com,4822244045.0
13203,LP,mundalurramavilasamlps12@gmail.com,4972826377.0
31452,LP,st.antonyskattachira@gmail.com,4812535011.0
27335,LP,glpbschool@gmail.com,4842652880.0
18589,LP,alpsamayur@gmail.com,9895177452.0
16322,LP,kolathurkvlps@gmail.com,4962700249.0
14650,LP,poovathurnewlps@gmail.com,4902304898.0
16659,LP,varikkolilps@gmail.com,8848837285.0
34332,LP,34332thuravoor@gmail.com,4782879720.0
14327,LP,parambayimuslimlps@gmail.com,9496145657.0
33331,LP,shchanganassery@gmail.com,4812420534.0
24325,LP,hmnlpsmanaly@gmail.com,9497062844.0
41324,LP,silpsmullikala@gmail.com,9744720874.0
15237,LP,ambaglps@gmail.com,0.0
17536,LP,gwlpsferoke@gmail.com,
41632,LP,41632kundara@gmail.com,4742587677.0
20637,LP,amlpssankaramangalam@gmail.com,8547238453.0
38320,LP,kadakkadglps@gmail.com,4734256060.0
41535,LP,41535chathannoor@gmail.com,9946102791.0
23513,LP,stpaulkannikkara@gmail.com,4802789998.0
19717,LP,semlpsparavanna@gmail.com,9947951251.0
14725,LP,remyapv039@gmail.com,9496292293.0
20516,LP,glpsthirumittacode@gmail.com,4662259549.0
12513,LP,12513thuruthi@gmail.com,4672262388.0
18641,LP,alpspuzhakkattiri@gmail.com,7034720167.0
48307,LP,amlpsolippuzha@gmail.com,9846094677.0
34310,LP,34310thuravoor@gmail.com,9746944753.0
38636,LP,cmslpsomalloor@gmail.com,9847522063.0
23234,LP,stsebastianlpskuttikad@gmail.com,4802747140.0
38239,LP,nslpschool2014@gmail.com,4734216187.0
48414,LP,kattumundagmlps@gmail.com,9497345025.0
30320,LP,glpsvenad@gmail.com,4865285060.0
18551,LP,glpspulath9048@gmail.com,9447278271.0
25612,LP,lpspancode@gmail.com,4842765070.0
46412,LP,cmslpskunnummal@gmail.com,9495211502.0
19635,LP,glpsrayirimangalameast@gmail.com,9446671253.0
45309,LP,stxavierslps@gmail.com,4829243331.0
44507,LP,lpskodavilakam@gmail.com,8547038668.0
18443,LP,glpspktrold@gmail.com,9446883884.0
38615,LP,1234glpsvettipuram@gmail.com,9744362523.0
47631,LP,peruvacheryglps@gmail.com,9495862210.0
43204,LP,hslpskaramana2016@gmail.com,9447241629.0
44239,LP,hmpongil@gmail.com,4712263256.0
12509,LP,12509pilicode@gmail.com,4672263738.0
48508,LP,malps.chyd@gmail.com,9496841695.0
18740,LP,alpsvalamkulam@gmail.com,9947893173.0
33524,LP,nmlpspampady1914@gmail.com,9446793270.0
30543,LP,rpmlps@gmail.com,4868222277.0
37242,LP,bindutpsr@gmail.com,9526781202.0
19625,LP,kallathichiraschool@gmail.com,4942547749.0
13747,LP,glpsthalavil@gmail.com,4602280510.0
42325,LP,42325vellumannady@gmail.com,9495311089.0
18525,LP,gmlpskodasseri@gmail.com,4832785510.0
18771,LP,harisreeems@gmail.com,9961558337.0
39201,LP,gvlpsavanoor@gmail.com,9497618907.0
16628,LP,kuyitherimlp@gmail.com,9745892475.0
14644,LP,centralnaravoor@gmail.com,4902361822.0
34318,LP,34318gtdlps@gmail.com,6282705850.0
14749,LP,kuzhikkallpspvv@gmail.com,4902477947.0
23337,LP,snlpsijk@yahoo.com,9645508766.0
14344,LP,vadanjbs@gmail.com,9947608951.0
43224,LP,lmslpskudumbannoor@gmail.com,9020206081.0
39520,LP,glpspanappetty2014@gmail.com,4762834959.0
16835,LP,16835hm@gmail.com,9495611776.0
27352,LP,stmarysinchathotty@gmail.com,9539835914.0
14436,LP,gurukulamlps@gmail.com,9744274430.0
24638,LP,devivilasamlpsmundathikode@gmail.com,4885288001.0
37248,LP,balikamatomkglps@gmail.com,2602908.0
33350,LP,cslpsmadappally@gmail.com,4812473050.0
40414,LP,40414gwlps@gmail.com,9447311545.0
43222,LP,salpskakkamoola@gmail.com,7356818511.0
38203,LP,glpselangamangalam50@gmail.com,474210458.0
43402,LP,glpsattinkuzhy@gmail.com,9446555827.0
17220,LP,ganapathlpswestkallai@gmail.com,9495611875.0
41674,LP,bappuji2015@gmail.com,7594081071.0
13162,LP,kuttikkakam.lp@gmail.com,9497041522.0
26218,LP,albertslps@gmail.com,9847319057.0
33408,LP,pvthglps@gmail.com,4812342024.0
11429,LP,hmglpstheruvath@gmail.com,4994230994.0
16452,LP,avadukkalps@gmail.com,
17445,LP,gdvlps1@gmail.com,9961908142.0
14625,LP,muthiyangamoplalps@gmail.com,9562668670.0
21508,LP,pallavurglps@gmail.com,4922234063.0
42234,LP,lmslpsvakkom11@gmail.com,4702650809.0
19556,LP,kdvdponnani@gmail.com,4942667890.0
39423,LP,gwlpspattazhy@gmail.com,9495088784.0
48540,LP,ckaglpsv@gmail.com,9961067317.0
29411,LP,sjlpskallarkutty@gmail.com,9496340162.0
44206,LP,glpskottukal44206@gmail.com,4712266033.0
41617,LP,41617kundara@gmail.com,4742580393.0
20314,LP,kinassery1929@gmail.com,
42203,LP,govtmlpspalachira@gmail.com,9946730224.0
38207,LP,kadampanadglps@gmail.com,4734284077.0
16511,LP,iringathmlps@gmail.com,9447339614.0
18717,LP,glpskappumugham@gmail.com,4933250025.0
11418,LP,glpskunduchi@gmail.com,9497839994.0
20416,LP,alpskulappully@gmail.com,9847847096.0
24502,LP,hmglpskpm@gmail.com,0.0
11243,LP,valpspavoor@gmail.com,4998273045.0
21831,LP,glpsviyyakkurussi@gmail.com,4924235727.0
47501,LP,glpsbalussery@gmail.com,4962644410.0
13403,LP,glpskavumbai2016@gmail.com,4602265870.0
14223,LP,paralmlps@gmail.com,8156885315.0
18328,LP,amlpsmannaril@gmail.com,4832715999.0
11393,LP,navajeevana11393@gmail.com,4998284248.0
42416,LP,glpspedikulam@gmail.com,4702836087.0
39515,LP,manampuzhaglps@gmail.com,4762857212.0
29317,LP,gnaliyani@gmail.com,4862282133.0
21430,LP,hmalpsmathureast@gmail.com,9495847331.0
38281,LP,stmarysconventemsadoor@gmail.com,4734223147.0
44205,LP,lpskidarakuzhi@gmail.com,4712485515.0
23407,LP,vvkmmlpsthiruvallur@gmail.com,9744200388.0
47305,LP,nellikkunnualps@gmail.com,4952294320.0
18742,LP,veettikadamlps@gmail.com,4933206910.0
47434,LP,pannurwest@gmail.com,4952212056.0
13974,LP,stmarysconventlpspnr@gmail.com,4985203163.0
41313,LP,41313glps@gmail.com,9497619371.0
44508,LP,govtlpskoothali@gmail.com,4712243711.0
38248,LP,ezhamkulamglps@gmail.com,4734291209.0
43439,LP,andoorkonamglps@gmail.com,4712754086.0
17524,LP,nallurnarayanalpbs@gmail.com,9847555532.0
18415,LP,amlpskottur@gmail.com,8590394219.0
43415,LP,glpskuttiyani@gmail.com,4722586683.0
41317,LP,kollakacmslps@gmail.com,9048093300.0
41310,LP,glpsmottackal@gmail.com,4762872833.0
33425,LP,muppaikkadlps@gmail.com,4812342543.0
13543,LP,kelps1953@gmail.com,4985278690.0
39314,LP,st.thomasglps@gmail.com,4742523546.0
15385,LP,stgeorgelpschoolpulpally@gmail.com,4936243741.0
37212,LP,glpskavumbhagom@gmail.com,4692600223.0
41523,LP,41523klm@gmail.com,4742575522.0
39443,LP,manjakkalagbvlps@gmail.com,4752328725.0
18316,LP,karadglpschool@gmail.com,4832830128.0
16718,LP,16718.aeotdnr@gmail.com,9496471573.0
12224,LP,ralpsmowval@gmail.com,9495027387.0
38422,LP,mtlpsmelukarawest@gmail.com,9074281203.0
25419,LP,anapparafatimalps@gmail.com,4842695690.0
38302,LP,glpskurampala@gmail.com,4734292818.0
14545,LP,thuvakkunnulpschool@gmail.com,4902318099.0
47004,LP,alphonsaemstsy@gmail.com,8593092436.0
16724,LP,memunndaeastlp@gmail.com,7558802639.0
16747,LP,mpvlp123@gmail.com,4962270179.0
36411,LP,glps.elippakulam@gmail.com,4792336091.0
14506,LP,govtlpschoolputhoor@gmail.com,4902316725.0
20315,LP,alpschoolkulakkad@gmail.com,9495449185.0
15328,LP,malikaglps166@gmail.com,4936260166.0
14732,LP,nislps2021@gmail.com,4902474614.0
21517,LP,glpsvadavannur@gmail.com,9497629961.0
20336,LP,amlpschoolattassery@gmail.com,9605548370.0
43117,LP,strochsttithope@gmail.com,4712505068.0
26223,LP,nijlpskumbalam@gmail.com,9446207534.0
17217,LP,bemlpschool@gmail.com,4952724769.0
12212,LP,12212hmglpsmudiakkal@gmail.com,9447489338.0
30340,LP,alpsperiyavarrai@gmail.com,
16310,LP,gmlpspanthalayani@gmail.com,4962630562.0
41316,LP,glpsvenga@gmail.com,4762830857.0
44414,LP,glps44414@gmail.com,9947680524.0
29351,LP,sncmlpsneyyassery@gmail.com,9072786969.0
21515,LP,gtwlpsthekkady@gmail.com,8137881643.0
34325,LP,34325thuravoor@gmail.com,4782562630.0
18647,LP,valambooramlps@gmail.com,8089967560.0
17345,LP,gayathrividyanikethanperuvayal@gmail.com,7356291092.0
40328,LP,teresasanchal@gmail.com,4752276123.0
43207,LP,gwlpskoliacode@gmail.com,8301070354.0
42605,LP,chettiyamparagtlps@gmail.com,47122891626.0
22424,LP,shlpschool2012@gmail.com,4872333955.0
43211,LP,hslpspappanamcode@gmail.com,4712490018.0
15231,LP,hmrclps@gmail.com,4936201083.0
21631,LP,glpssulthanpeta@gmail.com,4912530145.0
20201,LP,ghwlpschunangad@gmail.com,9497629314.0
47620,LP,chenolialpschoolchenoli@gmail.com,9846334948.0
13909,LP,glpsmlm@gmail.com,4985278612.0
19208,LP,kaladiglps@gmail.com,
47308,LP,hmglpschkb@gmail.com,4952207116.0
46416,LP,glpsveliyanadunorth@gmail.com,9495063282.0
16749,LP,ponmerilpskalleri@gmail.com,9400249897.0
19418,LP,amlpskottantala@gmail.com,9567383683.0
24217,LP,stantonyslpsattupuram@gmail.com,9526764279.0
18418,LP,amlpsmylappuram@gmail.com,9847422475.0
20434,LP,pulakkadalps@gmail.com,9947024467.0
48426,LP,gmlpsmukkatta@gmail.com,4931223938.0
14328,LP,jbsparapram@gmail.com,4902300941.0
27241,LP,mtlps19@gmail.com,9400916796.0
24652,LP,alpsvennur@gmail.com,9847065182.0
39340,LP,lmslpsvilangara@gmail.com,8281983170.0
20446,LP,alpsmoolurkara@gmail.com,9497122280.0
26317,LP,stslps@gmail.com,4842235535.0
20219,LP,alpsmylumpuram@gmail.com,8078359483.0
20627,LP,alpskozhikkottiri@gmail.com,
20207,LP,vvlpschunangad@gmail.com,9946025831.0
13841,LP,alpspavannoor@gmail.com,9633860602.0
11403,LP,glpsbedadkanew@gmail.com,8848987373.0
43228,LP,stantonyvisschool@gmail.com,4712506327.0
40433,LP,40433dblpsmampazhathara@gmail.com,8281513117.0
48217,LP,glpskuthooparamba@gmail.com,4832844048.0
40326,LP,yeroorlps@gmail.com,4752270267.0
42219,LP,newlpsvakkom@gmail.com,4702654566.0
43405,LP,glpscheramanthuruth@gmail.com,4712428426.0
13728,LP,qmlpvilakkannur@gmail.com,9447689713.0
23423,LP,lpsalagothuruthi@gmail.com,9846987520.0
40223,LP,lpsporedom24@gmail.com,4742475456.0
35421,LP,35421haripad@gmail.com,7306204790.0
18433,LP,ckmmpanakkad@gmail.com,4832836675.0
39204,LP,glpsirumpanangad@gmail.com,9605682470.0
25217,LP,stmaryslpsaluva@gmail.com,9496174344.0
23335,LP,donboscoepspadiyoor@gmail.com,
14813,LP,mubaracklpsapkv@gmail.com,4602457010.0
19324,LP,gmlpskananchery@gmail.com,4942941610.0
13163,LP,kslpschool@gmail.com,9446167662.0
19643,LP,nmalps@gmail.com,9354513109.0
15405,LP,sjlps001@gmail.com,4935274475.0
16240,LP,16240hmchombala@gmail.com,9495134404.0
45337,LP,marangoliglps@gmail.com,
21321,LP,glpspalltheri@gmail.com,9809174038.0
33339,LP,lisieuxl@yahoo.in,-2726098.0
18559,LP,alirfanenglishmedium918@gmail.com,9846832918.0
42601,LP,lps42601@gmail.com,4722820268.0
27363,LP,valachiralps@gmail.com,9496502833.0
16823,LP,16823mlpschool@gmail.com,9446782709.0
19244,LP,glpsmaravanchery@gmail.com,8129397857.0
23517,LP,shclpgsthumboor@gmail.com,4802788050.0
24201,LP,24201gmlpsandathode@gmail.com,0.0
13832,LP,hmkvalpskandakkai@gmail.com,9447760611.0
36267,LP,glpsmullikulangara2018@gmail.com,9544641474.0
19740,LP,vettompallippuram@gmail.com,4942561100.0
17523,LP,nallalamalps@gmail.com,9995473722.0
21901,LP,christujyothilpschool@gmail.com,9544187652.0
40411,LP,gnlpskamukumchery@gmail.com,0.0
31215,LP,sjlpsamanakara@gmail.com,9496115971.0
25428,LP,gurudevankannimangalam@gmail.com,9747611317.0
47408,LP,glpchembra@gmail.com,4952222468.0
14638,LP,kottayodilp@gmail.com,4902361094.0
44443,LP,44443stconventaidedlps@gmail.com,2223899.0
44326,LP,lmslpsarumalloor@gmail.com,9497454032.0
16207,LP,16207hmchombala@gmail.com,9747407224.0
18550,LP,alpsperamkulam@gmail.com,9744225257.0
36430,LP,cslpsperingala@gmail.com,4792442562.0
38714,LP,glpsvayalanorth7@gmail.com,9544475453.0
30210,LP,glpskarimkulam@gmail.com,8943232583.0
44431,LP,msclpsmaruthathoor@gmail.com,2225626.0
40467,LP,nisa6666@gmail.com,4752229566.0
44344,LP,lmlpsmylakkara@gmail.com,9495628435.0
39523,LP,psptmschool@gmail.com,4762852547.0
42206,LP,glpshpuram@gmail.com,4702665726.0
44321,LP,glpspoozhanad@gmail.com,4712255066.0
19535,LP,gflpspuduponnani@gmail.com,4942663760.0
18654,LP,milpskchkd@gmail.com,4933283947.0
19233,LP,gmlpschoolvadakkumuri@gmail.com,4942653730.0
36227,LP,gwlps50@gmail.com,4792377989.0
19219,LP,hmamlpskokkur@gmail.com,
11211,LP,kayarkatteglps@gmail.com,4998206123.0
27234,LP,glpgsvengola@gmail.com,4842524001.0
23223,LP,glpskodaly699@gmail.com,4802743560.0
39408,LP,kulakkadagdvlps@gmail.com,9446796764.0
23312,LP,rmlpskizhuthany@gmail.com,4802820901.0
29235,LP,maryjonson18@gmail.com,4862288011.0
41641,LP,stvincentskkpuram@gmail.com,4742547607.0
36434,LP,Njavakkad1916@gmail.com,8301877296.0
21324,LP,hmperumparachallaglps@gmail.com,4923273893.0
19512,LP,glpstheyyangad2012@gmail.com,9446164129.0
38534,LP,stgeorgeealpsvenkurinji@gmail.com,482825003.0
13828,LP,andooraidedalpschool@gmail.com,9847068373.0
21231,LP,srvalpskazhani@gmail.com,8921665438.0
12425,LP,12425nlpsvkd@gmail.com,9497837020.0
39245,LP,stgems1986@gmail.com,4742417201.0
25604,LP,gjbsbrahmapuram@gmail.com,4842720510.0
43237,LP,glpspoonkulam@gmail.com,4712488919.0
42313,LP,glpsottoor@gmail.com,4702688245.0
38401,LP,hmglpschiramel38401@gmail.com,8281874841.0
43420,LP,lpsmurukkumpuzha@gmail.com,4712424201.0
26528,LP,stjosephswadal@gmail.com,9495527044.0
23262,LP,lfcemlpskoratty93@gmail.com,4802733973.0
19333,LP,glpsmaniyankad@gmail.com,9846677715.0
48425,LP,glpmooleppadam@gmail.com,9946889594.0
22441,LP,schoolrglp@gmail.com,4872440006.0
42414,LP,glpspanappamkunnu@gmail.com,9496249497.0
38734,LP,glpskummannoor@gmail.com,4682341409.0
29352,LP,sjlpsparapuzha@gmail.com,9961434144.0
23219,LP,stmaryslpscky@gmail.com,
23430,LP,stmaryslpschool@gmail.com,9747392611.0
36433,LP,cheravallylps1955@gmail.com,9446297651.0
48302,LP,areecholaptm@gmail.com,4832781150.0
13941,LP,puthurschool1@gmail.com,4985261619.0
20514,LP,perumannurglps@gmail.com,4662255096.0
41214,LP,glpsthazhavanorth@yahoo.in,4762863455.0
34242,LP,34242cherthala@gmail.com,9846409601.0
20626,LP,amlpskondurkara123@gmail.com,8086369594.0
36216,LP,glps36216@gmail.com,4792387900.0
21546,LP,alpsnenmeni@gmail.com,4923264800.0
48327,LP,spmmodellps@gmail.com,9526305850.0
19651,LP,alpsputhentheru@gmail.com,9961971355.0
23220,LP,kodakaraglps2012@gmail.com,4802724968.0
45223,LP,smsnlpsvaikom@gmail.com,4829216101.0
32323,LP,gwlpsnedumkavuvayal577@gmail.com,4828213250.0
45218,LP,pothyhflps@gmail.com,4829240080.0
44436,LP,jayas1549@gmail.com,8075466595.0
14710,LP,kaitherialps@gmail.com,9946176820.0
13412,LP,chuzhalieastalps@gmail.com,9544150415.0
38313,LP,msclpspongalady@gmail.com,9495733121.0
18518,LP,alpskarayil@gmail.com,9495885449.0
42239,LP,amlpskovoor1@gmail.com,9895889136.0
48514,LP,nusrathulislamemlpspulvetta@gmail.com,9847969403.0
39505,LP,iverkalagdv@gmail.com,4742910493.0
18412,LP,cheppuramlps@gmail.com,9846883431.0
43438,LP,agjmskariyavattom@gmail.com,4712416445.0
35202,LP,35202gmhslp@gmail.com,9745203464.0
21731,LP,gwlpsezhakkad123@gmail.com,9744150023.0
20447,LP,mundamukaalps@gmail.com,9846177585.0
22423,LP,stthomaslpschool@gmail.com,2203744.0
19819,LP,aahmlps@gmail.com,4942494987.0
41215,LP,glpskuthirapanthy@gmail.com,4762863593.0
41630,LP,s41630kundara@gmail.com,4742523510.0
47628,LP,glpmuthuvannacha@gmail.com,4962669555.0
25241,LP,nazarethlpschoolofficial@gmail.com,9497279042.0
14720,LP,kezhallurnorthlps@gmail.com,9747377527.0
48411,LP,glpskarimpuzha@gmail.com,4931222033.0
15345,LP,glpspoomala@gmail.com,4936220310.0
13509,LP,elpsedat@gmail.com,4972805366.0
11325,LP,valpsukkinadka@gmail.com,9946419688.0
13618,LP,school.13618@gmail.com,4972796990.0
48446,LP,gtlpsvalanthode@gmail.com,8086596554.0
18448,LP,glpsirumbuzhi@gmail.com,4832738006.0
36416,LP,srvlpsputhuppallynorth@gmail.com,9496231610.0
40311,LP,gtlpsk@gmail.com,9446278792.0
32229,LP,lpsvakakkad1@gmail.com,4822286798.0
21708,LP,padinjaremuriglps@gmail.com,9497351390.0
39231,LP,karuvelillps@gmail.com,
36250,LP,vathikulamlps2023@gmail.com,9446193385.0
16443,LP,schoolnittoormlp@gmail.com,4962588400.0
35292,LP,brightlanddiscoveryschool@gmail.com,9495261315.0
19430,LP,melodiparambaglps@gmail.com,9526903832.0
41436,LP,kavaralps@gmail.com,9746342933.0
14675,LP,desabanduschool@gmail.com,9747118191.0
44544,LP,vimalahridayalpsviraly@gmail.com,4712210900.0
22633,LP,hmjayasree10@gmail.com,4802873567.0
30437,LP,lutheranlpsdymock1976@gmail.com,8589929545.0
42639,LP,tajlpschool@gmail.com,4722869763.0
28201,LP,glpskarimattam@gmail.com,
39330,LP,gracylmsovm@gmail.com,4742454248.0
44232,LP,msclpskannancode@gmail.com,9747168361.0
11205,LP,11205ulwar@gmail.com,4998213486.0
41638,LP,41638kundara@gmail.com,4742542020.0
19729,LP,hmvplpskarathur@gmail.com,9605421567.0
18733,LP,azeezkomban@gmail.com,9847509152.0
17411,LP,gmlpthalakkulathur@gmail.com,4952850444.0
21833,LP,glpsmaruthumkad@gmail.com,
12525,LP,12525alpsorie@gmail.com,467277044.0
32404,LP,dvglpshm@gmail.com,8156808356.0
33521,LP,cmslpsmeenadomwest@gmail.com,9400096213.0
14839,LP,edakkanam.lp.school@gmail.com,2493980.0
26406,LP,udayamperoorvjbs@gmail.com,9497796506.0
39310,LP,glpsummannoor@gmail.com,4742494380.0
18541,LP,glpspandallur@gmail.com,9495414232.0
24609,LP,glpspazhayannur@gmail.com,4884226629.0
42531,LP,glpsvellanad@gmail.com,4722883826.0
36213,LP,glpscherumukha@gmail.com,9496194859.0
12323,LP,12323mcbmalps@gmail.com,9895124110.0
44226,LP,sheejarinidk@gmail.com,9961866860.0
27362,LP,smlpsmamalakandam19@gmail.com,9645535955.0
19708,LP,jmlpstirur@gmail.com,4942427273.0
18402,LP,alpskuttippuram123@gmail.com,4832748818.0
36253,LP,koshyanil48@gmail.com,9447248982.0
44349,LP,lpsthoonganpara@gmail.com,4712295785.0
36237,LP,cmslps237@gmail.com,9048800586.0
19801,LP,amlpsarakkalpullithara@gmail.com,9544482894.0
14524,LP,elangodeeast@gmail.com,4902318135.0
48229,LP,hmsnmalps@gmail.com,9846201517.0
20513,LP,hmglpspattithara@gmail.com,4662373781.0
47616,LP,ramallurglps@gmail.com,4962614128.0
21601,LP,ajbsandimadom@gmail.com,9495396851.0
47410,LP,amlpsearpona@gmail.com,8086577015.0
32202,LP,glps.anakkallu@gmail.com,4828201085.0
38209,LP,gnmlpsk@gmail.com,4752323865.0
24220,LP,amlpscherayi@gmail.com,4872542215.0
42629,LP,stvictorsparantode@gmail.com,9207831662.0
31420,LP,snvlpsmannanam@gmail.com,9847614562.0
42506,LP,hmglpschellamcode@gmail.com,4722814555.0
48451,LP,karunechilfalps@gmail.com,4931277339.0
17535,LP,glpsbeypore@gmail.com,4952418260.0
41604,LP,41604kundara@gmail.com,9495178188.0
44343,LP,stalbertlps44343@gmail.com,9497690375.0
18626,LP,glpspalakaparambil@gmail.com,9747201826.0
16231,LP,edacherimlpschool2016@gmail.com,
31525,LP,lflpschoolpaika@gmail.com,4822226903.0
44319,LP,govtlpspanniyode@gmail.com,9446307406.0
42312,LP,glpsmullaramcode42312@gmail.com,4702691515.0
41505,LP,41505cheriyela@gmail.com,47422020077.0
41327,LP,41327stantonylps@gmail.com,9745528903.0
20313,LP,southalps1998@gmail.com,9947392456.0
48528,LP,glpschoolpoongode@gmail.com,4931236781.0
13440,LP,alpsthavarool@gmail.com,9744071877.0
13175,LP,hmpalerilps@gmail.com,9496192150.0
18542,LP,gmlppandallur@gmail.com,
39428,LP,pulamonlps@gmail.com,7510877543.0
13920,LP,gmlpsvlr@gmail.com,9495771584.0
40219,LP,najimmukkada@gmail.com,4742444355.0
30333,LP,alpsletchmi@gmail.com,
15318,LP,glpsbhotanam@gmail.com,4936229190.0
40430,LP,msclpschry@gmail.com,4752331133.0
15215,LP,glpsputhumala@gmail.com,4936236868.0
21207,LP,glpskavasseri@gmail.com,4922222497.0
12314,LP,12314gwlpsnaikayam@gmail.com,9447929069.0
48219,LP,glpspalappatta@gmail.com,4832944250.0
41407,LP,glpsmundakkal41407@gmail.com,9447060445.0
40436,LP,stjohnspunalur@gmail.com,4752220126.0
33417,LP,goodshepherdlps@gmail.com,4812573354.0
23221,LP,alpskadambodehm@gmail.com,4802744322.0
31512,LP,velliappally@gmail.com,4822206137.0
35310,LP,admavidya@gmail.com,8089382912.0
36360,LP,msc36360@gmail.com,8547620511.0
19707,LP,edakkulamgmlps@gmail.com,9447827815.0
20349,LP,alpsvmangalam@gmail.com,9605705393.0
20468,LP,rose2013therese@gmail.com,4662223801.0
19207,LP,hmajbschekanur@gmail.com,4942698850.0
40401,LP,aickarakonamglps@gmail.com,9400758933.0
29446,LP,stmaryslps77@gmail.com,4862239211.0
47643,LP,gwlpskavumthara@gmail.com,4962653650.0
42410,LP,gvslpsnagaroor@gmail.com,4702678864.0
42465,LP,sisuvlharkmr@gmail.com,9400875021.0
41609,LP,41609nedumpana@gmail.com,4742566605.0
25435,LP,stmaryslpschoolmanjapra@gmail.com,2692662.0
19805,LP,glpscuc@gmail.com,4942401211.0
20421,LP,hmamlpskklr@gmail.com,9961787387.0
37511,LP,stmaryslps2020@gmail.com,8606837604.0
37240,LP,hmcmslpswarikad@gmail.com,9947522005.0
38730,LP,glpskulathumonn@gmail.com,4682269677.0
12203,LP,12203bare@gmail.com,9495150839.0
16720,LP,praseenakm81@gmail.com,6238386403.0
11322,LP,perlamialps@gmail.com,9495801246.0
33248,LP,glpsolassa@gmail.com,9495625579.0
12206,LP,glpscherkapara@gmail.com,4672232640.0
21823,LP,glpsperimpadari@gmail.com,8606151870.0
42436,LP,gmlpskudavoor@gmail.com,4702681326.0
12522,LP,12522alpskundyam@gmail.com,4672257202.0
47208,LP,glpspullannur@gmail.com,9645335382.0
15415,LP,glpskaithakkolly@gmail.com,4935256225.0
22208,LP,aplpsalagapanagar@gmail.com,4802751218.0
11423,LP,perumbalaglps@gmail.com,
17530,LP,karinkallayivpalps@gmail.com,9446134770.0
16620,LP,iringannurlp2016@gmail.com,4962201901.0
47201,LP,hmglpschathamangalam@gmail.com,4952805151.0
44217,LP,lpsthongal@gmail.com,4712260306.0
37208,LP,govtlpsthengeli@gmail.com,4692614430.0
14429,LP,puthanparambamlps@gmail.com,9747307622.0
15323,LP,glpschannothukolly15323@gmail.com,4936234404.0
20332,LP,alpstnp@gmail.com,9495056125.0
24630,LP,alpschoolkondazhi@gmail.com,9447746445.0
44404,LP,44404lpbspkm@gmail.com,9496257002.0
19532,LP,amlps4vadamukku@gmail.com,6238889174.0
17231,LP,stjosephsalps@gmail.com,4952365979.0
15399,LP,santhipublicschoolcheeral@gmail.com,6238520040.0
39251,LP,guplpsirumpanangadu@gmail.com,
27248,LP,nirmalalps595824@gmail.com,4842595824.0
26309,LP,jyotitdglps@gmail.com,4842212029.0
24532,LP,lpsperinjanamwest@gmail.com,9142034295.0
39202,LP,39202glps@gmail.com,9745429504.0
37307,LP,gnlpschool@gmail.com,9495570046.0
36441,LP,pnpmlps@gmail.com,4792372745.0
20442,LP,amlpsvallapuzha@gmail.com,4662235805.0
13327,LP,peringalayischool@gmail.com,2722081.0
13720,LP,hmpanakkadglp@gmail.com,4602224265.0
13628,LP,school13628@gmail.com,9847442486.0
38704,LP,glpskalanjoor@gmail.com,4734270078.0
25839,LP,ijlpsputhenveli76@gmail.com,9446034313.0
23209,LP,glpsbts@gmail.com,4802707960.0
31203,LP,glpsedanad@gmail.com,4822259450.0
20522,LP,hmamlpscherippur@gmail.com,4662258370.0
16516,LP,kwlps2020@gmail.com,9447931770.0
41422,LP,holyfamilymukkad2018@gmail.com,8547385224.0
33535,LP,infantjesusbethanyschool@gmail.com,4812370474.0
30518,LP,sjlpsthooval@gmail.com,9495822883.0
44408,LP,44408gjbsavla@gmail.com,4712230430.0
27250,LP,mtlpsvengoor@gmail.com,9656133401.0
18306,LP,amlpsazhinhilam@gmail.com,9447858864.0
13910,LP,govtlpsnarambil@gmail.com,4985299184.0
38234,LP,glpsangadicalnorth@gmail.com,9526536503.0
18216,LP,amlpspanat123@gmil.com,9846477493.0
18434,LP,glpschunoor@gmail.com,9446881225.0
18404,LP,alpsnoorengal@gmail.com,9495721650.0
45339,LP,glpsvayala15@gmail.com,4822251763.0
25442,LP,lflpsthuravoor@gmail.com,9544364831.0
17525,LP,mannurpadmarajalps@gmail.com,9745918235.0
30215,LP,glpschoolidinjamala@gmail.com,9447612237.0
13928,LP,glpsperuvamba@gmail.com,4985252160.0
17531,LP,salafimathottam@gmail.com,4952418766.0
21237,LP,bjbsariyasseri@gmail.com,9447787291.0
48205,LP,glpschengara@gmail.com,9946318651.0
27226,LP,gblpsperumbavoor@gmail.com,4842593650.0
42201,LP,governmentbblps@gmail.com,2657111.0
39409,LP,glpskulakkada@gmail.com,9495593376.0
44505,LP,lpserichalloor@gmail.com,9745057503.0
16225,LP,kuningadmlps2020@gmail.com,9946364230.0
41417,LP,harijanlps@gmail.com,
13153,LP,attadappano2lps@gmail.com,4972822142.0
22620,LP,staloysiuslps2012@gmail.com,4872363825.0
18642,LP,ahlpsramapuram@gmail.com,9947697807.0
47531,LP,gmlpspoonoor@gmail.com,9400122626.0
39432,LP,glpsthazhathuvadaku@gmail.com,7510839277.0
18425,LP,amlpschoolpoovat@gmail.com,9037279796.0
22214,LP,vlpschool.kallur@gmail.com,
19766,LP,amlps.ta@gmail.com,4942600446.0
18519,LP,svalpskarikkad0@gmail.com,9497869051.0
47404,LP,amlpspoonoor@gmail.com,4952222099.0
19354,LP,amlpsedayurnorth@gmail.com,7510606263.0
29237,LP,smlpskakkombu@gmail.com,4862256510.0
18459,LP,amlpsktpm@gmail.com,9495148102.0
18724,LP,alpspalathole@gmail.com,4933230231.0
24421,LP,anniepaulemmatty@gmail.com,8075911027.0
37256,LP,stmaryslps1@gmail.com,4692747577.0
13508,LP,edakkeppuramlpschool@gmail.com,4972863119.0
28414,LP,marthomalps@gmail.com,4852208744.0
45310,LP,ijlps45310@gmail.com,4829299632.0
28517,LP,salpsm664@gmail.com,8547091496.0
24694,LP,stjosephcmischoolpangarappilly@gmail.com,9447437301.0
24232,LP,haamlpsmadu24232@gmail.com,9656887879.0
39519,LP,glpsnilackal@gmail.com,4734284922.0
42401,LP,lpsadayamon@gmail.com,4702648032.0
42504,LP,govtlpschanga2017@gmail.com,4722884545.0
38412,LP,sndplps2022@gmail.com,4682258370.0
20558,LP,akilanamglps@gmail.com,4662258041.0
19891,LP,maminsputhupparamba@gmail.com,9526524696.0
13808,LP,kambilalps@gmail.com,9544252976.0
13420,LP,malappattammoplaalps@gmal.com,9961269557.0
27239,LP,marymathakayuthial@gmail.com,4842649260.0
19339,LP,glpsnaduvattam@gmail.com,9496584239.0
42614,LP,kurupuzhalps@gmail.com,4722878769.0
24276,LP,stsebstiancon.chittattukara@gmail.com,4872642181.0
18213,LP,tmsemlpsomr@gmail.com,9544617014.0
18222,LP,glpspulpatta@gmail.com,4832821700.0
42236,LP,vennicodemountcarmellps@gmail.com,9539895580.0
41431,LP,41431dblpsthirumullavaram@gmail.com,9400253131.0
18350,LP,padmaalps830567@gmail.com,4832830567.0
30506,LP,snlpspachady@gmail.com,4868233662.0
18460,LP,amlpspattarkadavu@gmail.com,9847952254.0
48328,LP,glpsthelakkad42@gmail.com,9446511480.0
15326,LP,glpschulliode55@gmail.com,4936266217.0
42515,LP,glpspnvr@gmail.com,2867490.0
21316,LP,glps.nombicode@gmail.com,4912584188.0
40320,LP,lpsperingalloor@gmail.com,9846599387.0
41569,LP,sreekrishnaschool@gmail.com,9847207038.0
13169,LP,mitavilodelps@gmail.com,9961205666.0
43231,LP,glps.kanjirampara@gmail.com,9447342999.0
42309,LP,hmmadathuvathukkal@gmail.com,2821561.0
30228,LP,vimalalps1982@gmail.com,8606326508.0
25404,LP,govtlpschengamanad@gmail.com,4842476033.0
26313,LP,mmlps393@gmail.com,4842222833.0
36214,LP,palamelglps@gmail.com,4792383222.0
16613,LP,chekkiadeastlpschool@gmail.com,8848132017.0
41605,LP,41605kundara@gmail.com,8304932706.0
14206,LP,glpsthalayi@gmail.com,4902321880.0
16514,LP,kmlps1925@gmail.com,4962695629.0
24249,LP,shclpsvylathur@gmail.com,4872683051.0
39219,LP,gwlpspoika2017@gmail.com,9746113777.0
28504,LP,glpsnamakuzhy@gmail.com,4852241448.0
15233,LP,kallukeniglps@gmail.com,4936217333.0
22416,LP,stsebastianclps@gmail.com,4872445927.0
46406,LP,veliyanadlpgs@gmail.com,
24326,LP,mmlpschoolpattikkara@gmail.com,
18449,LP,gmlpkolmanna@gmail.com,9656241748.0
44330,LP,stannaslps16@gmail.com,4712271826.0
36438,LP,mukundavilasamlps2015@gmail.com,4792430118.0
39217,LP,glpsvtkla@gmail.com,4742402019.0
42505,LP,hmglpschullimanoor@gmail.com,4722848948.0
45224,LP,snlpsvaikaprayar@gmail.com,9447779523.0
48201,LP,spsareacode@gmail.com,7012032362.0
16270,LP,blossom002017@gmail.com,9946488895.0
20619,LP,halpsedappalam@gmail.com,9947623951.0
13515,LP,sendtocheruvacheryglps@gmail.com,4985278613.0
13907,LP,hmkadukkaram@gmail.com,4985216973.0
13921,LP,kandothalps@gmail.com,4985205510.0
41301,LP,glpsarinalloornorth@gmail.com,9446166217.0
25243,LP,littleflowerkanjoor@gmail.com,4842464651.0
33252,LP,snlpsperumpaikadu@yahoo.com,4812595078.0
24312,LP,mgmlpschiramanangad@gmail.com,9847005639.0
44438,LP,bernadlatha@gmail.com,9400960386.0
38605,LP,pioneers0123@gmail.com,4682302900.0
24335,LP,chiranellurlp@gmail.com,9961613328.0
20224,LP,amlpspalacode1931@gmail.com,4662242902.0
16425,LP,adukkathlpschool@gmail.com,9744461247.0
23523,LP,nslpsmadathumpady@gmail.com,4802778787.0
29338,LP,29338ijlps@gmail.com,4862277115.0
30406,LP,elpstyford11@gmail.com,8086775291.0
12320,LP,12320glpspunchakkara@gmail.com,4672226655.0
38721,LP,stlpsmanneera@gmail.com,9495536884.0
21722,LP,nnmbsmundur@gmail.com,
18427,LP,amlppkm@gmail.com,4832705344.0
18438,LP,glpsmelmuri27@gmail.com,9495072614.0
48226,LP,glpthavaraparamba@gmail.com,4832862540.0
46304,LP,karikuzhyglps@gmail.com,
41225,LP,snvlpskkd1957@gmail.com,4762631604.0
21226,LP,lvlpsputhucode@gmail.com,9497824531.0
38620,LP,mtlpskperoor@gmail.com,9446321961.0
20543,LP,ullanurralp@gmail.com,2271137.0
44215,LP,gsvlps44215@gmail.com,9074514597.0
19851,LP,amlpscherushola@gmail.com,9446244926.0
20517,LP,trithalagmlps@gmail.com,8281460272.0
14411,LP,kmlpschokli@gmail.com,4902339150.0
21710,LP,glpspoothancode@gmail.com,9447295470.0
14814,LP,sslpscharal@gmail.com,9048453466.0
39244,LP,mmemsktra@gmail.com,4742450020.0
13839,LP,nnhalps2@gmail.com,9947158865.0
35324,LP,ealpskuzhickad@gmail.com,9495477226.0
24520,LP,klpskpm@gmail.com,9495025247.0
14746,LP,kotheriklp@gmail.com,4902474695.0
19345,LP,glpsmoodal@gmail.com,9495160560.0
22631,LP,stjohnslpsppr@gmail.com,4872285834.0
27235,LP,glpsvengoor@gmail.com,4842645611.0
12416,LP,elerithattuschool@gmail.com,9947211799.0
29229,LP,ihepglpskulamavu@gmail.com,9846946472.0
43233,LP,glpsmettukada@gmail.com,4712323433.0
48310,LP,glpskizhakkumpuram@gmail.com,9495744721.0
19558,LP,stthomasschoolponani@gmail.com,4942665100.0
24307,LP,govtlpspengamuck@gmail.com,4885277787.0
20211,LP,alpskanniampuram@gmail.com,8848687209.0
44504,LP,governmenthwlpsdevarpuram@gmail.com,9188216064.0
17434,LP,alpsmokavoor@gmail.com,8156921743.0
18358,LP,vamlps1924@gmail.com,4832714480.0
18726,LP,alpspaloor@gmail.com,9539960988.0
41607,LP,41607kundara@gmail.com,4742523405.0
18461,LP,gmlps18461@gmail.com,9747600332.0
47221,LP,sumangala.vayappurathakkil@gmail.com,9745918791.0
41442,LP,dblpsasramam@gmail.com,9497620552.0
33238,LP,gplpsk@gmail.com,4812523254.0
44427,LP,44427lmslpstm@gmail.com,9605914470.0
17430,LP,manathanathalps@gmail.com,
40306,LP,aylaralps2017@gmail.com,4752202090.0
14503,LP,glpskoorara@gmail.com,
11414,LP,glpskavugoli@gmail.com,4994290534.0
42317,LP,stsebastianslps20@gmail.com,9645060915.0
31530,LP,seenaps5@gmail.com,9744159776.0
19738,LP,gmlps.valiyaparappur.school@gmail.com,4942572345.0
14707,LP,glpssivapuram@gmail.com,8547062560.0
41520,LP,alummoodlps@gmail.com,9446787532.0
18554,LP,glpstheyyam@gmail.com,9497661688.0
41230,LP,thodiyoorsnvlps@gmail.com,4762661725.0
13336,LP,vattappoilmlps2015@gmail.com,8547975297.0
31514,LP,asramampuliyannoor@gmail.com,4822204010.0
24313,LP,mtslpschowannur@gmail.com,
47529,LP,palliyothglpschool@gmail.com,9745322389.0
13904,LP,alakkaddslps@gmail.com,9446182509.0
14605,LP,glpsthodeekalam@gmail.com,9656943379.0
14301,LP,glpspulliode@gmail.com,4902994100.0
22662,LP,tfmseravu@gmail.com,2313715.0
26544,LP,sbslpsnblm@gmail.com,9847290108.0
39309,LP,glpsodanavattom@gmail.com,4742462939.0
38540,LP,smlpskannampally@gmail.com,4692696409.0
18208,LP,alpschoolmundamparamba@gmail.com,4832754860.0
44455,LP,gttinta55@gmail.com,4712222155.0
16206,LP,716206hmchombala@gmail.com,9447004151.0
14315,LP,kadirurwlps@gmail.com,4902306110.0
38728,LP,glpsaruvappulam@gmail.com,4682244144.0
23208,LP,irmlp838@gmail.com,7558820477.0
16454,LP,alpskadiyangad@gmail.com,9745497906.0
45325,LP,glpsavarma@gmail.com,4829251500.0
24545,LP,klpsvtp840@gmail.com,4872294840.0
40308,LP,rgmlpscherukara@gmail.com,9496150008.0
14830,LP,poolakuttylps@gmail.com,4902448040.0
13625,LP,school13625@gmail.com,4972741320.0
13311,LP,iriveriwestlps@gmail.com,4972854635.0
18401,LP,hmalpskvm@gmail.com,9495259009.0
21570,LP,glpskayarady@gmail.com,4923245167.0
21422,LP,alpskaradiyampara@gmail.com,4922287181.0
14205,LP,glps1961tly@gmail.com,4902323210.0
16619,LP,elayadambvlp@gmail.com,9846257502.0
21308,LP,glpskalliamparaschool@gmail.com,9446789843.0
14316,LP,lpskavumbagam@gmail.com,4902353589.0
14202,LP,gmjbsdharmadam@gmail.com,4902345469.0
32321,LP,glpsmurikkumvayal@gmail.com,9496113601.0
19401,LP,glpschoolanappadi@gmail.com,9400413227.0
36249,LP,snehalathar70@gmail.com,9048543300.0
15404,LP,glpschembilode@gmail.com,9447866234.0
14655,LP,vattolilps30@gmail.com,4902381193.0
13801,LP,gmlpscheleri123@gmail.com,4602240484.0
18423,LP,amlpschoolponmala@gmail.com,9400741894.0
15214,LP,glpskalladi@gmail.com,4936236844.0
47405,LP,vezhuppurschool@gmail.com,4952225990.0
44413,LP,govtlpgsthirupuram@gmail.com,9497005297.0
18445,LP,gmalps24@gmail.com,4832761410.0
43315,LP,lfmsclps@gmail.com,4712373832.0
18211,LP,amlpsolamathil521@gmail.com,9656035950.0
16746,LP,mayyannurno1lps@gmail.com,9539590592.0
38542,LP,sndplpschoolmukkalumon@gmail.com,4735229238.0
14402,LP,aniyaramlp@gmail.com,9400915631.0
43301,LP,govtlpspongummood@gmail.com,9446616241.0
48539,LP,uthirampoyilgmlps@gmail.com,4931259033.0
11408,LP,glpseruthumkadavu@gmail.com,4994256840.0
35429,LP,bblpsngra@gmail.com,4792412230.0
39208,LP,gkarickom@gmail.com,4742453079.0
36317,LP,gjbsthonackad@gmail.com,9497327932.0
26529,LP,glpselamkunnapuzha@gmail.com,9745100322.0
41223,LP,cmslpsclappana@gmail.com,4762690028.0
47320,LP,glpskakkad2001@gmail.com,4952295204.0
20311,LP,attasseryalps@gmail.com,4662266118.0
45203,LP,lpgsthalayolaparambu@gmail.com,9847109868.0
13826,LP,vesalaeastalpschoolhm@gmail.com,4902487100.0
14822,LP,stthomaslpskiliyanthara@gmail.com,9946929809.0
12215,LP,hmgwlpspallikere@gmail.com,4672310919.0
48228,LP,amlpsuggrapuram@gmail.com,9746273222.0
42302,LP,lpsktl@gmail.com,4702620503.0
33418,LP,kottayammdslps@gmail.com,9447776002.0
47623,LP,perambraeastamlp@gmail.com,4962662047.0
34224,LP,34224cherthala0@gmail.com,4782822221.0
25229,LP,sjlpsmth1920@gmail.com,8304889171.0
18627,LP,amlpspanangangara1@gmail.com,9946338783.0
34237,LP,34237cherthala@gmail.com,9539798559.0
42318,LP,govtlpspanayam@gmail.com,4722820221.0
38244,LP,msclpsthuvayoor@gmail.com,9446915977.0
18327,LP,mangattumuri2016@gmail.com,9495051580.0
34207,LP,34207cherthala@gmail.com,8891480194.0
16312,LP,glpsthiruvangoorwest2018@gmail.com,4962634567.0
13202,LP,mundalurnewlps@gmail.com,9497608768.0
19802,LP,gmlpscherur@gmail.com,4832450556.0
42510,LP,glpskolla2022@gmail.com,4722866958.0
18540,LP,odompattagmlps@gmail.com,4931284090.0
21214,LP,glpspkra384@gmail.com,9747430016.0
12503,LP,12503glpskyr@gmail.com,4672231569.0
22601,LP,glpsadat2012@gmail.com,4872308655.0
30513,LP,mavadyglps@gmail.com,4868234142.0
44543,LP,vhemschool@gmail.com,4712231977.0
21844,LP,nalpsirumpakachola@gmail.com,9074041839.0
22613,LP,ijglpsa@gmail.com,2082621.0
43427,LP,thekkadalps@gmail.com,4722834300.0
29221,LP,gscvarakulam1@gmail.com,4862253010.0
24603,LP,gtlpskkd@gmail.com,9037733943.0
28215,LP,salpskalloorkad@gmail.com,4852288022.0
39230,LP,lpsedavattom39230@gmail.com,8547165440.0
22234,LP,stantonyskavallur@gmail.com,9605705722.0
43329,LP,stjosephslps43329@gmail.com,8075242510.0
11315,LP,11315alpsnarayanamangalam@gmail.com,9633435474.0
11444,LP,balabhavankasaragod@gmail.com,224894.0
24211,LP,gmlpspunna6@gmail.com,4872508054.0
16717,LP,hmkavillpschool@gmail.com,9497660865.0
31410,LP,cmslpsamayannoor@gmail.com,9495707961.0
34204,LP,34204cherthala@gmail.com,4782864414.0
47534,LP,hmkarimalaamlps@gmail.com,9645330802.0
16424,LP,smlpsmka@gmail.com,4962666218.0
11331,LP,glpskattipara@gmail.com,9745494157.0
41503,LP,41503klm@gmail.com,4742516096.0
16317,LP,karayadeastlps@gmail.com,9496384464.0
26423,LP,sdvlpsmaradu@gmail.com,4842706810.0
39240,LP,cvnmlpschooltkml@gmail.com,9544846300.0
21509,LP,glpspazhayagramam@gmail.com,4923244242.0
13804,LP,glpsperumachery@gmail.com,4602244490.0
41320,LP,kmjlpskollaka@gmail.com,8281138064.0
44510,LP,44510kunnathukal@gmail.com,8012714061.0
19841,LP,glpstmala@gmail.com,9747396232.0
37524,LP,cmsmittathumavu@gmail.com,9495382722.0
16836,LP,16836hm@gmail.com,9746529507.0
47243,LP,aljauharpublicschool@gmail.com,4952800750.0
35304,LP,glpstply@gmail.com,9447501091.0
18599,LP,abdurahiman731@gmail.com,9946320182.0
48410,LP,edivannaglps@gmail.com,4931208120.0
37604,LP,glpsplankamon@gmail.com,9947876492.0
22409,LP,glpsmukkattukara@gmail.com,9895714745.0
42422,LP,glpsvellalloor@gmail.com,4702670591.0
35205,LP,35205gsdvjbs@gmail.com,4772239897.0
24536,LP,stmarys.valapad@gmail.com,7025557679.0
38609,LP,glpsmonpilavuhm@gmail.com,9061855151.0
20439,LP,alpsvadakkekkara@gmail.com,8848887522.0
36235,LP,cmslpskunnam@gmail.com,9847438508.0
19663,LP,hmglpspariyapuram@gmail.com,4942441133.0
45215,LP,cmslpschoolvadakara@gmail.com,9961617140.0
34317,LP,konattuserylps@gmail.com,4782593071.0
44437,LP,44437sak@gmail.com,9495270420.0
16302,LP,ezhukudikkalglps@gmail.com,4962622726.0
41211,LP,mmlpsmemana@gmail.com,
11238,LP,11238sralpskayyar@gmail.com,4998205133.0
19509,LP,puranguglps@gmail.com,4942674620.0
32333,LP,strithaslpstmplkd@gmail.com,9497282670.0
23515,LP,alpcskottanellour@gmail.com,4802863513.0
21432,LP,alpsthottakkara@gmail.com,917012354089.0
15301,LP,hmglpskallupadi@gmail.com,4936246099.0
24648,LP,umlpseravathody1917@gmail.com,9746074228.0
39318,LP,glpsveliyamwest@gmail.com,9496194419.0
44304,LP,lpskadampanad@gmail.com,
33340,LP,glpskadamanchira@gmail.com,4812440676.0
24518,LP,snvlpsedasouth@gmail.com,9495528266.0
18714,LP,alpschooleravimangalam@gmail.com,9995375782.0
21326,LP,glpsthiruvalathur4@gmail.com,9946028229.0
19504,LP,alpschennamangalam@gmail.com,8089850855.0
12518,LP,12518ialps@gmail.com,4672214459.0
31505,LP,hmglpskayyoor@gmail.com,4822222040.0
30511,LP,xavierskochera@gmail.com,9497790389.0
26524,LP,ltglpsochanthuruth@gmail.com,9037949104.0
18403,LP,alpschoolmuthuvathuparamba@gmail.com,9744301241.0
23417,LP,stalbanalpskara285@gmail.com,4802815020.0
44514,LP,govtlpsparasuvaikal2018@gmail.com,9495655993.0
24336,LP,stmarysclp@gmail.com,238764.0
23429,LP,lpsonachammavumathilakam2@gmail.com,9847236512.0
39441,LP,gwlpskulakkdaeast@gmail.com,9747186778.0
21319,LP,glpspampampallam@gmail.com,4912566484.0
24610,LP,glpspallam@gmail.com,4884277287.0
41610,LP,41610kundara@gmail.com,
16344,UP,arikkulamaupschool@gmail.com,4962695140.0
24252,UP,gfupsblangad@gmail.com,4872509003.0
25463,UP,bsupskalady@gmail.com,4842460601.0
13776,UP,stsebastianups@gmail.com,4602997100.0
14251,UP,oniyanwest@gmail.com,4902358678.0
11469,UP,ptmaupsbadira@gmail.com,4994356839.0
20452,UP,kcmups2015@gmail.com,4662236530.0
36289,UP,36289vups@gmail.com,9747263282.0
38255,UP,stmarysmmupsadoor@gmail.com,4734224155.0
31536,UP,st.ephremupskaveekunnu@gmail.com,9446820155.0
37546,UP,muraniups@gmail.com,8075005863.0
36469,UP,nnm36469@gmail.com,4792438170.0
16753,UP,katameriupschool@gmail.com,4962581888.0
21638,UP,hm.amsbs.school@gmail.com,4912530165.0
36455,UP,gmupspallickal@gmail.com,9745367209.0
32380,UP,sreeneelakanta@gmail.com,4828228947.0
35447,UP,35447haripad@gmail.com,4792318008.0
12531,UP,12035mettammal@gmail.com,4672212125.0
27215,UP,pattomups@gmail.com,4842643646.0
34335,UP,34335thuravoor@gmail.com,9947110848.0
13944,UP,koromdsaups@gmail.com,4985229767.0
47653,UP,kotturaupschool@gmail.com,4962650210.0
46420,UP,gupskavalam@gmail.com,9562278223.0
12543,UP,12543gupspadne@gmail.com,4672276270.0
26262,UP,ggupsekm@gmail.com,4842376064.0
33443,UP,gupsmuttambalam@gmail.com,9495387391.0
20250,UP,kmsbslakkidi@gmail.com,4662230070.0
32445,UP,upserathuvadakara@gmail.com,4828247741.0
35348,UP,mtupstpza@gmail.com,4792482919.0
30307,UP,stmarysmarayoor@gmail.com,4865252093.0
23457,UP,gupskkunnu@gmail.com,4802863350.0
14873,UP,perumparambaups@gmail.com,9495370955.0
14566,UP,thiruvalupspanoor@gmail.com,4902313255.0
32249,UP,stpiusups@gmail.com,4822220345.0
47463,UP,gmupskaruvampoyil@gmail.com,4952212136.0
26441,UP,st.francisupschool@gmail.com,4842961180.0
13464,UP,stmarysupschoolpaisakary@gmail.com,4602239280.0
37265,UP,stgeorgeupskadapra1@gmail.com,4692610160.0
27303,UP,gupscvr@gmail.com,4852548138.0
16346,UP,ceups16346@gmail.com,4962689100.0
36465,UP,2014chooloorups@gmail.com,9995654611.0
24352,UP,stmmcups@gmail.com,9778358634.0
29445,UP,smupskanjikuzhy@gmail.com,4862239480.0
13957,UP,nnsmarakaupschoolalakkad@gmail.com,9495264072.0
14877,UP,stthomasupskkri@gmail.com,4902995270.0
31461,UP,upskottackupuram@gmail.com,4812531448.0
31482,UP,stgregoriosups@gmail.com,2730318.0
13749,UP,ackiparamba@gmail.com,4602208288.0
38648,UP,gupsvazhamuttom@gmail.com,9497614135.0
14365,UP,panundabasicups@gmail.com,4902540656.0
32240,UP,sjupsmpara@gmail.com,4822285700.0
13565,UP,gopalups@gmail.com,
22453,UP,supskozhukkully@gmail.com,
23448,UP,gupsazhikode12@gmail.com,4802815155.0
28323,UP,vmupsalapuram@gmail.com,4852257286.0
13450,UP,nirmalaupchemperi@gmail.com,4602213580.0
47648,UP,koorachundstups@gmail.com,4962661525.0
38266,UP,sgupsnedumon@gmail.com,4734244572.0
17333,UP,manakkadgups@gmail.com,4952491083.0
13671,UP,school13671@gmail.com,8089291315.0
32248,UP,rsmupskodunga@gmail.com,4828286023.0
13768,UP,gmupstaliparamba@gmail.com,9995944456.0
36361,UP,36361chengannur@gmail.com,4792454920.0
35291,UP,markazemsalpy@gmail.com,4772999033.0
14660,UP,school14660@gmail.com,4902404840.0
13358,UP,samajam925@gmail.com,2726925.0
11363,UP,aupsyethadka@gmail.com,4998260010.0
12539,UP,12539gwups@gmail.com,4672212853.0
25262,UP,kvsups@gmail.com,4842602191.0
33507,UP,stmarys.ollm.nkd@gmail.com,4812545411.0
36275,UP,gupsthekkekara@gmail.com,4792478989.0
13357,UP,gupsdevatharkandy@gmail.com,9074094413.0
20550,UP,hmaupsezhumangad@gmail.com,8921818152.0
13662,UP,school13662@gmail.com,9061560678.0
13946,UP,cupspnr@gmail.com,4985205420.0
32452,UP,stgeorgesupsvzr@gmail.com,9496267626.0
21735,UP,aupskeralassery@gmail.com,8139005577.0
30453,UP,gupsvandiperiyar@gmail.com,4869252020.0
27301,UP,chenkaraupschool@gmail.com,9446418826.0
32366,UP,nsstpkd@gmail.com,9497817705.0
26540,UP,ssssups@gmail.com,8921494755.0
13846,UP,kayaralamschool@gmail.com,9495149112.0
26534,UP,karthedomshgups@gmail.com,9497459115.0
32358,UP,gtupskosady@gmail.com,4828280096.0
14763,UP,meruvambayimupschool@gmail.com,4902368011.0
24350,UP,smupschooleringapuram@gmail.com,9446173006.0
27216,UP,semsmudikkal@gmail.com,8078021401.0
27307,UP,panipraups@gmail.com,2842588.0
26341,UP,stantonysups682006@gmail.com,4842232422.0
30235,UP,sjupspandippara@gmail.com,9446717678.0
47553,UP,kinalurgup@gmail.com,
34347,UP,34347alappuzha@gmail.com,4782564479.0
33445,UP,gupspallom1@gmail.com,2436106.0
16361,UP,thiruvangoorups@gmail.com,4962686271.0
23547,UP,ssupsthazhekad@yahoo.com,4802883180.0
11471,UP,kallakattamaups123@gmail.com,9497842774.0
21554,UP,tkdupspayyalore@gmail.com,8281811710.0
17538,UP,ganapathupsferoke@gmail.com,4952483220.0
16674,UP,globalvml@gmail.com,4962561050.0
14355,UP,kumarasbs@gmail.com,4902353663.0
38265,UP,skvupsmundappally@gmail.com,9497618446.0
16350,UP,kollamups001@gmail.com,9400122355.0
13218,UP,muringeriupschool127@gmail.com,9497855468.0
47659,UP,perambrawestaups@gmail.com,4962663105.0
21364,UP,sskasnups@gmail.com,4923222938.0
38645,UP,vadasserikaragnups@gmail.com,4735206171.0
13652,UP,school13652@gmail.com,4972772732.0
14260,UP,southvayalalamups@gmail.com,4902355110.0
47559,UP,aupskarunaram@gmail.com,4952857515.0
25255,UP,gmiups14@gmail.com,4842671043.0
29406,UP,thokkuparagups@gmail.com,4865263012.0
14876,UP,st.johnsupschoolthondiyil@gmail.com,4902444030.0
20352,UP,hmgupsktp@gmail.com,4662267468.0
14774,UP,vsupschoolvengad@gmail.com,4902309031.0
32348,UP,chirakkadavuvsups@gmail.com,9495010868.0
12540,UP,12540gups@gmail.com,4672999670.0
17241,UP,gpanniyankara@gmail.com,4952320180.0
23548,UP,aupsthumpur@gmail.com,4802787799.0
36365,UP,gupsperissery@gmail.com,2453398.0
13457,UP,kamaliyaschoolirikkur@gmail.com,4602258220.0
13965,UP,palacodegups1@gmail.com,4985210990.0
11453,UP,gupschemnadwest@gmail.com,4994239248.0
14246,UP,dharmadambasicupschool@gmail.com,9496296802.0
36278,UP,36278alappuzha@gmail.com,4792345414.0
27210,UP,gupsperumani@gmail.com,4842655123.0
25852,UP,gupsvalluvally@gmail.com,4842511350.0
47470,UP,ssmupschoolvothottam@gmail.com,9645752953.0
31265,UP,hcupsmattathipara@gmail.com,4862243940.0
21658,UP,vmups.kkd@gmail.com,9061786020.0
14767,UP,upspariyaram@gmail.com,4902471121.0
21255,UP,gupskanakkenthuruthy@gmail.com,4922254341.0
46328,UP,adupschoolthalavady@gmail.com,4772213500.0
11364,UP,www.gsbskumbala@gmail.com,4998216400.0
14656,UP,gtupskannavam@gmail.com,
36460,UP,madampilgups@gmail.com,4792430091.0
11264,UP,chevar11264@gmail.com,4998205170.0
12347,UP,12347gupspoothakkal@gmail.com,
11510,UP,bharathschoolpoinachi@gmail.com,4994283768.0
11480,UP,chemnadjems@gmail.com,4994237159.0
38555,UP,sndpupsmekkozhoor@gmail.com,
38254,UP,asrvgupsaickad28254@gmail.com,4734287936.0
38646,UP,gtupsgurunathanmannu1959@gmail.com,9446273719.0
16572,UP,vupsmoodadi@gmail.com,2692656.0
17235,UP,gupsbilathikulam@gmail.com,9495090681.0
37267,UP,msmupskadapra@gmail.com,4692617080.0
12229,UP,kjemsalfalah@gmail.com,4672273817.0
29404,UP,pzvdygups@gmail.com,4868241824.0
24259,UP,amupsaviyoor@gmail.com,4872616008.0
12240,UP,gupschoolkottikulam@gmail.com,4672238177.0
17234,UP,ggupspokkunnu@gmail.com,4952922655.0
14559,UP,palakkoolupschool@gmail.com,4902315070.0
36377,UP,salemups2014@gmail.com,4792367027.0
13467,UP,rgmaupmlptm@gmail.com,4602235611.0
37348,UP,ammtti.maramon@gmail.com,4682310040.0
35431,UP,35431haripad@gmail.com,7907643871.0
14920,UP,holyfaithem@gmail.com,9747842975.0
12560,UP,nellikkaldevaswampublicschool@gmail.com,4672261580.0
21253,UP,puthiyankamgups@gmail.com,9446474041.0
11272,UP,kmaupsarikady@gmail.com,6235738632.0
35342,UP,sndp.ups.kvta@gmail.com,9744025368.0
38657,UP,thalachirasndpups@gmail.com,4682302300.0
46330,UP,dbups1957@gmail.com,9400518151.0
13976,UP,stantonysemst@gmail.com,8547533462.0
14773,UP,vengadmappilaups@gmail.com,9495985573.0
21360,UP,snups.nmc@gmail.com,9400624066.0
17258,UP,palatups@gmail.com,8891242643.0
17452,UP,westhillgups@gmail.com,7012594561.0
13389,UP,chembilodeups@gmail.com,9400621557.0
38438,UP,mgupsprknm@gmail.com,9048521241.0
32362,UP,gupspazhumala@gmail.com,9497775502.0
38324,UP,gupspdm@gmail.com,4734254960.0
12349,UP,12349gupspudukai@gmail.com,4672281855.0
14570,UP,vilakkotturupschool@gmail.com,4902375554.0
29305,UP,gupsthondikkuzha@gmail.com,4862225560.0
37345,UP,supspvtr@gmail.com,9447157903.0
38554,UP,upskakkad@gmail.com,9446976862.0
27647,UP,royalschoolkothamangalam@gmail.com,9400816606.0
21553,UP,aups1916@gmail.com,
12545,UP,12545pilicode@gmail.com,4672260722.0
47229,UP,aidedupchoolur@gmail.com,4952289044.0
33442,UP,gupsericadu@gmail.com,4812460820.0
16463,UP,upsnarippatta@gmail.com,4962447731.0
16556,UP,bknmup@gmail.com,4962679010.0
24266,UP,stantonyspuvathur@gmail.com,4872645174.0
20460,UP,amupsmundakkottukurussi@gmail.com,9497815290.0
16256,UP,16256hmchombala@gmail.com,4962502360.0
36371,UP,kodukulanjicmsups@gmail.com,
28424,UP,gupsrackadhm@gmail.com,4852208400.0
13558,UP,mattulmups@gmail.com,4972844205.0
36463,UP,elippakulam.ups@gmail.com,8075891632.0
38271,UP,stpetersupskodumon@gmail.com,9961309305.0
16672,UP,alhudaups@gmail.com,4962550452.0
34336,UP,govtupsuzhuva@gmail.com,4782594060.0
28223,UP,sgttiv@gmail.com,4852260524.0
17549,UP,mnaups@gmail.com,9496134873.0
36292,UP,36292alappuzha1@gmail.com,9497637452.0
21646,UP,puthurgupspkd@gmail.com,2530454.0
16360,UP,puliyancheryup@gmail.com,4962631023.0
33532,UP,cheeramkulamgups@gmail.com,4812351045.0
23252,UP,msups4821@gmail.com,4802734821.0
46324,UP,thalavadygmups@gmail.com,9496157185.0
14358,UP,kavumbhagamsouthups@gmail.com,9497141248.0
45254,UP,gupsckara@gmail.com,4829210433.0
14858,UP,uliyilups@gmail.com,4902433095.0
17337,UP,puthurmadam.amups@gmail.com,4952434700.0
16252,UP,varissiakkuniupschool@gmail.com,4962521350.0
21890,UP,nnnmupschethallur@gmail.com,4924234526.0
32437,UP,sjupschampakara@gmail.com,4812486021.0
29350,UP,hm.chala.vjups@gmail.com,4862263792.0
24672,UP,upspangarappilly@yahoo.com,4884250485.0
17236,UP,gupschinthavalappu@gmail.com,4952722334.0
31545,UP,stthomaspoovathod@gmail.com,4822238730.0
21900,UP,vimalabhavanchittoor@gmail.com,4924211220.0
47555,UP,mundakkaraaups@gmail.com,9446694472.0
25459,UP,headmastergups@gmail.com,2458483.0
14550,UP,gupsmokerieast123@gmail.com,4902310484.0
26537,UP,stmarysupsnarakkal@gmail.com,4842995097.0
16856,UP,16856hm@gmail.com,4962514589.0
30528,UP,holyqueensrky@gmail.com,4868244475.0
24673,UP,anmmupsthali@gmail.com,4884278464.0
26339,UP,stlawrenceups@gmail.com,4842328033.0
45265,UP,marsliebaups@gmail.com,9496429791.0
16764,UP,gupspaingottayi@gmail.com,4962960389.0
13384,UP,cktvnups@gmail.com,6238281634.0
12449,UP,12449littleflowervellarikundu@gmail.com,9946336350.0
12544,UP,12544padikkil@gmail.com,4672251595.0
23248,UP,poolanivbups@gmail.com,9744187418.0
28523,UP,gupskakkad@gmail.com,4852243060.0
33214,UP,thiruvarpugups@gmail.com,4812380130.0
14361,UP,kozhurup@gmail.com,4902388450.0
14671,UP,spupspattiam@gmail.com,4902380355.0
13380,UP,thannadacentralupschool@gmail.com,4972822255.0
13672,UP,school13672@gmail.com,4972772557.0
35446,UP,35446haripad@gmail.com,9447559475.0
33211,UP,gmupsthdyktm@gmail.com,4812303168.0
47548,UP,ccupsiyyad@gmail.com,
17547,UP,littlefloweraups@gmail.com,4952483988.0
14871,UP,gupsmuzhakkunnu@gmail.com,4902458222.0
20351,UP,gupscpy@gmail.com,4662280363.0
13386,UP,varamupschool@gmail.com,4972722888.0
20356,UP,emailaupsk@gmail.com,9562921466.0
33209,UP,gupskumaranalloor@gmail.com,4812311082.0
13778,UP,ssemschool1@gmail.com,8078271777.0
22462,UP,gupsmoorkanikkara@gmail.com,4872315667.0
37654,UP,mdupschool@gmail.com,9495652926.0
11357,UP,paikaaups@gmail.com,4994285726.0
13385,UP,vanivilasam@gmail.com,9746559325.0
13950,UP,stjosephupsjosegiri@gmail.com,4985238633.0
32450,UP,fmalphonsa@gmail.com,4812415658.0
47647,UP,kavumtharaaups@gmail.com,4962651950.0
37544,UP,gupspariyaram@gmail.com,4692684340.0
24562,UP,kundazhiyursnups@gmail.com,9745400753.0
16758,UP,16758.aeotdnr@gmail.com,4962537650.0
21746,UP,aupsvelikkad@gmail.com,4912932194.0
14469,UP,sumolavilam@yahoo.in,4902395504.0
13760,UP,ottathaigups001@gmail.com,9497605595.0
26333,UP,glupskumbalanghi@gmail.com,4842241100.0
17449,UP,gmupsp@gmail.com,4952391012.0
29348,UP,stthomaspaynkulam@gmail.com,4862200716.0
16475,UP,mupschangaroth@gmail.com,4962669007.0
47656,UP,poonathnellissery@gmail.com,4962658190.0
13223,UP,hmpcups2013@gmail.com,4972822992.0
20462,UP,aupsirimbalasseri@gmail.com,4662287859.0
14669,UP,sankaravilasammuthiyanga@gmail.com,4902360280.0
47480,UP,sthomasup47480@gmail.com,4952998184.0
30530,UP,mgmupsthottikkanam@gmail.com,4868245197.0
20455,UP,aupsariyanchira@gmail.com,4662223986.0
20253,UP,amupschunangad@gmail.com,4662240075.0
24364,UP,mesperumpilavu2240@gmail.com,9061552240.0
12439,UP,stjosephaups@gmail.com,9447663940.0
35346,UP,svdupspkd@gmail.com,9746588235.0
31261,UP,gupschakkampuzha@gmail.com,482262050.0
33456,UP,stteresaspakkil@gmail.com,4812361024.0
17244,UP,vellayilgfups@gmail.com,4952366330.0
37344,UP,upsothera@gmail.com,9961808721.0
22683,UP,nvupstcr@gmail.com,4872380337.0
27320,UP,nadukaniups1968@gmail.com,9747191948.0
12427,UP,gupschamakuzhi@gmail.com,
25457,UP,gupskurumassery@gmail.com,4842470096.0
46418,UP,46418alappuzha@gmail.com,4772746178.0
47662,UP,aupsvelliyour@gmail.com,2611014.0
33450,UP,gupsveloor2012@gmail.com,9495134918.0
28524,UP,gupsmemmury@gmail.com,4852995027.0
12555,UP,12555udinurcentral@gmail.com,4672211540.0
47347,UP,pannicodeaups@gmail.com,4952207295.0
23237,UP,sreesankaranssschool@gmail.com,919497737149.0
32455,UP,hmsctmups@gmail.com,
32369,UP,sdsupsmallikassery@gmail.com,9495963509.0
11352,UP,asbschoolkuntikana@gmail.com,4998285044.0
22262,UP,gupsvallachira@gmail.com,4872346069.0
16867,UP,sgmsbschool@gmail.com,4962523160.0
32370,UP,chenappadyups@gmail.com,4828263007.0
30236,UP,smupsudayagiriidukki@gmail.com,9497683764.0
30308,UP,stpius366@gmail.com,4865252924.0
47479,UP,vimalaups@gmail.com,4952238310.0
20254,UP,msvmupschool@gmail.com,9947203660.0
32377,UP,smupsumikuppa@gmail.com,4828214200.0
12238,UP,gupskeekan@gmail.com,4672310310.0
13656,UP,school13656@gmail.com,4972797050.0
13562,UP,gmupsezhome13562@gmail.com,4972873123.0
33446,UP,gupspariyaramktm@gmail.com,4812460231.0
32372,UP,sanathanamupsckd@gmail.com,9747910467.0
31462,UP,gupspunnathura@gmail.com,4812534939.0
17261,UP,ttimenkkd@gmail.com,4952721865.0
37340,UP,govtupschoolpullad@gmail.com,9496266001.0
16866,UP,16866hm@gmail.com,9846137423.0
11356,UP,11356mundithadka@gmail.com,8921933985.0
28220,UP,ayavanasnups@gmail.com,4852283555.0
26532,UP,gupsputhuvype@gmail.com,9495342465.0
32456,UP,knmups@gmail.com,9497815679.0
14768,UP,pattannurups@gmail.com,4602257910.0
27211,UP,cupschnr@gmail.com,4842640330.0
23255,UP,snvupsmoolamkudam@gmail.com,8891911988.0
32350,UP,hfupsi@gmail.com,9497684141.0
16575,UP,gupsthurayur2017@gmail.com,
14861,UP,meethalepunnadupschool@gmail.com,4902433744.0
31267,UP,sttneerumthanam@gmail.com,4822261557.0
16253,UP,16253hmchombala@gmail.com,9947845452.0
16567,UP,nambrathkaraupschool@gmail.com,4962695405.0
34344,UP,34344mdups@gmail.com,4782534292.0
24274,UP,stfrancisupsvylathur@gmail.com,9447230988.0
23355,UP,aidedupsmuriyad@gmail.com,4802883193.0
21350,UP,gupsnallepilly@gmail.com,4923282378.0
13375,UP,gupsmuzhathadam@gmail.com,9744655651.0
12252,UP,12252deigratia@gmail.com,4672232007.0
45355,UP,elackadskvgups@gmail.com,4822231930.0
47551,UP,smmaups@gmail.com,4962642389.0
25634,UP,gupskunnakurudy@gmail.com,4842654226.0
13757,UP,mmupschoolkuppam@gmail.com,4602202175.0
33320,UP,mdupsvakathanam@gmail.com,9495686436.0
14881,UP,vekkalamaups@gmail.com,4902448500.0
28527,UP,com.gupspiramadom@gmail.com,4852273263.0
22271,UP,straphealsupseastkallur@gmail.com,9847841487.0
47462,UP,aupsmanipuram@gmail.com,4952210603.0
16337,UP,gupsanthatta@gmail.com,4962621691.0
17247,UP,atmaaup.222@gmail.com,8592943515.0
35434,UP,gupsmahadevikad101@gmail.com,8547215653.0
14367,UP,pwbupspinarayi@gmail.com,49023832106.0
16369,UP,mssvengalampublicschool@gmail.com,4962634441.0
47232,UP,eastaupschoolknml@gmail.com,8848265060.0
47571,UP,gmupspoonoor@gmail.com,4962647123.0
22675,UP,gwupsponnore4@gmail.com,4872285488.0
20454,UP,aupsmulayankavu@gmail.com,7736844830.0
26442,UP,stgeorgepoonithura@gmail.com,4842307012.0
16564,UP,muchukunnunorthups@gmail.com,
21261,UP,caupsmampad@gmail.com,6282692543.0
21883,UP,paloorgups@gmail.com,9946850023.0
21442,UP,gupskannampully@gmail.com,4922235541.0
27325,UP,nssupstkr@yahoo.com,9496337809.0
17246,UP,aupsmalapparamba@gmail.com,9400130462.0
37341,UP,stmarysupgseraviperoor@gmail.com,9446025040.0
30526,UP,snupspkm@gmail.com,4868279733.0
13653,UP,school13653@gmail.com,4972779460.0
21879,UP,hmgmupsmkd@gmail.com,4924223789.0
13765,UP,poovanchalgups@gmail.com,4602256925.0
13955,UP,hmmgup@gmail.com,4985263600.0
38252,UP,gupskunnida@gmail.com,4734292000.0
20358,UP,aupskty@gmail.com,7510755333.0
11461,UP,gupskoliyadukkam@gmail.com,4994236454.0
21269,UP,amaupsnochur@gmail.com,9048487677.0
23439,UP,gupsanapuzha@gmail.com,4802808910.0
25860,UP,scrilliparavur@yahoo.com,4842972394.0
13449,UP,gupsvayakkara@gmail.com,4602232666.0
23350,UP,sngssups@gmail.com,4802822224.0
13958,UP,aupsvellora@gmail.com,4985252295.0
28321,UP,supskooru@gmail.com,9544975545.0
14657,UP,palayathuvayalgovtups@gmail.com,4902990933.0
21659,UP,hmvknmups@gmail.com,9946443811.0
26437,UP,gupsthekkumbhagom1909@gmail.com,4842775991.0
23358,UP,mahatmaupschool@gmail.com,4802821976.0
27323,UP,aupspindimana1@gmail.com,8590631030.0
32360,UP,sveupsp@gmail.com,4828287580.0
24659,UP,killimangalamgups@gmail.com,4884250712.0
38748,UP,snupskoodal@gmail.com,4734270807.0
26266,UP,sjups2019@gmail.com,9847848854.0
25859,UP,islamicupsmannam@gmail.com,4842441363.0
24571,UP,hmamupstklm@gmail.com,4872605063.0
38441,UP,stmarysupsthonniamala@gmail.com,9495266503.0
12366,UP,12366sanjoems@gmail.com,4672256230.0
36280,UP,nssups2014@gmail.com,4792379090.0
33303,UP,gmupschry@gmail.com,9400162154.0
14551,UP,abdurahimansmarakamups@gmail.com,4902310345.0
35240,UP,vvsdup@gmail.com,4772259007.0
28426,UP,sgupsthottakkara@gmail.com,9847982571.0
25249,UP,gupschirakkakam@gmail.com,4842966785.0
16559,UP,gokhaleups@gmail.com,4962692245.0
16469,UP,gupcherukunnu@gmail.com,9495647591.0
21639,UP,hmaupskalmandapam@gmail.com,4912544016.0
36456,UP,gupsbharanickavu@gmail.com,9497674587.0
38440,UP,cmsupspunnakkad@gmail.com,4682312711.0
28422,UP,gupsp256@gmail.com,4852256900.0
12551,UP,12551aupsolat@gmail.com,9447685049.0
36363,UP,gupskallissery@gmail.com,4792456824.0
25645,UP,mmupskinginimattom@gmail.com,4842764949.0
22456,UP,aupskannara@gmail.com,4872698317.0
13470,UP,snupschamakkal@gmail.com,4602211466.0
14363,UP,upschoolmambaram@gmail.com,4902384470.0
14370,UP,snbups@gmail.com,4902351635.0
36373,UP,peringilipuramups@gmail.com,4792326022.0
16257,UP,kallamalaups@gmail.com,4962503864.0
29327,UP,hmmeenmutty@gmail.com,4862277904.0
22674,UP,gupsolarikkara@gmail.com,4872366322.0
24576,UP,aupstriprayar1901@gmail.com,4872391030.0
23357,UP,www.gupsmadayi@gmail.com,4802833106.0
13372,UP,mowancheriupschool@gmail.com,4972854650.0
23346,UP,aupsparappukkara2013@gmail.com,4802793233.0
16353,UP,kavumvattammups@gmail.com,4962695068.0
17551,UP,bmoupschool@gmail.com,4952486580.0
17450,UP,gupsiruvallur@gmail.com,4952261272.0
16362,UP,uralloormups@gmail.com,9645999786.0
36457,UP,knmgups2017@gmail.com,4762693455.0
16571,UP,vanmukamkodikkal@gmail.com,4962691148.0
13942,UP,annurupschool@gmail.com,4985229831.0
23259,UP,gupslourdupuram@gmail.com,4802781909.0
21888,UP,pkhmoups@gmail.com,4924291119.0
26450,UP,lfupssparur@gmail.com,4842793035.0
14252,UP,pbups123@gmail.com,8547842334.0
32442,UP,bethanycemschool@gmail.com,7034254878.0
17553,UP,nssupbeypore@gmail.com,4952323426.0
13215,UP,kadamburnorthups@gmail.com,4972832113.0
23550,UP,saupsmalapallipuram@gmail.com,9539550421.0
13962,UP,gmupskavvayi@gmail.com,4985209399.0
33455,UP,stjohnsupsveloor@gmail.com,4812381714.0
45251,UP,govtupsakkarappadam@gmail.com,9496317468.0
17476,UP,vijayalakshmiup123@gmail.com,7012852466.0
36284,UP,36284alappuzha@gmail.com,8921965894.0
30248,UP,kochuthovalasjups@gmail.com,4868250634.0
14862,UP,aupsambayathode@gmail.com,4902430200.0
21649,UP,westyakara@gmail.com,
47461,UP,gmupselettil@gmail.com,4952200180.0
28219,UP,vellaramkallupups@gmail.com,4852288770.0
16474,UP,hmhfups@gmail.com,4962669310.0
17338,UP,pantheerankaveaups@gmail.com,4952430023.0
11463,UP,gupsmogralputhur1@gmail.com,4994232700.0
26261,UP,gupsedappally100@gmail.com,4842341434.0
26245,UP,hfepsvaduthala@gmail.com,
23253,UP,manakulangarakvups28@gmail.com,4802726776.0
27206,UP,gupsnezhipram@gmail.com,4842676067.0
13657,UP,school13657@gmail.com,4972776022.0
21904,UP,aupskumaramputhur@gmail.com,4924230011.0
32351,UP,upskanamala@gmail.com,4828214060.0
34341,UP,changaramgups@gmail.com,4782562820.0
31538,UP,nasmmups@gmail.com,4822296539.0
30246,UP,smupskanchiyar2@gmail.com,4868259218.0
12235,UP,gupsayambare@gmail.com,4672234522.0
21637,UP,rbkudamgups.hm@gmail.com,9446879859.0
38546,UP,upsmadamon@gmail.com,4735250210.0
20458,UP,smupsparuthipra@gmail.com,9847950194.0
30251,UP,hfupskiliyarkandam@gmail.com,9656866404.0
23462,UP,marthoma.up@gmail.com,4802816400.0
13961,UP,gmupsperumba@gmail.com,4985201332.0
14852,UP,gupsmenachody@gmail.com,4902303966.0
29336,UP,sjupsvelliyamattom@gmail.com,9447129157.0
16263,UP,16263hmchombala@gmail.com,
37429,UP,gupsmanthuka2014@gmail.com,4734260216.0
24569,UP,peupschool@gmail.com,4802873456.0
37646,UP,stthomasupsc@yahoo.com,4692961416.0
32242,UP,sjmaniamkunnu2015@gmail.com,4822275288.0
13752,UP,bupsp008@gmail.com,9961082616.0
14249,UP,mebupschool123@gmail.com,9497607955.0
13365,UP,hmkanhirodeaups@gmail.com,4972858490.0
33204,UP,gupskiliroor@gmail.com,4812382125.0
23451,UP,kalariparambaups@gmail.com,2641549.0
32446,UP,shupskarimpanakkulam@gmail.com,4828240121.0
35338,UP,sdvgups@gmail.com,4772283496.0
33244,UP,mariabhavankumarakom25@gmail.com,4812525599.0
25261,UP,stmupsputhiyedam@gmail.com,
50025,UP,njanodaya@gmail.com,4812599490.0
22263,UP,kalasunil8@gmail.com,4802762898.0
29303,UP,gupskmr@gmail.com,4862261787.0
35443,UP,35443haripad@gmail.com,4792470888.0
11466,UP,gupstp@gmail.com,4994283355.0
14760,UP,14760school@gmail.com,9495070756.0
16259,UP,16259hmchombala@gmail.com,4962547473.0
38746,UP,spmups1234@gmail.com,9447783360.0
36386,UP,36386chengannur@gmail.com,8182365930.0
21745,UP,aupsvadasseri@gmail.com,9048305000.0
14856,UP,gupsthalakkani@gmail.com,4902431100.0
14244,UP,andalurseniorbasicschool@gmail.com,9048961510.0
13660,UP,school13660@gmail.com,4972729497.0
38268,UP,tkmvups@gmail.com,8086402255.0
34248,UP,gupsvelliyakulam@gmail.com,2828753.0
12436,UP,nssaupsplachikkara@gmail.com,4672341422.0
17239,UP,gupskundungal@gmail.com,4952300027.0
34249,UP,34249cherthala@gmail.com,7034964668.0
16755,UP,hmnumberoneups@gmail.com,4962533060.0
35312,UP,panoorlps@gmail.com,4772297600.0
35235,UP,tkmmupsalpy@gmail.com,9495156888.0
20251,UP,gsbs20251@gmail.com,4912874344.0
16345,UP,chemancheryschool@gmail.com,4962686122.0
21259,UP,akkaraschool@gmail.com,4922222580.0
17238,UP,gupskallai@gmail.com,4952322754.0
47658,UP,mattanodeschool@gmail.com,9495176809.0
13445,UP,gupschoolnediyanga@gmail.com,4602232990.0
45252,UP,gupsaiyerkulangara@gmail.com,4829232081.0
34250,UP,34250CHERTHALA@GMAIL.COM,4782818938.0
14256,UP,mtaupschool@gmail.com,9995628369.0
32374,UP,sureshkvups@gmail.com,9495751064.0
47341,UP,gupsmuthery@gmail.com,4952296605.0
22431,UP,holyfamilyschoolmannuthy@gmail.com,
31539,UP,palayamstxaviersups@gmail.com,8281986727.0
47567,UP,punnasserywestaupschool@gmail.com,4952246040.0
24355,UP,mpmupsmarathancode@gmail.com,4885283961.0
22677,UP,stmarysambakad@gmail.com,4872306258.0
22264,UP,kodannurstantony@gmail.com,4872279455.0
12351,UP,12351aupschathamath@gmail.com,4672281101.0
13563,UP,gupspurachery@gmail.com,4972080563.0
20554,UP,mcmupschooltrithala@gmail.com,
38651,UP,hmupsk65@gmail.com,9961792019.0
35448,UP,35448haripad@gmail.com,4792470008.0
24261,UP,aupsguruvayoor@gmail.com,4872556331.0
47672,UP,brindavanamaups@gmail.com,4962613101.0
11395,UP,11395lrms@gmail.com,4998285828.0
20657,UP,aupsamayursouth@gmail.com,8943233357.0
26248,UP,stmarysupschoolkochi@gmail.com,4842430037.0
21565,UP,chmksmupsnandankizhaya@gmail.com,9497632103.0
12435,UP,mgmups@gmail.com,4672245083.0
17242,UP,taligups@gmail.com,4952702434.0
21362,UP,svsmupschoolpudussery@gmail.com,9496294911.0
28221,UP,sjupskaloor1608@gmail.com,9400846993.0
13848,UP,kupshm@gmail.com,9947673305.0
16560,UP,iringathups@yahoo.com,919495759131.0
13552,UP,vengarawelfareups@gmail.com,4972870070.0
38435,UP,gupskozhencherrye@gmail.com,4682993744.0
47547,UP,asvupsedakkara@gmail.com,9745712387.0
14460,UP,kitanhiupschool@gmail.com,4902397011.0
24564,UP,eastupschool@gmail.com,4872399562.0
13659,UP,school13659@gmail.com,4972866031.0
17460,UP,ichannuraups@gmail.com,4952261827.0
23240,UP,gupsmalakkapara@gmail.com,0.0
14369,UP,school14369@gmail.com,6282670597.0
21895,UP,carmelupschool@gmail.com,9847619230.0
31466,UP,stjosephmannanam@yahoo.in,2594041.0
13463,UP,snaupspadiyoor@gmail.com,8281968975.0
33317,UP,vbupbayas@gmail.com,4812442389.0
16471,UP,upschoolpathirippatta@gmail.com,49602447510.0
11358,UP,11358aupspallathadka@gmail.com,9544339142.0
35231,UP,35231poomthoppilbhagom@gmail.com,4772234044.0
45262,UP,tkmmupsabcd@gmail.com,4829214392.0
38738,UP,sndpupsvktm@gmail.com,9495606089.0
38272,UP,nssupsthuvayoor123@gmail.com,9526794984.0
26440,UP,gupskaricode@gmail.com,4842740228.0
28525,UP,gupsonakkoorsouth@gmail.com,4852265356.0
22458,UP,thanikudam.ups@gmail.com,4872695353.0
20257,UP,aupsvarode99@gmail.com,4662245270.0
13771,UP,gupsthimiri@gmail.com,4602284950.0
13947,UP,smspnr@gmail.com,4985201898.0
14366,UP,school14366pgvbups@gmail.com,4902082234.0
21365,UP,kcschool2000@gmail.com,4923291878.0
21567,UP,snespallassana5@gmail.com,4923268446.0
38744,UP,stthomasupsc2019@gmail.com,4682244456.0
38267,UP,nsupschool@gmail.com,7306068609.0
25639,UP,karukappillyupschool@gmail.com,2761268.0
29335,UP,tmupsvglr@gmail.com,9495704411.0
23343,UP,sngsupskakkathuruthy@yahoo.com,4802642200.0
23446,UP,amiupseriyad@gmail.com,4802815166.0
14561,UP,panooreastupschool@gmail.com,9605854172.0
17465,UP,vengeriaups@gmail.com,9048119131.0
47668,UP,hmfaups@gmail.com,6282850421.0
16357,UP,modakkalluraups@gmail.com,9745664686.0
13379,UP,mixedupstalap1912@gmail.com,4972701403.0
31534,UP,hmpoovarany@gmail.com,4822226419.0
13764,UP,poomangalamupschl@gmail.com,4602224789.0
30239,UP,gupsupputhodu@gmail.com,4862231056.0
46327,UP,muttargups@gmail.com,4772218098.0
14866,UP,vups7keezhur@gmail.com,9400570675.0
12431,UP,aupsbirikulam@gmail.com,9946546390.0
11256,UP,aups.bakrabail@gmail.com,4998310340.0
45364,UP,upspoozhikol@gmail.com,9400378774.0
14465,UP,pmupschool14465@gmail.com,4902393511.0
24665,UP,ambalapadaup@gmail.com,266647.0
14875,UP,upsstgeorge@gmail.com,4902429395.0
13862,UP,hidayathschool786@gmail.com,
24575,UP,sreevilasup@gmail.com,4872402550.0
47671,UP,aupsnarayanavilasam@gmail.com,4962614126.0
20258,UP,seniorbasicschool@gmail.com,4912873445.0
26342,UP,stjosephsgupsmanacherry2011@gmail.com,9656781035.0
21742,UP,pbupsparasseri@gmail.com,4912932172.0
11473,UP,madonaups@gmail.com,4994224433.0
14250,UP,mmupsnewmahe@gmail.com,9446675272.0
16262,UP,16262hmchombala@gmail.com,
11504,UP,11504vidyamandiredneer@gmail.com,
14569,UP,kolavalloorups@gmail.com,4902462009.0
16570,UP,trikkotturaups@gmail.com,4962603111.0
45263,UP,www.athurashramam909@gmail.com,9497211471.0
12426,UP,albuctkunnumkai@gmail.com,4672253639.0
21354,UP,gupstattamangalam@gmail.com,4923227539.0
13949,UP,cups1935@gmail.com,4985224022.0
13224,UP,makrerisvgpup2014@gmail.com,9747831019.0
13550,UP,gmupsmadayi@gmail.com,4972873387.0
27212,UP,edavoorups@gmail.com,4842641058.0
23452,UP,alaupskothaparambu@gmail.com,
13453,UP,dmupschool@gmail.com,4602235888.0
31321,UP,saupspaduva@gmail.com,9446822880.0
14851,UP,gupschungakkunnu@gmail.com,4902413773.0
37349,UP,nssttiothera1@gmail.com,4692656420.0
16661,UP,kallachigups123@gmail.com,4962552811.0
21816,UP,hmkarara@gmail.com,
21268,UP,aupsvadakkepotta@gmail.com,9188450173.0
38742,UP,ebenezeremupschoolthekkuthode@gmail.com,9447378900.0
16665,UP,ccupschool@gmail.com,4962552699.0
36467,UP,upsputhiyavila@gmail.com,9495764399.0
46221,UP,nsgups@gmail.com,4772762116.0
38262,UP,kalanjoornmups@gmail.com,9496109169.0
24573,UP,snvupstkm@gmail.com,4872083220.0
24555,UP,edamuttamups@gmail.com,4802837217.0
28531,UP,sobhavarghese10@ymail.com,4852272744.0
26334,UP,gupsfortkochi@gmail.com,4842215221.0
14255,UP,stpetersupschooltly@gmail.com,
16869,UP,iringalssup@gmail.com,9947805925.0
20245,UP,panamannaups100@gmail.com,4662242266.0
32443,UP,cmsupschelakomp@gmail.com,9447570248.0
21741,UP,abupschoolperadikunnu@gmail.com,4912872282.0
25856,UP,stpetersupsvdk@gmail.com,9744422808.0
32458,UP,upsullayam@gmail.com,9961634857.0
17251,UP,mooriyadmiups@gmail.com,9539380310.0
32354,UP,sjupskoovappally@gmail.com,4828251100.0
16470,UP,gupsvattoli@gmail.com,4962445775.0
30444,UP,govupselappara@gmail.com,4869242330.0
11476,UP,mmaup100@gmail.com,4994222550.0
38263,UP,upskurumpakara@gmail.com,9495509616.0
25643,UP,gupsvalampoor@gmail.com,4842687240.0
21884,UP,gupspulikkal@gmail.com,4924238839.0
24557,UP,st.annecups@gmail.com,4802873854.0
35233,UP,35233pazhaveedu@gmail.com,4772262491.0
13971,UP,hmggsups@gmail.com,4985216033.0
24561,UP,upskarayamuttam@gmail.com,4872397942.0
21743,UP,hfaupschool@gmail.com,8136908697.0
12557,UP,jamathkottappallykadangod@gmail.com,9544574380.0
36462,UP,aiswaryaups@gmail.com,9745988361.0
24552,UP,gfupsvatanappally@gmail.com,4872606025.0
25646,UP,pancodeups@gmail.com,9497811869.0
31269,UP,sjupsvellilappilly@gmail.com,4822263106.0
30283,UP,nalandaemschoolanakkara@gmail.com,4868283126.0
20453,UP,shoranurupschool@gmail.com,9249734814.0
47235,UP,malayammaschool@gmail.com,4952289255.0
27203,UP,gupsasamannoor@gmail.com,2968613.0
25462,UP,stthomaskarukutty2010@gmail.com,4842613470.0
14253,UP,poduvacherry14253@gmail.com,9446657524.0
31468,UP,aidedupskidangoor@gmail.com,4822256580.0
47484,UP,gupsputhur12@gmail.com,4952999298.0
38652,UP,snvups1918@gmail.com,9497816272.0
22678,UP,nirmalaschool43@gmail.com,4872362417.0
29304,UP,gupsnedumattom1912@gmail.com,4862265331.0
13954,UP,northaups@gmail.com,4985264062.0
24550,UP,gfupschool@gmail.com,4872290346.0
16757,UP,dvupskeezhal@gmail.com,4962080758.0
14658,UP,alacheryups@gmail.com,4902515160.0
31284,UP,rvmupsrpm@gmail.com,4822263212.0
26335,UP,palluruthygups@gmail.com,4842238828.0
35438,UP,35438haripad@mail.com,6282149874.0
20557,UP,swaminadhavidyalayam@gmail.com,9744072784.0
11259,UP,dbaupskayyar@gmail.com,9741998819.0
21563,UP,gupschoolchathamangalam@gmail.com,4923243915.0
24567,UP,perinjanameastups@gmail.com,4802641617.0
14775,UP,hmkanhileriups@gmail.com,9846903901.0
25453,UP,togupsazhakom@gmail.com,4842615058.0
29402,UP,sjupspanamkutty@gmail.com,8075857506.0
29208,UP,sgupsvenmony@gmail.com,9496744463.0
23458,UP,gupsvallivattam@gmail.com,4802862282.0
13219,UP,muzhappilangadups@gmail.com,4972832118.0
20461,UP,enupschool@gmail.com,9495873407.0
25466,UP,holyfamilyupschool@gmail.com,4842451895.0
20663,UP,ceupschoolparuthur@gmail.com,4662238100.0
23245,UP,kecupspotta@gmail.com,4802708340.0
21661,UP,aupskalpathy@gmail.com,9495497445.0
37274,UP,bethel7community@gmail.com,4692701396.0
25644,UP,upsbrahmapuram19@gmail.com,4842720149.0
14666,UP,mangattidamupschool@gmail.com,4902366225.0
38274,UP,mtemsadr@gmail.com,4734221775.0
24427,UP,pavarattygups@gmail.com,4872643600.0
21363,UP,kvmups@gmail.com,4923224265.0
34334,UP,34334thuravoor@gmail.com,4782874377.0
38655,UP,dpmupschool@gmail.com,4735250118.0
14242,UP,gupspunnolmakkoottam@gmail.com,4902323920.0
13658,UP,school13658@gmail.com,4972707919.0
24365,UP,satheeshnssemups@gmail.com,4885284439.0
47572,UP,ptmupspalliyoth@gmail.com,4962646274.0
47459,UP,mmaupsavilora@gmail.com,4952200922.0
14854,UP,gupspayam@gmail.com,4902451360.0
14466,UP,vishnuvilasamupspullookkara@gmail.com,4902394255.0
38323,UP,gupsmangaram@gmail.com,4734256066.0
18587,UP,phsaups@gmail.com,9846233074.0
43230,UP,tolstoysanthivila@gmail.com,4712390876.0
16670,UP,upsvalayam@gmail.com,4962460804.0
13756,UP,kottakkanamaups@gmail.com,4602271638.0
22692,UP,st.thomasupskanjany@gmail.com,4872638978.0
48248,UP,therattammalamups@gmail.com,4832852255.0
47549,UP,miupsiyyad@gmail.com,4962647995.0
35268,UP,tinytotskomalapuram@gmail.com,4772248193.0
41449,UP,gupskavanad@gmail.com,4742770067.0
38448,UP,stmaryskuzhikala@gmail.com,4682999307.0
37269,UP,kvupsvalanjavattom@gmail.com,4692610057.0
15481,UP,ssupschool593@gmail.com,9744901279.0
19545,UP,pnupvidyalayam@gmail.com,4942673130.0
18478,UP,pkmups@gmail.com,4832706993.0
16853,UP,avikkalsbs16853@gmail.com,9497302462.0
40230,UP,govtupsnilamel@gmail.com,4742433093.0
48471,UP,pmmupschool1976@gmail.com,4931277844.0
35439,UP,mannarasalaupschool@gmail.com,4792417366.0
21446,UP,aupschembrakulamkottayi@gmail.com,4922285219.0
24254,UP,gupsguruvayoor1912@gmail.com,4872550332.0
21550,UP,ksbskarippode@gmail.com,4923252154.0
43342,UP,gupscheruvaickal@gmail.com,4712590735.0
27318,UP,fathimamathamalipara@gmail.com,
33505,UP,stmarysmeenadom@gmail.com,4812506303.0
37433,UP,nmupedayaranmula@gmail.com,4682993380.0
26536,UP,hmiivups@gmail.com,9495130046.0
12542,UP,12542olavarasanketha@gmail.com,4672271173.0
43259,UP,ktc.sttresia@gmail.com,2490407.0
19776,UP,mdpsezhur@gmail.com,4942420730.0
26535,UP,gregorysupskuzhupilly@gmail.com,9249739300.0
21267,UP,nupsmpm@gmail.com,4922266599.0
42662,UP,vinobaniketanups@gmail.com,8086239232.0
18375,UP,ozhukurgmups@gmail.com,4832756611.0
30249,UP,saupsvallakkadavu@gmail.com,9544518970.0
48565,UP,wandooroups@gmail.com,245024.0
42457,UP,puliyoorkonamsvups@gmail.com,9447559004.0
15254,UP,hmgupschennalode@gamil.com,4936251084.0
42245,UP,gupsnilakkamukku@gmail.com,4702653838.0
24435,UP,tiespadoor@gmail.com,4872265255.0
19677,UP,amupsgnanaprabha@gmail.com,8086568637.0
41538,UP,41538klm@gmail.com,8547417960.0
40229,UP,hmgupskdl@gmail.com,4742422416.0
29432,UP,stupsmankuva@gmail.com,4868262839.0
14868,UP,stjosephupskunnoth@gmail.com,4902420571.0
40349,UP,bvupsanchal@gmail.com,9497768347.0
46222,UP,gupsthottuvathala@gmail.com,8078751658.0
11265,UP,ssbaups@yahoo.com,4998243222.0
19863,UP,gupscholakkundu@gmail.com,4832750123.0
26254,UP,sjupskarithala@gmail.com,4842365343.0
23349,UP,gupsvglr1961@gmail.com,4802863072.0
37650,UP,lovelyphilip15@gmail.com,4692696497.0
19284,UP,galaxykolikkara@gmail.com,7510392072.0
19769,UP,gupcvm@gmail.com,4942562660.0
38442,UP,mtupschamathackal@gmail.com,4735245478.0
14258,UP,vandithaprabathpld@gmail.com,9446238113.0
11468,UP,dietksd@gmail.com,4994240323.0
38553,UP,mcupschethackal@gmail.com,9447499397.0
29212,UP,smupsmanippara@gmail.com,4862231018.0
47649,UP,naduvannursouth@gmail.com,9846422056.0
30355,UP,csn.stmichaels@gmail.com,9496454505.0
22452,UP,aupschoolmarottichal@gmail.com,4872688633.0
11351,UP,holyfamilykumbla@gmail.com,4998216021.0
47454,UP,gmlpsvelimanna@gmail.com,9846626459.0
29443,UP,snupsnankicity@gmail.com,4862238008.0
19880,UP,19880mhmaups@gmail.com,
20544,UP,gupskakkattiri@gmail.com,4662270200.0
44708,UP,udayaconventschool@gmail.com,9544544979.0
42270,UP,lbvschool@gmail.com,4702602367.0
14664,UP,kupskpba@gmail.com,4902362641.0
22680,UP,stignatiusupmanaloor@gmail.com,4872633300.0
21645,UP,gupsmepparamba@gmail.com,4912542219.0
47474,UP,gmupspallipuram@gmail.com,4952224824.0
13468,UP,sjupsarabi@gmail.com,4602228050.0
16351,UP,ksupschool@yahoo.in,4962620300.0
20464,UP,aups.kulukkallur1932@gmail.com,2215989.0
24428,UP,gupsperuvallur@gmail.com,4872644844.0
26188,UP,olfemupskumbalanghi773@gmail.com,4842248773.0
13661,UP,school13661@gmail.com,4972868105.0
41652,UP,41652klm@gmail.com,4742564443.0
23344,UP,karanchirastgeorge@gmail.com,4802874821.0
42250,UP,elakamonupsvarkala@gmail.com,2665040.0
13361,UP,gowrivilasamups@gmail.com,9495756565.0
19673,UP,gmupstanurtown@gmail.com,4942445170.0
19783,UP,shmupskuttayi@gmail.com,4942631290.0
13394,UP,premierenglishmediumskl@gmail.com,4972765575.0
21548,UP,dmups21548@gmail.com,9495056766.0
42655,UP,stjosephsupsperayam@gmail.com,4722842931.0
16763,UP,villiappallyups@gmail.com,8289917794.0
22466,UP,cjmupschool@gmail.com,0.0
13354,UP,athirakamupschoolmundayad@yahoo.com,4972722933.0
11474,UP,aupsmunnad@yahoo.com,4994290850.0
19542,UP,newupschool@gmail.com,9544827145.0
20247,UP,bemupstrikkaderi@gmail.com,4662380787.0
19548,UP,missionschool19548@gmail.com,4942664952.0
33206,UP,abmgups@gmail.com,4812525436.0
48343,UP,vjupsnenmeni@gmail.com,9495816008.0
15244,UP,gupskbta@gmail.com,4936286119.0
36379,UP,carmelschool345@gmail.com,4792456943.0
23454,UP,amupkooli@gmail.com,4802641551.0
45365,UP,gupsmuttuchira@gmail.com,4829283604.0
14245,UP,dcbups14@gmail.com,9497607629.0
29207,UP,cms.ups.elappally@gmail.com,9744186519.0
41542,UP,gupsadichanalloor@gmail.com,4742596388.0
16347,UP,cklpups@gmail.com,8289979870.0
27209,UP,gups.vaikara8@gmail.com,4842650021.0
18571,UP,chembrasseriaups@gmail.com,4832080423.0
43250,UP,kupstvmsouth@gmail.com,4712363681.0
13458,UP,khmaups@gmail.com,4602215400.0
20551,UP,aupshm@gmail.com,4662259099.0
41467,UP,ushusschool@gmail.com,4742552314.0
41464,UP,pmnm41464@gmail.com,9846538474.0
43264,UP,st.johnanchamada@gmail.com,4712361377.0
12553,UP,12553abc@gmail.com,4672261446.0
11262,UP,sajankilaschool@gmail.com,4998264300.0
44550,UP,44550parassala@gmail.com,6238725941.0
17455,UP,bemupspudy@gmail.com,4952390464.0
43338,UP,upgsfort@gmail.com,4712574140.0
19389,UP,svnhsvalanchery@gmail.com,4942645281.0
19367,UP,melmurisouth@gmail.com,4942615918.0
21257,UP,srupskunissery1@gmail.com,9645387474.0
17554,UP,nallalamaupschool@gmail.com,9895935033.0
13574,UP,amimups@gmail.com,4972812500.0
18752,UP,a.u.p.school.pathaikkara@gmail.com,9400621302.0
29367,UP,dietidukki@gmail.com,4862226990.0
19363,UP,gupskdy@gmail.com,
14464,UP,paupschool@gmail.com,4902318820.0
18580,UP,mups32@gmail.com,4832840012.0
13847,UP,kolacheryup@gmail.com,2244772.0
45261,UP,stlouisupschoolvaikom@gmail.com,4829211750.0
14880,UP,ssupsvelimanam48@gmail.com,4902455240.0
19544,UP,gfupskadavanad@gmail.com,4942664450.0
36382,UP,sndpupsareekkara2023@gmail.com,9656198896.0
44354,UP,upsooruttambalam@gmail.com,4712297626.0
44554,UP,jayamathaups@gmail.com,7907804432.0
33504,UP,gupsmcd@gmail.com,4812370721.0
21265,UP,aupschty@gmail.com,4922243066.0
16348,UP,ceups12@gmail.com,4962620111.0
36381,UP,mamcs11@yahoo.co.in,4792464229.0
13131,UP,gttimenkannur@gmail.com,4972701203.0
43456,UP,gupsparackal@gmail.com,4722875163.0
39361,UP,sabupschepra@gmail.com,4742493199.0
27324,UP,pooyamkuttysgups@gmail.com,4852585224.0
24658,UP,attoorgups@yahoo.in,4884271338.0
13364,UP,ksvups@gmail.com,4972857056.0
47558,UP,cheekkilodeaups@gmail.com,4952455512.0
25857,UP,aismanjali@gmail.com,8547661760.0
42252,UP,stthomasayroor@gmail.com,9946862809.0
15262,UP,stgeorgeschoolkbta@gmail.com,8891780298.0
41659,UP,41659kundara@gmail.com,4742520754.0
30245,UP,cupscalvarymount@gmail.com,9061590820.0
22682,UP,aupsmanga@gmail.com,4872637496.0
26345,UP,stgupspazhangad@gmail.com,4842241070.0
31546,UP,puliyannoorkalanilayam123@gmail.com,4822205388.0
13668,UP,school13668@gmail.com,4972779933.0
39266,UP,mbupspulamon@gmail.com,9895565757.0
24434,UP,vivekanandaemupsmullassery@yahoo.in,4872260431.0
42441,UP,gupsprrvdy@gmail.com,9846233813.0
15470,UP,sarvodayamupschoolporur@gmail.com,4935256316.0
17539,UP,gmupsfrk@gmail.com,8089150530.0
41249,UP,gwupsnambaruvikala@gmaiil.com,4762624343.0
12549,UP,12549kaups@gmail.com,4672260417.0
36291,UP,upsarunnoottimangalam@gmai.com,4792358002.0
11456,UP,gupshidayathnager@gmail.com,4994220290.0
11462,UP,h.m.gupsmanadka@gmail.com,9496557640.0
25257,UP,facteastern@gmail.com,
43262,UP,jvbems@yahoo.com,2457360.0
41649,UP,41649kundara@gmail.com,4742585250.0
44558,UP,upspottayilkada@gmail.com,4712217945.0
18371,UP,cheruvattoorschool@gmail.com,4832724013.0
44353,UP,upskuttamala@gmail.com,9447328821.0
19782,UP,hmkottamups@gmail.com,9447875931.0
41240,UP,kvkvkvmupschool240@gmail.com,4762826300.0
24347,UP,gupsvaduthala@gmail.com,4885226106.0
32421,UP,manimalastephens@gmail.com,4828247047.0
38258,UP,gupsadur1896@gmail.com,4734220560.0
40451,UP,upsstmarys@gmail.com,9495433772.0
21635,UP,stmremups@gmail.com,4912534285.0
44371,UP,balabharathyschool@gmail.com,2369723.0
42355,UP,hmgupssarkara@gmail.com,4702640766.0
14878,UP,thillenkeryupschool@gmail.com,2405141.0
18481,UP,crescentperimbalam@gmail.com,4832848049.0
35432,UP,35432haripad@gmail.com,4792418188.0
17473,UP,karannurups@gmail.com,4952461842.0
12343,UP,12343gupsmadikaialampady@gmail.com,4672240114.0
42360,UP,gupspillayarkulam@gmail.com,4702642665.0
19249,UP,kololombagups@gmail.com,4942689160.0
34253,UP,34253cherthala@gmail.com,9497676292.0
17542,UP,chenothschool@gmail.com,9495611356.0
13569,UP,vpupsvengara@gmail.com,914972875796.0
41666,UP,roynallila@gmail.com,4742563110.0
31543,UP,ttipala1934@gmail.com,212758.0
48241,UP,anvarkuniyil955@gmail.com,4832858955.0
15260,UP,pinangodegups@gmail.com,4936296102.0
33208,UP,stjohnsupskumarakom@gmail.com,4812523781.0
16462,UP,kvkmmups@gmail.com,4962564190.0
31268,UP,stjoannasschooluzhavoor@gmail.com,4822240155.0
18376,UP,amupspallikkal1921@gmail.com,4832791512.0
41672,UP,meskandachira@gmail.com,9847641415.0
14463,UP,kpdayanandan@gmail.com,9072752779.0
41465,UP,41465klm@gmail.com,4742766134.0
47344,UP,vthodeups12@gmail.com,4952255222.0
43457,UP,gupspothancode@gmail.com,4712419402.0
13452,UP,cups.chembanthotty@gmail.com,4602267687.0
22457,UP,lourdesstmarysupschoolthrissur@gmail.com,2333977.0
21889,UP,amupswest@gmail.com,9447622531.0
19375,UP,www.vpaupsvendallur@gmail.com,2644099.0
21733,UP,gupskongad@gmail.com,4912846222.0
16756,UP,keezhalupschool@gmail.com,9447989516.0
23250,UP,rupsmeloor@gmail.com,4802739936.0
18482,UP,panakkadups@gmail.com,4832836019.0
14362,UP,kupseranholi@gmail.com,4902306214.0
41348,UP,scvups1921@gmail.com,4762848244.0
19263,UP,ssupstrikkanapuram@gmail.com,
26264,UP,lfupscheranelloor@gmail.com,8129526808.0
17454,UP,puthurups1965@gmail.com,4952392711.0
15369,UP,mbaupskoliyadi@gmail.com,4936266420.0
36273,UP,36273alappuzha@gmail.com,9207106350.0
13651,UP,school13651@gmail.com,4972789890.0
19791,UP,amupsedakulam@gmail.com,9605283410.0
24353,UP,gnanaprakasinikechery4@gmail.com,4885242301.0
24257,UP,gfupsputhenkadappuram@gmail.com,4872617400.0
24273,UP,aupschoolvazhappully@gmail.com,4872503422.0
39533,UP,gupsedakkad@gmail.com,4762820114.0
41346,UP,kovoorups2015@gmail.com,4762874833.0
20357,UP,aupskkurussi1947@gmail.com,8075651685.0
35234,UP,35234lourde@gmail.com,4772268941.0
14453,UP,memschoolchokli@gmail.com,4902330282.0
18364,UP,amupsakode@gmail.com,4832830434.0
24260,UP,hm.rpmm@gmail.com,4872616771.0
31282,UP,gvupsezhacherry@gmail.com,4822260005.0
38433,UP,cherukolegups@gmail.com,9446319096.0
14859,UP,gupsvekkalam@gmail.com,4902447440.0
27310,UP,gupsmulavoor@gmail.com,9383407258.0
13557,UP,mattulmrups@gmail.com,4972844725.0
16359,UP,poilkaveupschool@gmail.com,9745486232.0
45359,UP,gupsmannakkanad@gmail.com,4822232622.0
42452,UP,specialups123@gmail.com,9496402658.0
42253,UP,rkmups57@gmail.com,9567259372.0
40454,UP,40454dbups@gmail.com,8289837851.0
19865,UP,aupsirumbuchola@gmail.com,4942467764.0
12246,UP,12246chithari@gmail.com,4672266255.0
37346,UP,ptpmups@gmail.com,4692615009.0
18761,UP,aupsanamangad@gmail.com,9495173787.0
48563,UP,dnoupskvk@gmail.com,8330849321.0
37249,UP,reginamundi97@gmail.com,4692602199.0
33309,UP,stsebstian@gmail.com,4812475151.0
33321,UP,upsvakathanam@gmail.com,4812460777.0
14673,UP,vupschool@gmail.com,4902308800.0
33203,UP,kgwups@gmail.com,9961909672.0
37337,UP,gupskumbanad@gmail.com,0.0
38325,UP,govtupspoozhikkad@gmail.com,4734256025.0
13227,UP,aesenglishmediumschool@gmail.com,9495388890.0
38656,UP,nssupsmalayalappuzha@gmail.com,9446685566.0
18666,UP,gupspang@gmail.com,4933243765.0
23442,UP,vdups1964@gmail.com,4802803366.0
21892,UP,vpaupskundurkunnu@gmail.com,4924236900.0
18671,UP,kskmup@gmail.com,4933242040.0
41458,UP,41458kollam@gmail.com,4742793399.0
39458,UP,dvupsvendar1@gmail.com,8281945698.0
41455,UP,stantonysupskandachira@gmail.com,
48473,UP,nssuppada@gmail.com,4931241906.0
29433,UP,smupschoolmankulam@gmail.com,4864218372.0
14371,UP,tharuvanatheruup@gmail.com,4902307030.0
13750,UP,nirmalaupschool2015@gmail.com,9207359297.0
25252,UP,gupskuttikkattukara@gmail.com,2544066.0
11255,UP,ajiaups@gmail.com,4998242753.0
13217,UP,koonhancodeups14@gmail.com,
12437,UP,karulladukkom12437@gmail.com,4672242700.0
20353,UP,aupsadakkaputhur@gmail.com,9947906372.0
11394,UP,littleheartsmsperla@gmail.com,4998226555.0
24272,UP,pkmhmups@gmail.com,2531188.0
39450,UP,sttheresasklpm@gmail.com,9605765424.0
15251,UP,sjupsmpdy@gmail.com,4936281183.0
33472,UP,dbputhuppally@gmail.com,4812351210.0
23545,UP,stgeorgescupskallur@gmail.com,4802773275.0
38649,UP,gurukulamangamoozhy@gmail.com,4735279160.0
41342,UP,ktgups1@gmail.com,4762872533.0
41660,UP,41660kundaraupgs@gmail.com,4742714050.0
19668,UP,aetenglishschool@gmail.com,9846856488.0
19768,UP,ssmupschool1@gmail.com,4942423313.0
41256,UP,spmups@yahoo.in,8884006410.0
25465,UP,smupsmoozhikkulam@gmail.com,4842472600.0
40453,UP,voupsplr@gmai.com,9447359197.0
19864,UP,kannamangalamgmups@gmail.com,4942490330.0
46422,UP,sndpupscherukara@gmail.com,4772746180.0
43247,UP,sptpm.mampazha.gups@gamil.com,9495512998.0
14261,UP,modelenglishschooltly@gmail.com,2327122.0
14670,UP,skupparal@gmail.com,9446849865.0
11482,UP,aupskvdm@gmail.com,4994201745.0
13772,UP,trichambaramups@gmail.com,4602207480.0
22272,UP,aupspallissery@gmail.com,7356925413.0
13454,UP,kknmaups@gmail.com,4602213820.0
17248,UP,bemupsbilathikulam@gmail.com,9744147303.0
39262,UP,upskottathala123@gmail.com,9747444951.0
30285,UP,mpsmarykulam@gmail.com,9447594846.0
43451,UP,gupskvtm@gmail.com,4712412810.0
45361,UP,skvgupsperumthuruth@gmail.com,4829267645.0
44450,UP,upschenkal@gmail.com,4712236189.0
14455,UP,gupsputhusseri@gmail.com,4902394711.0
13952,UP,pupsperalam@gmail.com,8078094820.0
48251,UP,jyothidharas@gmail.com,8157923996.0
34343,UP,34343alappuzha@gmail.com,9645082884.0
40233,UP,upsayirakuzhy1979@gmail.com,4742427200.0
11360,UP,11360ssaupssheni@gmail.com,9447417306.0
26539,UP,dvupsnblm@gmail.com,9946222133.0
21273,UP,aupsperinkulam@gmail.com,8089825689.0
22673,UP,gupschoorakkattukara17@gmail.com,4872309950.0
16255,UP,16255hmchombala@gmail.com,4962501920.0
24549,UP,gmupschettuva@gmail.com,4872293932.0
18340,UP,gwlpsnhc@gmail.com,4832714900.0
15387,UP,scvmthomattuchal@gmail.com,9544078541.0
26340,UP,nssupschoolpalluruthy@gmail.com,9497789213.0
19440,UP,headmastersvaups@gmail.com,4832892089.0
39265,UP,dvupsneduvathoor@gmail.com,4742458700.0
43349,UP,stemsp@gmail.com,4712442867.0
21643,UP,dr.nairgupsvadakkenthara@gmail.com,4912526420.0
46419,UP,govtupsnarakathara@gmail.com,
38270,UP,upsthengamam@gmail.com,9061315854.0
24360,UP,vkdskul@gmail.com,4885264428.0
14668,UP,pwupschool@gmail.com,4902380930.0
42354,UP,Palavilaups@gmail.com,4702640821.0
38547,UP,gupsputhuserimala@gmail.com,4735251988.0
20667,UP,daicsafa@gmail.com,4662239029.0
42361,UP,vpupsazhoor@gmail.com,4702636145.0
43345,UP,srkstrustschool@gmail.com,9745361871.0
40231,UP,gupschoolthoottickal@gmail.com,4742915553.0
41454,UP,georgestkadavoor@gmail.com,9400400383.0
19253,UP,gupspothanur@gmail.com,7592930816.0
48244,UP,gmupsmundambra@gmail.com,9048109132.0
33314,UP,hmgovtupspoovam@gmail.com,4812427986.0
18372,UP,minaamups@gmail.com,9645140245.0
22461,UP,gupsasarikkad@gmail.com,4872688941.0
13370,UP,msuups@gmail.com,4972732033.0
18759,UP,knmamupsvazhenkada@gmail.com,9846234789.0
44243,UP,gupsmulloorpanavila@gmail.com,4712266336.0
19260,UP,vidyapeedham@gmail.com,9846631001.0
16266,UP,mmups1979.in@gmail.com,4962553150.0
25493,UP,eomissionschool@gmail.com,4842615462.0
19381,UP,niauoschoolkazhuthalloor@gmail.com,9383410882.0
20361,UP,aupsskp@gmail.com,2261021.0
47238,UP,aupspilassery@gmail.com,4952994421.0
13780,UP,jmupspathanpara@gmail.com,4602253008.0
34340,UP,parayakadgups@gmail.com,4782561727.0
13554,UP,kannapurameastupschool@gmail.com,4972862142.0
17462,UP,kottooliupschool@gmail.com,4952740760.0
44549,UP,govtupsvellarada@gmail.com,4712242588.0
32241,UP,cmsupschoolmankompu@gmail.com,48222219095.0
20556,UP,2253235upmal@gmail.com,2253235.0
32346,UP,mgmupschirakkadavu@gmail.com,9446712270.0
48475,UP,aupschandakkunnu@gmail.com,4931220636.0
42366,UP,atldiet@gmail.com,4702622589.0
13967,UP,pothamkandamgups@gmail.com,
42656,UP,deepashaji50@gmail.com,9495828053.0
37651,UP,schoolbamup@gmail.com,9961023664.0
44367,UP,lmsup367@gmail.com,4722883326.0
21655,UP,snupskpully@gmail.com,
17340,UP,stxaviersupsperuvayal@gmail.com,4952491600.0
12237,UP,karicherygups@gmail.com,4994282037.0
14853,UP,hmpprmupsmku@gmail.com,4902406457.0
47476,UP,punnasseryaups@gmail.com,9446781974.0
13469,UP,vayathurups@gmail.com,4602228601.0
34251,UP,34251cherthala@gmail.com,4782964109.0
24660,UP,kuthampullyschool@gmail.com,
44548,UP,gupspozhiyoor@gmail.com,
43463,UP,stignatiousupsputhenthope@gmail.com,4712753048.0
23544,UP,dpmups1964@gmail.com,4802894345.0
19380,UP,kmaupskarthala@gmail.com,9446247458.0
41349,UP,iiupsnaduvilakkara@gmail.com,9961966741.0
21555,UP,ekemupst@gmail.com,4922234853.0
27217,UP,mecaupschool@gmail.com,9496336089.0
11467,UP,gupsthekkilwest@gmail.com,4994284994.0
47546,UP,nmmaups@gmail.com,0.0
47669,UP,icupspoozhithode@gmail.com,9895944345.0
42341,UP,gbvups2012@gmail.com,4702620881.0
14558,UP,mokerieastups@gmail.com,4902316301.0
48479,UP,gupskonnamanna974@gmail.com,4931230150.0
26256,UP,st.antonysupspanangad@gmail.com,9446431153.0
14860,UP,vilakkodegovtups@gmail.com,4902457100.0
48554,UP,kappilsvaups@gmail.com,4931245102.0
21270,UP,taruraups@gmail.com,4922232832.0
39543,UP,39543mpkd@gmail.com,9446151035.0
19667,UP,Karingapparagups@gmail.com,4942489151.0
16855,UP,chettiathupschool@gmail.com,9446782102.0
38439,UP,upsprakkanam@gmail.com,9961585033.0
26258,UP,st.sebastiansu.p.s.ponjikkara@gmail.com,4842750990.0
44363,UP,stmarysupsmarygiri@gmail.com,9496111591.0
48254,UP,maoupselayur@gmail.com,4832797222.0
41657,UP,41657koduvila@gmail.com,9741215387.0
31537,UP,mundankallps@gmail.com,4822216825.0
25647,UP,jama.ath.ups@gmail.com,2687382.0
41254,UP,srvupschangankulangara@gmail.com,4762696962.0
18391,UP,chupsvazhakkad@gmail.com,4832727999.0
43249,UP,gupsvaliyathura@gmail.com,6238607313.0
42553,UP,kkvupsvettampally@gmail.com,9495405327.0
18763,UP,aupspalathole@gmail.com,9446883624.0
33453,UP,panachikkadnssups@gmail.com,9562370926.0
23260,UP,hmgupsnandipulam@gmail.com,4802763880.0
26343,UP,svmschool924@gmail.com,2212849.0
13216,UP,kizhunnasouthupschool@gmail.com,4972835656.0
23256,UP,aupsthessery23@gmail.com,4802726023.0
41257,UP,pgnmupspavumba@gmail.com,4762864149.0
19879,UP,pmsamaupskarathod2015@gmail.com,4832836261.0
23551,UP,poyyastthomas23551@gmail.com,4802894080.0
24578,UP,smupsvty6@gmail.com,4872602919.0
48246,UP,mkkhmaups@gmail.com,9446693995.0
19788,UP,vairankodeamups@gmail.com,4942577068.0
42251,UP,ssupsmudiacode51@gmail.com,4702611446.0
30304,UP,gupsletchmi@gmail.com,9497790783.0
48337,UP,amupsvettathur@gmail.com,4933245899.0
32353,UP,sjupskannimala@gmail.com,9495445335.0
20545,UP,kothachiragups@gmail.com,4662255021.0
11252,UP,kurchipallaghups@gmail.com,244270.0
27304,UP,govtupsedamalayar@gmail.com,2583210.0
14755,UP,gupsmtr@gmail.com,4902474545.0
18468,UP,aupsmlpm@gmail.com,4832735736.0
19672,UP,amupspalachiramad@gmail.com,
48334,UP,aupspacheeri44@gmail.com,9961697240.0
15457,UP,sjupskallody@gmail.com,9747397725.0
29326,UP,sgupskallanickal@gmail.com,4862221260.0
47237,UP,aupspazhur@gmail.com,4952883262.0
19789,UP,hmamupsvettam@gmail.com,9495232212.0
18747,UP,aupscherukara@gmail.com,8547809658.0
20262,UP,aupsmanannur@gmail.com,8590960883.0
33533,UP,govtupschoolmalam3@gmail.com,4812373990.0
41564,UP,41564klm@gmail.com,9447142945.0
17339,UP,kcmaupschool@gmail.com,4952742345.0
33307,UP,govthwupskurichy@gmail.com,4812433402.0
26247,UP,hmsmupschr@gmail.com,4842431124.0
47552,UP,gupsunnikulam@gmail.com,4962646484.0
48331,UP,edayattur.dnmaups@gmail.com,4933279011.0
15365,UP,smupskabanigiri@gmail.com,4936234100.0
38437,UP,stgeorgesupsnaranganam@gmail.com,9495836916.0
18366,UP,amupsaroor@gmail.com,4832833001.0
21651,UP,ksbsmoothanthara@gmail.com,4912502012.0
36369,UP,alapuzha36369@gmail.com,9526343867.0
19871,UP,gupsthenhipalam@gmail.com,4942400188.0
18386,UP,amupskumminiparamba@gmail.com,4832714110.0
39455,UP,st.paulsups739455@gmail.com,
24361,UP,stxaviersupsvelur@gmail.com,9961371993.0
23556,UP,upskaroor@gmail.com,4802786236.0
15257,UP,saupsk@gmail.com,4936251725.0
20564,UP,sreevyasakappur@gmail.com,8129982555.0
21644,UP,gupsakathethara@gmail.com,4912553046.0
31281,UP,snupsareekara1964@gmail.com,4822240402.0
27204,UP,gupskeezhillam27204@gmail.com,4842651400.0
42458,UP,skvupspullayil@gmail.com,9497782850.0
11348,UP,stbela1932@gmail.com,9562179145.0
18247,UP,mhmupvavoor@gmail.com,4832728640.0
19686,UP,hmtanurkpnmups@gmail.com,4942444786.0
41540,UP,gupsparavoor@gmail.com,9947560538.0
21353,UP,hmgbupsttm@gmail.com,4923227641.0
48238,UP,gupschundath@gmail.com,2759378.0
17550,UP,nallureastaupschoolperumugham@gmail.com,9961687532.0
27258,UP,allapragups@gmail.com,2524386.0
39356,UP,seethisahibemups@gmail.com,4752293770.0
42248,UP,lvups1907@gmail.com,4702661919.0
19767,UP,gmupsbpangadi@gmail.com,4942431033.0
32373,UP,chirakkadavu.ups1935@gmail.com,4828228914.0
33318,UP,nssupstkm@gmail.com,4812460970.0
11485,UP,kjemskzr@gmail.com,9947237694.0
40243,UP,upspezhummoodu@gmail.com,4742442176.0
42560,UP,hmgbupsndd@gmail.com,4722813820.0
43453,UP,gupskoliyakode@gmail.com,6282699254.0
14247,UP,rajasparal@gmail.com,4902355840.0
48485,UP,jawaharbharathipublicschool@gmail.com,4931241444.0
13210,UP,attadappasups@gmail.com,4972822094.0
43458,UP,bpmupsvettuthura1@gmail.com,4712753850.0
43252,UP,psmgmups@rediffmail.com,9496387337.0
21443,UP,cdaupsolivemount@gmail.com,9497630289.0
38552,UP,stthomasupsangadi@gmail.com,4735200501.0
43455,UP,govtupskuzhivila@gmail.com,4712993286.0
47348,UP,thazhekodeaupsmukkam@gmail.com,4952297978.0
14769,UP,pazhassiwestups@gmail.com,4902477388.0
39354,UP,gupselamadu@gmail.com,4752293426.0
31467,UP,st.josephupskoodalloor@gmail.com,4822257856.0
42246,UP,palachirahhtmups@gmail.com,9446283945.0
38743,UP,cmsupsathirumkal@gmail.com,8129493969.0
42445,UP,bvupsnavaikulam@gmail.com,9961531539.0
25855,UP,st.josephsupsknmv@gmail.com,4842516014.0
41658,UP,41658upskundara@gmail.com,8589057233.0
43339,UP,gupsthampanoor@gmail.com,9037320457.0
41664,UP,badhiriya41664@gmail.com,2596342.0
12538,UP,12538gwupskodakkad@gmail.com,4672264327.0
11451,UP,gupsadkathbail@gmail.com,226511.0
26338,UP,cochingujarathischool@gmail.com,4842211317.0
43333,UP,kudappanakunnuups@gmail.com,4712730141.0
37273,UP,nssemsmuthoor@gmail.com,46922602867.0
19264,UP,vijayaupsthuyyam@gmail.com,4942684294.0
21264,UP,trippannurschool@gmail.com,9447997292.0
42347,UP,ptmupsc@gmail.com,4702624563.0
43454,UP,gupskonchira@gmail.com,4722582007.0
18384,UP,kondottyup@gmail.com,4832710469.0
31533,UP,gups.anthinadu@gmail.com,4822224033.0
38740,UP,stmaryschoolkonni@gmail.com,4682343403.0
44355,UP,gupspoovachal1@gmail.com,4722896017.0
36375,UP,snvups@gmail.com,4792360949.0
41563,UP,nssupsmukhathala@gmail.com,4742504555.0
14563,UP,panoorwestupschool@gmail.com,4902316900.0
24566,UP,vvupschool@gmail.com,9746420464.0
11260,UP,heddariaups@gmail.com,4998207500.0
13211,UP,bavodeastups@gmail.com,4972851920.0
37270,UP,amichakarynorthups@gmail.com,4692732230.0
14672,UP,upskolayad@gmail.com,4902303313.0
19358,UP,kmupschooledayur@gmail.com,2643369.0
18471,UP,gmupschemmenkadavu@gmail.com,4832868509.0
47468,UP,hmhassaniya@gmail.com,2246699.0
12370,UP,12370markazemschool@gmail.com,4672287407.0
18745,UP,chelakkad18745@gmail.com,4933268390.0
18749,UP,amupskunnappalli@gmail.com,9847416432.0
42649,UP,ponmudiups@gmail.com,4722890229.0
33451,UP,33451stthomas@gmail.com,9947530644.0
42545,UP,gupsattukal@gmail.com,4722990903.0
13665,UP,school13665@gmail.com,9497843051.0
15366,UP,stthomasaups@gmail.com,4936240066.0
20355,UP,hmaupskvy@gmail.com,4662241470.0
14776,UP,upskeezhallur@gmail.com,4902308640.0
26533,UP,gupsvypeen@gmail.com,9447598255.0
43343,UP,concordiaups1916@gmail.com,4712434430.0
45259,UP,nimupksm@gmail.com,9497789017.0
25460,UP,olphupsedakkunnu@gmail.com,4842450174.0
32236,UP,stantonysupsedamaruku@gmail.com,8111971107.0
13387,UP,wardhathayyil@gmail.com,4972731202.0
24572,UP,cmsupstkm@gmail.com,4872600729.0
19883,UP,aupsparappur@gmail.com,4832748390.0
16251,UP,16251hmchombala@gmail.com,4962513797.0
19770,UP,amupschembra@gmail.com,4942428046.0
47477,UP,aupsnarikkuni1@gmail.com,9497649460.0
42254,UP,hvupskurakkanni@gmail.com,9995486229.0
17475,UP,,9496270456.0
36461,UP,gupskayamkulam@gmail.com,4792447050.0
24676,UP,sntti.cheruthuruthy@yahoo.in,4884262627.0
20547,UP,amupsalur@gmail.com,4662373534.0
16342,UP,gfupskdy1@gmail.com,4962630573.0
36466,UP,hhysmupschool@gmail.com,4792443958.0
39457,UP,smithahmdvups@gmail.com,4752399574.0
41544,UP,cups41544@gmail.com,4742519470.0
21896,UP,aupspayyanadam@gmail.com,4924231962.0
43240,UP,upsbeemapally@gmail.com,4712507123.0
41246,UP,gupsadinadu@gmail.com,4762897372.0
36293,UP,36293alappuzha@gmail.com,8547333817.0
18581,UP,hmsaups@gmail.com,4832763832.0
44361,UP,saupskattakode1923@gmail.com,4712291015.0
44542,UP,allsaintsmanivila@gmail.com,4712252307.0
20655,UP,gupspattambi@gmail.com,4662214373.0
35337,UP,erickavuups13@gmail.com,4792480346.0
26259,UP,depaulstvincent@yahoo.com,4842344034.0
19444,UP,aupschiramangalam@gmail.com,4942410341.0
19685,UP,smupschooltanur@gmail.com,4942440107.0
38749,UP,pdupsvallicode@gmail.com,4682250000.0
48239,UP,vennacodeaups@gmail.com,9995235881.0
29325,UP,lfupskoduvely@gmail.com,4862265122.0
42358,UP,upskizhuvilam@gmail.com,9895517069.0
20659,UP,amupskarakkad@gmail.com,9947410135.0
19447,UP,gmupsparakadav@gmail.com,4942464069.0
33313,UP,pongamthanam.u.p.s@gmail.com,8547848517.0
23461,UP,uupspvemballur@gmail.com,4802850079.0
36372,UP,kups1936@gmail.com,4792314042.0
19369,UP,19369amup@gmail.com,9497466947.0
35341,UP,35341alappuzha@gmail.com,4772272621.0
19248,UP,hmkvups@gmail.com,8129248442.0
15243,UP,kmupsperumthatta@gmail.com,9497831701.0
48472,UP,aupstkdvu@gmail.com,9497660712.0
18669,UP,vellilamamups@gmail.com,9446729343.0
21346,UP,chitturgups@gmail.com,4923221096.0
16555,UP,ayyappankavups@gmail.com,8592013041.0
48341,UP,hmptmupsmannarmala@gmail.com,9495454258.0
24432,UP,thoyakkavurcups@gmail.com,4872261650.0
11477,UP,chachaschool123@gmail.com,9567995191.0
36470,UP,biupschool@gmail.com,9048477654.0
16476,UP,mamupsadukkath@gmail.com,9645036247.0
11263,UP,sraupskubanoor@gmail.com,4998262385.0
15259,UP,hmcmsupsnk@gmail.com,4936280671.0
17471,UP,janathaschool@gmail.com,4952262541.0
15464,UP,rcupschool@gmail.com,4936285624.0
16464,UP,hmcupskaiveli@gmail.com,4962447910.0
43452,UP,gupskattayikonam@gmail.com,4712717562.0
44362,UP,govtupskottoor14@gmail.com,4722850035.0
47345,UP,azadmups@gmail.com,4952296356.0
12241,UP,gfupskottikulam@gmail.com,4672238850.0
30303,UP,gupskalaar@gmail.com,9495189538.0
42546,UP,upsazhicode@gmail.com,9995042984.0
39254,UP,39254kokkadugups@gmail.com,4742408909.0
34653,UP,darulhudaems@gmail.com,8590073884.0
19676,UP,pcaups@gmail.com,4942440179.0
14863,UP,shupsangadikadavu@gmail.com,4902427196.0
41244,UP,amritapavumba@gmail.com,4762864515.0
12554,UP,12554stpaulstkr@gmail.com,4672213413.0
19384,UP,mkzengschool@gmail.com,9633334305.0
36279,UP,36279alappuzha@gmail.com,4792325559.0
14762,UP,malurups@gmail.com,4902400044.0
18467,UP,amupsvbm@gmail.com,4832772491.0
19877,UP,chathrathodyakhmups@gmail.com,4942434008.0
18575,UP,hmgupsmanjeri@gmail.com,4832763095.0
24568,UP,snsupschoolperinjanam@gmail.com,4802848472.0
40350,UP,aylaraups2022@gmail.com,6238997004.0
11465,UP,gupsnullipady1@gmail.com,0.0
32244,UP,sgmolayanad@gmail.com,4828286592.0
14870,UP,manhalampuramups@gmail.com,4902412071.0
45349,UP,kampus1920@gmail.com,4829257674.0
29323,UP,sjupschunkom@gmail.com,9544765048.0
40238,UP,kuttikkaduups@gmail.com,4742438191.0
14869,UP,mpupsperavoor@gmail.com,4902446201.0
39347,UP,dvupsvayakal1962@gmail.com,4742470502.0
27302,UP,pindimanagups@gmail.com,4852571500.0
14764,UP,upsmuttanur@gmail.com,4902484844.0
18475,UP,kklgups@gmail.com,4832745952.0
12239,UP,koottakkaniups@gmail.com,4672275333.0
42651,UP,vamanapuramups@gmail.com,8590022667.0
38559,UP,mccmbvaliyakavu@gmail.com,4735262080.0
13763,UP,pattuvamups@gmail.com,4602220600.0
47460,UP,amupsvpk@gmail.com,9400890310.0
29429,UP,smupskollimalai@gmail.com,4864277163.0
20552,UP,aupsnhangattiri@gmail.com,
38329,UP,nssemupschoolpandalam@gmail.com,4734251760.0
19553,UP,aupspuduponani@gmail.com,9995904474.0
36294,UP,govttimvka@gmail.com,4792343290.0
35435,UP,35435haripad@gmail.com,4792406003.0
39352,UP,hmupsattoorkonam@gmail.com,4742468252.0
22451,UP,lfspoomala@gmail.com,4872201948.0
27317,UP,pmsaups@gmail.com,4852563757.0
22273,UP,padma.aups@gmail.com,9496289087.0
42359,UP,mudapuramups@gmail.com,4702641632.0
47466,UP,aupsmadavoor123@gmail.com,4952247277.0
15380,UP,hmaupsby@gmail.com,4936225060.0
13570,UP,edakkeppuramups@gmail.com,4972863124.0
39359,UP,evups39359@gmail.com,4742566056.0
19443,UP,hmgupsmoonniyur@gmail.com,4942477153.0
45356,UP,gupsezhumanthuruth2017@gmail.com,4829288235.0
13456,UP,nellikuttygmups@gmail.com,4602213692.0
29334,UP,lfupsvazhakala@gmail.com,4862279443.0
24253,UP,gupscherayip@gmail.com,4872543460.0
13582,UP,brightschool684@gmail.com,4972861684.0
42547,UP,gupsedanila@gmail.com,4722878427.0
13773,UP,prathyasaups@gmail.com,4602234493.0
21641,UP,aupsvallikkode@gmail.com,4912558191.0
42244,UP,hmgmupsedava@gmail.com,9446107062.0
14857,UP,gupst123@gmail.com,4902405012.0
21893,UP,aupskuttiyode@gmai.com,4924240519.0
16364,UP,kakkancherygups@gmail.com,9400757594.0
40441,UP,ottakkalgwups@gmail.com,8281709394.0
42362,UP,madanvilaschool@gmail.com,4712428550.0
14665,UP,manantheriupschool@gmail.com,4902300323.0
43245,UP,govtmodelupskonchiravila@gmail.com,4712462536.0
21352,UP,gupsrvppudur1927@gmail.com,4923236386.0
48480,UP,stmarysaups@gmail.com,4931288222.0
18577,UP,amupsmullampara48@gmail.com,4832762665.0
48476,UP,stthomasaupsedivanna@gmail.com,9946025910.0
21281,UP,marymathaemups@gmail.com,4922266536.0
42643,UP,anachalschool@gmail.com,4722837180.0
21876,UP,gupschalava032@gmail.com,266032.0
12535,UP,12535gupschandera@gmail.com,4672211756.0
30533,UP,stsebastiansndkm@gmail.com,4868232378.0
21903,UP,gupkottathara@gmail.com,4924254298.0
15429,UP,dcmlpschoolthirunelli@gmail.com,9544774813.0
18462,UP,amupwestkodur@gmail.com,8281779029.0
15374,UP,aupsarimula@gmail.com,9656627612.0
19374,UP,aupsvaikathur@gmail.com,4942644120.0
19366,UP,marakkaraaups@gmail.com,4942617350.0
17545,UP,bemupsferok@gmail.com,4952385138.0
14850,UP,chettiamparambagups@gmail.com,4902416555.0
23345,UP,jupspanthallor@gmail.com,4802727467.0
41243,UP,snupsmarusouth@gmail.com,4762623134.0
31469,UP,townupsetr@gmail.com,4812539229.0
48562,UP,aupsvlr@gmail.com,9446766652.0
42648,UP,nihaskadakkal@gmail.com,4722846467.0
15241,UP,gupspmla@gmail.com,4936206020.0
12556,UP,12556aupsedachakai@gmail.com,4672214400.0
41253,UP,41253kollam@gmail.com,4762632121.0
38549,UP,gupsrannyvaikom333@gmail.com,4735229550.0
19386,UP,iqrahvly@gmail.com,8086334333.0
18661,UP,mmsupskozhinhil@gmail.com,4933283894.0
13748,UP,karippalsvups@gmail.com,9495318437.0
27311,UP,gupsnrlm@gmail.com,4852555311.0
23244,UP,gupsnangady@gmail.com,4802746503.0
11362,UP,11362vidyagiri@gmail.com,4998284525.0
11511,UP,indianschoolksd@gmail.com,9895149155.0
40241,UP,murukkumonups1954@gmail.com,4742433633.0
21549,UP,dmsbskakkayur@gmail.com,4923251131.0
25638,UP,gupsnm@gmail.com,4842767330.0
44555,UP,evansupspsla@gmail.com,2204425.0
11354,UP,jasbs11354manya@gmail.com,9496966902.0
33324,UP,prdsups@gmail.com,9544661808.0
40235,UP,gayathrimg71@gmail.com,4752271080.0
31544,UP,karoorups@gmail.com,4822215867.0
25263,UP,thrikkakarasnups@gmail.com,4842410142.0
19771,UP,semupsparavanna@gmail.com,9745700846.0
15456,UP,dwarakaaups@gmail.com,4935299274.0
20465,UP,tmupschool@gmail.com,4662227159.0
45362,UP,gupsvempally@gmail.com,4822229379.0
48333,UP,hmgmupsoravampuram@gmail.com,4832784939.0
45348,UP,stantonysups282059@gmail.com,4829282059.0
11355,UP,aupsmovvar@gmail.com,9946543730.0
21744,UP,aupsthenurwest@gmail.com,9947105915.0
33305,UP,cheeranchiraups@gmail.com,8547944002.0
39535,UP,basalelenglishmediumups@gmail.com,4762852776.0
13377,UP,hm.pallipromups@gmail.com,9074088359.0
36374,UP,upkarayogam321@gmail.com,9744050556.0
18469,UP,mannazhiaups@gmail.com,4832705972.0
38736,UP,gupskthazham@gmail.com,4682341111.0
15261,UP,gupsugandhagiri@gmail.com,4936255442.0
47334,UP,sjupsp@gmail.com,4952275151.0
19547,UP,ammupsperumbadappa@gmail.com,4942670818.0
32239,UP,sjupsk@gmail.com,9567879118.0
16767,UP,mantharathurup17@gmail.com,9633858159.0
12561,UP,12561maups@gmail.com,4672258226.0
25636,UP,puttumanoorups@gmail.com,4842730996.0
24349,UP,hccgupscherlayam@gmail.com,4885222919.0
41647,UP,kundara41647@gmail.com,2549485.0
20456,UP,kvupskyd@gmail.com,9744575068.0
40352,UP,apnmkpzha@gmail.com,4752317460.0
41561,UP,hmkkpmups@gmail.com,4742590588.0
21447,UP,kamupschulanur@gmail.com,9747248637.0
18378,UP,peringaveaupschool@gmail.com,4832830585.0
42665,UP,tmjettholicode@gmail.com,7736965145.0
19681,UP,amupsayyaya@gmail.com,4942584100.0
44552,UP,lmsupsk@gmail.com,4712252800.0
19781,UP,gmupsparavanna@gmail.com,9846190709.0
42661,UP,thengumcodeups@gmail.com,2820095.0
41547,UP,,9539062432.0
36468,UP,nrvupschool@gmail.com,2330835.0
37431,UP,stthomas37431@gmail.com,9745537787.0
19410,UP,gmlpspkadappuram@gmail.com,4942410251.0
11268,UP,11268vaups@gmail.com,4998252900.0
32345,UP,cmupschennakunnu@gmail.com,4828228276.0
25854,UP,stthomasupsthr@gmail.com,2485505.0
42447,UP,snupsthevalakkad@gmail.com,471269216.0
21902,UP,kalladiemskumaramputhur@gmail.com,6238883425.0
32375,UP,mgmupselikulam@gmail.com,4822225145.0
16461,UP,amupschoolkyd@gmail.com,9746393569.0
42443,UP,gurudevupsdersanavattam@gmail.com,4702679971.0
50003,UP,assisikt@gmail.com,4828236394.0
23243,UP,snupskkpadam@gmail.com,4802743778.0
31535,UP,ksjups@gmail.com,8075135954.0
24570,UP,srv1920ups@gmail.com,4802879400.0
42660,UP,kvupspangode@gmail.com,4722860460.0
14454,UP,gupskariyad@gmail.com,4902394472.0
24345,UP,hmkorattikkara@gmail.com,4885280886.0
13228,UP,angelschoolmuz@gmail.com,4972833129.0
40242,UP,nilamellmups@gmail.com,9495494689.0
16667,UP,kuruvantheriupschool@gmail.com,4962571050.0
41648,UP,41648kundara@gmail.com,9497618606.0
24351,UP,mssups123@gmail.com,9744673368.0
16343,UP,ollurgups@gmail.com,9447544304.0
23459,UP,mesaups00@gmail.com,4802854229.0
43251,UP,maruthiram2012@yahoo.com,4712349652.0
46326,UP,tssgups@gmail.com,4772275433.0
13355,UP,kannurbempup@gmail.com,4972705450.0
42446,UP,mmupsperoor@gmail.com,4702694297.0
42451,UP,rmupskallarakonam@gmail.com,6282878406.0
20360,UP,aups1912@gmail.com,4662267100.0
19448,UP,aupskodakkad1926@gmail.com,9496439985.0
41460,UP,pkpmnssups@gmail.com,8281323800.0
39346,UP,stmarysupsampalakara@gmail.com,9745772643.0
13443,UP,gupseruvessihm@gmail.com,4602213910.0
14456,UP,champadwestups@gmail.com,9496719242.0
36298,UP,viswavidyalayaschool@gmail.com,9446191175.0
18367,UP,aupschoolazhinhilam23@gmail.com,4832830077.0
30302,UP,gupskannimallay@gmail.com,9495651740.0
43246,UP,nedumcaudupsk@gmail.com,4712346365.0
34246,UP,34246cherthala@gmail.com,4782552899.0
42650,UP,gupstholicode@gmail.com,4722996435.0
11349,UP,asbsichlampady@gmail.com,
15256,UP,asupsthekkumthara@gmail.com,9447491636.0
44364,UP,mylakkaraups@gmail.com,2271214.0
37347,UP,khmups@gmail.com,9605207915.0
40353,UP,sinygeorge2884@gmail.com,9744102884.0
13844,UP,morazhagups@gmail.com,9605903170.0
21564,UP,saintthomas333@gmail.com,4923245280.0
25850,UP,govt.ups.kottuvally@gmail.com,4842512253.0
21640,UP,aupsmtkara@gmail.com,4912553004.0
21366,UP,saeienglishmedium@gmail.com,4923285550.0
44451,UP,44451sndplupskarumkulam@gmail.com,9746582110.0
36283,UP,prikrishnan543@gmail.com,9400977605.0
18676,UP,hm.ptmupsputhanangadi@gmail.com,4933258600.0
19364,UP,gupschoolp@gmail.com,
25269,UP,hmups.knjkra@gmail.com,2962252.0
37647,UP,christhurajachunkappara@gmail.com,4692697032.0
11512,UP,eriyaljamaathems@gmail.com,8078577142.0
20366,UP,svaup20366@gmail.com,9567531677.0
39451,UP,gupsthalavoor@gmail.com,9074149841.0
47568,UP,balusseryaups@gmail.com,4962644029.0
40446,UP,edamonups@gmail.com,4752336131.0
20658,UP,cupchembra@gmail.com,8943271820.0
32457,UP,skvnssupsmanimala06@gmail.com,4828240071.0
27208,UP,gupsmudakkuzha@gmail.com,4842643630.0
27328,UP,emupsktpdy@gmail.com,8157068192.0
38644,UP,eliascs02022@gmail.com,4735275838.0
13951,UP,jmups60@gmail.com,4985241355.0
23348,UP,mkmcupsnenmanikkara@gmail.com,4802751862.0
42364,UP,gupsmathasserikonam@gmail.com,4702636826.0
37435,UP,rrupshm@gmail.com,4682287110.0
27214,UP,nedungaprasaups@gmail.com,9074151507.0
30306,UP,vimalalayamups@gmail.com,4865230813.0
41551,UP,raghavanandacs@gmail.com,4742576969.0
12357,UP,12357idealschool@gmail.com,4672285485.0
21551,UP,pkdups@gmail.com,4923263068.0
30449,UP,gupsperuvanthanam@gmail.com,4869296331.0
41656,UP,kkv41656@gmail.com,4742565465.0
32454,UP,subashchampakara@gmail.com,9447108311.0
17240,UP,eastnadakkavegups@gmail.com,9747576147.0
39350,UP,gupskaringannoor@gmail.com,4742466922.0
47562,UP,neaups@gmail.com,4952855215.0
25635,UP,schoolputhencruz@gmail.com,4842734200.0
16762,UP,tupstdr@gmail.com,9544918369.0
16339,UP,gupskannur1@gmail.com,4962623800.0
21260,UP,karunaupschool@gmail.com,9188450174.0
18383,UP,padmaaupskarad@gmail.com,4832830073.0
48242,UP,maithraschool886@gmail.com,4832844886.0
48478,UP,gupskattumunda@gmail.com,4931200115.0
21739,UP,aupsmannur2015@gmail.com,9744139486.0
42249,UP,ayrooramups@gmail.com,4702665144.0
13849,UP,morazhamcups@gmail.com,9446681344.0
34245,UP,34245cherthala@gmail.com,4772290427.0
46424,UP,dupskumaramkary@gmail.come,9349262537.0
30446,UP,tupskumily@gmail.com,4869224505.0
49034,UP,sjemsmpoil@gmail.com,9747242306.0
25637,UP,gupsoorakkad@gmail.com,2684121.0
33452,UP,stmaryskollad@gmail.com,9446818891.0
13571,UP,neruvampramup@gmail.com,2873800.0
41543,UP,stgeorgechathanoor@gmail.com,4742596332.0
39258,UP,pazhayatheruvu39258@gmail.com,4742650365.0
17453,UP,makkancheriups@gmail.com,9946487784.0
47340,UP,gupschoolmanassery@gmail.com,4952297499.0
43242,UP,govtsathramups@gmail.com,9995765419.0
14557,UP,tpgmups@gmail.com,4902465675.0
32364,UP,shupspnkm@yahoo.com,9656442448.0
44551,UP,evupskoothali@gmail.com,4712243196.0
37264,UP,mukalady@gmail.com,4692747635.0
42657,UP,qamups@gmail.com,9846822314.0
21266,UP,aupsmelarcode@gmail.com,4922243850.0
19246,UP,gmupsedapl@gmail.com,4942685703.0
42353,UP,rmupsvayyakkavu@gmail.com,4722821006.0
13945,UP,svupschoolmuthathy@gmail.com,4985209905.0
12248,UP,gupsvelleswaram@gmail.com,4672266310.0
20652,UP,kizhayurgups@gmail.com,9645724728.0
24574,UP,tupsengandiyur@gmail.com,4872294562.0
14567,UP,valliayiups@gmail.com,4902313390.0
35238,UP,35238kalarcodeups@gmail.com,9446514713.0
47473,UP,gupstsy@gmail.com,4952223686.0
14265,UP,dietkannur@gmail.com,4902346658.0
13220,UP,msup1914@gmail.com,9074027390.0
47570,UP,ulliyeriaups@gmail.com,4962652750.0
34338,UP,34338thuravoor@gmail.com,4782821800.0
42349,UP,gupssnpuram@gmail.com,4702602926.0
16573,UP,vemupmeppayur@gmail.com,4962513500.0
43448,UP,edavilakomups@gmail.com,4712997442.0
15367,UP,hmupspadichira@gmail.com,4936234577.0
33310,UP,saintelias.ups@gmail.com,4812460926.0
42459,UP,pvupsputhumangalam@gmail.com,9745276655.0
15253,UP,aupspthara@gmail.com,4936273396.0
45255,UP,egupsvadayar@gmail.com,4829238666.0
30237,UP,amupsk@gmail.com,
21276,UP,mcsalathur@gmail.com,9383410757.0
13673,UP,school13673@gmail.com,8547287480.0
39348,UP,srvupsvaliyodu@gmail.com,4742670720.0
23254,UP,stantonysupsperambra1@gmail.com,4802725494.0
16473,UP,nupsvatayam@gmail.com,49625999958.0
20368,UP,mupstvd@gmail.com,4662260956.0
17451,UP,hm.gupspadinhattummuri@gmail.com,4952266610.0
44356,UP,russelpuramgups@gmail.com,4712408801.0
19875,UP,arakkalmamups@gmail.com,4942489899.0
43340,UP,gupschettikulangara@gmail.com,9447141876.0
15370,UP,aupschoolcheeral@gmail.com,4936262622.0
16265,UP,16265hmchombala@gmail.com,9446646475.0
39454,UP,puthurlfups1@gmail.com,4742415251.0
20367,UP,kaupsely@gmail.com,
38545,UP,hmkudamurutty@gmail.com,4735270080.0
28429,UP,gtti3puzha@gmail.com,4852832180.0
21944,UP,hfcschoolmkd@gmail.com,8075873828.0
14865,UP,kssupskappad@gmail.com,4902445570.0
42345,UP,damupskurakkada@gmail.com,8281618216.0
20553,UP,sbsthannircode@gmail.com,4662277044.0
48557,UP,maliyekalgups@gmail.com,4931257250.0
38443,UP,mtups12345@gmail.com,9447557641.0
28533,UP,gupskalampoor@gmail.com,4852242899.0
41463,UP,inchavila640@gmail.com,9446218594.0
33316,UP,stgeorgeupsthottakad@gmail.com,2460680.0
13850,UP,mullakkodiaup@gmail.com,8606173709.0
11295,UP,mujammahbayar11295@gmail.com,4998208308.0
43253,UP,sisuviharups@gmail.com,4712723374.0
41245,UP,upsthodiyoor@gmail.com,9447068423.0
31532,UP,gupsalanad@gmail.com,4822246060.0
47651,UP,hmgupsthrikkuttissery@gmail.com,4962656820.0
15473,UP,gupsbavali@gmail.com,9562535636.0
13381,UP,govtupsthavakkara@gmail.com,4972702602.0
15382,UP,stthomasupschool123@gmail.com,6238427585.0
17552,UP,hajeepbms@yahoo.com,4952473485.0
18755,UP,aupspulamantholee@gmail.com,9447630391.0
41552,UP,mgupsk@gmail.com,4742501500.0
19886,UP,tioupsperuvallur@gmail.com,4942087656.0
32459,UP,snupsvellavoor@gmail.com,4812498453.0
42703,UP,kcfoundationcmr@gmail.com,9846137091.0
31283,UP,skvupkurinji@gmail.com,4822262625.0
22276,UP,aupsvendore123@gmail.com,7559010777.0
13663,UP,school13663@gmail.com,9447670552.0
27259,UP,dieternakulam@gmail.com,2526166.0
28421,UP,govtupsnmarady@gmail.com,4852835250.0
27312,UP,upsthattekkad@gmail.com,9744151554.0
29203,UP,gtupskarippalangadu@gmail.com,9496723223.0
47465,UP,gmupskaithapoyil@gmail.com,4952235505.0
31541,UP,stthresiasupschool@gmail.com,4822227877.0
45350,UP,cmsupskattampak@gmail.com,4829265397.0
22261,UP,hmpanamkuttichira@gmail.com,4872353144.0
21283,UP,nssemsmdp1992@gmail.com,8921257243.0
40345,UP,40345marthandumkaraups@gmail.com,8921197522.0
11454,UP,gupschembirika@gmail.com,4994236111.0
48553,UP,gupskkv@gmail.com,4931259301.0
31542,UP,stantonycherukara@gmail.com,201039.0
42652,UP,hmvvdayini@gmail.com,4722859441.0
37266,UP,stjohnsupsmepral@gmail.com,4692732274.0
14565,UP,saraswathivijayam@gmail.com,2375424.0
19790,UP,sasthaupschamravattom@gmail.com,9656624801.0
24255,UP,gfupskadappuram@gmail.com,4872531610.0
17456,UP,csupschool@gmail.com,9947537620.0
35230,UP,35230gupsaryadnorth@gmail.com,4772249399.0
17548,UP,mkrishna.kad@gmail.com,4952472475.0
17541,UP,ramanattukara.gupschool@gmail.com,4952441717.0
47400,UP,pippobuonoschool@gmail.com,4952232277.0
16668,UP,thanakkotturups@gmail.com,4962572499.0
13777,UP,gupsvijayagiri@gmail.com,4602287011.0
43257,UP,svmupschool@yahoo.in,9400891985.0
15368,UP,gupskallinkara@gmail.com,4936262055.0
42558,UP,manickapuramups@gmail.com,4722898995.0
13948,UP,kaupskunnaru@gmail.com,4985219325.0
26263,UP,srvdupschoolernakulam@gmail.com,9446492725.0
30294,UP,Stpiuschappath@gmail.com,8921703342.0
15355,UP,aupsvazhavatta@gmail.com,7306178066.0
29213,UP,29213sgupsmoolamattom@gmail.com,4862252193.0
18668,UP,punarppaups@gmail.com,4933281427.0
19870,UP,tsamupschoolmattathur@gmail.com,4832839721.0
34652,UP,stjosephemc@gmail.com,9605516912.0
17253,UP,angelasaupschool@gmail.com,4952366322.0
44557,UP,perinbakonam@gmail.com,4712252468.0
32347,UP,spvnssupsmandiram@gmail.com,4828224981.0
23447,UP,hupspoylingaparambu@gmail.com,4802815792.0
44560,UP,hijschool@gmail.com,4712205798.0
46325,UP,chirayakom.gups@gmail.com,4772275505.0
13969,UP,gupskookkanam@gmail.com,4985262241.0
38260,UP,stgeorgesashramups@gmail.com,9446349944.0
42365,UP,upsmgm@gmail.com,4702631409.0
16460,UP,changaramkulamup@gmail.com,4962965890.0
26253,UP,stjoachim26253@gmaiil.com,9447499859.0
24666,UP,gnanodayamups@gmail.com,4884235973.0
12355,UP,12355stmarysaups@gmail.com,4672225157.0
13754,UP,iringal.up@gmail.com,4602209938.0
46421,UP,gupsvezhapra1@gmail.com,7012554852.0
14264,UP,diups1979@gmail.com,4902336004.0
47342,UP,lfupsv@gmail.com,9447396905.0
13968,UP,aravanchalgups@gmail.com,4985237096.0
19784,UP,panmsaupschool@gmail.com,4942420054.0
16269,UP,mmorkkattery786@gmail.com,4962549984.0
14254,UP,snvsbs@gmail.com,9846898194.0
21898,UP,unityaupsthenkara@gmail.com,4924224049.0
40228,UP,govtupscdlm1905@gmail.com,4742477225.0
36364,UP,mazhukeerups@gmail.com,4792429436.0
20660,UP,aupskarambathur@gmail.com,2238133.0
35343,UP,stjameskaruvatta@gmail.com,9048726513.0
46225,UP,kayalpuramsjups@gmail.com,8590444841.0
26348,UP,pvmmaiups@gmail.com,4842328160.0
46425,UP,stjosephups699@gmail.com,4772753466.0
16260,UP,16260hmchombala@gmail.com,4962544474.0
32235,UP,cmsupsedamala@gmail.com,9744251813.0
43450,UP,gupskaniyapuram@gmail.com,4712752651.0
25258,UP,sacretheart11@gmail.com,4842546899.0
43254,UP,upssanthivila@gmail.com,9400807131.0
19699,UP,gupsniramaruthur@gmail.com,
36380,UP,stjudevnmy@gmail.com,2352216.0
38261,UP,kppmups@gmail.com,4734247307.0
45360,UP,gupsmulakkulam2012@gmail.com,4829252219.0
21740,UP,aupsmankurussi@gmail.com,9847996628.0
19876,UP,manarulhudaups@gmail.com,4942450162.0
24354,UP,agnesdaviskj@gmail.com,4885230190.0
13674,UP,school13674@gmail.com,9496244584.0
19265,UP,ssmupsvadakkummury@gmail.com,4942655850.0
18239,UP,aupschoolthottekkad@gmail.com,4832714428.0
37342,UP,smupskozhimala@gmail.com,4692657833.0
47485,UP,st.antonykannoth@gmail.com,9645302800.0
41546,UP,41546klm@gmail.com,4742537842.0
42363,UP,gupsana42363.ge@kerala.gov.in,9497639454.0
13561,UP,gnupsnaricode@gmail.com,9447086655.0
15482,UP,aupsvellamunda@gmail.com,4935230660.0
28318,UP,gupsuppukandam@gmail.com,2250560.0
18678,UP,ksbmankada@gmail.com,4933240064.0
21877,UP,gupskarimba@gmail.com,
23554,UP,laiupskadukutty@gmail.com,4802719670.0
18570,UP,aupschembrasseriestate@gmail.com,8547595340.0
17556,UP,ganapataupbsrkara@gmail.com,9847462332.0
19552,UP,cmmupschool@gmail.com,4942675175.0
16761,UP,soumyathamemorialupschool@gmail.com,4962590259.0
36376,UP,hijupsulunthy@gmail.com,9497336133.0
16367,UP,atholiies@gmail.com,4962674848.0
26251,UP,lfupskaloor@gmail.com,8156905067.0
40236,UP,savithakattampally@gmail.com,9495267267.0
18572,UP,elankurup@gmail.com,4832707864.0
38446,UP,nsstticherukole@gmail.com,4682214244.0
16565,UP,mups16565@gmail.com,4962691097.0
13212,UP,cmupsmavilayi@gmail.com,4972826172.0
11274,UP,bemschoolb@gmail.com,9995022488.0
13785,UP,maquarschooltpba@gmail.com,9400094408.0
22266,UP,pookode.snups@gmail.com,4802750936.0
19540,UP,darussalamathenglishschool@gmail.com,9495690565.0
19866,UP,gupsklari@gmail.com,4832751431.0
35441,UP,35441haripad@gmail.com,4792470770.0
36288,UP,snvvknrd@gmail.com,4792386740.0
13666,UP,school13666@gmail.com,4602240542.0
22694,UP,aupsparakad@gmail.com,2311591.0
21652,UP,ntups1938@gmail.com,9447963690.0
36276,UP,varenikalgups@gmail.com,4792327777.0
30599,UP,smupsputtady1@gmail.com,9605142642.0
18667,UP,fupspariyapuram@gmail.com,4933253131.0
42343,UP,gupsalamthara@gmail.com,4722870729.0
41351,UP,ourladyoflourde@yahoo.in,9526722801.0
19539,UP,gupscheruvaikara@gmail.com,2664420.0
38557,UP,sntupsrannivaikom@gmail.com,8289945368.0
34244,UP,scmvgups@gmail.com,4772259417.0
19368,UP,amupspazhur@gmail.com,9495623575.0
38251,UP,govtupsenathue@gmail.com,4734213456.0
38326,UP,govtupschoolthumpamon@gmail.com,6282962285.0
24559,UP,koorikuzhiamups@gmail.com,4802848681.0
11266,UP,stjosephkaliyur@gmail.com,4998203584.0
15255,UP,smupsthariode@gmail.com,9446647778.0
30445,UP,stantonysupsmdkm@gmail.com,9447303216.0
42647,UP,hmgupspaluvally@gmail.com,4722842212.0
19252,UP,headmastermtsups@gmail.com,4942654990.0
17249,UP,bemupsputhiyara@gmail.com,4952725220.0
30442,UP,stgeorgeupsanavilasam@gmail.com,6282834952.0
36270,UP,36270alappuzha@gmail.com,4792343344.0
11075,UP,gbs.kasaragod@gmail.com,4994255128.0
44250,UP,pallichalsrsups@gmail.com,9400075519.0
34247,UP,34247cherthala@gmail.com,4782816347.0
23553,UP,gupsputhenchira@gmail.com,4802893480.0
26541,UP,lfupschool@gmail.com,4842416165.0
28420,UP,townupsmvpa@gmail.com,4852832141.0
41566,UP,padmavgopal@gmail.com,
44244,UP,gupsnemom@gmail.com,4712392068.0
19439,UP,gupsariyallur@gmail.com,4942474240.0
14766,UP,panambattanewups@gmail.com,4902401070.0
20631,UP,vvaupschool@gmail.com,4662238113.0
37649,UP,svnssupskunnam@gmail.com,9446784338.0
17459,UP,ganapathaups@gmail.com,9946973692.0
13564,UP,gcupsk@gmail.com,4972811222.0
39365,UP,manjusnvups@gmail.com,2462220.0
32447,UP,stmaryskoothrappally@gmail.com,9947932447.0
30534,UP,crupsmanjappara@gmail.com,8281939113.0
19695,UP,ssmems1@gmail.com,4942443387.0
18677,UP,mpgups@gmail.com,4933285462.0
16566,UP,mupsmuyippoth@gmail.com,4962776013.0
26452,UP,supsthottara@gmail.com,4842998511.0
13459,UP,kalliadaups@gmail.com,9746018614.0
19250,UP,bnsnssschool@gmail.com,6238516557.0
13214,UP,kadambureastups@gmail.com,4972832150.0
37338,UP,gmupspullad@gmail.com,4692661200.0
22671,UP,teachersgups123@gmail.com,4872383896.0
46220,UP,gupskannadi@gmail.com,4772703033.0
21275,UP,aupschool21275@gmail.com,4922254784.0
19669,UP,gmupskodinhi@gmail.com,4942482735.0
41252,UP,spss41252@gmail.com,9947868816.0
21891,UP,amupskarakurussi@gmail.com,4924249161.0
26337,UP,canossaups@gmail.com,4842502890.0
41247,UP,upgschoolkarunagappally@gmail.com,4762621493.0
21878,UP,gupskkplm@gmail.com,
39362,UP,skvups39362@gmail.com,4742461301.0
39534,UP,gupskumaranchira@gmail.com,9544039534.0
28428,UP,emmanuelups@gmail.com,4852870229.0
19457,UP,vjpalliamupschool@gmail.com,4942478899.0
22274,UP,st.therecitasupsthalore@gmail.com,
18225,UP,alfarooque2016@gmail.com,6282551170.0
19449,UP,gwupstrikkulam@gmail.com,4942465200.0
37427,UP,gupsarattupuzha@gmail.com,9074661242.0
12336,UP,12336acknsgups@gmail.com,9846816427.0
29204,UP,upspainavu@gmail.com,4862232554.0
11458,UP,gupskasaragod@gmail.com,4994226099.0
41554,UP,klm41554@gmail.com,9446435887.0
41562,UP,41562dmj@gmail.com,9447154822.0
15361,UP,headmasteranmupschoolgnagar@gmail.com,4936249510.0
36362,UP,govtupsennakkad@gmail.com,4792464362.0
31263,UP,gupspoovakkulam@gmail.com,4822244225.0
17565,UP,iemups@gmail.com,2483490.0
19452,UP,aupsthiruthi@gmail.com,4832890308.0
13782,UP,yatheemkhanaups@gmail.com,4602201949.0
36277,UP,gupsedkm@gmail.com,4792382699.0
47343,UP,stmarysupsakpl@gmail.com,4952276033.0
18234,UP,gupskadungallur@gmail.com,9074126226.0
18241,UP,ganapathaupskizhisseri@gmail.com,4832755700.0
24554,UP,svupschoolpalapetti@gmail.com,4802836654.0
32243,UP,stthomasupsmelukavu@gmail.com,4822219037.0
19446,UP,knamupschool@gmail.com,8089452869.0
12356,UP,12356snaups@gmail.com,4672280293.0
47357,UP,vvnmuthalam@gmail.com,8078767560.0
21556,UP,ammupvadavannur@gmail.com,
13465,UP,svaupsparikkalam@gmail.com,4602229535.0
48143,UP,holyangelsnettikulam@gmail.com,9745097676.0
22454,UP,stmarycupschool@gmail.com,4872250879.0
33304,UP,amupschry@gmail.com,9447719173.0
13567,UP,edamanaupschool@gmail.com,49852294260.0
41450,UP,gupskurrepuzha@gmail.com,4742702196.0
28218,UP,upsmaruthoor@gmail.com,4852287333.0
13353,UP,aichurwestup@gmail.com,4972858475.0
47483,UP,arambramgmups@gmail.com,4952803273.0
48335,UP,kupsthachinganadam@gmail.com,4832780012.0
42456,UP,pulimathups@gmail.com,4702836259.0
21887,UP,aupsch4@gmail.com,9495657708.0
42338,UP,gupsvjd@gmail.com,4722873590.0
13455,UP,fupskudiyanmala@gmail.com,4602219219.0
38658,UP,valiyakulamsnvups@gmail.com,9946302884.0
13851,UP,muyyamup@gmail.com,2225698.0
19538,UP,ayiroorschool@gmail.com,4942672681.0
15362,UP,naaups@gmail.com,9495669413.0
48550,UP,kmmmaups@gmail.com,4931249091.0
18373,UP,gmupschirayil@gmail.com,4832714211.0
19466,UP,alhudaemkariparambu@gmail.com,9388108530.0
28423,UP,gupspulinthanam@gmail.com,4852562292.0
13382,UP,stantonysupschooltahyyil@gmail.com,4972733970.0
42549,UP,govtupskazhunadu@gmail.com,4712372786.0
21737,UP,neupskeralassery@gmail.com,9495250590.0
37271,UP,mangalodayamupschool@gmail.com,2642424.0
31266,UP,stjosephupsneeloor@gmail.com,9074170056.0
31463,UP,gupsarumanoor@gmail.com,4812546386.0
39267,UP,mtssupsnarickal@gmail.com,4752220032.0
30451,UP,gupskarintharuvi@gmail.com,9961315230.0
18465,UP,amups30@gmail.com,4832739804.0
47349,UP,st.thomasups14@gmail.com,4952254355.0
26265,UP,stjohnboscoupsekm@gmail.com,8281477888.0
39268,UP,Shyamlatha72@gmail.com,8281277275.0
41645,UP,41645kundara@gmail.com,4742523344.0
21272,UP,motherteresamailbox@gmail.com,4922259179.0
14864,UP,kanicharschool@gmail.com,4902413949.0
12335,UP,12335gupsarayi@gmail.com,4672200868.0
20255,UP,vkmupschool@gmail.com,7025290009.0
21271,UP,gsups1962@gmail.com,4922254340.0
12242,UP,12242manikoth@gmail.com,4672209214.0
46223,UP,st.thomasupschampakulam@gmail.com,4772737945.0
13555,UP,hmoups@gmail.com,4972863597.0
41241,UP,manappallysvpmnssups@gmail.com,9447789401.0
13566,UP,kupsmadayi@gmail.com,4972800873.0
44546,UP,kunnathukal.gups@gmail.com,4712252110.0
19379,UP,kadampuzhaaupschool@gmail.com,4942941180.0
43447,UP,chanthavilagups@gmail.com,9495628656.0
31322,UP,nssupspoovarani@gmail.com,9497663992.0
41339,UP,gupschavarasouth@gmail.com,4762883185.0
24551,UP,gupsperinjanam@gmail.com,4802848682.0
43335,UP,sptpmgups@gmail.com,4712998353.0
30242,UP,smupsm@gmail.com,4869244314.0
43244,UP,gupskarumom@gmail.com,2492419.0
19370,UP,amupschoolpunnathala19370@gmail.com,9496844060.0
14461,UP,impeesa1986@gmail.com,9496359324.0
11359,UP,11359svaupapanjikal@gmail.com,9495461352.0
41233,UP,canossaschoolkply@gmail.com,9562883202.0
44709,UP,marivaniosbethanyschool@gmail.com,4712203010.0
11261,UP,chipparschool@gmail.com,4998205300.0
25464,UP,stmarysupsmanjapra@gmail.com,4842691989.0
19372,UP,kvupsvadakkumpuram@gmail.com,8089830216.0
36370,UP,hinduupseramallikkara@gmail.com,4792428577.0
33311,UP,govtupspaippadu@gmail.com,4812447790.0
23445,UP,imupsazhicode@gmail.com,4802816192.0
23443,UP,snvupselthuruth@gmail.com,4802808456.0
45256,UP,gupsmaravanthuruthu2011@gmail.com,4829235000.0
44358,UP,gupsvilappilsala@gmail.com,4712289081.0
40343,UP,vadamongups@gmail.com,4752276306.0
23258,UP,gupsvellikulangara2@gmail.com,4802744225.0
19909,UP,kpshameer39@gmail.com,9961680303.0
13843,UP,gupsk13843@gmail.com,4972782172.0
48243,UP,modelups@gmail.com,4832844755.0
24269,UP,ramarajapunnayurkulam@gmail.com,4872542239.0
14758,UP,kayaniups@gmail.com,4902477499.0
14553,UP,gdsupchendayad@gmail.com,4902317517.0
34342,UP,34342thuravoor@gmail.com,9446252627.0
45253,UP,gupsbhm@gmail.com,4829272253.0
42548,UP,karakulamups@gmail.com,4712371449.0
41341,UP,gupschittoor@gmail.com,4762670422.0
20549,UP,aupschazhiyattiri@gmail.com,4662081355.0
14759,UP,koodaliupschool@gmail.com,4972858805.0
25858,UP,karumalurups@gmail.com,9544133176.0
23460,UP,snkupsvemballur@gmail.com,4802854850.0
13664,UP,school13664@gmail.com,4972713790.0
44329,UP,stfrancisups.hm@gmail.com,4712285001.0
23324,UP,aravakadschool@gmail.com,8606766244.0
12552,UP,12552podavoor@gmail.com,4672251322.0
41661,UP,mk41661.kundara@gmail.com,4742710770.0
35347,UP,mmvmups1964@gmail.com,9048208075.0
32238,UP,mmmumups111@gmail.com,4822276185.0
26542,UP,s.s.arayaups@gmail.com,4842271539.0
38259,UP,dbupsangadicalnorth@gmail.com,4734204061.0
19441,UP,gmupskakkad@gmail.com,
17245,UP,gupsvellayilwest12@gmail.com,4952766770.0
42653,UP,hmupsvithura@gmail.com,4722856204.0
17468,UP,guardiansemupschool@gmail.com,4952384449.0
12434,UP,sndpaupskadumeni@gmail.com,4672940516.0
17543,UP,aeaupbs@gmail.com,9947101113.0
19785,UP,kuttiyilaups@gmail.com,9495077374.0
29401,UP,snvupsselliampara@gmail.com,4864279106.0
18385,UP,amupskozhippuram1@gmail.com,4942404477.0
21653,UP,pammupskallepully@gmail.com,9495449295.0
41651,UP,41651kundara@gmail.com,9447186844.0
31483,UP,stsebastianperoor@yahoo.in,4822791849.0
36454,UP,townupskylm@gmail.com,4792446665.0
34337,UP,34337thuravoor@gmail.com,4782533222.0
20651,UP,gupschundambatta@gmail.com,4862215599.0
46423,UP,stgeorgeemupschool@gmail.com,4772710300.0
17336,UP,kkmupschool@gmail.com,4952434747.0
47234,UP,makkoottam@gmail.com,4952804201.0
28322,UP,jawaharups.edayar@gmail.com,4852241006.0
14243,UP,valiyamadavilschool@gmail.com,4902327941.0
48340,UP,psaupskzr@gmail.com,4933271613.0
14359,UP,keezhathurup2021@gmail.com,9947993659.0
18244,UP,amupsolamathil@gmail.com,4832770466.0
18398,UP,bacescl@gmail.com,9446898122.0
43460,UP,newupscheeranikkara@gmail.com,4722832269.0
30527,UP,pupsndkm@gmail.com,4868233830.0
44547,UP,hm.manchavilakom@gmail.com,9447656686.0
15465,UP,gmupsanjukunnu@gmail.com,914935227678.0
20363,UP,nnnmupkarl@gmail.com,4662281199.0
17477,UP,sanjosevlkn@gmail.com,4952730050.0
47557,UP,panangads@gmail.com,7907653943.0
24426,UP,gmupskundazhiyur@gmail.com,4872265177.0
36472,UP,mahatmaemschool@gmail.com,2333052.0
25267,UP,stgeorge.school@yahoo.com,48426803336.0
29337,UP,mail2sjups@gmail.com,9074003915.0
19454,UP,ullanamamups@gmail.com,4942411000.0
42357,UP,kizhuvilamgvrmups@gmail.com,9495831571.0
40447,UP,govtupskamukumchery@gmail.com,4752080199.0
26444,UP,stmarysupsmoothedam@gmail.com,4842705528.0
16354,UP,kupsnadery@gmail.com,4962696385.0
19258,UP,aupsverur@gmail.com,4942690327.0
27213,UP,am.upschool123@gmail.com,2595564.0
17546,UP,sreedeviaupskadalundi@gmail.com,9946451667.0
36282,UP,erezhaupsctra36282@gmail.com,4792347690.0
41541,UP,41541kollam@gmail.com,4742573069.0
44223,UP,govt.halpsvzm@gmail.com,7012417284.0
14457,UP,kadankuniupschool@gmail.com,9995556773.0
46329,UP,st.xaviersupspacha@gmail.com,4772211961.0
43330,UP,gupschackai@gmail.com,9495370210.0
19541,UP,gfupspalapetty@gmail.com,4942678541.0
13560,UP,lfupschool@gmail.com,9497485308.0
28319,UP,hmsmarady@gmail.com,4852876500.0
14780,UP,alirshaadems@gmail.com,8137850163.0
13366,UP,kizhuthallyeastups@gmail.com,4972835011.0
47482,UP,sjupmy@gmail.com,8086953245.0
13360,UP,elayavoorups594@gmail.com,4972722020.0
18674,UP,gupspnga@gmail.com,9447264686.0
39263,UP,39263gvsups@gmail.com,9495021766.0
24271,UP,24271cmups@gmail.com,4872680898.0
13559,UP,nmupsmattul@gmail.com,4972844255.0
24270,UP,kumaraupsthiruvathra@gmail.com,4872615425.0
33319,UP,stmarysupsthuruthy@gmail.com,481320168.0
48237,UP,gmupsareacode@gmail.com,4832851655.0
17464,UP,snvaups@gmail.com,8943496738.0
42562,UP,psnmupsveliyannoor@gmail.com,47222882301.0
43325,UP,st.shantal@rediffmail.com,4712431170.0
39536,UP,snvgups39536@gmail.com,4762856332.0
40351,UP,jupsayur@gmail.com,0.0
39252,UP,gwupsampalappuram@gmail.com,4742452373.0
13446,UP,nuchiyadgups@gmail.com,4602228688.0
22693,UP,anm.upschool@gmail.com,2204166.0
29349,UP,sgupsmuthalakodam@gmail.com,4862228547.0
42449,UP,rosedalepublicschool@gmail.com,9446558121.0
37430,UP,gsndpupsvallana@gmail.com,7025324803.0
41654,UP,41654kundara@gmail.com,4742543525.0
19679,UP,gmupscheerankadappuram@gmail.com,4942444004.0
24556,UP,edathiruthyrcup329@gmail.com,4802875900.0
32247,UP,cmsupserumapara@gmail.com,
12403,UP,12403edathod@gmail.com,4672254855.0
13374,UP,muthukuttyups@gmail.com,
13573,UP,edanadupschool@gmail.com,4972805003.0
25260,UP,guardianangelsups@gmail.com,4842557140.0
39537,UP,spmups@gmail.com,4762831417.0
18757,UP,hmduemsthoothamlp@gmail.com,9656043755.0
19675,UP,amupsparakal@gmail.com,4942579787.0
13669,UP,school13669@gmail.com,7012555315.0
41548,UP,christosmarthoma@gmail.com,4742595606.0
18236,UP,aupsmundakkal1@gmail.com,9400384802.0
21899,UP,cpaupschooltvk@gmail.com,4924263438.0
47239,UP,chathamangalamaups@gmail.com,4952803211.0
24674,UP,aupsthonoorkara@gmail.com,4884250104.0
39360,UP,veliyamgwups@gmail.com,4742461999.0
19256,UP,mamupstvnr@gmail.com,9447444920.0
39524,UP,gupsthennilasooranadu@gmail.com,4762851962.0
16340,UP,korapuzhagfups@gmail.com,4962634428.0
22459,UP,ekmups2014@gmail.com,4872687055.0
43449,UP,gupskalloor@gmail.com,4712427915.0
23247,UP,kpysnup@gmail.com,7736170761.0
25467,UP,saupsthuravoor@gmail.com,4842618171.0
38328,UP,mgupsthumpamon@gmail.com,9447933135.0
47566,UP,amupspunnassery@gmail.com,9061835566.0
19385,UP,najathpublicschool@gmail.com,4942610029.0
21894,UP,smups.pullissery@gmail.com,235084.0
42460,UP,mgupst@gmail.com,4702693752.0
17346,UP,hidayaschoolpalazhi@gmail.com,4952435425.0
41570,UP,amrithapublicschool@gmail.com,8139818183.0
21347,UP,gupselappully@gmail.com,4912583325.0
14765,UP,neerveliupschool@gmail.com,4902369683.0
18574,UP,gupspulloor@gmail.com,4832764104.0
13655,UP,school13655@gmail.com,9497770357.0
41239,UP,st.josephsupsclappana@gmail.com,4762896506.0
43239,UP,gupsambalathara@gmail.com,4712381644.0
32378,UP,mathews32378@gmail.com,9947501530.0
42351,UP,nellanad42351@gmail.com,4722837019.0
14248,UP,kunhamparambaups@gmail.com,2344364.0
16258,UP,panademmalmups@gmail.com,4902990124.0
14564,UP,parammalupschool@gmail.com,4902465612.0
40450,UP,sgupskttn@gmail.com,9947514981.0
47665,UP,kalpathuraup@gmail.com,4962675435.0
22265,UP,klsupschool@gmail.com,4872340355.0
37653,UP,sndpupsv@gmail.com,4692773600.0
15463,UP,vnmupmtdy@gmail.com,4935241532.0
31320,UP,gupselampally@gmail.com,9497432606.0
43261,UP,stantonysupskkm@gmail.com,8330014881.0
41667,UP,phskpm@gmail.com,4742547721.0
19772,UP,viswavidhyalayam@gmail.com,4942085598.0
42372,UP,sadanathil@gmail.com,9995880709.0
24553,UP,pmmups@gmail.com,4802872149.0
39353,UP,eetupsvelinalloor39353@gmail.com,2466700.0
16854,UP,cvupschool@gmail.com,4962512524.0
16863,UP,16863hm@gmail.com,4962528037.0
14554,UP,hmevupsvalliyayi@gmail.com,4902404320.0
18369,UP,akhmup@gmail.com,9809228899.0
42556,UP,upsattinpuram@gmail.com,4722865083.0
21585,UP,sreevidyadhirajaschool@gmail.com,4912963744.0
18248,UP,vpaupsvilayil@gmail.com,9746853201.0
17567,UP,muemschool@gmail.com,9288124433.0
43241,UP,hmgupschalai@yahoo.co.in,4712477363.0
39260,UP,dvnssups@gmail.com,4742452344.0
37272,UP,mtssupsmanjadi@gmail.com,4692603248.0
18381,UP,vennayuraupbschool@gmail.com,9539694324.0
47654,UP,narayamkulamaupschool@gmail.com,4962658540.0
37336,UP,gupgseraviperoor@gmail.com,9447091635.0
43256,UP,muslimassociationmodelschool@gmail.com,2329259.0
27305,UP,govtupskuttilanji@gmail.com,4852548650.0
15469,UP,stthomasthavinhal@gmail.com,9495609523.0
13367,UP,kmupskoyyode@gmail.com,4972822195.0
40234,UP,esmupscdlm40234@gmail.com,4742422655.0
19670,UP,svaupsiringavoor@gmail.com,9946119950.0
48468,UP,gupspallikuth@gmail.com,4931231718.0
16760,UP,ponniathmups@gmail.com,8848665465.0
24356,UP,parannurschool@gmail.com,9961372226.0
16254,UP,16254hmchombala@gmail.com,8086163621.0
16264,UP,16264hmchombala@gmail.com,4962501011.0
24669,UP,asmnssupsm@gmail.com,4884273368.0
11457,UP,gupskanathur@gmail.com,4994252640.0
23354,UP,gupskaduppassery@gmail.com,4802881584.0
41532,UP,nsmemlpschool@gmail.com,8078114976.0
26445,UP,pmupssparur@gmail.com,9497421657.0
19365,UP,gupsrandathani@gmail.com,8589081947.0
19666,UP,amup.areekkad@gmail.com,9745125072.0
19251,UP,gupsothalur@gmail.com,914942083166.0
25240,UP,infantjesuslpschool@gmail.com,8281334822.0
18748,UP,amupschoolevm@gmail.com,4933205169.0
40440,UP,gupsmaniyattu@gmail.com,4752220051.0
46224,UP,shupkannady@gmail.com,4772704625.0
19792,UP,pktbmups@gmail.com,9846833799.0
27314,UP,gupspaimattom@gmail.com,4852855558.0
21358,UP,st.peterepy25@gmail.com,4923236127.0
43347,UP,vmjupstvm@gmail.com,9995252815.0
38747,UP,nationalupschool@gmail.com,4682305505.0
44926,UP,stthomasbethany1@gmail.com,7510252077.0
41461,UP,valiyakadastjosephsups@gmail.com,4742766348.0
17458,UP,cholappurathaup@gmail.com,4952370888.0
41550,UP,41550klm@gmail.com,4742555761.0
22676,UP,gupsvaradiyam@gmail.com,4872213812.0
25632,UP,gupskadamattom@gmail.com,4842765878.0
42551,UP,gupsramapuram@gmail.com,4722802814.0
35442,UP,35442harippad@gmail.com,8547836291.0
12346,UP,12346gupsparakalai@gmail.com,4672243900.0
13378,UP,pnmups@gmail.com,4972723136.0
40448,UP,pnkmupskaravoor@gmail.com,4752219522.0
16358,UP,hmpcschool@gmail.com,9495341818.0
14756,UP,anjarakandybemup@gmail.com,9496782380.0
36383,UP,mpupsputhencavu@gmail.com,4792450168.0
22681,UP,st.teresas.u.p.schoolmanalur@gmail.com,4872730318.0
19456,UP,aupsvelimukku@gmail.com,4942400088.0
22691,UP,srcups.edk@gmail.com,4872286995.0
11257,UP,aupsdharmathadka@gmail.com,8310973287.0
39448,UP,gupsmaloor@gmail.com,9446252419.0
39541,UP,mtupsthuruthikkara@gmail.com,4762856303.0
47471,UP,nupschamal@gmail.com,4952270122.0
48474,UP,vazhikkadavuup@gmail.com,4931274017.0
45352,UP,kalathoorupschool@gmail.com,4822229402.0
47673,UP,aupsperambra@gmail.com,2613120.0
47481,UP,gupschembukadave@gmail.com,4952298026.0
21657,UP,uupspallipuram@gmail.com,4912543038.0
28419,UP,kunnackalgups@gmail.com,9072360974.0
21448,UP,kannadiabupschool@gmail.com,9567034947.0
24671,UP,hmadvups@gmail.com,4872202820.0
26449,UP,snvsupseroor@gmail.com,9446812666.0
19262,UP,aupsperumparamba@gmail.com,9745123409.0
18562,UP,glpsvettecode@gmail.com,9074569007.0
21875,UP,bheemanadup@gmail.com,4924263495.0
13963,UP,gmupsramanthali@gmail.com,4985224052.0
21562,UP,gupschoolvattekkad@gmail.com,4923266256.0
13667,UP,school13667@gmail.com,4972867880.0
25640,UP,gupskurinji2012@gmail.com,4842732826.0
24663,UP,gupspynkulam@gmail.com,4884263626.0
34252,UP,tmupsmaruthorvattam@gmail.com,4782810414.0
48456,UP,rmaups@gmail.com,8075202263.0
30410,UP,smgups22@mail.com,4869299065.0
36272,UP,gupskandiyoor36272@gmail.com,
18765,UP,vpamupsputhoor@gmail.com,4933233240.0
40439,UP,gupselampal@gmail.com,4752229989.0
21552,UP,schoolmmmsb@gmail.com,
29400,UP,stmathewsupswld@gmail.com,4869253552.0
26438,UP,gkmups6@gmail.com,4842785481.0
38650,UP,snupskochukiokal9495@gmail.com,4735259022.0
14663,UP,kannavamupschool@gmail.com,4902300250.0
41558,UP,41558klm@gmail.com,9447622585.0
21449,UP,aupsmathur@gmail.com,4922215075.0
19450,UP,kpamups@gmail.com,4942460046.0
18768,UP,coopschoolpmna@gmail.com,4933227834.0
35232,UP,35232gcymaupspunnapra@gmail.com,4772288940.0
23450,UP,lpupsemmad@gmail.com,4802850900.0
29330,UP,lfnediakad@gmail.com,9526692575.0
11459,UP,11459gfupschoolkizhur@gmail.com,4994235307.0
44249,UP,kattachalkuzhisnups@gmail.com,471244249.0
23444,UP,upspullut@gmail.com,4802802447.0
20654,UP,gupnariparamb@gmail.com,4942219882.0
48457,UP,gups.ku@gmail.com,4931255754.0
47660,UP,koothaliaup@gmail.com,4962612444.0
38653,UP,malayalapuzhasndpups@gmail.com,9995943800.0
15358,UP,stmarysaupscheengeri@gmail.com,4936260566.0
44252,UP,sasupsvenganoor@gmail.com,9446316226.0
42455,UP,snvupspulimath@gmail.com,4702674686.0
17472,UP,kakkodipanchayathups@gmail.com,4952268100.0
31262,UP,gupsvalavoor@gmail.com,4822259456.0
39542,UP,patharamnsnspmups@gmail.com,4762853235.0
42348,UP,kgspottoor@gmail.com,9895824543.0
39363,UP,upskudavattoor@gmail.com,4742497054.0
16766,UP,gmupsthiruvallur@gmail.com,4962590140.0
19779,UP,gmupstirur101@gmail.com,9846665996.0
18474,UP,melmurigmups@gmail.com,4832734008.0
35433,UP,kplygups@gmail.com,4792487000.0
13960,UP,skvups@gmail.com,9400592001.0
24662,UP,parlikadgups@gmail.com,4884236594.0
18754,UP,amupspoovathani@gmail.com,9744275723.0
35437,UP,35437haripad@gmail.com,4792417770.0
42247,UP,prabodhiniupsvakkom@gmail.com,8086177019.0
13368,UP,krishnavilasamups@gmail.com,4972850123.0
16768,UP,valliadupschool@gmail.com,9446255042.0
48726,UP,unitty@gmail.com,4931257940.0
29331,UP,nssupspannoor@gmail.com,4862271736.0
23347,UP,ksupsthottippal@gmail.com,4802793100.0
20265,UP,nvaupspnmanna@gmail.com,9847834099.0
13472,UP,charisupmattara@gmail.com,4602216230.0
19780,UP,codacalup@hotmail.com,9496459157.0
24560,UP,rcupskpm@gmail.com,4802840412.0
12547,UP,12547raups@gmail.com,4672280410.0
21445,UP,asbs.mannalur@gmail.com,8157049148.0
41571,UP,mahatmaps@hotmail.com,9526943998.0
40340,UP,anakkulamgwups@gmail.com,4752305394.0
39357,UP,gupsnedumoncave@gmail.com,4742498777.0
36367,UP,gupsputhencavu@gmail.com,9497675934.0
18576,UP,gmupsmelakkam@gmail.com,4832765613.0
23456,UP,gupschoolkarumathra@gmail.com,4802861896.0
39257,UP,gupspadinjattinkaraktr@gmail.com,2451157.0
19247,UP,albasheer.school@gmail.com,4942686002.0
41255,UP,kulasekharapuramups50@gmail.com,9388311155.0
48470,UP,aups48470@gmail.com,4931262085.0
38264,UP,vtmupsmannady@gmail.com,9447668907.0
23463,UP,mitschooleriyad@yahoo.com,4802802742.0
19458,UP,oupschool@gmail.com,4942461930.0
18660,UP,gupsktdi@gmail.com,8907804151.0
45260,UP,snupspalliyadu@gmail.com,4829277730.0
15480,UP,gupsvellamunda@gmail.com,7907418922.0
19678,UP,vaniyannuramups@gmail.com,9495174908.0
45357,UP,govtupskalathoor@gmail.com,4822233230.0
14661,UP,eruvattyupschool@gmail.com,4902366835.0
46219,UP,gupschennamkary00@gmail.com,4772725115.0
44556,UP,44556parasuvaikal@gmail.com,9995687161.0
16553,UP,avalaupschool@gmail.com,4962765350.0
16261,UP,16261hmchombala@gmail.com,9946909183.0
48338,UP,chemmaniyodeupschool@gmail.com,4933279673.0
29430,UP,pupskonnathady@gmail.com,4868261014.0
16472,UP,hmmiups@gmail.com,4962597522.0
14555,UP,kvvups@gmail.com,4902938844.0
11273,UP,fatimaenglishmedium@gmail.com,8113953789.0
37436,UP,stjohnsups@gmail.com,9495077991.0
18675,UP,oaups916@gmail.com,4933227511.0
14257,UP,hmtcupschool@gmail.com,4902325440.0
48255,UP,aupskzr@gmail.com,9387729404.0
33205,UP,stmarysupskudamaloor@gmail.com,9446093644.0
26454,UP,rlvgups@gmail.com,4842775953.0
25268,UP,hidayathschool95@gmail.com,4842606918.0
17254,UP,stantonysaups@gmail.com,4952366989.0
43332,UP,modelupskumarapuram@gmail.com,9497000636.0
13225,UP,thottadawestups@gmail.com,4972835095.0
18365,UP,arimbraup@gmail.com,4832771322.0
19787,UP,vallatholschool@gmail.com,4942565803.0
19777,UP,gupsppkara@gmail.com,9497344062.0
19793,UP,ppnmaups@gmail.com,9446971799.0
19255,UP,gupsvellanchery@gmail.com,9447331119.0
16468,UP,cherapuramups@gmail.com,4962580809.0
43331,UP,govtupsulloor@gmail.com,4712444534.0
45257,UP,tlpgups@gmail.com,4829238461.0
41655,UP,41655kundara@gmail.com,4742562600.0
22267,UP,piusxthcupsvply@gmail.com,4802761775.0
23549,UP,gupsannamanada@gmail.com,4802770833.0
22460,UP,nsupscherur@gmail.com,4872337325.0
32367,UP,stgeoups@gmail.com,4822227178.0
25641,UP,gupsvilangu681682@gmail.com,4842681682.0
41555,UP,thazhuthalamups@gmail.com,2536304.0
22463,UP,gupsramavarmapuram@gmail.com,4872322594.0
24267,UP,aupsperakam1@gmail.com,9895840865.0
28522,UP,gupsezhakkaranad@gmail.com,4852267450.0
14263,UP,plmupschool@gmail.com,9495534848.0
47230,UP,koozhakodeaup@gmail.com,9496226622.0
32246,UP,gupsvellara@gmail.com,4822286177.0
21566,UP,lnsupsnemmara@gmail.com,4923242226.0
40444,UP,40444pmg@gmail.com,4752220898.0
15475,UP,vanhodeaupschool@gmail.com,9656649654.0
33447,UP,gupspathamuttam@gmail.com,8078052839.0
23352,UP,gupsvadakumkara@gmail.com,4802867100.0
14754,UP,hmgupsa@gmail.com,4602259077.0
33312,UP,gupsperunnawest@gmail.com,4812422662.0
19682,UP,pmsammups@gmail.com,9037443301.0
18397,UP,nmskakkanchery@gmail.com,9846120115.0
19684,UP,snupsnannambra@gmail.com,4942480301.0
24563,UP,centralupsnattika@gmail.com,4872392126.0
39366,UP,vilangaraups@gmail.com,4742492332.0
16859,UP,mannathkavup@gmail.com,8606647613.0
15377,UP,hmstgeorgeupschool@gmail.com,299123.0
15392,UP,vvmmeenangadi@gmail.com,4936248824.0
13222,UP,okpschool@gmail.com,4972831794.0
13734,UP,tmaups@gmail.com,4602260004.0
35444,UP,35444haripad@gmail.com,4792485272.0
24664,UP,thrikkanayagups@gmail.com,4884287378.0
28427,UP,kadathygups@gmail.com,4852207637.0
24577,UP,thrithallurupschool@gmail.com,4872290697.0
30234,UP,stjacobups@yahoo.com,4868264440.0
21683,UP,stjudesemschool@gmail.com,4912816129.0
25456,UP,gupskaprassery@gmail.com,4842603035.0
38434,UP,govtupserathumpamon@gmail.com,9744419907.0
42554,UP,luthergiriups@gmail.com,9446020860.0
18584,UP,amaupskunduthode@gmail.com,4832700810.0
15383,UP,stgeorgeeupspulpally@gmail.com,4936296091.0
26448,UP,staugustinesupsthykoodam@gmail.com,4842301771.0
41663,UP,41663kply@gmail.com,4742521233.0
20457,UP,aups.kavalappara@gmail.com,4662223898.0
29209,UP,pathippallygtups@gmail.com,4862252994.0
42243,UP,gupsayiroor777@gmail.com,4702665526.0
33315,UP,nssupspuzhavathu2017@gmail.com,9847119931.0
14259,UP,rajeshsreelakam74@gmail.com,9746431810.0
19860,UP,alfalahperuvallur@gmail.com,9961265810.0
47467,UP,aupseravannur@gmail.com,
21263,UP,mmups2013@gmail.com,9744143889.0
11353,UP,kuntarschool542@gmail.com,9447490883.0
41456,UP,malayalisabhanssthevally@gmail.com,9446107859.0
48454,UP,chelodesaups@gmail.com,4931260064.0
18579,UP,aupspatterkulam@gmail.com,4832766650.0
13448,UP,gupspazhayangadi@gmail.com,4602233405.0
12354,UP,12354stannsaupsnileswar@gmail.com,4672284210.0
47472,UP,nazarethup@gmail.com,4952270608.0
40232,UP,gupsvellooppara@gmail.com,4742475780.0
39355,UP,stgeorge434@yahoo.com,
48564,UP,tharakkalaupstuvvur@gmail.com,4931284001.0
44553,UP,44553kulathoor@gmail.com,4712218180.0
41560,UP,41560kalluvathukalups@gmail.com,9995777914.0
14757,UP,knupskallur@gmail.com,4902472932.0
33449,UP,velluthurithygups@gmail.com,4812331594.0
32451,UP,govt.ups.nedumkunnam@gmail.com,9847644054.0
27202,UP,www.gupskandanthara@gmail.com,9497445056.0
41539,UP,govtupskurumandal@gmail.com,4742519480.0
16561,UP,kgmsups@gmail.com,8281662341.0
16864,UP,pulinholisb@gmail.com,9961454357.0
47569,UP,aupschooleramangalam@gmail.com,4962705099.0
27306,UP,kothamangalamgups@gmail.com,4852827470.0
24264,UP,hmaupsomr@gmail.com,4872509791.0
29328,UP,revfrtcmmups@gmail.com,4862263715.0
42367,UP,amritamodelschool96@gmail.com,9447378792.0
14372,UP,ponniamups1935@gmail.com,4902389270.0
38273,UP,ndmupsvayala007@gmail.com,6282291195.0
20451,UP,aups.pulasserikkara@gmail.com,9961491064.0
12247,UP,hmsmaupspanayal@gmail.com,4672234533.0
14360,UP,school14360@gmail.com,9446040640.0
41545,UP,klm41545@gmail.com,9947673078.0
20244,UP,sbsmeetna@gmail.com,4662000441.0
22455,UP,st.antonyupschool@gmail.com,2444779.0
18658,UP,bemskalavu@gmail.com,8547626163.0
47236,UP,mamupscoolparambilkadavu@gmail.com,9037939216.0
48342,UP,mulliakurssiup@gmail.com,4933270390.0
18388,UP,gupsneerad18388@gmail.com,9496172335.0
13444,UP,gupskarayathumchal@gmail.com,4602268890.0
16752,UP,16752.aeotdnr@gmail.com,4962592641.0
16868,UP,thazhekalariupschool@gmail.com,4962600515.0
38445,UP,meupsmanjinikkara@gmail.com,9495386917.0
36459,UP,kgupschool@gmail.com,4792498814.0
21650,UP,kupspkd@gmail.com,7306751115.0
37541,UP,gupsttcd@gmail.com,9496212208.0
24268,UP,stantonyspaluvai@gmail.com,2556564.0
14357,UP,pcguruvilasam@gmail.com,4902306308.0
24256,UP,gfupsmannalamkunnu@gmail.com,9809400282.0
42654,UP,anakudygups@gmail.com,472835170.0
40449,UP,rbmups40449@gmail.com,8921379713.0
47332,UP,hmshup@gmail.com,4952252535.0
21897,UP,legacyaups@gmail.com,4924236240.0
20463,UP,aupschalavara@gmail.com,4662289584.0
13461,UP,stthomasupsmanikkadavu@gmail.com,4602217660.0
21547,UP,aupslalampallam14@gmail.com,
21349,UP,menonparagups@gmail.com,4923273838.0
23241,UP,gupschaipankuzhy@gmail.com,9946592518.0
15477,UP,gupskaringari@gmail.com,4935230253.0
19361,UP,amupschoolirimbiliyam@gmail.com,4942622272.0
18662,UP,aupskuruva283447@gmail.com,4933283447.0
30243,UP,akmups500@gmail.com,4868285500.0
26249,UP,srvpupsekm@gmail.com,4842365510.0
25250,UP,gupspadamugal@gmail.com,4842428189.0
33202,UP,stmargaretups@gmail.com,4812711588.0
16338,UP,gmupkappad@gmail.com,4962686222.0
15476,UP,aupskunhome@gmail.com,4935294015.0
27207,UP,gupsnorthvazhakulam@gmail.com,4892996762.0
15242,UP,himupskalpetta@gmail.com,4936205471.0
13775,UP,gupsvellad@gmail.com,4602253555.0
14874,UP,smupsperumpunna@gmail.com,4902458800.0
38558,UP,scemupsranny@yahoo.com,9061923550.0
13758,UP,kurumathursouthupschool@gmail.com,4602225340.0
41557,UP,mmnss@yahoo.com,4742535766.0
40346,UP,smupsmoongode@gmail.com,914752081892.0
16554,UP,ayanikkadwestups2015@gmail.com,4962600199.0
28320,UP,spupskozhippilly@gmail.com,9847510899.0
38739,UP,gjmups@gmail.com,4682246702.0
13369,UP,kuruvaupschool@gmail.com,4972734260.0
13845,UP,cheleriaups@gmail.com,4602244598.0
19674,UP,kanmanamamups@gmail.com,
18664,UP,gupspprm@gmail.com,4933241092.0
46331,UP,asupsthalavady@gmail.com,
15359,UP,spspeups@gmail.com,248082.0
31481,UP,alphonsaups@gmail.com,8281324414.0
18477,UP,gupsponmala@gmail.com,4832753700.0
13471,UP,cherupushpa125@gmail.com,4602215203.0
41553,UP,hmpvups@gmail.com,4742532001.0
12428,UP,12428kannivayal@gmail.com,4672221899.0
15479,UP,gupstharuvana@gmail.com,4935230649.0
18585,UP,himups90@gmail.com,9446882574.0
35445,UP,35445haripad@gmail.com,
16861,UP,16861hm@gmail.com,
15247,UP,valalupskottathara@gmail.com,9847631343.0
40464,UP,stjudeemschoolnarickal@gmail.com,9400571855.0
35340,UP,skvnssupskvta@gmail.com,4792490277.0
26255,UP,stmarysupskumbalam@gmail.com,4842700965.0
37542,UP,stphilominasups.mlpy@gmail.com,4692680709.0
41665,UP,standrewseups@gmail.com,4742580877.0
33210,UP,gupskummanam@gmail.com,4812518495.0
11450,UP,gfupsadkathbail@gmail.com,9446164666.0
47563,UP,nanmindaezhukulamaups@gmail.com,4952856070.0
40322,UP,40322gupsrosemala@gmail.com,
21732,UP,gupsedathara@gmail.com,4912856253.0
19889,UP,nphssmalaparamba@gmail.com,4942450339.0
16465,UP,gupskunduthode@gmail.com,4962564235.0
19861,UP,amupsatteeri@gmail.com,4832081141.0
14468,UP,chokliupschool@gmail.com,4902338460.0
41650,UP,41650kundara@gmail.com,9496410828.0
41457,UP,kvsndpups@gmail.com,9744512356.0
13970,UP,govtupskuttur@gmail.com,4985279150.0
17461,UP,kiraluraups@gmail.com,9495612242.0
39545,UP,rkups.anayadi@gmail.com,4762852539.0
30247,UP,stjeromesupskattappana@gmail.com,4868272858.0
44448,UP,gups44448sas@gmail.com,9447246659.0
43461,UP,hmstandrews3@gmail.com,9207540996.0
29332,UP,spupsthattarathatta@gmail.com,9447210254.0
38436,UP,cmsnallanikunnu@gmail.com,
23453,UP,hmamupspappinivattam@gmail.com,4802849625.0
45358,UP,gupsktmpk@gmail.com,4829264777.0
23242,UP,upsstantonys@gmail.com,4802710050.0
22465,UP,sstgeorgeups@gmail.com,4872372853.0
17474,UP,hmmbvskakkodi@gmail.com,9846798568.0
42659,UP,skvups2012@gmail.com,2820101.0
21557,UP,kvmmups@gmail.com,4923215411.0
27316,UP,agcmupschool@gmail.com,9497679323.0
15461,UP,gupsmananthavady@gmail.com,4935240191.0
40239,UP,msupsmanjappara7024@gmail.com,9400475634.0
39264,UP,39264nedumpaikulam@gmail.com,4742524240.0
47556,UP,panangadnorthaups@gmail.com,4962642343.0
42664,UP,nalandatti@gmail.com,4722840244.0
24357,UP,lmupschool2013@gmail.com,4885281522.0
42646,UP,njaraneelikkani@gmail.com,4722845310.0
13460,UP,kotturaups@gmail.com,4602231230.0
48240,UP,jmupschathallooreast@gmail.com,
13943,UP,knupkanayi@gmail.com,9947891528.0
24263,UP,littleflowercupschool@gmail.com,6238725748.0
39256,UP,gupsmelila@gmail.com,4742402747.0
48551,UP,chokkadup@gmail.com,4931260105.0
13572,UP,pilatharaups@gmail.com,4972800410.0
38269,UP,kvupspklm@gmail.com,4734288770.0
35344,UP,kamups123pallana@gmail.com,4772296755.0
11258,UP,aupsk11258@gmail.com,8547542195.0
17233,UP,nsschalappuram@gmail.com,4952701502.0
48482,UP,gupspulliyil123@gmail.com,4931270002.0
47337,UP,gupsthottumukkam@gmail.com,4832759383.0
42453,UP,madavoorcnpsups@gmail.com,9746725600.0
28222,UP,randarsmups@gamil.com,7012996801.0
45351,UP,ssvupskallara@gmail.com,4829267625.0
23246,UP,stgeorgeups.v@gmail.com,4802748678.0
12536,UP,12536cheruvathur@gmail.com,4672264600.0
12243,UP,12243gmupspallikere@gmail.com,4672272203.0
47336,UP,gmupskdr@gmail.com,4952207035.0
11470,UP,aupsbovikana@gmail.com,4994250730.0
16557,UP,gupskizhur133@gmail.com,4962602133.0
39539,UP,gupsvpdm@gmail.com,4762836177.0
47560,UP,aupskolathur@gmail.com,4952455908.0
40601,UP,bethanyplr@gmail.com,9447723367.0
18246,UP,mupsthavanur@gmail.com,4832755294.0
34339,UP,govt.ups.odampally@gmail.com,123456.0
48481,UP,moupschoolmunda@gmail.com,4931274276.0
16857,UP,16857hm@gmail.com,9495884564.0
12368,UP,12368srisrignanmandir@gmail.com,9447649751.0
47338,UP,skaupskodiyathur@gmail.com,4952208227.0
19887,UP,pmsamupsvk@gmail.com,9847491086.0
47339,UP,gmupscmr@gmail.com,4952298599.0
19786,UP,bemupsparapperi@gmail.com,9747933699.0
48465,UP,aupsnettikkulam@gmail.com,4931241644.0
48618,UP,publicschoolmgm8@gmail.com,9048238894.0
18464,UP,hm.amupsmangattupulam@gmail.com,4832800014.0
18479,UP,aupschoolpookkottur@gmail.com,8848521930.0
23455,UP,bbups.kdr@gmail.com,
40341,UP,hmcharipparambu40341@gmail.com,4742438549.0
14459,UP,knup.mail@gmail.com,4902395207.0
18672,UP,aupskadannamanna@gmail.com,9745085845.0
24430,UP,aupsoorakam@gmail.com,9446056095.0
18764,UP,smups20@gmail.com,9846845445.0
18586,UP,upspandallur660@gmail.com,4832782660.0
14872,UP,stantonysupsperatta@gmail.com,4902422261.0
36366,UP,gupspennukkara@gmail.com,4792368114.0
12245,UP,gupsputhiyakandam@gmail.com,4672207577.0
21736,UP,mwbups1@gmail.com,9495973478.0
19890,UP,vvnkoduvayur@gmail.com,9961293811.0
16563,UP,kizhuraupschool@gmail.com,4962604544.0
42555,UP,nssups@gmail.com,4722851755.0
36281,UP,36281mvk@gmail.com,9947575398.0
15373,UP,gupspoothadi@gmail.com,4936210471.0
11472,UP,aupskuttikol@gmail.com,4994290979.0
40342,UP,gupskulathupuzha@gmail.com,4752317130.0
19259,UP,btmups2017@gmail.com,7034957003.0
30240,UP,sjupsnarakakanam@gmail.com,9605756655.0
17335,UP,kambiliparambaschool@gmail.com,4952963942.0
15468,UP,hmgupsthalappuzha@gmail.com,4935256009.0
13553,UP,vmupschool@gmail.com,4972873825.0
16873,UP,rotaryschoolbadagara@gmail.com,4962529171.0
16865,UP,16865hm@gmail.com,4962515580.0
43346,UP,temupsprkd@gmail.com,9495271262.0
36290,UP,36290alappuzha@gmail.com,9656125399.0
37260,UP,gupsmannankarachira@gmail.com,4692700375.0
16467,UP,lfupsschool@gmail.com,4962666825.0
15249,UP,gupserumakolly15249@gmail.com,4936281350.0
16870,UP,16870hmvatakara@gmail.com,9496136428.0
17463,UP,mayanadaups@gmail.com,4952352575.0
32363,UP,sdupspkm@gmail.com,4828223574.0
41242,UP,lvupsmuzhangodi@gmail.com,4762661103.0
44248,UP,shijisr25@gmail.com,9497264789.0
13853,UP,pups780108@gmail.com,4972780108.0
23935,UP,stcleliaesvallapady@gmail.com,9745147222.0
19775,UP,gupspurathur@gmail.com,4942563278.0
47655,UP,aupsvakayad@gmail.com,4962998229.0
25299,UP,aluvablindschool@gmail.com,4842628240.0
42344,UP,townupsatl@gmail.com,4702623019.0
25455,UP,hmgupskalady@gmail.com,4842698281.0
44452,UP,44452upsponvila@gmail.com,9447471265.0
16765,UP,gupsparambil@gmail.com,4962534884.0
12244,UP,gupspullur@gmail.com,9497854712.0
44360,UP,teresasupskonniyoor@gmail.com,9746090887.0
42340,UP,ylmupschool@gmail.com,9645477272.0
18582,UP,amupsvadakkangaramji@gmail.com,4832765657.0
18473,UP,gmupskottakkal@gmail.com,4832744181.0
24558,UP,micoupskpm@gmail.com,4802841557.0
17237,UP,gupscivil@gmail.com,4952372037.0
14771,UP,therurupschool@gmail.com,9495784750.0
24359,UP,sttupsplr@gmail.com,4885286932.0
32371,UP,stephremupschool@gmail.com,9447143226.0
20665,UP,bvupschundambatta@gmail.com,4662264422.0
24667,UP,svupskondazhy@gmail.com,9446235042.0
18470,UP,demsotklmpm@gmail.com,4832839846.0
21440,UP,gbupsethanur@gmail.com,4923251177.0
31465,UP,gtti_ettumanoor@yahoo.com,4812535047.0
18746,UP,aupschemmala@gmail.com,4933269431.0
20359,UP,aupspombra@gmail.com,4662269750.0
35239,UP,35239upspunnapra@gmail.com,7306632355.0
24429,UP,hinduup@gmail.com,4872262509.0
24258,UP,amupsakalad9@gmail.com,9544560497.0
19376,UP,kmaupchellur@gmail.com,9645060103.0
43336,UP,gupseanchakkal@gmail.com,9446564392.0
22679,UP,st.gemmasmanakody@gmail.com,4872311410.0
13356,UP,bharathvm13356@gmail.com,4972850743.0
18466,UP,ummathuramups@gmail.com,9020262123.0
21656,UP,stsebastian1851@gmail.com,4912536427.0
17243,UP,gupsthiruvannur@gmail.com,914952320022.0
17544,UP,avsups@gmail.com,9562349986.0
47233,UP,kuruvattooraups@gmail.com,
39453,UP,vvupspanthaplavu39453@gmail.com,
14659,UP,bemupschoolkpba@gmail.com,4902364830.0
15371,UP,aupspazhoor@gmail.com,4936262954.0
26250,UP,stjosephsupskadavanthra@gmail.com,4842324931.0
32453,UP,alapraannapurna@gmail.com,9946466326.0
15354,UP,woupschoolmuttil@gmail.com,4936231465.0
13953,UP,pattyammaups@gmail.com,4985262025.0
20664,UP,aupsrayiranellur@gmail.com,9947797732.0
39255,UP,townupsktra@gmail.com,9745820733.0
41347,UP,41347skvups@gmail.com,9995156172.0
47550,UP,lpupsmangad@gmail.com,4962646835.0
37261,UP,gupgskadapra@gmail.com,4692747644.0
13781,UP,cherupushpamtherthally@gmail.com,9061285643.0
26439,UP,keecherygups.2010@gmail.com,4842746818.0
23356,UP,lcupsirinjalakuda@gmail.com,4802833579.0
36384,UP,bkvnssupspunthala36384@gmail.com,4792366699.0
37428,UP,smsgupsc@gmail.com,9497806449.0
27319,UP,frjbmups@gmail.com,4852861508.0
47333,UP,hnckkarassery@gmail.com,9846997196.0
21560,UP,gupsayalur1890@gmail.com,4923242112.0
26246,UP,smupsthevara@gmail.com,4842665027.0
20661,UP,aupmannengode@gmail.com,4912985220.0
23449,UP,vvupskothaparambu@gmail.com,4802809820.0
14848,UP,gupschooladakkathode@gmail.com,4902414900.0
11267,UP,11267svvaupskodlamogaru@gmail.com,4998203966.0
42444,UP,snvupskattuputhussery@gmail.com,9447402578.0
11369,UP,gupschool11369@gmail.com,4994271356.0
26446,UP,svupsnettoor@gmail.com,7736003040.0
18387,UP,dmrtndp@gmail.com,9895185528.0
19420,UP,amlpspalathingal@gmail.com,9495932822.0
18569,UP,gupsanakkayam5@gmail.com,2848490.0
47664,UP,vaup.school.1925@gmail.com,4962610480.0
19373,UP,aupschoolvadakkumpuram@gmail.com,4942617175.0
18377,UP,btmamupschoolpengad@gmail.com,9961467473.0
33444,UP,gupsnattassery123@gmail.com,9446788002.0
43114,UP,gbs.tvpm@gmail.com,2328184.0
13383,UP,thilannurups@gmail.com,4972822172.0
41344,UP,pspmups1979@gmail.com,4762680106.0
26447,UP,stjosephupstpr@gmail.com,4842784199.0
45258,UP,upuram09@gmail.com,4829223705.0
15460,UP,sjttimananthavady@gmail.com,4935241319.0
47561,UP,headmasternaups@gmail.com,4952855602.0
18382,UP,upsbtmo1976@gmail.com,4832725355.0
28530,UP,upsedkl@gmail.com,4842749190.0
13956,UP,ettukudukkaaups@gmail.com,9946274635.0
13854,UP,peruma000@gmail.com,9495596077.0
23257,UP,upsmattathur@gmail.com,2744320.0
47657,UP,gupskayanna@gmail.com,4962659030.0
25642,UP,srvupmzr@gmail.com,9446479552.0
40240,UP,gups.mankadu@gmail.com,4742424010.0
13226,UP,mavilayiups@gmail.com,9497606153.0
24579,UP,rcupvatanappally@gmail.com,4872605175.0
15258,UP,holy.imschool@gmail.com,4936256090.0
21357,UP,aupsappupillayoor@gmail.com,4923272553.0
41644,UP,a41644@gmail.com,2561472.0
10010,UP,chinmayakurumathur@gmail.com,4602260307.0
15363,UP,udayagupssasimala@gmail.com,4936242033.0
26443,UP,mgupsperumpilly@gmail.com,4842744810.0
27201,UP,govtupsaimury@gmail.com,4842590299.0
43255,UP,sreevidyadhirajavidyalayam2014@gmail.com,4712469343.0
18370,UP,cherumittamptmamupschool@gmail.com,9446768983.0
40348,UP,alayamonmtups@gmail.com,4752277892.0
39364,UP,mimupschenkulam@gmail.com,2462942.0
21279,UP,cherupushpamemupsvdy@gmail.com,4922296504.0
48462,UP,bmaupsmuthukad@gmail.com,4931222599.0
11607,UP,kems2004manjeshwar@gmail.com,7012013702.0
37434,UP,gisupsmezhuveli@gmail.com,9747888352.0
21582,UP,stmaryspudunagaram@gmail.com,4923254517.0
12433,UP,naups3@gmail.com,4672259125.0
45266,UP,ckmupst@gmail.com,4829224173.0
16754,UP,katamerimupschool@gmail.com,4962961135.0
19873,UP,aupsthenhipalammlp@gmail.com,4942405340.0
13751,UP,ariyilups@gmail.com,4602221286.0
36271,UP,upschunakara@gmail.com,4792377350.0
48458,UP,aupschoolmampad@gmail.com,4931200022.0
12559,UP,12559rahmania@gmail.com,9744288218.0
30448,UP,gupspkv@gmail.com,4869286970.0
16663,UP,gmupparakkadavu@gmail.com,9446792689.0
40442,UP,piravanthoorups@gmail.com,4752372100.0
13551,UP,gmupspayangadi1@gmail.com,4972877522.0
18673,UP,oupschoolpadinhattummuri@gmail.com,4933240395.0
15356,UP,karachalgupschool@gmail.com,4936249500.0
19261,UP,aupsnellisseri@gmail.com,9074093309.0
44449,UP,lpupsnellikkakuzhi@gmail.com,4712260040.0
31319,UP,govtupsanickad@gmail.com,9496705511.0
47565,UP,aupspcpalam@gmail.com,9846111289.0
18245,UP,uahmupsomr@gmail.com,4832728888.0
24675,UP,st.piusxthupschool@gmail.com,4884235591.0
18255,UP,gpskodasseri@gmail.com,7034353131.0
43248,UP,gupsthirumala123@gmail.com,4712368487.0
18480,UP,bmmupschappanangadi@gmail.com,4832705260.0
38550,UP,gupsvaravoor3@gmail.com,4735224567.0
19687,UP,IUPSHOOL451@gmail.com,8547006576.0
42552,UP,upsvengod123@gmail.com,4722587647.0
15248,UP,gupscottanad@gmail.com,4936281198.0
43337,UP,gupspalkulangara@gmail.com,9961249401.0
18380,UP,gmupvkd@gmail.com,4832724750.0
13221,UP,narickodeupschoolmuzhappala@gmail.com,9961004386.0
44251,UP,dvupsthalayal@gmail.com,4712406015.0
39547,UP,tkdmsooranad1979@gmail.com,9495511898.0
39351,UP,ptmupsakl@gmail.com,4742467217.0
45354,UP,bonifaceups@gmail.com,4812535305.0
44245,UP,puthichalgups@gmail.com,2406216.0
32356,UP,smupskty@gmail.com,8281875318.0
42454,UP,upsmanjappara123@gmail.com,4722860010.0
17252,UP,nmskallai3@gmail.com,8547522425.0
16666,UP,kacheriup123@gmail.com,9846234858.0
21444,UP,sabarivlnmups@gmail.com,
40445,UP,smupsary40445@gmail.com,4752964357.0
24265,UP,24265aupspalayur@gmail.com,9745494095.0
19884,UP,ismupschool@gmail.com,4942434989.0
25461,UP,saupselavoor@gmail.com,9497238840.0
16664,UP,arurups.arur@gmail.com,4962580175.0
13568,UP,evmups@gmail.com,4602280547.0
24344,UP,gupschoondal@gmail.com,4885236343.0
28529,UP,smupschoolanchelpetty@gmail.com,4852274017.0
47652,UP,nirmalaupschoolk@gmail.com,4962660111.0
48559,UP,school.keralaestate@gmail.com,4931280670.0
23359,UP,xavierscupspudukad@gmail.com,4802756075.0
16862,UP,mupsmuduvana@gmail.com,4962536077.0
47231,UP,aupskgm@gmail.com,4952804083.0
13670,UP,school13670@gmail.com,4972747847.0
40245,UP,hmipmups@gmail.com,4742434311.0
43350,UP,ups43350@gmail.com,9349937271.0
19287,UP,newmalabarems@gmail.com,98467869090.0
21348,UP,hmgupskpara205@gmail.com,4923272205.0
19774,UP,edakkanadgmups@gmail.com,4942562492.0
48455,UP,gupsermd@gmail.com,4931206055.0
23251,UP,nupswestkoratty@gmail.com,4802732395.0
38548,UP,rannypazhavangadiups@gmail.com,4735228523.0
38551,UP,upskollamula@gmail.com,4735263870.0
44373,UP,stjosephvavode@gmail.com,4712262945.0
17555,UP,ganapataup@gmail.com,9495574829.0
32444,UP,holyfamilyups2015@gmail.com,9961698772.0
16669,UP,evup16669@gmail.com,4962552696.0
16562,UP,kannothup@gmail.com,
16662,UP,gupsnadapuram@gmail.com,4962552199.0
27321,UP,sjupsnellimattom@gmail.com,4852859961.0
40237,UP,upsarippa@gmail.com,9061920242.0
35345,UP,skdupschool@gmail.com,4792489122.0
26336,UP,amaravathyschool@gmail.com,2215338.0
16352,UP,kcupschool@gmail.com,4962621104.0
12344,UP,12344panangadup@gmail.com,4672240417.0
18243,UP,alansarups@gmail.com,4832755900.0
14354,UP,gupskadirur123@gmail.com,4902388790.0
11350,UP,11350katukukke@gmail.com,9496191290.0
42461,UP,vupsvlr456@gmail.com,9539723533.0
41453,UP,kvupsasramam@gmail.com,4742767686.0
18472,UP,gmupirumbuzhi@gmail.com,4832730056.0
27205,UP,govtupskombanad@gmail.com,4842648600.0
16671,UP,vanimalmups@gmail.com,7356001909.0
42448,UP,nalandaschoolvettiyara@gmail.com,9567653324.0
28528,UP,gupsveliyanad@gmail.com,4842738148.0
25259,UP,chunangamvelystjosephs@gmail.com,4842838837.0
45267,UP,vijayodayamups@gmail.com,4829293173.0
19881,UP,gupsmundothuparamba@gmail.com,4832838482.0
15376,UP,varadooraup@gmail.com,9400789861.0
42352,UP,kvupsvellumannady@gmail.com,4722870326.0
42563,UP,upschoolparantode@gmail.com,4722891855.0
41670,UP,titushebron8@gmail.com,2520213.0
26538,UP,nedungadunionupschool@gmail.com,9447832233.0
37339,UP,gupsvallamkulam@gmail.com,4692609505.0
13762,UP,gupsparappa@gmail.com,4602287207.0
21734,UP,stdominicsaups@gmail.com,4912987537.0
11475,UP,auaupsksd@gmail.com,9188925399.0
48336,UP,aupsvelliyancheri@gmail.com,9446667145.0
41452,UP,govttownups@gmail.com,4742794876.0
13388,UP,alhudakanhirode@gmail.com,4972857151.0
16365,UP,karayadaups11@gmail.com,9946703363.0
39546,UP,st.thomasupschoolsooranad@gmail.com,9497342892.0
22275,UP,jupskulvarandarappilly@gmail.com,4802763858.0
30536,UP,keupspuliyanmala@gmail.com,4868270414.0
11347,UP,sreedurgaschool@gmail.com,9961261173.0
18753,UP,kmmups123@gmail.com,9744511093.0
29206,UP,ihepgovtups@gmail.com,4862252677.0
20263,UP,aupskanniampuram@gmail.com,
18588,UP,gmupsvettikkattiri@gmail.com,8921205416.0
32376,UP,damupsmuttapally@gmail.com,8848911700.0
41345,UP,stgeorgearinalloor@gmail.com,9446181147.0
38647,UP,38647gups@gmail.com,9495757935.0
18374,UP,amupsmongam@gmail.com,4832772820.0
13376,UP,neerchalgups@gmail.com,9947401333.0
19885,UP,mismupspkparamba@gmail.com,4942487411.0
19442,UP,chelupadamups@gmail.com,4832890938.0
42550,UP,gupsperayam@gmail.com,4722842559.0
38556,UP,communityups@gmail.com,4735229608.0
38330,UP,srvups2011@gmail.com,4734259618.0
39358,UP,prmsupsedakkidom@gmail.com,9846837123.0
47663,UP,valoorgups@gmail.com,4962613710.0
39349,UP,vvups39349@gmail.com,4742465888.0
12353,UP,12353aupstheruvath@gmail.com,4672206419.0
32349,UP,archanasaigal0@gmail.com,4828214655.0
19872,UP,gupsvaliyora@gmail.com,4942459817.0
29322,UP,stthomupschool@gmail.com,8301088167.0
29202,UP,29202stups@gmail.com,4862253355.0
19683,UP,chmkmupskundoor2018@gmail.com,4942480086.0
18240,UP,aupstrippanachi@gmail.com,4832820755.0
20259,UP,aupsmanisseri@gmail.com,4662246018.0
24668,UP,sjupskundannur@gmail.com,234946.0
25853,UP,gupskizhakkepram@gmail.com,4842998770.0
14667,UP,mooriyadcentralups14667@gmail.com,9496623999.0
47650,UP,gupskaruvannur@gmail.com,4962651470.0
44247,UP,anilasher72@gmail.com,9496546325.0
33302,UP,pioneerups2010@gmail.com,4812440572.0
43243,UP,gupspoojappura@gmail.com,
23353,UP,gupsanandapuram@gmail.com,4802880725.0
18476,UP,muthiriparambagups@gmail.com,4832775100.0
41259,UP,sreeloardkrishna600@gmail.com,4762862459.0
23546,UP,snvupsaloor@gmail.com,4802722396.0
18760,UP,ptmupsamminikkad@gmail.com,9895560204.0
42255,UP,amttischool@gmail.com,4702608490.0
28425,UP,sjups7@gmail.com,2830969.0
42339,UP,kunnuvaramups100@gmail.com,9946223929.0
20362,UP,cupspulappatta@gmail.com,4662275512.0
13556,UP,gmupsthekkumbad@gmail.com,4972860920.0
38253,UP,gups.manakala@gmail.com,8301905937.0
14458,UP,kararathups14458@gmail.com,4902338072.0
13959,UP,perulups@gmail.com,4985278300.0
30535,UP,mgupspooppara@gmail.com,4868245907.0
28532,UP,stmarysschoolvettithara@gmail.com,9447849041.0
48466,UP,hmgmupsnbr@gmail.com,4931220410.0
41549,UP,41549nvups@gmail.com,9961949579.0
23249,UP,sjupsmeloor@gmail.com,4802737472.0
21345,UP,govtupschoolathicode@gmail.com,4923272468.0
16759,UP,mcmupschoolmayyannur@gmail.com,9496025835.0
18750,UP,vrupsmuthukurussi@gmail.com,4933230030.0
18390,UP,irshadiya66@gmail.com,8129558535.0
48463,UP,myladygups@gmail.com,4931206800.0
40347,UP,nvupshm@gmail.com,4742438221.0
21361,UP,sbsolassery@gmail.com,4912965999.0
27309,UP,govtupspaipra@gmail.com,4852549956.0
19882,UP,pmsamupschoolnelliparamba@gmail.com,4942450131.0
33441,UP,gupschingavanam@gmail.com,4812435687.0
23239,UP,lemsinchakundu@gmail.com,4802780014.0
42561,UP,stritas2016ups@gmail.com,9446554420.0
18665,UP,aemaupsmoorkanad@gmail.com,9946909294.0
13442,UP,gupsareekamala@gmail.com,9562543748.0
18744,UP,hmarakkuparamba@gmail.com,4933250600.0
37648,UP,vattakottalups@gmail.com,4692667800.0
28317,UP,govtupskklm@gmail.com,4852253851.0
14560,UP,palathayupschool@gmail.com,4902392411.0
31464,UP,gupschempilavu@gmail.com,4822254085.0
40452,UP,snupspiravanthoor24@gmail.com,9037435732.0
33213,UP,govtupsnattasery@gmail.com,4812311265.0
21660,UP,mmupsppm@gmail.com,9446670417.0
42440,UP,gtupskilimanoor@gmail.com,4702675925.0
33201,UP,pjmupschoolaymanam@gmail.com,0.0
27313,UP,gupsthalakode@gmail.com,4852554007.0
40443,UP,gupspoonkulanji@gmail.com,4752385355.0
14462,UP,meupschool1@gmail.com,9496407475.0
19543,UP,vkdsouth@gmail.com,4942677289.0
19778,UP,amupschool.147@gmail.com,9744342525.0
48460,UP,hmsmmoothedam49@gmail.com,4931279242.0
13373,UP,mcupschool@gmail.com,4972792494.0
15360,UP,hmgupskolagappara@gmail.com,4936221122.0
42350,UP,atl42350@gmail.com,0.0
38256,UP,gpmupsbhoothamkara@gmail.com,4734292457.0
25849,UP,gupschmvdkpm@gmail.com,4842518822.0
12340,UP,12340gupshosdurgkadappuram@gmail.com,4673560591.0
24346,UP,gupspuduruthy@gmail.com,4885262512.0
12432,UP,skgmaup@gmail.com,4672235458.0
21906,UP,hfcupsmundakkunnu@gmail.com,4924238415.0
14568,UP,najathulislampanoor@gmail.com,4902311401.0
47667,UP,chempanodaups@gmail.com,4962666919.0
37343,UP,nsskupskizhakkenothera@gmail.com,9447144285.0
48552,UP,aupseriyad1957@gmail.com,8891379328.0
19546,UP,hmaupspanampad@gmail.com,4942674350.0
44366,UP,upspoozhanad@gmail.com,4712255626.0
41350,UP,mestvk@gmail.com,4762873400.0
46226,UP,shupschampakulam@gmail.com,4772737246.0
23552,UP,gupskundoor@yahoo.in,2779735.0
14356,UP,eranholiwestupschool@gmail.com,4902353066.0
46218,UP,chathurthiakary@gmail.com,4772707781.0
20354,UP,aupsazhiyannur@gmail.com,4662267755.0
28526,UP,onakkoorn@gmail.com,4852265508.0
18758,UP,gmupsvalapuram@gmail.com,9495454253.0
38327,UP,skvupsthattayil@gmail.com,4734225329.0
42658,UP,snupskollayil@gmail.com,4742915525.0
19400,UP,aliyaenglishschool@gmail.com,7306590649.0
21569,UP,mestpublicschooladipperanada@gmail.com,6238750861.0
37262,UP,gmupgstvla@gmail.com,
42439,UP,vanchiyoorups@gmail.com,4702677577.0
33506,UP,tmuupsmeenadom@gmail.com,4812555250.0
12352,UP,12352nkbmaupsnileshwar@gmail.com,4672284410.0
15428,UP,saupsthirunelly@gmail.com,4935210053.0
44365,UP,tkdmpanniyode@gmail.com,9188541221.0
37263,UP,diettvla@gmail.com,4692603747.0
15245,UP,gupskambalakkad@gmail.com,4936285180.0
26530,UP,gupsekd@gmail.com,4842506225.0
44246,UP,bhagavathinadaups@gmail.com,4712402300.0
38444,UP,nmupskeekozhoor@gmail.com,4735200158.0
47354,UP,santhomemschool@gmail.com,4832759461.0
13466,UP,perinthileriaups@gmail.com,4602261793.0
14552,UP,chendayadupschool@gmail.com,4902316716.0
11254,UP,aups.anekal@gmil.com,4998203800.0
13855,UP,rkups205@gmail.com,4972790717.0
20249,UP,asbsperur1910@gmail.com,4912873485.0
44453,UP,44453pvups@gmail.com,8075948553.0
18463,UP,amupsshare@gmail.com,4832706099.0
11606,UP,almadeenaalmadeena4@gmail.com,8157844179.0
24433,UP,malathyups@gmail.com,4885238546.0
11368,UP,hmaupsmulleria@gmail.com,4994262925.0
35440,UP,35440haripad@gmail.com,4792473222.0
14879,UP,beenajoseph1970.tv@gmail.com,4902450966.0
20246,UP,hmpalakode1@gmail.com,4662243375.0
41643,UP,41643kundara@gmail.com,4742548854.0
18670,UP,trkaupsvengad@gmail.com,4933264258.0
34345,UP,34345thuravoor@gmail.com,4782522125.0
13462,UP,niduvalooraups62@gmail.com,4603201819.0
13447,UP,govtupspayyavoor@gmail.com,
16356,UP,school16356@gmail.com,
31540,UP,ullanadshups@gmail.com,4822248392.0
12338,UP,12338gupschoolbelur@gmail.com,4672246600.0
19438,UP,dvaups123@gmail.com,8086929505.0
24348,UP,gbskunnamkulam@gmail.com,9745126448.0
48452,UP,gupsamarambalamsouth@gmail.com,4931260028.0
39452,UP,rajeevaty@gmail.com,9961308525.0
48560,UP,ucnnmaupsporur@gmail.com,9946331372.0
23440,UP,gupsmethala@gmail.com,4802803530.0
41340,UP,gupsmukkuthode@gmail.com,4762684122.0
41250,UP,padasouthwups@gmail.com,4762625567.0
26451,UP,shupskodamkulangara@gmail.com,4842775378.0
19874,UP,valiyoraeastamups@gmail.com,4942451743.0
48245,UP,hmodakkayam@gmail.com,9496696468.0
43459,UP,evupschool@gmail.com,4712715278.0
48486,UP,alfalahschool.school@gmail.com,4931221331.0
45363,UP,stgeorgeupsmanvettam@gmail.com,4829245041.0
41248,UP,skvups1936@gmail.com,4762625686.0
36458,UP,gupsputhuppallynorth@gmail.com,8547231548.0
12550,UP,12550aupskovval@gmail.com,4672264222.0
37259,UP,gupschumathra@gmail.com,4692600218.0
20256,UP,aupscherumundassery@gmail.com,9495874235.0
30241,UP,shupspadamugam@gmail.com,4868263765.0
12546,UP,12546udinurkadappuram@gmail.com,467270900.0
48484,UP,mcups.vadapuram@gmail.com,4931223470.0
18578,UP,schoolpathappiriyam@gmail.com,4832704604.0
13769,UP,taliparambaupschool@gmail.com,4602207935.0
35236,UP,35236mmaups@gmail.com,7736504212.0
21258,UP,aupskannambra@gmail.com,8547973402.0
47564,UP,naupskakkur@gmail.com,4952857107.0
13860,UP,331maup@gmail.com,9961756040.0
29324,UP,ssupsezhalloor@gmail.com,4862248568.0
30450,UP,kattadikavalagups@gmail.com,4869246400.0
43341,UP,upskunnukuzhy@gmail.com,8921253328.0
29359,UP,ssupsthodupuzha@gmail.com,220570.0
14562,UP,spanoorup@gmail.com,9446658991.0
29329,UP,smups765@gmail.com,4862274765.0
16568,UP,naduvathurupschool@gmail.com,9961474339.0
25256,UP,mesupsedathala@gmail.com,4842838882.0
41662,UP,41662vellimon@gmail.com,4742549685.0
14572,UP,snemsg15@gmail.com,4902317140.0
18235,UP,gmupskizhisseri@gmail.com,4832754699.0
13675,UP,kidsgarden197@gmail.com,9995337364.0
38654,UP,snsvmups2942@gmail.com,8848656378.0
48253,UP,chengaragups@gmail.com,4832796646.0
32245,UP,sjupspoonjar@gmail.com,4822276099.0
20260,UP,bemupsottapalam@gmail.com,9446409089.0
19453,UP,gmups.vnr@gmail.com,9947050306.0
16569,UP,snbmgups@gmail.com,2600285.0
17470,UP,chelannuraups@gmail.com,4952262958.0
45264,UP,lfuppothy@gmail.com,4829237245.0
29403,UP,josgirisjups@gmail.com,4865266499.0
19550,UP,tiupsponani@gmail.com,4942668086.0
11464,UP,muliyargups@gmail.com,9496238518.0
12438,UP,aupskunnumkai@gmail.com,4672245779.0
44242,UP,44242athiyannoor@gmail.com,4712220221.0
15483,UP,gupsnallurnad670645@gmail.com,4935244926.0
20662,UP,aidedupperprimary@gmail.com,4662217339.0
21274,UP,tmhupsmanjapra@gmail.com,7558968321.0
43334,UP,gupskusavarkal@gmail.com,9497426735.0
16363,UP,vengalamups@gmail.com,9895575766.0
47554,UP,desasevaaups@gmail.com,9048664477.0
19360,UP,rahmani.randathani@gmail.com,8086200083.0
19455,UP,naupsvallikunnu@gmail.com,4942472550.0
14772,UP,tholambraups@gmail.com,4902401650.0
13451,UP,chengalayiaups@gmail.com,4602232747.0
21907,UP,icsupshm@gmail.com,4924260399.0
16349,UP,divyaneeharam@gmail.com,9446508147.0
42356,UP,gsvupspuravoor@gmail.com,4702625622.0
21568,UP,nalandakoduvayur@gmail.com,4923253402.0
14662,UP,ekupsekups1965@gmail.com,9388929881.0
26257,UP,pizhalaschool@gmail.com,4842430643.0
15458,UP,anmupsedavaka1954@gmail.com,4935240615.0
11275,UP,albishara11275@gmail.com,4998202129.0
11452,UP,gupsbendichal@gmail.com,
21359,UP,agmaup@gmail.com,9745265103.0
24262,UP,rcupkottapadi@gmail.com,9447995607.0
18238,UP,puliyacodeaups@gmail.com,4832756777.0
37268,UP,bethanyvilasamups@gmail.com,4692636010.0
13766,UP,sjupspkba@gmail.com,4602213529.0
47469,UP,hmandonaamups@gmail.com,9446256297.0
16860,UP,16860hm@gmail.com,4962528120.0
33454,UP,vjomups@gmail.com,8113089386.0
32357,UP,stgeorgeup@gmail.com,4828280801.0
23441,UP,kpmupschool@gmail.com,4802802884.0
44454,UP,runsesuresh@gmail.com,4712237521.0
18659,UP,amupskoottil@gmail.com,4933238160.0
13654,UP,school13654@gmail.com,4972771390.0
16355,UP,kkkmupscheliya@yahoo.in,9495688769.0
41653,UP,41653mulavana@gmail.com,4742523408.0
29243,UP,blindschool97@gmail.com,8075227505.0
45353,UP,stthomasupskurumulloor@gmail.com,4812731209.0
16576,UP,aupkeezhpayur@gmail.com,9976060727.0
23351,UP,ssaiupspadiyoor@gmail.com,9895457089.0
48469,UP,parambagups@gmail.com,9495270595.0
21262,UP,moolamcodeup@gmail.com,8547254189.0
20548,UP,scups339@gmail.com,4662255339.0
15462,UP,lfschoolmtdy@gmail.com,4935242999.0
19859,UP,arnagargups1924@gmail.com,4942493261.0
11445,UP,luluenglishschool@gmail.com,9037111171.0
39261,UP,chethadyups@gmail.com,9495117915.0
22672,UP,gupsarimpur@gmail.com,4872310565.0
47478,UP,naupschool@gmail.com,4952247044.0
19862,UP,cherurgmups@gmail.com,4942454056.0
26531,UP,fisheriesups@gmail.com,4842492401.0
24661,UP,gupsmayannur@gmail.com,4884285552.0
47464,UP,hmgmupsvennakkad@gmail.com,4952211264.0
12548,UP,12548aups@gmail.com,4672999385.0
21738,UP,mcbupsmannur@gmail.com,9400736012.0
40244,UP,smupsthrikkannapuram@gmail.com,9746298170.0
39449,UP,mgemupspattazhy@gmail.com,9447621486.0
21905,UP,kalladikodeaups@gmail.com,9497355487.0
19869,UP,amupskuttitharammal@gmail.com,9946041222.0
32449,UP,govtnewups@gmail.com,9446126692.0
39447,UP,gupserathuvadakku@gmail.com,4752397100.0
19549,UP,miupspni@gmail.com,4942663064.0
41451,UP,govtsndpups@gmail.com,4742764380.0
15375,UP,hmkvaupschool@gmail.com,4936211760.0
18583,UP,gupsvmbr@gmail.com,9995483892.0
12230,UP,khmengschool@gmail.com,4672268686.0
35350,UP,muupschool@gmail.com,9497787072.0
14770,UP,hmpupsporora@gmail.com,9497661838.0
14241,UP,gupsayyalath@gmail.com,4902322308.0
33207,UP,gupskumarakom@gmail.com,4812524630.0
38737,UP,gwupst@gmail.com,4682383033.0
36274,UP,36274alappuzha@gmail.com,4792320091.0
26543,UP,infjesoch@gmail.com,4842503888.0
24431,UP,vanivilasamups@gmail.com,4872260159.0
19382,UP,aupsnaduvattam@gmail.com,2600400.0
39456,UP,dvupsdvups@gmail.com,4742615453.0
20364,UP,dpaups@gmail.com,6282124764.0
48483,UP,pmsaupsramankuth@gmail.com,9496362458.0
13362,UP,kadalaysouthups@gmail.com,4972731113.0
13852,UP,pamburuthimaups@gmail.com,9495150030.0
44253,UP,upsvenniyoor@gmail.com,9497849948.0
36285,UP,36285alappuzha@gmail.com,9048619970.0
17457,UP,caupschool@gmail.com,9745659422.0
41337,UP,anuvelilgups@gmail.com,4762682022.0
21642,UP,ssemspkd@gmail.com,4912526070.0
25633,UP,upskummanode@gmail.com,4842687001.0
19254,UP,kmgupstavanur@gmail.com,4942686099.0
19371,UP,amupspuramannur@gmail.com,4942622109.0
32250,UP,mechalups@gmail.com,9495234613.0
32352,UP,dunhmnha@gmail.com,4828204032.0
24565,UP,nattikawestkmups@gmail.com,4872399563.0
14368,UP,rca14368@gmail.com,9946695528.0
25251,UP,gupskeezhmad@gmail.com,4842963982.0
16579,UP,sacredheartupschool@gmail.com,9037309448.0
37652,UP,snvtyr125@gmail.com,4692654055.0
31264,UP,srups249435@gmail.com,4822249435.0
39544,UP,onavilaups@gmail.com,9645656296.0
41459,UP,st.antonysvaddy@gmail.com,2791113.0
24670,UP,pallikkalaups@gmail.com,4884299005.0
12348,UP,12348gupsprantharkave@gmail.com,9495778180.0
32361,UP,michaels32361@gmail.com,4828262332.0
47670,UP,perambragups@gmail.com,4962611336.0
21558,UP,vrcmupschoolvallanghy@gmail.com,4923242474.0
17250,UP,govindapuramaups@gmail.com,9446782639.0
42450,UP,adayamonups@gmail.com,9946865657.0
43462,UP,stthomasups1950@gmail.com,4712719563.0
24358,UP,mkmups@gmail.com,9496756723.0
13371,UP,macherynewupschool@gmail.com,4972859666.0
11276,UP,11276kamilkokkechal@gmail.com,9747486786.0
23555,UP,upskathikudam2014@gmail.com,9446029207.0
17334,UP,mavoorgmupschool@gmail.com,2883440.0
17332,UP,gupskodal@gmail.com,4952433330.0
20459,UP,aupskulappully@gmail.com,8606335444.0
43348,UP,lmsupstvm@gmail.com,4712310826.0
33308,UP,csupschoolmadappally@gmail.com,4812473080.0
40344,UP,stgeorgeupsayoor@gmail.com,4752294500.0
38745,UP,kmupschool1932@gmail.com,9496102432.0
35436,UP,35436haripad@gmail.com,4792410005.0
14556,UP,kwupschool@gmail.com,4902391975.0
14364,UP,padannakkarabup@gmail.com,4902540664.0
12448,UP,12448hfemskadumeni@gmail.com,8078182623.0
20261,UP,kizhurschool@gmail.com,4662242886.0
11361,UP,svaups@gmail.com,4998266162.0
20264,UP,modelemups@gmail.com,4662242636.0
29214,UP,29214vazhathope@gmail.com,9446781400.0
41531,UP,harisreelps@gmail.com,4742516919.0
13359,UP,edachovvaups@gmail.com,7012691375.0
13213,UP,iverkulamgpups2012@gmail.com,9947809121.0
16341,UP,gmupsvelur@gmail.com,4962673326.0
19257,UP,cpnupsvattamkulam@gmail.com,4942682662.0
21559,UP,sremupsnma@gmail.com,4923244350.0
18232,UP,gupscheekode@gmail.com,9048037210.0
48477,UP,karappuramcups@gmail.com,4931278807.0
11455,UP,gmups11455@gmail.com,9446510757.0
39538,UP,standruwsups@gmail.com,9947427570.0
19878,UP,aupsedakkaparamba5@gmail.com,4942493153.0
12234,UP,gfupsajanoor@gmail.com,6282727288.0
18379,UP,puthurpallikkalamups1947@gmail.com,4942400114.0
29427,UP,gjupsayiramacre@gmail.com,4864223996.0
39540,UP,dvnssupsiverkala39540@gmail.com,9744782505.0
12541,UP,12541gupsnalilamkandam@gmail.com,4672231533.0
47346,UP,littleflowerups47346@gmail.com,4952277966.0
29444,UP,snupschuruly@gmail.com,4862234252.0
18242,UP,chmkmupsmklm@gmail.com,9447468509.0
14761,UP,upskunnoth@gmail.com,4902487160.0
16858,UP,karuvencheryupschool@gmail.com,8086291894.0
12233,UP,agasaraholegups@gmail.com,9747229581.0
14867,UP,nsskupsk@gmail.com,4902430229.0
36464,UP,mtupskattanam@gmail.com,4792330444.0
41646,UP,41646gups@gmail.com,4742561460.0
25454,UP,illithodegups@gmail.com,9447050293.0
42557,UP,shupschmnr@gmail.com,4722848526.0
29333,UP,hm.thalayanad@gmail.com,4862258181.0
13774,UP,sjupsvayattuparamba@gmail.com,4602245504.0
18573,UP,aupskarakunnu@gmail.com,9633939980.0
