[OK] Connected to Supabase PostgreSQL cloud database!
[06:12:33] [INFO] Batch subcategory mode enabled! Found 20 subcategories under 'Hotels & Restaurants':
[06:12:33]    Bakeries, Banquet Halls, Burger Joints, Caterers, Diet Food Restaurants, Fried Chicken Delivery Restaurants, Fried Chicken Restaurants, Grill Restaurants, Halal Restaurants, Home Delivery Restaurants, Hotels, Indian Restaurants, Inexpensive Restaurants Below Rs 500, Kebab Restaurants, Mandi Restaurants, Moderate Restaurants Rs 500 To Rs 1000, Restaurants, Sandwich Stalls, Sweet Shops, Yemeni Restaurants
[06:12:33] 
############################################################
[06:12:33] ## Subcategory [1/20]: Bakeries
[06:12:33] ############################################################
[06:12:33]   [CHECKPOINT] Already completed 'Bakeries' in 'Kannur'. Skipping!
[06:12:33] 
############################################################
[06:12:33] ## Subcategory [2/20]: Banquet Halls
[06:12:33] ############################################################
[06:12:33]   [CHECKPOINT] Already completed 'Banquet Halls' in 'Kannur'. Skipping!
[06:12:33] 
############################################################
[06:12:33] ## Subcategory [3/20]: Burger Joints
[06:12:33] ############################################################
[06:12:33]   [CHECKPOINT] Already completed 'Burger Joints' in 'Kannur'. Skipping!
[06:12:33] 
############################################################
[06:12:33] ## Subcategory [4/20]: Caterers
[06:12:33] ############################################################
[06:12:33]   [CHECKPOINT] Already completed 'Caterers' in 'Kannur'. Skipping!
[06:12:33] 
############################################################
[06:12:33] ## Subcategory [5/20]: Diet Food Restaurants
[06:12:33] ############################################################
[06:12:33]   [CHECKPOINT] Already completed 'Diet Food Restaurants' in 'Kannur'. Skipping!
[06:12:33] 
############################################################
[06:12:33] ## Subcategory [6/20]: Fried Chicken Delivery Restaurants
[06:12:33] ############################################################
[06:12:33] ============================================================
[06:12:33]   JustDial Direct API Scraper (JWT Enabled + Cursor Pagination)
[06:12:33] ============================================================
[06:12:33]   District:  Kannur
[06:12:33]   Category:  Fried Chicken Delivery Restaurants
[06:12:33]   Max pages: 5 x up to 100 results each
[06:12:33]   Mode:      LIVE (saving to DB)
[06:12:33] ============================================================
[06:12:33] [INFO] Found 40 local areas for district 'Kannur':
[06:12:33]    Kannur City, Thalassery, Payyannur, Taliparamba, Iritty, Kuthuparamba, Mattannur, Chala Kannur, Dharmadom, Valapattanam, Pappinisseri, Muzhappilangad, Panoor, Alakode, Kelakam, Peravoor, Payyambalam Beach, Pallikkunnu, Thottada, Peringome, Sreekandapuram, Cherupuzha, Karivellur, Madayi, Pilathara, Mayyil, Anjarakandy, Chakkarakkal, Pinarayi, Kadirur, Chirakkal, Ezhimala, Chelora, Edakkad, Kalliasseri, Kottayam Malabar, Ulikkal, Mananthavady Road Kannur, Mattul, Keezhur
[06:12:33] 
==========================================
[06:12:33] [*] Scraping target 1/40: Kannur City
[06:12:33] ==========================================
[06:12:34] ? Found 100 total Fried Chicken Delivery Restaurants in Kannur City.
[06:12:34]   Scraping page 1 (got 10 results)...
[06:12:34]   Checking page 2 for the next batch...
[06:12:34]   [1] [IMG] WESTBURG DARMASHALA | +(91)-7411790657 | 7 photos
[06:12:34]        [1] https://content.jdmagicbox.com/v2/comp/kannur/z9/9999px497.x497.250712160334.d1z9/catalogu...
[06:12:34]        [2] https://images.jdmagicbox.com/v2/comp/kannur/z9/9999px497.x497.250712160334.d1z9/catalogue...
[06:12:34]        [3] https://images.jdmagicbox.com/v2/comp/kannur/z9/9999px497.x497.250712160334.d1z9/catalogue...
[06:12:39]   [2] [IMG] Jesna Lunch Room | +(91)-9605683147 | 7 photos
[06:12:39]        [1] https://content.jdmagicbox.com/comp/kannur/f2/9999px497.x497.190220121951.z4f2/catalogue/j...
[06:12:39]        [2] https://images.jdmagicbox.com/comp/kannur/f2/9999px497.x497.190220121951.z4f2/catalogue/je...
[06:12:39]        [3] https://images.jdmagicbox.com/comp/kannur/f2/9999px497.x497.190220121951.z4f2/catalogue/je...
[06:12:40]   [3] [IMG] Arabian Grill | +(91)-9544400048 | 9 photos
[06:12:40]        [1] https://content.jdmagicbox.com/comp/kannur/y4/9999px497.x497.170926210343.p8y4/catalogue/a...
[06:12:40]        [2] https://images.jdmagicbox.com/comp/kannur/y4/9999px497.x497.170926210343.p8y4/catalogue/ar...
[06:12:40]        [3] https://images.jdmagicbox.com/comp/kannur/y4/9999px497.x497.170926210343.p8y4/catalogue/ar...
[06:12:40]   [4] [IMG] Hotel Green Park | +(91)-9447850097 | 9 photos
[06:12:40]        [1] https://content.jdmagicbox.com/comp/kannur/n5/9999px497.x497.171001155450.e6n5/catalogue/h...
[06:12:40]        [2] https://images.jdmagicbox.com/comp/kannur/n5/9999px497.x497.171001155450.e6n5/catalogue/ho...
[06:12:40]        [3] https://images.jdmagicbox.com/v2/comp/kannur/n5/9999px497.x497.171001155450.e6n5/catalogue...
[06:12:41]   [5] [IMG] Rooster Fried & Grill | +(91)-8113001100 | 9 photos
[06:12:41]        [1] https://content.jdmagicbox.com/comp/kannur/v3/9999px497.x497.190517204357.c5v3/catalogue/r...
[06:12:41]        [2] https://images.jdmagicbox.com/comp/kannur/v3/9999px497.x497.190517204357.c5v3/catalogue/ro...
[06:12:41]        [3] https://images.jdmagicbox.com/comp/kannur/v3/9999px497.x497.190517204357.c5v3/catalogue/ro...
[06:12:41]   [6] [IMG] Chikeys | +(91)-9895131123 | 9 photos
[06:12:41]        [1] https://content.jdmagicbox.com/comp/def_content_category/chikeys/121050718-333489939663650...
[06:12:41]        [2] https://images.jdmagicbox.com/comp/def_content_category/chikeys/121050718-3334899396636500...
[06:12:41]        [3] https://images.jdmagicbox.com/comp/def_content_category/chikeys/86689044-2704886126304500-...
[06:12:42]   [7] [IMG] The Indian Express Superfast Restaurant | +(91)-8301009050 | 9 photos
[06:12:42]        [1] https://content.jdmagicbox.com/comp/kannur/e5/9999px497.x497.200106181231.h5e5/catalogue/t...
[06:12:42]        [2] https://images.jdmagicbox.com/comp/kannur/e5/9999px497.x497.200106181231.h5e5/catalogue/th...
[06:12:42]        [3] https://images.jdmagicbox.com/comp/kannur/e5/9999px497.x497.200106181231.h5e5/catalogue/th...
[06:12:43]   [8] [IMG] Go Ggrll Chokli | +(91)-9747217717 | 9 photos
[06:12:43]        [1] https://content.jdmagicbox.com/v2/comp/kannur/f8/9999px497.x497.230224144441.a3f8/catalogu...
[06:12:43]        [2] https://images.jdmagicbox.com/v2/comp/kannur/f8/9999px497.x497.230224144441.a3f8/catalogue...
[06:12:43]        [3] https://images.jdmagicbox.com/v2/comp/kannur/f8/9999px497.x497.230224144441.a3f8/catalogue...
[06:12:44]   [9] [IMG] Vkp S Cafe | +(91)-6235555112 | 9 photos
[06:12:44]        [1] https://content.jdmagicbox.com/v2/comp/kannur/u7/9999px497.x497.200107121359.c2u7/catalogu...
[06:12:44]        [2] https://images.jdmagicbox.com/v2/comp/kannur/u7/9999px497.x497.200107121359.c2u7/catalogue...
[06:12:44]        [3] https://images.jdmagicbox.com/v2/comp/kannur/u7/9999px497.x497.200107121359.c2u7/catalogue...
[06:12:44]   [10] [IMG] Afc American Fried Chicken Restaurant | +(91)-7373162111 | 9 photos
[06:12:44]        [1] https://content.jdmagicbox.com/comp/kannur/j3/9999px497.x497.220421184400.b5j3/catalogue/a...
[06:12:44]        [2] https://images.jdmagicbox.com/comp/kannur/j3/9999px497.x497.220421184400.b5j3/catalogue/af...
[06:12:44]        [3] https://images.jdmagicbox.com/comp/kannur/j3/9999px497.x497.220421184400.b5j3/catalogue/af...
[06:12:47]   Scraping page 2 (got 10 results)...
[06:12:47]   Checking page 3 for the next batch...
[06:12:47]   [1] [IMG] COCO CABANE CAFE | +(91)-8590090726 | 9 photos
[06:12:47]        [1] https://content.jdmagicbox.com/comp/kannur/t6/9999px497.x497.220728192535.f5t6/catalogue/c...
[06:12:47]        [2] https://images.jdmagicbox.com/comp/kannur/t6/9999px497.x497.220728192535.f5t6/catalogue/co...
[06:12:47]        [3] https://images.jdmagicbox.com/comp/kannur/t6/9999px497.x497.220728192535.f5t6/catalogue/co...
[06:12:47]   [2] [IMG] Wimbies Restaurant And Fried Chicken | +(91)-9895868789 | 7 photos
[06:12:47]        [1] https://content.jdmagicbox.com/comp/kannur/u9/9999px497.x497.170607163909.z1u9/catalogue/w...
[06:12:47]        [2] https://images.jdmagicbox.com/comp/kannur/u9/9999px497.x497.170607163909.z1u9/catalogue/wi...
[06:12:47]        [3] https://images.jdmagicbox.com/comp/kannur/u9/9999px497.x497.170607163909.z1u9/catalogue/wi...
[06:12:48]   [3] [IMG] Hfc Fried Chicken | +(91)-7902898916 | 9 photos
[06:12:48]        [1] https://content.jdmagicbox.com/comp/kannur/y5/9999px497.x497.230328181354.g1y5/catalogue/h...
[06:12:48]        [2] https://images.jdmagicbox.com/comp/kannur/y5/9999px497.x497.230328181354.g1y5/catalogue/hf...
[06:12:48]        [3] https://images.jdmagicbox.com/v2/comp/kannur/y5/9999px497.x497.230328181354.g1y5/catalogue...
[06:12:48]   [4] [IMG] Chilly Hut | +(91)-8330057833 | 9 photos
[06:12:48]        [1] https://content.jdmagicbox.com/comp/kannur/b1/9999px497.x497.210226155456.l3b1/catalogue/c...
[06:12:48]        [2] https://images.jdmagicbox.com/comp/kannur/b1/9999px497.x497.210226155456.l3b1/catalogue/ch...
[06:12:48]        [3] https://images.jdmagicbox.com/v2/comp/kannur/b1/9999px497.x497.210226155456.l3b1/catalogue...
[06:12:49]   [5] [IMG] American Fried Chicken | +(91)-7592044544 | 7 photos
[06:12:49]        [1] https://content.jdmagicbox.com/comp/kannur/h5/9999px497.x497.220107164349.v8h5/catalogue/-...
[06:12:49]        [2] https://images.jdmagicbox.com/comp/kannur/h5/9999px497.x497.220107164349.v8h5/catalogue/-v...
[06:12:49]        [3] https://images.jdmagicbox.com/comp/kannur/h5/9999px497.x497.220107164349.v8h5/catalogue/-a...
[06:12:49]   [6] [IMG] TFC TURKISH FRIED CHICKEN CHAKKARAKKAL | +(91)-8301867300 | 9 photos
[06:12:49]        [1] https://content.jdmagicbox.com/comp/kannur/n6/9999px497.x497.240121190829.e4n6/catalogue/t...
[06:12:49]        [2] https://images.jdmagicbox.com/comp/kannur/n6/9999px497.x497.240121190829.e4n6/catalogue/tf...
[06:12:49]        [3] https://images.jdmagicbox.com/comp/kannur/n6/9999px497.x497.240121190829.e4n6/catalogue/tf...
[06:12:50]   [7] [IMG] American Fried Chicken Pilathara | +(91)-8714759722 | 4 photos
[06:12:50]        [1] https://content.jdmagicbox.com/comp/kannur/g4/9999px497.x497.221019124021.h2g4/catalogue/a...
[06:12:50]        [2] https://images.jdmagicbox.com/comp/kannur/g4/9999px497.x497.221019124021.h2g4/catalogue/am...
[06:12:50]        [3] https://images.jdmagicbox.com/comp/kannur/g4/9999px497.x497.221019124021.h2g4/catalogue/am...
[06:12:50]   [8] [IMG] BURNO FRIED | +(91)-9961480764 | 6 photos
[06:12:50]        [1] https://content.jdmagicbox.com/v2/comp/kannur/h2/9999px497.x497.250809213421.y6h2/catalogu...
[06:12:50]        [2] https://images.jdmagicbox.com/v2/comp/kannur/h2/9999px497.x497.250809213421.y6h2/catalogue...
[06:12:50]        [3] https://images.jdmagicbox.com/v2/comp/kannur/h2/9999px497.x497.250809213421.y6h2/catalogue...
[06:12:51]   [9] [IMG] Chicking Fried Chicken (Kannur Mall) | +(91)-9744480000 | 9 photos
[06:12:51]        [1] https://content.jdmagicbox.com/comp/def_content_category/chicking-fried-chicken-11985242-m...
[06:12:51]        [2] https://images.jdmagicbox.com/comp/def_content_category/chicking-fried-chicken-11985242-mz...
[06:12:51]        [3] https://images.jdmagicbox.com/comp/def_content_category/chicking-fried-chicken/chicking-fr...
[06:12:51]   [10] [IMG] Hotel New Delhi | +(91)-9744866841 | 4 photos
[06:12:51]        [1] https://content.jdmagicbox.com/comp/def_content_category/south-indian-restaurants/new-dish...
[06:12:51]        [2] https://images.jdmagicbox.com/comp/def_content_category/south-indian-restaurants/new-dish-...
[06:12:51]        [3] https://images.jdmagicbox.com/comp/def_content_category/south-indian-restaurants/new-dish-...
[06:12:54]   Scraping page 3 (got 10 results)...
[06:12:54]   Checking page 4 for the next batch...
[06:12:54]   [1] [IMG] Lebanese |  | 9 photos
[06:12:54]        [1] https://content.jdmagicbox.com/comp/kannur/q2/9999px497.x497.181103164105.u9q2/catalogue/l...
[06:12:54]        [2] https://images.jdmagicbox.com/comp/kannur/q2/9999px497.x497.181103164105.u9q2/catalogue/le...
[06:12:54]        [3] https://images.jdmagicbox.com/comp/kannur/q2/9999px497.x497.181103164105.u9q2/catalogue/le...
[06:12:54]   [2] [IMG] Jubilee Restaurant | +(91)-9526366382 | 2 photos
[06:12:54]        [1] https://content.jdmagicbox.com/comp/def_content/buffet-restaurants/buffet-restaurants7-buf...
[06:12:54]        [2] https://images.jdmagicbox.com/comp/def_content/buffet-restaurants/buffet-restaurants7-buff...
[06:12:55]   [3] [IMG] Nks Chicken |  | 6 photos
[06:12:55]        [1] https://content.jdmagicbox.com/comp/kannur/k3/9999px497.x497.191212134539.x7k3/catalogue/n...
[06:12:55]        [2] https://images.jdmagicbox.com/comp/kannur/k3/9999px497.x497.191212134539.x7k3/catalogue/nk...
[06:12:55]        [3] https://images.jdmagicbox.com/comp/kannur/k3/9999px497.x497.191212134539.x7k3/catalogue/nk...
[06:12:55]   [4] [IMG] Volga Chef | +(91)-7907722050 | 9 photos
[06:12:55]        [1] https://content.jdmagicbox.com/comp/kannur/e6/9999px497.x497.220210163401.x2e6/catalogue/-...
[06:12:55]        [2] https://images.jdmagicbox.com/comp/kannur/e6/9999px497.x497.220210163401.x2e6/catalogue/-h...
[06:12:55]        [3] https://images.jdmagicbox.com/comp/kannur/e6/9999px497.x497.220210163401.x2e6/catalogue/-2...
[06:12:56]   [5] [IMG] RAK | +(91)-6235101101 | 9 photos
[06:12:56]        [1] https://content.jdmagicbox.com/comp/kasaragod/g9/9999p4994.4994.210127203131.f2g9/catalogu...
[06:12:56]        [2] https://images.jdmagicbox.com/comp/kasaragod/g9/9999p4994.4994.210127203131.f2g9/catalogue...
[06:12:56]        [3] https://images.jdmagicbox.com/comp/kasaragod/g9/9999p4994.4994.210127203131.f2g9/catalogue...
[06:12:56]   [6] [IMG] Chikeys | +(91)-8606131123 | 9 photos
[06:12:56]        [1] https://content.jdmagicbox.com/comp/kozhikode/y3/0495px495.x495.190525032936.x5y3/catalogu...
[06:12:56]        [2] https://images.jdmagicbox.com/comp/kozhikode/y3/0495px495.x495.190525032936.x5y3/catalogue...
[06:12:56]        [3] https://images.jdmagicbox.com/comp/kozhikode/y3/0495px495.x495.190525032936.x5y3/catalogue...
[06:12:57]   [7] [IMG] Chicking Fried Chicken | +(91)-7736067817 | 9 photos
[06:12:57]        [1] https://content.jdmagicbox.com/comp/def_content_category/chicking-fried-chicken/chicking-f...
[06:12:57]        [2] https://images.jdmagicbox.com/comp/def_content_category/chicking-fried-chicken/chicking-fr...
[06:12:57]        [3] https://images.jdmagicbox.com/comp/def_content_category/chicking-fried-chicken-11985242-mz...
[06:12:57]   [8] [IMG] MFC Fried & Arabic | +(91)-8075029408 | 9 photos
[06:12:57]        [1] https://content.jdmagicbox.com/comp/kasaragod/f1/9999p4994.4994.171009202643.v4f1/catalogu...
[06:12:57]        [2] https://images.jdmagicbox.com/comp/kasaragod/f1/9999p4994.4994.171009202643.v4f1/catalogue...
[06:12:57]        [3] https://images.jdmagicbox.com/comp/kasaragod/f1/9999p4994.4994.171009202643.v4f1/catalogue...
[06:12:58]   [9] [IMG] Oryx Village | +(91)-8488918253 | 9 photos
[06:12:58]        [1] https://content.jdmagicbox.com/comp/kasaragod/d5/9999p4994.4994.180609125522.s4d5/catalogu...
[06:12:58]        [2] https://images.jdmagicbox.com/comp/kasaragod/d5/9999p4994.4994.180609125522.s4d5/catalogue...
[06:12:58]        [3] https://images.jdmagicbox.com/comp/kasaragod/d5/9999p4994.4994.180609125522.s4d5/catalogue...
[06:12:59]   [10] [IMG] AFC | +(91)-7012677537 | 5 photos
[06:12:59]        [1] https://content.jdmagicbox.com/comp/kozhikode/l5/0495px495.x495.211203141452.z3l5/catalogu...
[06:12:59]        [2] https://images.jdmagicbox.com/comp/kozhikode/l5/0495px495.x495.211203141452.z3l5/catalogue...
[06:12:59]        [3] https://images.jdmagicbox.com/comp/kozhikode/l5/0495px495.x495.211203141452.z3l5/catalogue...
[06:13:01]   Scraping page 4 (got 10 results)...
[06:13:01]   Checking page 5 for the next batch...
[06:13:01]   [1] [IMG] Golden Dine Family Restaurant | +(91)-9567302261 | 8 photos
[06:13:01]        [1] https://content.jdmagicbox.com/comp/kasaragod/e3/9999p4994.4994.181212142924.v8e3/catalogu...
[06:13:01]        [2] https://images.jdmagicbox.com/comp/kasaragod/e3/9999p4994.4994.181212142924.v8e3/catalogue...
[06:13:01]        [3] https://images.jdmagicbox.com/comp/kasaragod/e3/9999p4994.4994.181212142924.v8e3/catalogue...
[06:13:02]   [2] [IMG] Max Food | +(91)-9483340844 | 9 photos
[06:13:02]        [1] https://content.jdmagicbox.com/v2/comp/coorg/b2/9999p8272.8272.240715141211.c2b2/catalogue...
[06:13:02]        [2] https://images.jdmagicbox.com/v2/comp/coorg/b2/9999p8272.8272.240715141211.c2b2/catalogue/...
[06:13:02]        [3] https://images.jdmagicbox.com/v2/comp/coorg/b2/9999p8272.8272.240715141211.c2b2/catalogue/...
[06:13:02]   [3] [IMG] MADADA SOLUTION PVT LTD | +(91)-7221001003 | 9 photos
[06:13:02]        [1] https://content.jdmagicbox.com/comp/kozhikode/j2/0495px495.x495.230103175828.d9j2/catalogu...
[06:13:02]        [2] https://images.jdmagicbox.com/comp/kozhikode/j2/0495px495.x495.230103175828.d9j2/catalogue...
[06:13:02]        [3] https://images.jdmagicbox.com/comp/kozhikode/j2/0495px495.x495.230103175828.d9j2/catalogue...
[06:13:03]   [4] [IMG] Casaro Cafe | +(91)-9744772677 | 5 photos
[06:13:03]        [1] https://content.jdmagicbox.com/comp/kasaragod/v7/9999p4994.4994.220615225521.k2v7/catalogu...
[06:13:03]        [2] https://images.jdmagicbox.com/comp/kasaragod/v7/9999p4994.4994.220615225521.k2v7/catalogue...
[06:13:03]        [3] https://images.jdmagicbox.com/comp/kasaragod/v7/9999p4994.4994.220615225521.k2v7/catalogue...
[06:13:03]   [5] [IMG] Shawaya House Restaurant | +(91)-9539058080 | 9 photos
[06:13:03]        [1] https://content.jdmagicbox.com/comp/wayanad/m3/9999p4936.4936.230912223231.a8m3/catalogue/...
[06:13:03]        [2] https://images.jdmagicbox.com/comp/wayanad/m3/9999p4936.4936.230912223231.a8m3/catalogue/s...
[06:13:03]        [3] https://images.jdmagicbox.com/comp/wayanad/m3/9999p4936.4936.230912223231.a8m3/catalogue/s...
[06:13:04]   [6] [IMG] Quality Restaurant and Bakes | +(91)-9207300666 | 9 photos
[06:13:04]        [1] https://content.jdmagicbox.com/comp/kasaragod/r7/9999p4994.4994.170426102508.c8r7/catalogu...
[06:13:04]        [2] https://images.jdmagicbox.com/comp/kasaragod/r7/9999p4994.4994.170426102508.c8r7/catalogue...
[06:13:04]        [3] https://images.jdmagicbox.com/comp/bekal/r7/9999p4994.4994.170426102508.c8r7/catalogue/qua...
[06:13:04]   [7] [IMG] CFC Canadian Fried Chicken | +(91)-8123223715 | 5 photos
[06:13:04]        [1] https://content.jdmagicbox.com/comp/coorg/b9/9999p8272.8272.221217154654.x6b9/catalogue/-a...
[06:13:04]        [2] https://images.jdmagicbox.com/comp/coorg/b9/9999p8272.8272.221217154654.x6b9/catalogue/-a1...
[06:13:04]        [3] https://images.jdmagicbox.com/comp/coorg/b9/9999p8272.8272.221217154654.x6b9/catalogue/-ed...
[06:13:05]   [8] [IMG] Coffee Bare | +(91)-9656003252 | 9 photos
[06:13:05]        [1] https://content.jdmagicbox.com/comp/kasaragod/g9/9999p4994.4994.171211225040.i9g9/catalogu...
[06:13:05]        [2] https://images.jdmagicbox.com/comp/kasaragod/g9/9999p4994.4994.171211225040.i9g9/catalogue...
[06:13:05]        [3] https://images.jdmagicbox.com/comp/kasaragod/x3/pwfl1513010940g5d5x3/catalogue/coffee-bare...
[06:13:05]   [9] [IMG] Gama Kitchen | +(91)-8086310000 | 9 photos
[06:13:05]        [1] https://content.jdmagicbox.com/comp/kozhikode/s5/0495px495.x495.190810180742.q5s5/catalogu...
[06:13:05]        [2] https://images.jdmagicbox.com/comp/kozhikode/s5/0495px495.x495.190810180742.q5s5/catalogue...
[06:13:05]        [3] https://images.jdmagicbox.com/comp/kozhikode/s5/0495px495.x495.190810180742.q5s5/catalogue...
[06:13:06]   [10] [IMG] Sullias Eating Spot | +(91)-8142607082 | 5 photos
[06:13:06]        [1] https://content.jdmagicbox.com/comp/mangalore/v5/0824px824.x824.230106212525.l3v5/catalogu...
[06:13:06]        [2] https://images.jdmagicbox.com/comp/mangalore/v5/0824px824.x824.230106212525.l3v5/catalogue...
[06:13:06]        [3] https://images.jdmagicbox.com/comp/mangalore/v5/0824px824.x824.230106212525.l3v5/catalogue...
[06:13:08]   Scraping page 5 (got 10 results)...
[06:13:08]   Checking page 6 for the next batch...
[06:13:08]   [1] [IMG] Kuruva Family Restaurant | +(91)-8921536987 | 9 photos
[06:13:08]        [1] https://content.jdmagicbox.com/comp/wayanad/c1/9999p4936.4936.191203162722.c9c1/catalogue/...
[06:13:08]        [2] https://images.jdmagicbox.com/comp/wayanad/c1/9999p4936.4936.191203162722.c9c1/catalogue/k...
[06:13:08]        [3] https://images.jdmagicbox.com/comp/wayanad/c1/9999p4936.4936.191203162722.c9c1/catalogue/k...
[06:13:08]   [2] [IMG] LSJ CHICKEN | +(91)-9037911212 | 9 photos
[06:13:08]        [1] https://content.jdmagicbox.com/comp/kozhikode/d5/0495px495.x495.240325111357.y2d5/catalogu...
[06:13:08]        [2] https://images.jdmagicbox.com/comp/kozhikode/d5/0495px495.x495.240325111357.y2d5/catalogue...
[06:13:08]        [3] https://images.jdmagicbox.com/v2/comp/kozhikode/d5/0495px495.x495.240325111357.y2d5/catalo...
[06:13:09]   [3] [IMG] Fry Ville | +(91)-7994089339 | 8 photos
[06:13:09]        [1] https://content.jdmagicbox.com/comp/kozhikode/r5/0495px495.x495.240426193218.v8r5/catalogu...
[06:13:09]        [2] https://images.jdmagicbox.com/comp/kozhikode/r5/0495px495.x495.240426193218.v8r5/catalogue...
[06:13:09]        [3] https://images.jdmagicbox.com/v2/comp/kozhikode/r5/0495px495.x495.240426193218.v8r5/catalo...
[06:13:09]   [4] [IMG] Kadav Cafe | +(91)-7902791347 | 9 photos
[06:13:09]        [1] https://content.jdmagicbox.com/comp/wayanad/k8/9999p4936.4936.210505154047.l1k8/catalogue/...
[06:13:09]        [2] https://images.jdmagicbox.com/comp/wayanad/k8/9999p4936.4936.210505154047.l1k8/catalogue/p...
[06:13:09]        [3] https://images.jdmagicbox.com/comp/wayanad/k8/9999p4936.4936.210505154047.l1k8/catalogue/p...
[06:13:10]   [5] [IMG] AM 2 PM | +(91)-8281221562 | 9 photos
[06:13:10]        [1] https://content.jdmagicbox.com/comp/kozhikode/a1/0495px495.x495.210825115336.v6a1/catalogu...
[06:13:10]        [2] https://images.jdmagicbox.com/comp/kozhikode/a1/0495px495.x495.210825115336.v6a1/catalogue...
[06:13:10]        [3] https://images.jdmagicbox.com/comp/kozhikode/a1/0495px495.x495.210825115336.v6a1/catalogue...
[06:13:10]   [6] [IMG] Biryani house | +(91)-7025966937 | 9 photos
[06:13:10]        [1] https://content.jdmagicbox.com/comp/kasaragod/g9/9999p4994.4994.190817061424.b9g9/catalogu...
[06:13:10]        [2] https://images.jdmagicbox.com/comp/kasaragod/g9/9999p4994.4994.190817061424.b9g9/catalogue...
[06:13:10]        [3] https://images.jdmagicbox.com/comp/kasaragod/g9/9999p4994.4994.190817061424.b9g9/catalogue...
[06:13:11]   [7] [IMG] Vitamin Bbq Corner Family Restaurant & Tourist Restaurant | +(91)-8593909067 | 9 photos
[06:13:11]        [1] https://content.jdmagicbox.com/comp/kozhikode/q7/0495px495.x495.200205224512.v2q7/catalogu...
[06:13:11]        [2] https://images.jdmagicbox.com/comp/kozhikode/q7/0495px495.x495.200205224512.v2q7/catalogue...
[06:13:11]        [3] https://images.jdmagicbox.com/comp/kozhikode/q7/0495px495.x495.200205224512.v2q7/catalogue...
[06:13:12]   [8] [IMG] Clock Tower Restaurant | +(91)-7947190542 | 9 photos
[06:13:12]        [1] https://content.jdmagicbox.com/comp/kozhikode/i7/0495px495.x495.211016160058.h8i7/catalogu...
[06:13:12]        [2] https://images.jdmagicbox.com/comp/kozhikode/i7/0495px495.x495.211016160058.h8i7/catalogue...
[06:13:12]        [3] https://images.jdmagicbox.com/comp/kozhikode/i7/0495px495.x495.211016160058.h8i7/catalogue...
[06:13:12]   [9] [IMG] Clock Tower Restaurant | +(91)-8401686359 | 9 photos
[06:13:12]        [1] https://content.jdmagicbox.com/comp/kozhikode/i1/0495px495.x495.210415170354.s8i1/catalogu...
[06:13:12]        [2] https://images.jdmagicbox.com/comp/kozhikode/i1/0495px495.x495.210415170354.s8i1/catalogue...
[06:13:12]        [3] https://images.jdmagicbox.com/comp/kozhikode/i1/0495px495.x495.210415170354.s8i1/catalogue...
[06:13:13]   [10] [IMG] Umami eats | +(91)-7994527434 | 5 photos
[06:13:13]        [1] https://content.jdmagicbox.com/comp/kozhikode/q5/0495px495.x495.181107095251.z7q5/catalogu...
[06:13:13]        [2] https://images.jdmagicbox.com/comp/kozhikode/q5/0495px495.x495.181107095251.z7q5/catalogue...
[06:13:13]        [3] https://images.jdmagicbox.com/comp/kozhikode/q5/0495px495.x495.181107095251.z7q5/catalogue...
[06:13:17] 
==========================================
[06:13:17] [*] Scraping target 2/40: Thalassery
[06:13:17] ==========================================
[06:13:18] ? Found 100 total Fried Chicken Delivery Restaurants in Thalassery.
[06:13:18]   Scraping page 1 (got 10 results)...
[06:13:18]   Checking page 2 for the next batch...
[06:13:18]   [1] [IMG] WESTBURG DARMASHALA | +(91)-7411790657 | 7 photos
[06:13:18]        [1] https://content.jdmagicbox.com/v2/comp/kannur/z9/9999px497.x497.250712160334.d1z9/catalogu...
[06:13:18]        [2] https://images.jdmagicbox.com/v2/comp/kannur/z9/9999px497.x497.250712160334.d1z9/catalogue...
[06:13:18]        [3] https://images.jdmagicbox.com/v2/comp/kannur/z9/9999px497.x497.250712160334.d1z9/catalogue...
[06:13:19]   [2] [IMG] Wimbies Restaurant And Fried Chicken | +(91)-9895868789 | 7 photos
[06:13:19]        [1] https://content.jdmagicbox.com/comp/kannur/u9/9999px497.x497.170607163909.z1u9/catalogue/w...
[06:13:19]        [2] https://images.jdmagicbox.com/comp/kannur/u9/9999px497.x497.170607163909.z1u9/catalogue/wi...
[06:13:19]        [3] https://images.jdmagicbox.com/comp/kannur/u9/9999px497.x497.170607163909.z1u9/catalogue/wi...
[06:13:19]   [3] [IMG] The Indian Express Superfast Restaurant | +(91)-8301009050 | 9 photos
[06:13:19]        [1] https://content.jdmagicbox.com/comp/kannur/e5/9999px497.x497.200106181231.h5e5/catalogue/t...
[06:13:19]        [2] https://images.jdmagicbox.com/comp/kannur/e5/9999px497.x497.200106181231.h5e5/catalogue/th...
[06:13:19]        [3] https://images.jdmagicbox.com/comp/kannur/e5/9999px497.x497.200106181231.h5e5/catalogue/th...
[06:13:20]   [4] [IMG] Hotel Green Park | +(91)-9447850097 | 9 photos
[06:13:20]        [1] https://content.jdmagicbox.com/comp/kannur/n5/9999px497.x497.171001155450.e6n5/catalogue/h...
[06:13:20]        [2] https://images.jdmagicbox.com/comp/kannur/n5/9999px497.x497.171001155450.e6n5/catalogue/ho...
[06:13:20]        [3] https://images.jdmagicbox.com/v2/comp/kannur/n5/9999px497.x497.171001155450.e6n5/catalogue...
[06:13:21]   [5] [IMG] Rooster Fried & Grill | +(91)-8113001100 | 9 photos
[06:13:21]        [1] https://content.jdmagicbox.com/comp/kannur/v3/9999px497.x497.190517204357.c5v3/catalogue/r...
[06:13:21]        [2] https://images.jdmagicbox.com/comp/kannur/v3/9999px497.x497.190517204357.c5v3/catalogue/ro...
[06:13:21]        [3] https://images.jdmagicbox.com/comp/kannur/v3/9999px497.x497.190517204357.c5v3/catalogue/ro...
[06:13:21]   [6] [IMG] Chikeys | +(91)-9895131123 | 9 photos
[06:13:21]        [1] https://content.jdmagicbox.com/comp/def_content_category/chikeys/121050718-333489939663650...
[06:13:21]        [2] https://images.jdmagicbox.com/comp/def_content_category/chikeys/121050718-3334899396636500...
[06:13:21]        [3] https://images.jdmagicbox.com/comp/def_content_category/chikeys/86689044-2704886126304500-...
[06:13:22]   [7] [IMG] Hotel New Delhi | +(91)-9744866841 | 4 photos
[06:13:22]        [1] https://content.jdmagicbox.com/comp/def_content_category/south-indian-restaurants/new-dish...
[06:13:22]        [2] https://images.jdmagicbox.com/comp/def_content_category/south-indian-restaurants/new-dish-...
[06:13:22]        [3] https://images.jdmagicbox.com/comp/def_content_category/south-indian-restaurants/new-dish-...
[06:13:23]   [8] [IMG] Vkp S Cafe | +(91)-6235555112 | 9 photos
[06:13:23]        [1] https://content.jdmagicbox.com/v2/comp/kannur/u7/9999px497.x497.200107121359.c2u7/catalogu...
[06:13:23]        [2] https://images.jdmagicbox.com/v2/comp/kannur/u7/9999px497.x497.200107121359.c2u7/catalogue...
[06:13:23]        [3] https://images.jdmagicbox.com/v2/comp/kannur/u7/9999px497.x497.200107121359.c2u7/catalogue...
[06:13:23]   [9] [IMG] Afc American Fried Chicken Restaurant | +(91)-7373162111 | 9 photos
[06:13:23]        [1] https://content.jdmagicbox.com/comp/kannur/j3/9999px497.x497.220421184400.b5j3/catalogue/a...
[06:13:23]        [2] https://images.jdmagicbox.com/comp/kannur/j3/9999px497.x497.220421184400.b5j3/catalogue/af...
[06:13:23]        [3] https://images.jdmagicbox.com/comp/kannur/j3/9999px497.x497.220421184400.b5j3/catalogue/af...
[06:13:24]   [10] [IMG] Chilly Hut | +(91)-8330057833 | 9 photos
[06:13:24]        [1] https://content.jdmagicbox.com/comp/kannur/b1/9999px497.x497.210226155456.l3b1/catalogue/c...
[06:13:24]        [2] https://images.jdmagicbox.com/comp/kannur/b1/9999px497.x497.210226155456.l3b1/catalogue/ch...
[06:13:24]        [3] https://images.jdmagicbox.com/v2/comp/kannur/b1/9999px497.x497.210226155456.l3b1/catalogue...
[06:13:26]   Scraping page 2 (got 10 results)...
[06:13:26]   Checking page 3 for the next batch...
[06:13:26]   [1] [IMG] Go Ggrll Chokli | +(91)-9747217717 | 9 photos
[06:13:26]        [1] https://content.jdmagicbox.com/v2/comp/kannur/f8/9999px497.x497.230224144441.a3f8/catalogu...
[06:13:26]        [2] https://images.jdmagicbox.com/v2/comp/kannur/f8/9999px497.x497.230224144441.a3f8/catalogue...
[06:13:26]        [3] https://images.jdmagicbox.com/v2/comp/kannur/f8/9999px497.x497.230224144441.a3f8/catalogue...
[06:13:27]   [2] [IMG] Jesna Lunch Room | +(91)-9605683147 | 7 photos
[06:13:27]        [1] https://content.jdmagicbox.com/comp/kannur/f2/9999px497.x497.190220121951.z4f2/catalogue/j...
[06:13:27]        [2] https://images.jdmagicbox.com/comp/kannur/f2/9999px497.x497.190220121951.z4f2/catalogue/je...
[06:13:27]        [3] https://images.jdmagicbox.com/comp/kannur/f2/9999px497.x497.190220121951.z4f2/catalogue/je...
[06:13:28]   [3] [IMG] Jubilee Restaurant | +(91)-9526366382 | 2 photos
[06:13:28]        [1] https://content.jdmagicbox.com/comp/def_content/buffet-restaurants/buffet-restaurants7-buf...
[06:13:28]        [2] https://images.jdmagicbox.com/comp/def_content/buffet-restaurants/buffet-restaurants7-buff...
[06:13:28]   [4] [IMG] COCO CABANE CAFE | +(91)-8590090726 | 9 photos
[06:13:28]        [1] https://content.jdmagicbox.com/comp/kannur/t6/9999px497.x497.220728192535.f5t6/catalogue/c...
[06:13:28]        [2] https://images.jdmagicbox.com/comp/kannur/t6/9999px497.x497.220728192535.f5t6/catalogue/co...
[06:13:28]        [3] https://images.jdmagicbox.com/comp/kannur/t6/9999px497.x497.220728192535.f5t6/catalogue/co...
[06:13:29]   [5] [IMG] Hfc Fried Chicken | +(91)-7902898916 | 9 photos
[06:13:29]        [1] https://content.jdmagicbox.com/comp/kannur/y5/9999px497.x497.230328181354.g1y5/catalogue/h...
[06:13:29]        [2] https://images.jdmagicbox.com/comp/kannur/y5/9999px497.x497.230328181354.g1y5/catalogue/hf...
[06:13:29]        [3] https://images.jdmagicbox.com/v2/comp/kannur/y5/9999px497.x497.230328181354.g1y5/catalogue...
[06:13:29]   [6] [IMG] TFC TURKISH FRIED CHICKEN CHAKKARAKKAL | +(91)-8301867300 | 9 photos
[06:13:29]        [1] https://content.jdmagicbox.com/comp/kannur/n6/9999px497.x497.240121190829.e4n6/catalogue/t...
[06:13:29]        [2] https://images.jdmagicbox.com/comp/kannur/n6/9999px497.x497.240121190829.e4n6/catalogue/tf...
[06:13:29]        [3] https://images.jdmagicbox.com/comp/kannur/n6/9999px497.x497.240121190829.e4n6/catalogue/tf...
[06:13:30]   [7] [IMG] Arabian Grill | +(91)-9544400048 | 9 photos
[06:13:30]        [1] https://content.jdmagicbox.com/comp/kannur/y4/9999px497.x497.170926210343.p8y4/catalogue/a...
[06:13:30]        [2] https://images.jdmagicbox.com/comp/kannur/y4/9999px497.x497.170926210343.p8y4/catalogue/ar...
[06:13:30]        [3] https://images.jdmagicbox.com/comp/kannur/y4/9999px497.x497.170926210343.p8y4/catalogue/ar...
[06:13:31]   [8] [IMG] American Fried Chicken | +(91)-7592044544 | 7 photos
[06:13:31]        [1] https://content.jdmagicbox.com/comp/kannur/h5/9999px497.x497.220107164349.v8h5/catalogue/-...
[06:13:31]        [2] https://images.jdmagicbox.com/comp/kannur/h5/9999px497.x497.220107164349.v8h5/catalogue/-v...
[06:13:31]        [3] https://images.jdmagicbox.com/comp/kannur/h5/9999px497.x497.220107164349.v8h5/catalogue/-a...
[06:13:31]   [9] [IMG] BURNO FRIED | +(91)-9961480764 | 6 photos
[06:13:31]        [1] https://content.jdmagicbox.com/v2/comp/kannur/h2/9999px497.x497.250809213421.y6h2/catalogu...
[06:13:31]        [2] https://images.jdmagicbox.com/v2/comp/kannur/h2/9999px497.x497.250809213421.y6h2/catalogue...
[06:13:31]        [3] https://images.jdmagicbox.com/v2/comp/kannur/h2/9999px497.x497.250809213421.y6h2/catalogue...
[06:13:32]   [10] [IMG] Nks Chicken |  | 6 photos
[06:13:32]        [1] https://content.jdmagicbox.com/comp/kannur/k3/9999px497.x497.191212134539.x7k3/catalogue/n...
[06:13:32]        [2] https://images.jdmagicbox.com/comp/kannur/k3/9999px497.x497.191212134539.x7k3/catalogue/nk...
[06:13:32]        [3] https://images.jdmagicbox.com/comp/kannur/k3/9999px497.x497.191212134539.x7k3/catalogue/nk...
[06:13:33]   Scraping page 3 (got 10 results)...
[06:13:33]   Checking page 4 for the next batch...
[06:13:33]   [1] [IMG] Lebanese |  | 9 photos
[06:13:33]        [1] https://content.jdmagicbox.com/comp/kannur/q2/9999px497.x497.181103164105.u9q2/catalogue/l...
[06:13:33]        [2] https://images.jdmagicbox.com/comp/kannur/q2/9999px497.x497.181103164105.u9q2/catalogue/le...
[06:13:33]        [3] https://images.jdmagicbox.com/comp/kannur/q2/9999px497.x497.181103164105.u9q2/catalogue/le...
[06:13:34]   [2] [IMG] Chicking Fried Chicken (Kannur Mall) | +(91)-9744480000 | 9 photos
[06:13:34]        [1] https://content.jdmagicbox.com/comp/def_content_category/chicking-fried-chicken-11985242-m...
[06:13:34]        [2] https://images.jdmagicbox.com/comp/def_content_category/chicking-fried-chicken-11985242-mz...
[06:13:34]        [3] https://images.jdmagicbox.com/comp/def_content_category/chicking-fried-chicken/chicking-fr...
[06:13:35]   [3] [IMG] American Fried Chicken Pilathara | +(91)-8714759722 | 4 photos
[06:13:35]        [1] https://content.jdmagicbox.com/comp/kannur/g4/9999px497.x497.221019124021.h2g4/catalogue/a...
[06:13:35]        [2] https://images.jdmagicbox.com/comp/kannur/g4/9999px497.x497.221019124021.h2g4/catalogue/am...
[06:13:35]        [3] https://images.jdmagicbox.com/comp/kannur/g4/9999px497.x497.221019124021.h2g4/catalogue/am...
[06:13:35]   [4] [IMG] Volga Chef | +(91)-7907722050 | 9 photos
[06:13:35]        [1] https://content.jdmagicbox.com/comp/kannur/e6/9999px497.x497.220210163401.x2e6/catalogue/-...
[06:13:35]        [2] https://images.jdmagicbox.com/comp/kannur/e6/9999px497.x497.220210163401.x2e6/catalogue/-h...
[06:13:35]        [3] https://images.jdmagicbox.com/comp/kannur/e6/9999px497.x497.220210163401.x2e6/catalogue/-2...
[06:13:36]   [5] [IMG] RAK | +(91)-6235101101 | 9 photos
[06:13:36]        [1] https://content.jdmagicbox.com/comp/kasaragod/g9/9999p4994.4994.210127203131.f2g9/catalogu...
[06:13:36]        [2] https://images.jdmagicbox.com/comp/kasaragod/g9/9999p4994.4994.210127203131.f2g9/catalogue...
[06:13:36]        [3] https://images.jdmagicbox.com/comp/kasaragod/g9/9999p4994.4994.210127203131.f2g9/catalogue...
[06:13:36]   [6] [IMG] Chikeys | +(91)-8606131123 | 9 photos
[06:13:36]        [1] https://content.jdmagicbox.com/comp/kozhikode/y3/0495px495.x495.190525032936.x5y3/catalogu...
[06:13:36]        [2] https://images.jdmagicbox.com/comp/kozhikode/y3/0495px495.x495.190525032936.x5y3/catalogue...
[06:13:36]        [3] https://images.jdmagicbox.com/comp/kozhikode/y3/0495px495.x495.190525032936.x5y3/catalogue...
[06:13:37]   [7] [IMG] Chicking Fried Chicken | +(91)-7736067817 | 9 photos
[06:13:37]        [1] https://content.jdmagicbox.com/comp/def_content_category/chicking-fried-chicken/chicking-f...
[06:13:37]        [2] https://images.jdmagicbox.com/comp/def_content_category/chicking-fried-chicken/chicking-fr...
[06:13:37]        [3] https://images.jdmagicbox.com/comp/def_content_category/chicking-fried-chicken-11985242-mz...
[06:13:37]   [8] [IMG] MFC Fried & Arabic | +(91)-8075029408 | 9 photos
[06:13:37]        [1] https://content.jdmagicbox.com/comp/kasaragod/f1/9999p4994.4994.171009202643.v4f1/catalogu...
[06:13:37]        [2] https://images.jdmagicbox.com/comp/kasaragod/f1/9999p4994.4994.171009202643.v4f1/catalogue...
[06:13:37]        [3] https://images.jdmagicbox.com/comp/kasaragod/f1/9999p4994.4994.171009202643.v4f1/catalogue...
[06:13:38]   [9] [IMG] Oryx Village | +(91)-8488918253 | 9 photos
[06:13:38]        [1] https://content.jdmagicbox.com/comp/kasaragod/d5/9999p4994.4994.180609125522.s4d5/catalogu...
[06:13:38]        [2] https://images.jdmagicbox.com/comp/kasaragod/d5/9999p4994.4994.180609125522.s4d5/catalogue...
[06:13:38]        [3] https://images.jdmagicbox.com/comp/kasaragod/d5/9999p4994.4994.180609125522.s4d5/catalogue...
[06:13:38]   [10] [IMG] AFC | +(91)-7012677537 | 5 photos
[06:13:38]        [1] https://content.jdmagicbox.com/comp/kozhikode/l5/0495px495.x495.211203141452.z3l5/catalogu...
[06:13:38]        [2] https://images.jdmagicbox.com/comp/kozhikode/l5/0495px495.x495.211203141452.z3l5/catalogue...
[06:13:38]        [3] https://images.jdmagicbox.com/comp/kozhikode/l5/0495px495.x495.211203141452.z3l5/catalogue...
[06:13:40]   Scraping page 4 (got 10 results)...
[06:13:40]   Checking page 5 for the next batch...
[06:13:40]   [1] [IMG] Golden Dine Family Restaurant | +(91)-9567302261 | 8 photos
[06:13:40]        [1] https://content.jdmagicbox.com/comp/kasaragod/e3/9999p4994.4994.181212142924.v8e3/catalogu...
[06:13:40]        [2] https://images.jdmagicbox.com/comp/kasaragod/e3/9999p4994.4994.181212142924.v8e3/catalogue...
[06:13:40]        [3] https://images.jdmagicbox.com/comp/kasaragod/e3/9999p4994.4994.181212142924.v8e3/catalogue...
[06:13:41]   [2] [IMG] Max Food | +(91)-9483340844 | 9 photos
[06:13:41]        [1] https://content.jdmagicbox.com/v2/comp/coorg/b2/9999p8272.8272.240715141211.c2b2/catalogue...
[06:13:41]        [2] https://images.jdmagicbox.com/v2/comp/coorg/b2/9999p8272.8272.240715141211.c2b2/catalogue/...
[06:13:41]        [3] https://images.jdmagicbox.com/v2/comp/coorg/b2/9999p8272.8272.240715141211.c2b2/catalogue/...
[06:13:41]   [3] [IMG] MADADA SOLUTION PVT LTD | +(91)-7221001003 | 9 photos
[06:13:41]        [1] https://content.jdmagicbox.com/comp/kozhikode/j2/0495px495.x495.230103175828.d9j2/catalogu...
[06:13:41]        [2] https://images.jdmagicbox.com/comp/kozhikode/j2/0495px495.x495.230103175828.d9j2/catalogue...
[06:13:41]        [3] https://images.jdmagicbox.com/comp/kozhikode/j2/0495px495.x495.230103175828.d9j2/catalogue...
[06:13:42]   [4] [IMG] Casaro Cafe | +(91)-9744772677 | 5 photos
[06:13:42]        [1] https://content.jdmagicbox.com/comp/kasaragod/v7/9999p4994.4994.220615225521.k2v7/catalogu...
[06:13:42]        [2] https://images.jdmagicbox.com/comp/kasaragod/v7/9999p4994.4994.220615225521.k2v7/catalogue...
[06:13:42]        [3] https://images.jdmagicbox.com/comp/kasaragod/v7/9999p4994.4994.220615225521.k2v7/catalogue...
[06:13:42]   [5] [IMG] Shawaya House Restaurant | +(91)-9539058080 | 9 photos
[06:13:42]        [1] https://content.jdmagicbox.com/comp/wayanad/m3/9999p4936.4936.230912223231.a8m3/catalogue/...
[06:13:42]        [2] https://images.jdmagicbox.com/comp/wayanad/m3/9999p4936.4936.230912223231.a8m3/catalogue/s...
[06:13:42]        [3] https://images.jdmagicbox.com/comp/wayanad/m3/9999p4936.4936.230912223231.a8m3/catalogue/s...
[06:13:43]   [6] [IMG] Quality Restaurant and Bakes | +(91)-9207300666 | 9 photos
[06:13:43]        [1] https://content.jdmagicbox.com/comp/kasaragod/r7/9999p4994.4994.170426102508.c8r7/catalogu...
[06:13:43]        [2] https://images.jdmagicbox.com/comp/kasaragod/r7/9999p4994.4994.170426102508.c8r7/catalogue...
[06:13:43]        [3] https://images.jdmagicbox.com/comp/bekal/r7/9999p4994.4994.170426102508.c8r7/catalogue/qua...
[06:13:43]   [7] [IMG] CFC Canadian Fried Chicken | +(91)-8123223715 | 5 photos
[06:13:43]        [1] https://content.jdmagicbox.com/comp/coorg/b9/9999p8272.8272.221217154654.x6b9/catalogue/-a...
[06:13:43]        [2] https://images.jdmagicbox.com/comp/coorg/b9/9999p8272.8272.221217154654.x6b9/catalogue/-a1...
[06:13:43]        [3] https://images.jdmagicbox.com/comp/coorg/b9/9999p8272.8272.221217154654.x6b9/catalogue/-ed...
[06:13:44]   [8] [IMG] Coffee Bare | +(91)-9656003252 | 9 photos
[06:13:44]        [1] https://content.jdmagicbox.com/comp/kasaragod/g9/9999p4994.4994.171211225040.i9g9/catalogu...
[06:13:44]        [2] https://images.jdmagicbox.com/comp/kasaragod/g9/9999p4994.4994.171211225040.i9g9/catalogue...
[06:13:44]        [3] https://images.jdmagicbox.com/comp/kasaragod/x3/pwfl1513010940g5d5x3/catalogue/coffee-bare...
[06:13:44]   [9] [IMG] Gama Kitchen | +(91)-8086310000 | 9 photos
[06:13:44]        [1] https://content.jdmagicbox.com/comp/kozhikode/s5/0495px495.x495.190810180742.q5s5/catalogu...
[06:13:44]        [2] https://images.jdmagicbox.com/comp/kozhikode/s5/0495px495.x495.190810180742.q5s5/catalogue...
[06:13:44]        [3] https://images.jdmagicbox.com/comp/kozhikode/s5/0495px495.x495.190810180742.q5s5/catalogue...
[06:13:45]   [10] [IMG] Sullias Eating Spot | +(91)-8142607082 | 5 photos
[06:13:45]        [1] https://content.jdmagicbox.com/comp/mangalore/v5/0824px824.x824.230106212525.l3v5/catalogu...
[06:13:45]        [2] https://images.jdmagicbox.com/comp/mangalore/v5/0824px824.x824.230106212525.l3v5/catalogue...
[06:13:45]        [3] https://images.jdmagicbox.com/comp/mangalore/v5/0824px824.x824.230106212525.l3v5/catalogue...
[06:13:47]   Scraping page 5 (got 10 results)...
[06:13:47]   Checking page 6 for the next batch...
[06:13:47]   [1] [IMG] Kuruva Family Restaurant | +(91)-8921536987 | 9 photos
[06:13:47]        [1] https://content.jdmagicbox.com/comp/wayanad/c1/9999p4936.4936.191203162722.c9c1/catalogue/...
[06:13:47]        [2] https://images.jdmagicbox.com/comp/wayanad/c1/9999p4936.4936.191203162722.c9c1/catalogue/k...
[06:13:47]        [3] https://images.jdmagicbox.com/comp/wayanad/c1/9999p4936.4936.191203162722.c9c1/catalogue/k...
[06:13:47]   [2] [IMG] LSJ CHICKEN | +(91)-9037911212 | 9 photos
[06:13:47]        [1] https://content.jdmagicbox.com/comp/kozhikode/d5/0495px495.x495.240325111357.y2d5/catalogu...
[06:13:47]        [2] https://images.jdmagicbox.com/comp/kozhikode/d5/0495px495.x495.240325111357.y2d5/catalogue...
[06:13:47]        [3] https://images.jdmagicbox.com/v2/comp/kozhikode/d5/0495px495.x495.240325111357.y2d5/catalo...
[06:13:48]   [3] [IMG] Fry Ville | +(91)-7994089339 | 8 photos
[06:13:48]        [1] https://content.jdmagicbox.com/comp/kozhikode/r5/0495px495.x495.240426193218.v8r5/catalogu...
[06:13:48]        [2] https://images.jdmagicbox.com/comp/kozhikode/r5/0495px495.x495.240426193218.v8r5/catalogue...
[06:13:48]        [3] https://images.jdmagicbox.com/v2/comp/kozhikode/r5/0495px495.x495.240426193218.v8r5/catalo...
[06:13:48]   [4] [IMG] Kadav Cafe | +(91)-7902791347 | 9 photos
[06:13:48]        [1] https://content.jdmagicbox.com/comp/wayanad/k8/9999p4936.4936.210505154047.l1k8/catalogue/...
[06:13:48]        [2] https://images.jdmagicbox.com/comp/wayanad/k8/9999p4936.4936.210505154047.l1k8/catalogue/p...
[06:13:48]        [3] https://images.jdmagicbox.com/comp/wayanad/k8/9999p4936.4936.210505154047.l1k8/catalogue/p...
[06:13:49]   [5] [IMG] AM 2 PM | +(91)-8281221562 | 9 photos
[06:13:49]        [1] https://content.jdmagicbox.com/comp/kozhikode/a1/0495px495.x495.210825115336.v6a1/catalogu...
[06:13:49]        [2] https://images.jdmagicbox.com/comp/kozhikode/a1/0495px495.x495.210825115336.v6a1/catalogue...
[06:13:49]        [3] https://images.jdmagicbox.com/comp/kozhikode/a1/0495px495.x495.210825115336.v6a1/catalogue...
[06:13:49]   [6] [IMG] Biryani house | +(91)-7025966937 | 9 photos
[06:13:49]        [1] https://content.jdmagicbox.com/comp/kasaragod/g9/9999p4994.4994.190817061424.b9g9/catalogu...
[06:13:49]        [2] https://images.jdmagicbox.com/comp/kasaragod/g9/9999p4994.4994.190817061424.b9g9/catalogue...
[06:13:49]        [3] https://images.jdmagicbox.com/comp/kasaragod/g9/9999p4994.4994.190817061424.b9g9/catalogue...
[06:13:50]   [7] [IMG] Vitamin Bbq Corner Family Restaurant & Tourist Restaurant | +(91)-8593909067 | 9 photos
[06:13:50]        [1] https://content.jdmagicbox.com/comp/kozhikode/q7/0495px495.x495.200205224512.v2q7/catalogu...
[06:13:50]        [2] https://images.jdmagicbox.com/comp/kozhikode/q7/0495px495.x495.200205224512.v2q7/catalogue...
[06:13:50]        [3] https://images.jdmagicbox.com/comp/kozhikode/q7/0495px495.x495.200205224512.v2q7/catalogue...
[06:13:50]   [8] [IMG] Clock Tower Restaurant | +(91)-7947190542 | 9 photos
[06:13:50]        [1] https://content.jdmagicbox.com/comp/kozhikode/i7/0495px495.x495.211016160058.h8i7/catalogu...
[06:13:50]        [2] https://images.jdmagicbox.com/comp/kozhikode/i7/0495px495.x495.211016160058.h8i7/catalogue...
[06:13:50]        [3] https://images.jdmagicbox.com/comp/kozhikode/i7/0495px495.x495.211016160058.h8i7/catalogue...
[06:13:51]   [9] [IMG] Clock Tower Restaurant | +(91)-8401686359 | 9 photos
[06:13:51]        [1] https://content.jdmagicbox.com/comp/kozhikode/i1/0495px495.x495.210415170354.s8i1/catalogu...
[06:13:51]        [2] https://images.jdmagicbox.com/comp/kozhikode/i1/0495px495.x495.210415170354.s8i1/catalogue...
[06:13:51]        [3] https://images.jdmagicbox.com/comp/kozhikode/i1/0495px495.x495.210415170354.s8i1/catalogue...
[06:13:51]   [10] [IMG] Umami eats | +(91)-7994527434 | 5 photos
[06:13:51]        [1] https://content.jdmagicbox.com/comp/kozhikode/q5/0495px495.x495.181107095251.z7q5/catalogu...
[06:13:51]        [2] https://images.jdmagicbox.com/comp/kozhikode/q5/0495px495.x495.181107095251.z7q5/catalogue...
[06:13:51]        [3] https://images.jdmagicbox.com/comp/kozhikode/q5/0495px495.x495.181107095251.z7q5/catalogue...
[06:13:55] 
==========================================
[06:13:55] [*] Scraping target 3/40: Payyannur
[06:13:55] ==========================================
[06:13:55] ? Found 100 total Fried Chicken Delivery Restaurants in Payyannur.
[06:13:55]   Scraping page 1 (got 10 results)...
[06:13:55]   Checking page 2 for the next batch...
[06:13:55]   [1] [IMG] WESTBURG DARMASHALA | +(91)-7411790657 | 7 photos
[06:13:55]        [1] https://content.jdmagicbox.com/v2/comp/kannur/z9/9999px497.x497.250712160334.d1z9/catalogu...
[06:13:55]        [2] https://images.jdmagicbox.com/v2/comp/kannur/z9/9999px497.x497.250712160334.d1z9/catalogue...
[06:13:55]        [3] https://images.jdmagicbox.com/v2/comp/kannur/z9/9999px497.x497.250712160334.d1z9/catalogue...
[06:13:56]   [2] [IMG] Rooster Fried & Grill | +(91)-8113001100 | 9 photos
[06:13:56]        [1] https://content.jdmagicbox.com/comp/kannur/v3/9999px497.x497.190517204357.c5v3/catalogue/r...
[06:13:56]        [2] https://images.jdmagicbox.com/comp/kannur/v3/9999px497.x497.190517204357.c5v3/catalogue/ro...
[06:13:56]        [3] https://images.jdmagicbox.com/comp/kannur/v3/9999px497.x497.190517204357.c5v3/catalogue/ro...
[06:13:56]   [3] [IMG] Go Ggrll Chokli | +(91)-9747217717 | 9 photos
[06:13:56]        [1] https://content.jdmagicbox.com/v2/comp/kannur/f8/9999px497.x497.230224144441.a3f8/catalogu...
[06:13:56]        [2] https://images.jdmagicbox.com/v2/comp/kannur/f8/9999px497.x497.230224144441.a3f8/catalogue...
[06:13:56]        [3] https://images.jdmagicbox.com/v2/comp/kannur/f8/9999px497.x497.230224144441.a3f8/catalogue...
[06:13:57]   [4] [IMG] Hfc Fried Chicken | +(91)-7902898916 | 9 photos
[06:13:57]        [1] https://content.jdmagicbox.com/comp/kannur/y5/9999px497.x497.230328181354.g1y5/catalogue/h...
[06:13:57]        [2] https://images.jdmagicbox.com/comp/kannur/y5/9999px497.x497.230328181354.g1y5/catalogue/hf...
[06:13:57]        [3] https://images.jdmagicbox.com/v2/comp/kannur/y5/9999px497.x497.230328181354.g1y5/catalogue...
[06:13:57]   [5] [IMG] Chikeys | +(91)-9895131123 | 9 photos
[06:13:57]        [1] https://content.jdmagicbox.com/comp/def_content_category/chikeys/121050718-333489939663650...
[06:13:57]        [2] https://images.jdmagicbox.com/comp/def_content_category/chikeys/121050718-3334899396636500...
[06:13:57]        [3] https://images.jdmagicbox.com/comp/def_content_category/chikeys/86689044-2704886126304500-...
[06:13:58]   [6] [IMG] Afc American Fried Chicken Restaurant | +(91)-7373162111 | 9 photos
[06:13:58]        [1] https://content.jdmagicbox.com/comp/kannur/j3/9999px497.x497.220421184400.b5j3/catalogue/a...
[06:13:58]        [2] https://images.jdmagicbox.com/comp/kannur/j3/9999px497.x497.220421184400.b5j3/catalogue/af...
[06:13:58]        [3] https://images.jdmagicbox.com/comp/kannur/j3/9999px497.x497.220421184400.b5j3/catalogue/af...
[06:13:59]   [7] [IMG] Hotel Green Park | +(91)-9447850097 | 9 photos
[06:13:59]        [1] https://content.jdmagicbox.com/comp/kannur/n5/9999px497.x497.171001155450.e6n5/catalogue/h...
[06:13:59]        [2] https://images.jdmagicbox.com/comp/kannur/n5/9999px497.x497.171001155450.e6n5/catalogue/ho...
[06:13:59]        [3] https://images.jdmagicbox.com/v2/comp/kannur/n5/9999px497.x497.171001155450.e6n5/catalogue...
[06:13:59]   [8] [IMG] Vkp S Cafe | +(91)-6235555112 | 9 photos
[06:13:59]        [1] https://content.jdmagicbox.com/v2/comp/kannur/u7/9999px497.x497.200107121359.c2u7/catalogu...
[06:13:59]        [2] https://images.jdmagicbox.com/v2/comp/kannur/u7/9999px497.x497.200107121359.c2u7/catalogue...
[06:13:59]        [3] https://images.jdmagicbox.com/v2/comp/kannur/u7/9999px497.x497.200107121359.c2u7/catalogue...
[06:14:00]   [9] [IMG] Jesna Lunch Room | +(91)-9605683147 | 7 photos
[06:14:00]        [1] https://content.jdmagicbox.com/comp/kannur/f2/9999px497.x497.190220121951.z4f2/catalogue/j...
[06:14:00]        [2] https://images.jdmagicbox.com/comp/kannur/f2/9999px497.x497.190220121951.z4f2/catalogue/je...
[06:14:00]        [3] https://images.jdmagicbox.com/comp/kannur/f2/9999px497.x497.190220121951.z4f2/catalogue/je...
[06:14:00]   [10] [IMG] Wimbies Restaurant And Fried Chicken | +(91)-9895868789 | 7 photos
[06:14:00]        [1] https://content.jdmagicbox.com/comp/kannur/u9/9999px497.x497.170607163909.z1u9/catalogue/w...
[06:14:00]        [2] https://images.jdmagicbox.com/comp/kannur/u9/9999px497.x497.170607163909.z1u9/catalogue/wi...
[06:14:00]        [3] https://images.jdmagicbox.com/comp/kannur/u9/9999px497.x497.170607163909.z1u9/catalogue/wi...
[06:14:02]   Scraping page 2 (got 10 results)...
[06:14:02]   Checking page 3 for the next batch...
[06:14:02]   [1] [IMG] Arabian Grill | +(91)-9544400048 | 9 photos
[06:14:02]        [1] https://content.jdmagicbox.com/comp/kannur/y4/9999px497.x497.170926210343.p8y4/catalogue/a...
[06:14:02]        [2] https://images.jdmagicbox.com/comp/kannur/y4/9999px497.x497.170926210343.p8y4/catalogue/ar...
[06:14:02]        [3] https://images.jdmagicbox.com/comp/kannur/y4/9999px497.x497.170926210343.p8y4/catalogue/ar...
[06:14:03]   [2] [IMG] COCO CABANE CAFE | +(91)-8590090726 | 9 photos
[06:14:03]        [1] https://content.jdmagicbox.com/comp/kannur/t6/9999px497.x497.220728192535.f5t6/catalogue/c...
[06:14:03]        [2] https://images.jdmagicbox.com/comp/kannur/t6/9999px497.x497.220728192535.f5t6/catalogue/co...
[06:14:03]        [3] https://images.jdmagicbox.com/comp/kannur/t6/9999px497.x497.220728192535.f5t6/catalogue/co...
[06:14:03]   [3] [IMG] Chilly Hut | +(91)-8330057833 | 9 photos
[06:14:03]        [1] https://content.jdmagicbox.com/comp/kannur/b1/9999px497.x497.210226155456.l3b1/catalogue/c...
[06:14:03]        [2] https://images.jdmagicbox.com/comp/kannur/b1/9999px497.x497.210226155456.l3b1/catalogue/ch...
[06:14:03]        [3] https://images.jdmagicbox.com/v2/comp/kannur/b1/9999px497.x497.210226155456.l3b1/catalogue...
[06:14:04]   [4] [IMG] The Indian Express Superfast Restaurant | +(91)-8301009050 | 9 photos
[06:14:04]        [1] https://content.jdmagicbox.com/comp/kannur/e5/9999px497.x497.200106181231.h5e5/catalogue/t...
[06:14:04]        [2] https://images.jdmagicbox.com/comp/kannur/e5/9999px497.x497.200106181231.h5e5/catalogue/th...
[06:14:04]        [3] https://images.jdmagicbox.com/comp/kannur/e5/9999px497.x497.200106181231.h5e5/catalogue/th...
[06:14:04]   [5] [IMG] Hotel New Delhi | +(91)-9744866841 | 4 photos
[06:14:04]        [1] https://content.jdmagicbox.com/comp/def_content_category/south-indian-restaurants/new-dish...
[06:14:04]        [2] https://images.jdmagicbox.com/comp/def_content_category/south-indian-restaurants/new-dish-...
[06:14:04]        [3] https://images.jdmagicbox.com/comp/def_content_category/south-indian-restaurants/new-dish-...
[06:14:05]   [6] [IMG] BURNO FRIED | +(91)-9961480764 | 6 photos
[06:14:05]        [1] https://content.jdmagicbox.com/v2/comp/kannur/h2/9999px497.x497.250809213421.y6h2/catalogu...
[06:14:05]        [2] https://images.jdmagicbox.com/v2/comp/kannur/h2/9999px497.x497.250809213421.y6h2/catalogue...
[06:14:05]        [3] https://images.jdmagicbox.com/v2/comp/kannur/h2/9999px497.x497.250809213421.y6h2/catalogue...
[06:14:05]   [7] [IMG] TFC TURKISH FRIED CHICKEN CHAKKARAKKAL | +(91)-8301867300 | 9 photos
[06:14:05]        [1] https://content.jdmagicbox.com/comp/kannur/n6/9999px497.x497.240121190829.e4n6/catalogue/t...
[06:14:05]        [2] https://images.jdmagicbox.com/comp/kannur/n6/9999px497.x497.240121190829.e4n6/catalogue/tf...
[06:14:05]        [3] https://images.jdmagicbox.com/comp/kannur/n6/9999px497.x497.240121190829.e4n6/catalogue/tf...
[06:14:06]   [8] [IMG] American Fried Chicken | +(91)-7592044544 | 7 photos
[06:14:06]        [1] https://content.jdmagicbox.com/comp/kannur/h5/9999px497.x497.220107164349.v8h5/catalogue/-...
[06:14:06]        [2] https://images.jdmagicbox.com/comp/kannur/h5/9999px497.x497.220107164349.v8h5/catalogue/-v...
[06:14:06]        [3] https://images.jdmagicbox.com/comp/kannur/h5/9999px497.x497.220107164349.v8h5/catalogue/-a...
[06:14:06]   [9] [IMG] Nks Chicken |  | 6 photos
[06:14:06]        [1] https://content.jdmagicbox.com/comp/kannur/k3/9999px497.x497.191212134539.x7k3/catalogue/n...
[06:14:06]        [2] https://images.jdmagicbox.com/comp/kannur/k3/9999px497.x497.191212134539.x7k3/catalogue/nk...
[06:14:06]        [3] https://images.jdmagicbox.com/comp/kannur/k3/9999px497.x497.191212134539.x7k3/catalogue/nk...
[06:14:07]   [10] [IMG] American Fried Chicken Pilathara | +(91)-8714759722 | 4 photos
[06:14:07]        [1] https://content.jdmagicbox.com/comp/kannur/g4/9999px497.x497.221019124021.h2g4/catalogue/a...
[06:14:07]        [2] https://images.jdmagicbox.com/comp/kannur/g4/9999px497.x497.221019124021.h2g4/catalogue/am...
[06:14:07]        [3] https://images.jdmagicbox.com/comp/kannur/g4/9999px497.x497.221019124021.h2g4/catalogue/am...
[06:14:09]   Scraping page 3 (got 10 results)...
[06:14:09]   Checking page 4 for the next batch...
[06:14:09]   [1] [IMG] Volga Chef | +(91)-7907722050 | 9 photos
[06:14:09]        [1] https://content.jdmagicbox.com/comp/kannur/e6/9999px497.x497.220210163401.x2e6/catalogue/-...
[06:14:09]        [2] https://images.jdmagicbox.com/comp/kannur/e6/9999px497.x497.220210163401.x2e6/catalogue/-h...
[06:14:09]        [3] https://images.jdmagicbox.com/comp/kannur/e6/9999px497.x497.220210163401.x2e6/catalogue/-2...
[06:14:10]   [2] [IMG] Chicking Fried Chicken (Kannur Mall) | +(91)-9744480000 | 9 photos
[06:14:10]        [1] https://content.jdmagicbox.com/comp/def_content_category/chicking-fried-chicken-11985242-m...
[06:14:10]        [2] https://images.jdmagicbox.com/comp/def_content_category/chicking-fried-chicken-11985242-mz...
[06:14:10]        [3] https://images.jdmagicbox.com/comp/def_content_category/chicking-fried-chicken/chicking-fr...
[06:14:10]   [3] [IMG] Jubilee Restaurant | +(91)-9526366382 | 2 photos
[06:14:10]        [1] https://content.jdmagicbox.com/comp/def_content/buffet-restaurants/buffet-restaurants7-buf...
[06:14:10]        [2] https://images.jdmagicbox.com/comp/def_content/buffet-restaurants/buffet-restaurants7-buff...
[06:14:11]   [4] [IMG] Lebanese |  | 9 photos
[06:14:11]        [1] https://content.jdmagicbox.com/comp/kannur/q2/9999px497.x497.181103164105.u9q2/catalogue/l...
[06:14:11]        [2] https://images.jdmagicbox.com/comp/kannur/q2/9999px497.x497.181103164105.u9q2/catalogue/le...
[06:14:11]        [3] https://images.jdmagicbox.com/comp/kannur/q2/9999px497.x497.181103164105.u9q2/catalogue/le...
[06:14:11]   [5] [IMG] RAK | +(91)-6235101101 | 9 photos
[06:14:11]        [1] https://content.jdmagicbox.com/comp/kasaragod/g9/9999p4994.4994.210127203131.f2g9/catalogu...
[06:14:11]        [2] https://images.jdmagicbox.com/comp/kasaragod/g9/9999p4994.4994.210127203131.f2g9/catalogue...
[06:14:11]        [3] https://images.jdmagicbox.com/comp/kasaragod/g9/9999p4994.4994.210127203131.f2g9/catalogue...
[06:14:12]   [6] [IMG] Chikeys | +(91)-8606131123 | 9 photos
[06:14:12]        [1] https://content.jdmagicbox.com/comp/kozhikode/y3/0495px495.x495.190525032936.x5y3/catalogu...
[06:14:12]        [2] https://images.jdmagicbox.com/comp/kozhikode/y3/0495px495.x495.190525032936.x5y3/catalogue...
[06:14:12]        [3] https://images.jdmagicbox.com/comp/kozhikode/y3/0495px495.x495.190525032936.x5y3/catalogue...
[06:14:12]   [7] [IMG] Chicking Fried Chicken | +(91)-7736067817 | 9 photos
[06:14:12]        [1] https://content.jdmagicbox.com/comp/def_content_category/chicking-fried-chicken/chicking-f...
[06:14:12]        [2] https://images.jdmagicbox.com/comp/def_content_category/chicking-fried-chicken/chicking-fr...
[06:14:12]        [3] https://images.jdmagicbox.com/comp/def_content_category/chicking-fried-chicken-11985242-mz...
[06:14:13]   [8] [IMG] MFC Fried & Arabic | +(91)-8075029408 | 9 photos
[06:14:13]        [1] https://content.jdmagicbox.com/comp/kasaragod/f1/9999p4994.4994.171009202643.v4f1/catalogu...
[06:14:13]        [2] https://images.jdmagicbox.com/comp/kasaragod/f1/9999p4994.4994.171009202643.v4f1/catalogue...
[06:14:13]        [3] https://images.jdmagicbox.com/comp/kasaragod/f1/9999p4994.4994.171009202643.v4f1/catalogue...
[06:14:13]   [9] [IMG] Oryx Village | +(91)-8488918253 | 9 photos
[06:14:13]        [1] https://content.jdmagicbox.com/comp/kasaragod/d5/9999p4994.4994.180609125522.s4d5/catalogu...
[06:14:13]        [2] https://images.jdmagicbox.com/comp/kasaragod/d5/9999p4994.4994.180609125522.s4d5/catalogue...
[06:14:13]        [3] https://images.jdmagicbox.com/comp/kasaragod/d5/9999p4994.4994.180609125522.s4d5/catalogue...
[06:14:14]   [10] [IMG] AFC | +(91)-7012677537 | 5 photos
[06:14:14]        [1] https://content.jdmagicbox.com/comp/kozhikode/l5/0495px495.x495.211203141452.z3l5/catalogu...
[06:14:14]        [2] https://images.jdmagicbox.com/comp/kozhikode/l5/0495px495.x495.211203141452.z3l5/catalogue...
[06:14:14]        [3] https://images.jdmagicbox.com/comp/kozhikode/l5/0495px495.x495.211203141452.z3l5/catalogue...
[06:14:16]   Scraping page 4 (got 10 results)...
[06:14:16]   Checking page 5 for the next batch...
[06:14:16]   [1] [IMG] Golden Dine Family Restaurant | +(91)-9567302261 | 8 photos
[06:14:16]        [1] https://content.jdmagicbox.com/comp/kasaragod/e3/9999p4994.4994.181212142924.v8e3/catalogu...
[06:14:16]        [2] https://images.jdmagicbox.com/comp/kasaragod/e3/9999p4994.4994.181212142924.v8e3/catalogue...
[06:14:16]        [3] https://images.jdmagicbox.com/comp/kasaragod/e3/9999p4994.4994.181212142924.v8e3/catalogue...
[06:14:17]   [2] [IMG] Max Food | +(91)-9483340844 | 9 photos
[06:14:17]        [1] https://content.jdmagicbox.com/v2/comp/coorg/b2/9999p8272.8272.240715141211.c2b2/catalogue...
[06:14:17]        [2] https://images.jdmagicbox.com/v2/comp/coorg/b2/9999p8272.8272.240715141211.c2b2/catalogue/...
[06:14:17]        [3] https://images.jdmagicbox.com/v2/comp/coorg/b2/9999p8272.8272.240715141211.c2b2/catalogue/...
[06:14:17]   [3] [IMG] MADADA SOLUTION PVT LTD | +(91)-7221001003 | 9 photos
[06:14:17]        [1] https://content.jdmagicbox.com/comp/kozhikode/j2/0495px495.x495.230103175828.d9j2/catalogu...
[06:14:17]        [2] https://images.jdmagicbox.com/comp/kozhikode/j2/0495px495.x495.230103175828.d9j2/catalogue...
[06:14:17]        [3] https://images.jdmagicbox.com/comp/kozhikode/j2/0495px495.x495.230103175828.d9j2/catalogue...
[06:14:18]   [4] [IMG] Casaro Cafe | +(91)-9744772677 | 5 photos
[06:14:18]        [1] https://content.jdmagicbox.com/comp/kasaragod/v7/9999p4994.4994.220615225521.k2v7/catalogu...
[06:14:18]        [2] https://images.jdmagicbox.com/comp/kasaragod/v7/9999p4994.4994.220615225521.k2v7/catalogue...
[06:14:18]        [3] https://images.jdmagicbox.com/comp/kasaragod/v7/9999p4994.4994.220615225521.k2v7/catalogue...
[06:14:18]   [5] [IMG] Shawaya House Restaurant | +(91)-9539058080 | 9 photos
[06:14:18]        [1] https://content.jdmagicbox.com/comp/wayanad/m3/9999p4936.4936.230912223231.a8m3/catalogue/...
[06:14:18]        [2] https://images.jdmagicbox.com/comp/wayanad/m3/9999p4936.4936.230912223231.a8m3/catalogue/s...
[06:14:18]        [3] https://images.jdmagicbox.com/comp/wayanad/m3/9999p4936.4936.230912223231.a8m3/catalogue/s...
[06:14:19]   [6] [IMG] Quality Restaurant and Bakes | +(91)-9207300666 | 9 photos
[06:14:19]        [1] https://content.jdmagicbox.com/comp/kasaragod/r7/9999p4994.4994.170426102508.c8r7/catalogu...
[06:14:19]        [2] https://images.jdmagicbox.com/comp/kasaragod/r7/9999p4994.4994.170426102508.c8r7/catalogue...
[06:14:19]        [3] https://images.jdmagicbox.com/comp/bekal/r7/9999p4994.4994.170426102508.c8r7/catalogue/qua...
[06:14:19]   [7] [IMG] CFC Canadian Fried Chicken | +(91)-8123223715 | 5 photos
[06:14:19]        [1] https://content.jdmagicbox.com/comp/coorg/b9/9999p8272.8272.221217154654.x6b9/catalogue/-a...
[06:14:19]        [2] https://images.jdmagicbox.com/comp/coorg/b9/9999p8272.8272.221217154654.x6b9/catalogue/-a1...
[06:14:19]        [3] https://images.jdmagicbox.com/comp/coorg/b9/9999p8272.8272.221217154654.x6b9/catalogue/-ed...
[06:14:20]   [8] [IMG] Coffee Bare | +(91)-9656003252 | 9 photos
[06:14:20]        [1] https://content.jdmagicbox.com/comp/kasaragod/g9/9999p4994.4994.171211225040.i9g9/catalogu...
[06:14:20]        [2] https://images.jdmagicbox.com/comp/kasaragod/g9/9999p4994.4994.171211225040.i9g9/catalogue...
[06:14:20]        [3] https://images.jdmagicbox.com/comp/kasaragod/x3/pwfl1513010940g5d5x3/catalogue/coffee-bare...
[06:14:20]   [9] [IMG] Gama Kitchen | +(91)-8086310000 | 9 photos
[06:14:20]        [1] https://content.jdmagicbox.com/comp/kozhikode/s5/0495px495.x495.190810180742.q5s5/catalogu...
[06:14:20]        [2] https://images.jdmagicbox.com/comp/kozhikode/s5/0495px495.x495.190810180742.q5s5/catalogue...
[06:14:20]        [3] https://images.jdmagicbox.com/comp/kozhikode/s5/0495px495.x495.190810180742.q5s5/catalogue...
[06:14:21]   [10] [IMG] Sullias Eating Spot | +(91)-8142607082 | 5 photos
[06:14:21]        [1] https://content.jdmagicbox.com/comp/mangalore/v5/0824px824.x824.230106212525.l3v5/catalogu...
[06:14:21]        [2] https://images.jdmagicbox.com/comp/mangalore/v5/0824px824.x824.230106212525.l3v5/catalogue...
[06:14:21]        [3] https://images.jdmagicbox.com/comp/mangalore/v5/0824px824.x824.230106212525.l3v5/catalogue...
[06:14:23]   Scraping page 5 (got 10 results)...
[06:14:23]   Checking page 6 for the next batch...
[06:14:23]   [1] [IMG] Kuruva Family Restaurant | +(91)-8921536987 | 9 photos
[06:14:23]        [1] https://content.jdmagicbox.com/comp/wayanad/c1/9999p4936.4936.191203162722.c9c1/catalogue/...
[06:14:23]        [2] https://images.jdmagicbox.com/comp/wayanad/c1/9999p4936.4936.191203162722.c9c1/catalogue/k...
[06:14:23]        [3] https://images.jdmagicbox.com/comp/wayanad/c1/9999p4936.4936.191203162722.c9c1/catalogue/k...
[06:14:23]   [2] [IMG] LSJ CHICKEN | +(91)-9037911212 | 9 photos
[06:14:23]        [1] https://content.jdmagicbox.com/comp/kozhikode/d5/0495px495.x495.240325111357.y2d5/catalogu...
[06:14:23]        [2] https://images.jdmagicbox.com/comp/kozhikode/d5/0495px495.x495.240325111357.y2d5/catalogue...
[06:14:23]        [3] https://images.jdmagicbox.com/v2/comp/kozhikode/d5/0495px495.x495.240325111357.y2d5/catalo...
[06:14:24]   [3] [IMG] Fry Ville | +(91)-7994089339 | 8 photos
[06:14:24]        [1] https://content.jdmagicbox.com/comp/kozhikode/r5/0495px495.x495.240426193218.v8r5/catalogu...
[06:14:24]        [2] https://images.jdmagicbox.com/comp/kozhikode/r5/0495px495.x495.240426193218.v8r5/catalogue...
[06:14:24]        [3] https://images.jdmagicbox.com/v2/comp/kozhikode/r5/0495px495.x495.240426193218.v8r5/catalo...
[06:14:24]   [4] [IMG] Kadav Cafe | +(91)-7902791347 | 9 photos
[06:14:24]        [1] https://content.jdmagicbox.com/comp/wayanad/k8/9999p4936.4936.210505154047.l1k8/catalogue/...
[06:14:24]        [2] https://images.jdmagicbox.com/comp/wayanad/k8/9999p4936.4936.210505154047.l1k8/catalogue/p...
[06:14:24]        [3] https://images.jdmagicbox.com/comp/wayanad/k8/9999p4936.4936.210505154047.l1k8/catalogue/p...
[06:14:25]   [5] [IMG] AM 2 PM | +(91)-8281221562 | 9 photos
[06:14:25]        [1] https://content.jdmagicbox.com/comp/kozhikode/a1/0495px495.x495.210825115336.v6a1/catalogu...
[06:14:25]        [2] https://images.jdmagicbox.com/comp/kozhikode/a1/0495px495.x495.210825115336.v6a1/catalogue...
[06:14:25]        [3] https://images.jdmagicbox.com/comp/kozhikode/a1/0495px495.x495.210825115336.v6a1/catalogue...
[06:14:25]   [6] [IMG] Biryani house | +(91)-7025966937 | 9 photos
[06:14:25]        [1] https://content.jdmagicbox.com/comp/kasaragod/g9/9999p4994.4994.190817061424.b9g9/catalogu...
[06:14:25]        [2] https://images.jdmagicbox.com/comp/kasaragod/g9/9999p4994.4994.190817061424.b9g9/catalogue...
[06:14:25]        [3] https://images.jdmagicbox.com/comp/kasaragod/g9/9999p4994.4994.190817061424.b9g9/catalogue...
[06:14:26]   [7] [IMG] Vitamin Bbq Corner Family Restaurant & Tourist Restaurant | +(91)-8593909067 | 9 photos
[06:14:26]        [1] https://content.jdmagicbox.com/comp/kozhikode/q7/0495px495.x495.200205224512.v2q7/catalogu...
[06:14:26]        [2] https://images.jdmagicbox.com/comp/kozhikode/q7/0495px495.x495.200205224512.v2q7/catalogue...
[06:14:26]        [3] https://images.jdmagicbox.com/comp/kozhikode/q7/0495px495.x495.200205224512.v2q7/catalogue...
[06:14:26]   [8] [IMG] Clock Tower Restaurant | +(91)-7947190542 | 9 photos
[06:14:26]        [1] https://content.jdmagicbox.com/comp/kozhikode/i7/0495px495.x495.211016160058.h8i7/catalogu...
[06:14:26]        [2] https://images.jdmagicbox.com/comp/kozhikode/i7/0495px495.x495.211016160058.h8i7/catalogue...
[06:14:26]        [3] https://images.jdmagicbox.com/comp/kozhikode/i7/0495px495.x495.211016160058.h8i7/catalogue...
[06:14:27]   [9] [IMG] Clock Tower Restaurant | +(91)-8401686359 | 9 photos
[06:14:27]        [1] https://content.jdmagicbox.com/comp/kozhikode/i1/0495px495.x495.210415170354.s8i1/catalogu...
[06:14:27]        [2] https://images.jdmagicbox.com/comp/kozhikode/i1/0495px495.x495.210415170354.s8i1/catalogue...
[06:14:27]        [3] https://images.jdmagicbox.com/comp/kozhikode/i1/0495px495.x495.210415170354.s8i1/catalogue...
[06:14:27]   [10] [IMG] Umami eats | +(91)-7994527434 | 5 photos
[06:14:27]        [1] https://content.jdmagicbox.com/comp/kozhikode/q5/0495px495.x495.181107095251.z7q5/catalogu...
[06:14:27]        [2] https://images.jdmagicbox.com/comp/kozhikode/q5/0495px495.x495.181107095251.z7q5/catalogue...
[06:14:27]        [3] https://images.jdmagicbox.com/comp/kozhikode/q5/0495px495.x495.181107095251.z7q5/catalogue...
[06:14:31] 
==========================================
[06:14:31] [*] Scraping target 4/40: Taliparamba
[06:14:31] ==========================================
[06:14:31] ? Found 100 total Fried Chicken Delivery Restaurants in Taliparamba.
[06:14:31]   Scraping page 1 (got 10 results)...
[06:14:31]   Checking page 2 for the next batch...
[06:14:31]   [1] [IMG] WESTBURG DARMASHALA | +(91)-7411790657 | 7 photos
[06:14:31]        [1] https://content.jdmagicbox.com/v2/comp/kannur/z9/9999px497.x497.250712160334.d1z9/catalogu...
[06:14:31]        [2] https://images.jdmagicbox.com/v2/comp/kannur/z9/9999px497.x497.250712160334.d1z9/catalogue...
[06:14:31]        [3] https://images.jdmagicbox.com/v2/comp/kannur/z9/9999px497.x497.250712160334.d1z9/catalogue...
[06:14:32]   [2] [IMG] Rooster Fried & Grill | +(91)-8113001100 | 9 photos
[06:14:32]        [1] https://content.jdmagicbox.com/comp/kannur/v3/9999px497.x497.190517204357.c5v3/catalogue/r...
[06:14:32]        [2] https://images.jdmagicbox.com/comp/kannur/v3/9999px497.x497.190517204357.c5v3/catalogue/ro...
[06:14:32]        [3] https://images.jdmagicbox.com/comp/kannur/v3/9999px497.x497.190517204357.c5v3/catalogue/ro...
[06:14:32]   [3] [IMG] Arabian Grill | +(91)-9544400048 | 9 photos
[06:14:32]        [1] https://content.jdmagicbox.com/comp/kannur/y4/9999px497.x497.170926210343.p8y4/catalogue/a...
[06:14:32]        [2] https://images.jdmagicbox.com/comp/kannur/y4/9999px497.x497.170926210343.p8y4/catalogue/ar...
[06:14:32]        [3] https://images.jdmagicbox.com/comp/kannur/y4/9999px497.x497.170926210343.p8y4/catalogue/ar...
[06:14:33]   [4] [IMG] Hotel Green Park | +(91)-9447850097 | 9 photos
[06:14:33]        [1] https://content.jdmagicbox.com/comp/kannur/n5/9999px497.x497.171001155450.e6n5/catalogue/h...
[06:14:33]        [2] https://images.jdmagicbox.com/comp/kannur/n5/9999px497.x497.171001155450.e6n5/catalogue/ho...
[06:14:33]        [3] https://images.jdmagicbox.com/v2/comp/kannur/n5/9999px497.x497.171001155450.e6n5/catalogue...
[06:14:33]   [5] [IMG] The Indian Express Superfast Restaurant | +(91)-8301009050 | 9 photos
[06:14:33]        [1] https://content.jdmagicbox.com/comp/kannur/e5/9999px497.x497.200106181231.h5e5/catalogue/t...
[06:14:33]        [2] https://images.jdmagicbox.com/comp/kannur/e5/9999px497.x497.200106181231.h5e5/catalogue/th...
[06:14:33]        [3] https://images.jdmagicbox.com/comp/kannur/e5/9999px497.x497.200106181231.h5e5/catalogue/th...
[06:14:34]   [6] [IMG] Wimbies Restaurant And Fried Chicken | +(91)-9895868789 | 7 photos
[06:14:34]        [1] https://content.jdmagicbox.com/comp/kannur/u9/9999px497.x497.170607163909.z1u9/catalogue/w...
[06:14:34]        [2] https://images.jdmagicbox.com/comp/kannur/u9/9999px497.x497.170607163909.z1u9/catalogue/wi...
[06:14:34]        [3] https://images.jdmagicbox.com/comp/kannur/u9/9999px497.x497.170607163909.z1u9/catalogue/wi...
[06:14:34]   [7] [IMG] Afc American Fried Chicken Restaurant | +(91)-7373162111 | 9 photos
[06:14:34]        [1] https://content.jdmagicbox.com/comp/kannur/j3/9999px497.x497.220421184400.b5j3/catalogue/a...
[06:14:34]        [2] https://images.jdmagicbox.com/comp/kannur/j3/9999px497.x497.220421184400.b5j3/catalogue/af...
[06:14:34]        [3] https://images.jdmagicbox.com/comp/kannur/j3/9999px497.x497.220421184400.b5j3/catalogue/af...
[06:14:35]   [8] [IMG] Go Ggrll Chokli | +(91)-9747217717 | 9 photos
[06:14:35]        [1] https://content.jdmagicbox.com/v2/comp/kannur/f8/9999px497.x497.230224144441.a3f8/catalogu...
[06:14:35]        [2] https://images.jdmagicbox.com/v2/comp/kannur/f8/9999px497.x497.230224144441.a3f8/catalogue...
[06:14:35]        [3] https://images.jdmagicbox.com/v2/comp/kannur/f8/9999px497.x497.230224144441.a3f8/catalogue...
[06:14:35]   [9] [IMG] Chikeys | +(91)-9895131123 | 9 photos
[06:14:35]        [1] https://content.jdmagicbox.com/comp/def_content_category/chikeys/121050718-333489939663650...
[06:14:35]        [2] https://images.jdmagicbox.com/comp/def_content_category/chikeys/121050718-3334899396636500...
[06:14:35]        [3] https://images.jdmagicbox.com/comp/def_content_category/chikeys/86689044-2704886126304500-...
[06:14:36]   [10] [IMG] Jesna Lunch Room | +(91)-9605683147 | 7 photos
[06:14:36]        [1] https://content.jdmagicbox.com/comp/kannur/f2/9999px497.x497.190220121951.z4f2/catalogue/j...
[06:14:36]        [2] https://images.jdmagicbox.com/comp/kannur/f2/9999px497.x497.190220121951.z4f2/catalogue/je...
[06:14:36]        [3] https://images.jdmagicbox.com/comp/kannur/f2/9999px497.x497.190220121951.z4f2/catalogue/je...
[06:14:38]   Scraping page 2 (got 10 results)...
[06:14:38]   Checking page 3 for the next batch...
[06:14:38]   [1] [IMG] Vkp S Cafe | +(91)-6235555112 | 9 photos
[06:14:38]        [1] https://content.jdmagicbox.com/v2/comp/kannur/u7/9999px497.x497.200107121359.c2u7/catalogu...
[06:14:38]        [2] https://images.jdmagicbox.com/v2/comp/kannur/u7/9999px497.x497.200107121359.c2u7/catalogue...
[06:14:38]        [3] https://images.jdmagicbox.com/v2/comp/kannur/u7/9999px497.x497.200107121359.c2u7/catalogue...
[06:14:38]   [2] [IMG] Hfc Fried Chicken | +(91)-7902898916 | 9 photos
[06:14:38]        [1] https://content.jdmagicbox.com/comp/kannur/y5/9999px497.x497.230328181354.g1y5/catalogue/h...
[06:14:38]        [2] https://images.jdmagicbox.com/comp/kannur/y5/9999px497.x497.230328181354.g1y5/catalogue/hf...
[06:14:38]        [3] https://images.jdmagicbox.com/v2/comp/kannur/y5/9999px497.x497.230328181354.g1y5/catalogue...
[06:14:39]   [3] [IMG] Chilly Hut | +(91)-8330057833 | 9 photos
[06:14:39]        [1] https://content.jdmagicbox.com/comp/kannur/b1/9999px497.x497.210226155456.l3b1/catalogue/c...
[06:14:39]        [2] https://images.jdmagicbox.com/comp/kannur/b1/9999px497.x497.210226155456.l3b1/catalogue/ch...
[06:14:39]        [3] https://images.jdmagicbox.com/v2/comp/kannur/b1/9999px497.x497.210226155456.l3b1/catalogue...
[06:14:39]   [4] [IMG] Chicking Fried Chicken (Kannur Mall) | +(91)-9744480000 | 9 photos
[06:14:39]        [1] https://content.jdmagicbox.com/comp/def_content_category/chicking-fried-chicken-11985242-m...
[06:14:39]        [2] https://images.jdmagicbox.com/comp/def_content_category/chicking-fried-chicken-11985242-mz...
[06:14:39]        [3] https://images.jdmagicbox.com/comp/def_content_category/chicking-fried-chicken/chicking-fr...
[06:14:40]   [5] [IMG] BURNO FRIED | +(91)-9961480764 | 6 photos
[06:14:40]        [1] https://content.jdmagicbox.com/v2/comp/kannur/h2/9999px497.x497.250809213421.y6h2/catalogu...
[06:14:40]        [2] https://images.jdmagicbox.com/v2/comp/kannur/h2/9999px497.x497.250809213421.y6h2/catalogue...
[06:14:40]        [3] https://images.jdmagicbox.com/v2/comp/kannur/h2/9999px497.x497.250809213421.y6h2/catalogue...
[06:14:41]   [6] [IMG] COCO CABANE CAFE | +(91)-8590090726 | 9 photos
[06:14:41]        [1] https://content.jdmagicbox.com/comp/kannur/t6/9999px497.x497.220728192535.f5t6/catalogue/c...
[06:14:41]        [2] https://images.jdmagicbox.com/comp/kannur/t6/9999px497.x497.220728192535.f5t6/catalogue/co...
[06:14:41]        [3] https://images.jdmagicbox.com/comp/kannur/t6/9999px497.x497.220728192535.f5t6/catalogue/co...
[06:14:41]   [7] [IMG] Hotel New Delhi | +(91)-9744866841 | 4 photos
[06:14:41]        [1] https://content.jdmagicbox.com/comp/def_content_category/south-indian-restaurants/new-dish...
[06:14:41]        [2] https://images.jdmagicbox.com/comp/def_content_category/south-indian-restaurants/new-dish-...
[06:14:41]        [3] https://images.jdmagicbox.com/comp/def_content_category/south-indian-restaurants/new-dish-...
[06:14:42]   [8] [IMG] TFC TURKISH FRIED CHICKEN CHAKKARAKKAL | +(91)-8301867300 | 9 photos
[06:14:42]        [1] https://content.jdmagicbox.com/comp/kannur/n6/9999px497.x497.240121190829.e4n6/catalogue/t...
[06:14:42]        [2] https://images.jdmagicbox.com/comp/kannur/n6/9999px497.x497.240121190829.e4n6/catalogue/tf...
[06:14:42]        [3] https://images.jdmagicbox.com/comp/kannur/n6/9999px497.x497.240121190829.e4n6/catalogue/tf...
[06:14:42]   [9] [IMG] Volga Chef | +(91)-7907722050 | 9 photos
[06:14:42]        [1] https://content.jdmagicbox.com/comp/kannur/e6/9999px497.x497.220210163401.x2e6/catalogue/-...
[06:14:42]        [2] https://images.jdmagicbox.com/comp/kannur/e6/9999px497.x497.220210163401.x2e6/catalogue/-h...
[06:14:42]        [3] https://images.jdmagicbox.com/comp/kannur/e6/9999px497.x497.220210163401.x2e6/catalogue/-2...
[06:14:43]   [10] [IMG] Lebanese |  | 9 photos
[06:14:43]        [1] https://content.jdmagicbox.com/comp/kannur/q2/9999px497.x497.181103164105.u9q2/catalogue/l...
[06:14:43]        [2] https://images.jdmagicbox.com/comp/kannur/q2/9999px497.x497.181103164105.u9q2/catalogue/le...
[06:14:43]        [3] https://images.jdmagicbox.com/comp/kannur/q2/9999px497.x497.181103164105.u9q2/catalogue/le...
[06:14:45]   Scraping page 3 (got 10 results)...
[06:14:45]   Checking page 4 for the next batch...
[06:14:45]   [1] [IMG] American Fried Chicken | +(91)-7592044544 | 7 photos
[06:14:45]        [1] https://content.jdmagicbox.com/comp/kannur/h5/9999px497.x497.220107164349.v8h5/catalogue/-...
[06:14:45]        [2] https://images.jdmagicbox.com/comp/kannur/h5/9999px497.x497.220107164349.v8h5/catalogue/-v...
[06:14:45]        [3] https://images.jdmagicbox.com/comp/kannur/h5/9999px497.x497.220107164349.v8h5/catalogue/-a...
[06:14:46]   [2] [IMG] Jubilee Restaurant | +(91)-9526366382 | 2 photos
[06:14:46]        [1] https://content.jdmagicbox.com/comp/def_content/buffet-restaurants/buffet-restaurants7-buf...
[06:14:46]        [2] https://images.jdmagicbox.com/comp/def_content/buffet-restaurants/buffet-restaurants7-buff...
[06:14:46]   [3] [IMG] Nks Chicken |  | 6 photos
[06:14:46]        [1] https://content.jdmagicbox.com/comp/kannur/k3/9999px497.x497.191212134539.x7k3/catalogue/n...
[06:14:46]        [2] https://images.jdmagicbox.com/comp/kannur/k3/9999px497.x497.191212134539.x7k3/catalogue/nk...
[06:14:46]        [3] https://images.jdmagicbox.com/comp/kannur/k3/9999px497.x497.191212134539.x7k3/catalogue/nk...
[06:14:47]   [4] [IMG] American Fried Chicken Pilathara | +(91)-8714759722 | 4 photos
[06:14:47]        [1] https://content.jdmagicbox.com/comp/kannur/g4/9999px497.x497.221019124021.h2g4/catalogue/a...
[06:14:47]        [2] https://images.jdmagicbox.com/comp/kannur/g4/9999px497.x497.221019124021.h2g4/catalogue/am...
[06:14:47]        [3] https://images.jdmagicbox.com/comp/kannur/g4/9999px497.x497.221019124021.h2g4/catalogue/am...
[06:14:47]   [5] [IMG] RAK | +(91)-6235101101 | 9 photos
[06:14:47]        [1] https://content.jdmagicbox.com/comp/kasaragod/g9/9999p4994.4994.210127203131.f2g9/catalogu...
[06:14:47]        [2] https://images.jdmagicbox.com/comp/kasaragod/g9/9999p4994.4994.210127203131.f2g9/catalogue...
[06:14:47]        [3] https://images.jdmagicbox.com/comp/kasaragod/g9/9999p4994.4994.210127203131.f2g9/catalogue...
[06:14:48]   [6] [IMG] Chikeys | +(91)-8606131123 | 9 photos
[06:14:48]        [1] https://content.jdmagicbox.com/comp/kozhikode/y3/0495px495.x495.190525032936.x5y3/catalogu...
[06:14:48]        [2] https://images.jdmagicbox.com/comp/kozhikode/y3/0495px495.x495.190525032936.x5y3/catalogue...
[06:14:48]        [3] https://images.jdmagicbox.com/comp/kozhikode/y3/0495px495.x495.190525032936.x5y3/catalogue...
[06:14:48]   [7] [IMG] Chicking Fried Chicken | +(91)-7736067817 | 9 photos
[06:14:48]        [1] https://content.jdmagicbox.com/comp/def_content_category/chicking-fried-chicken/chicking-f...
[06:14:48]        [2] https://images.jdmagicbox.com/comp/def_content_category/chicking-fried-chicken/chicking-fr...
[06:14:48]        [3] https://images.jdmagicbox.com/comp/def_content_category/chicking-fried-chicken-11985242-mz...
[06:14:49]   [8] [IMG] MFC Fried & Arabic | +(91)-8075029408 | 9 photos
[06:14:49]        [1] https://content.jdmagicbox.com/comp/kasaragod/f1/9999p4994.4994.171009202643.v4f1/catalogu...
[06:14:49]        [2] https://images.jdmagicbox.com/comp/kasaragod/f1/9999p4994.4994.171009202643.v4f1/catalogue...
[06:14:49]        [3] https://images.jdmagicbox.com/comp/kasaragod/f1/9999p4994.4994.171009202643.v4f1/catalogue...
[06:14:49]   [9] [IMG] Oryx Village | +(91)-8488918253 | 9 photos
[06:14:49]        [1] https://content.jdmagicbox.com/comp/kasaragod/d5/9999p4994.4994.180609125522.s4d5/catalogu...
[06:14:49]        [2] https://images.jdmagicbox.com/comp/kasaragod/d5/9999p4994.4994.180609125522.s4d5/catalogue...
[06:14:49]        [3] https://images.jdmagicbox.com/comp/kasaragod/d5/9999p4994.4994.180609125522.s4d5/catalogue...
[06:14:50]   [10] [IMG] AFC | +(91)-7012677537 | 5 photos
[06:14:50]        [1] https://content.jdmagicbox.com/comp/kozhikode/l5/0495px495.x495.211203141452.z3l5/catalogu...
[06:14:50]        [2] https://images.jdmagicbox.com/comp/kozhikode/l5/0495px495.x495.211203141452.z3l5/catalogue...
[06:14:50]        [3] https://images.jdmagicbox.com/comp/kozhikode/l5/0495px495.x495.211203141452.z3l5/catalogue...
[06:14:52]   Scraping page 4 (got 10 results)...
[06:14:52]   Checking page 5 for the next batch...
[06:14:52]   [1] [IMG] Golden Dine Family Restaurant | +(91)-9567302261 | 8 photos
[06:14:52]        [1] https://content.jdmagicbox.com/comp/kasaragod/e3/9999p4994.4994.181212142924.v8e3/catalogu...
[06:14:52]        [2] https://images.jdmagicbox.com/comp/kasaragod/e3/9999p4994.4994.181212142924.v8e3/catalogue...
[06:14:52]        [3] https://images.jdmagicbox.com/comp/kasaragod/e3/9999p4994.4994.181212142924.v8e3/catalogue...
[06:14:52]   [2] [IMG] Max Food | +(91)-9483340844 | 9 photos
[06:14:52]        [1] https://content.jdmagicbox.com/v2/comp/coorg/b2/9999p8272.8272.240715141211.c2b2/catalogue...
[06:14:52]        [2] https://images.jdmagicbox.com/v2/comp/coorg/b2/9999p8272.8272.240715141211.c2b2/catalogue/...
[06:14:52]        [3] https://images.jdmagicbox.com/v2/comp/coorg/b2/9999p8272.8272.240715141211.c2b2/catalogue/...
[06:14:53]   [3] [IMG] MADADA SOLUTION PVT LTD | +(91)-7221001003 | 9 photos
[06:14:53]        [1] https://content.jdmagicbox.com/comp/kozhikode/j2/0495px495.x495.230103175828.d9j2/catalogu...
[06:14:53]        [2] https://images.jdmagicbox.com/comp/kozhikode/j2/0495px495.x495.230103175828.d9j2/catalogue...
[06:14:53]        [3] https://images.jdmagicbox.com/comp/kozhikode/j2/0495px495.x495.230103175828.d9j2/catalogue...
[06:14:53]   [4] [IMG] Casaro Cafe | +(91)-9744772677 | 5 photos
[06:14:53]        [1] https://content.jdmagicbox.com/comp/kasaragod/v7/9999p4994.4994.220615225521.k2v7/catalogu...
[06:14:53]        [2] https://images.jdmagicbox.com/comp/kasaragod/v7/9999p4994.4994.220615225521.k2v7/catalogue...
[06:14:53]        [3] https://images.jdmagicbox.com/comp/kasaragod/v7/9999p4994.4994.220615225521.k2v7/catalogue...
[06:14:54]   [5] [IMG] Shawaya House Restaurant | +(91)-9539058080 | 9 photos
[06:14:54]        [1] https://content.jdmagicbox.com/comp/wayanad/m3/9999p4936.4936.230912223231.a8m3/catalogue/...
[06:14:54]        [2] https://images.jdmagicbox.com/comp/wayanad/m3/9999p4936.4936.230912223231.a8m3/catalogue/s...
[06:14:54]        [3] https://images.jdmagicbox.com/comp/wayanad/m3/9999p4936.4936.230912223231.a8m3/catalogue/s...
[06:14:54]   [6] [IMG] Quality Restaurant and Bakes | +(91)-9207300666 | 9 photos
[06:14:54]        [1] https://content.jdmagicbox.com/comp/kasaragod/r7/9999p4994.4994.170426102508.c8r7/catalogu...
[06:14:54]        [2] https://images.jdmagicbox.com/comp/kasaragod/r7/9999p4994.4994.170426102508.c8r7/catalogue...
[06:14:54]        [3] https://images.jdmagicbox.com/comp/bekal/r7/9999p4994.4994.170426102508.c8r7/catalogue/qua...
[06:14:55]   [7] [IMG] CFC Canadian Fried Chicken | +(91)-8123223715 | 5 photos
[06:14:55]        [1] https://content.jdmagicbox.com/comp/coorg/b9/9999p8272.8272.221217154654.x6b9/catalogue/-a...
[06:14:55]        [2] https://images.jdmagicbox.com/comp/coorg/b9/9999p8272.8272.221217154654.x6b9/catalogue/-a1...
[06:14:55]        [3] https://images.jdmagicbox.com/comp/coorg/b9/9999p8272.8272.221217154654.x6b9/catalogue/-ed...
[06:14:55]   [8] [IMG] Coffee Bare | +(91)-9656003252 | 9 photos
[06:14:55]        [1] https://content.jdmagicbox.com/comp/kasaragod/g9/9999p4994.4994.171211225040.i9g9/catalogu...
[06:14:55]        [2] https://images.jdmagicbox.com/comp/kasaragod/g9/9999p4994.4994.171211225040.i9g9/catalogue...
[06:14:55]        [3] https://images.jdmagicbox.com/comp/kasaragod/x3/pwfl1513010940g5d5x3/catalogue/coffee-bare...
[06:14:56]   [9] [IMG] Gama Kitchen | +(91)-8086310000 | 9 photos
[06:14:56]        [1] https://content.jdmagicbox.com/comp/kozhikode/s5/0495px495.x495.190810180742.q5s5/catalogu...
[06:14:56]        [2] https://images.jdmagicbox.com/comp/kozhikode/s5/0495px495.x495.190810180742.q5s5/catalogue...
[06:14:56]        [3] https://images.jdmagicbox.com/comp/kozhikode/s5/0495px495.x495.190810180742.q5s5/catalogue...
[06:14:56]   [10] [IMG] Sullias Eating Spot | +(91)-8142607082 | 5 photos
[06:14:56]        [1] https://content.jdmagicbox.com/comp/mangalore/v5/0824px824.x824.230106212525.l3v5/catalogu...
[06:14:56]        [2] https://images.jdmagicbox.com/comp/mangalore/v5/0824px824.x824.230106212525.l3v5/catalogue...
[06:14:56]        [3] https://images.jdmagicbox.com/comp/mangalore/v5/0824px824.x824.230106212525.l3v5/catalogue...
[06:14:59]   Scraping page 5 (got 10 results)...
[06:14:59]   Checking page 6 for the next batch...
[06:14:59]   [1] [IMG] Kuruva Family Restaurant | +(91)-8921536987 | 9 photos
[06:14:59]        [1] https://content.jdmagicbox.com/comp/wayanad/c1/9999p4936.4936.191203162722.c9c1/catalogue/...
[06:14:59]        [2] https://images.jdmagicbox.com/comp/wayanad/c1/9999p4936.4936.191203162722.c9c1/catalogue/k...
[06:14:59]        [3] https://images.jdmagicbox.com/comp/wayanad/c1/9999p4936.4936.191203162722.c9c1/catalogue/k...
[06:14:59]   [2] [IMG] LSJ CHICKEN | +(91)-9037911212 | 9 photos
[06:14:59]        [1] https://content.jdmagicbox.com/comp/kozhikode/d5/0495px495.x495.240325111357.y2d5/catalogu...
[06:14:59]        [2] https://images.jdmagicbox.com/comp/kozhikode/d5/0495px495.x495.240325111357.y2d5/catalogue...
[06:14:59]        [3] https://images.jdmagicbox.com/v2/comp/kozhikode/d5/0495px495.x495.240325111357.y2d5/catalo...
[06:15:00]   [3] [IMG] Fry Ville | +(91)-7994089339 | 8 photos
[06:15:00]        [1] https://content.jdmagicbox.com/comp/kozhikode/r5/0495px495.x495.240426193218.v8r5/catalogu...
[06:15:00]        [2] https://images.jdmagicbox.com/comp/kozhikode/r5/0495px495.x495.240426193218.v8r5/catalogue...
[06:15:00]        [3] https://images.jdmagicbox.com/v2/comp/kozhikode/r5/0495px495.x495.240426193218.v8r5/catalo...
[06:15:00]   [4] [IMG] Kadav Cafe | +(91)-7902791347 | 9 photos
[06:15:00]        [1] https://content.jdmagicbox.com/comp/wayanad/k8/9999p4936.4936.210505154047.l1k8/catalogue/...
[06:15:00]        [2] https://images.jdmagicbox.com/comp/wayanad/k8/9999p4936.4936.210505154047.l1k8/catalogue/p...
[06:15:00]        [3] https://images.jdmagicbox.com/comp/wayanad/k8/9999p4936.4936.210505154047.l1k8/catalogue/p...
[06:15:01]   [5] [IMG] AM 2 PM | +(91)-8281221562 | 9 photos
[06:15:01]        [1] https://content.jdmagicbox.com/comp/kozhikode/a1/0495px495.x495.210825115336.v6a1/catalogu...
[06:15:01]        [2] https://images.jdmagicbox.com/comp/kozhikode/a1/0495px495.x495.210825115336.v6a1/catalogue...
[06:15:01]        [3] https://images.jdmagicbox.com/comp/kozhikode/a1/0495px495.x495.210825115336.v6a1/catalogue...
[06:15:01]   [6] [IMG] Biryani house | +(91)-7025966937 | 9 photos
[06:15:01]        [1] https://content.jdmagicbox.com/comp/kasaragod/g9/9999p4994.4994.190817061424.b9g9/catalogu...
[06:15:01]        [2] https://images.jdmagicbox.com/comp/kasaragod/g9/9999p4994.4994.190817061424.b9g9/catalogue...
[06:15:01]        [3] https://images.jdmagicbox.com/comp/kasaragod/g9/9999p4994.4994.190817061424.b9g9/catalogue...
[06:15:02]   [7] [IMG] Vitamin Bbq Corner Family Restaurant & Tourist Restaurant | +(91)-8593909067 | 9 photos
[06:15:02]        [1] https://content.jdmagicbox.com/comp/kozhikode/q7/0495px495.x495.200205224512.v2q7/catalogu...
[06:15:02]        [2] https://images.jdmagicbox.com/comp/kozhikode/q7/0495px495.x495.200205224512.v2q7/catalogue...
[06:15:02]        [3] https://images.jdmagicbox.com/comp/kozhikode/q7/0495px495.x495.200205224512.v2q7/catalogue...
[06:15:02]   [8] [IMG] Clock Tower Restaurant | +(91)-7947190542 | 9 photos
[06:15:02]        [1] https://content.jdmagicbox.com/comp/kozhikode/i7/0495px495.x495.211016160058.h8i7/catalogu...
[06:15:02]        [2] https://images.jdmagicbox.com/comp/kozhikode/i7/0495px495.x495.211016160058.h8i7/catalogue...
[06:15:02]        [3] https://images.jdmagicbox.com/comp/kozhikode/i7/0495px495.x495.211016160058.h8i7/catalogue...
[06:15:03]   [9] [IMG] Clock Tower Restaurant | +(91)-8401686359 | 9 photos
[06:15:03]        [1] https://content.jdmagicbox.com/comp/kozhikode/i1/0495px495.x495.210415170354.s8i1/catalogu...
[06:15:03]        [2] https://images.jdmagicbox.com/comp/kozhikode/i1/0495px495.x495.210415170354.s8i1/catalogue...
[06:15:03]        [3] https://images.jdmagicbox.com/comp/kozhikode/i1/0495px495.x495.210415170354.s8i1/catalogue...
[06:15:03]   [10] [IMG] Umami eats | +(91)-7994527434 | 5 photos
[06:15:03]        [1] https://content.jdmagicbox.com/comp/kozhikode/q5/0495px495.x495.181107095251.z7q5/catalogu...
[06:15:03]        [2] https://images.jdmagicbox.com/comp/kozhikode/q5/0495px495.x495.181107095251.z7q5/catalogue...
[06:15:03]        [3] https://images.jdmagicbox.com/comp/kozhikode/q5/0495px495.x495.181107095251.z7q5/catalogue...
[06:15:07] 
==========================================
[06:15:07] [*] Scraping target 5/40: Iritty
[06:15:07] ==========================================
[06:15:08] ? Found 100 total Fried Chicken Delivery Restaurants in Iritty.
[06:15:08]   Scraping page 1 (got 10 results)...
[06:15:08]   Checking page 2 for the next batch...
[06:15:08]   [1] [IMG] WESTBURG DARMASHALA | +(91)-7411790657 | 7 photos
[06:15:08]        [1] https://content.jdmagicbox.com/v2/comp/kannur/z9/9999px497.x497.250712160334.d1z9/catalogu...
[06:15:08]        [2] https://images.jdmagicbox.com/v2/comp/kannur/z9/9999px497.x497.250712160334.d1z9/catalogue...
[06:15:08]        [3] https://images.jdmagicbox.com/v2/comp/kannur/z9/9999px497.x497.250712160334.d1z9/catalogue...
[06:15:08]   [2] [IMG] Chikeys | +(91)-9895131123 | 9 photos
[06:15:08]        [1] https://content.jdmagicbox.com/comp/def_content_category/chikeys/121050718-333489939663650...
[06:15:08]        [2] https://images.jdmagicbox.com/comp/def_content_category/chikeys/121050718-3334899396636500...
[06:15:08]        [3] https://images.jdmagicbox.com/comp/def_content_category/chikeys/86689044-2704886126304500-...
[06:15:09]   [3] [IMG] Rooster Fried & Grill | +(91)-8113001100 | 9 photos
[06:15:09]        [1] https://content.jdmagicbox.com/comp/kannur/v3/9999px497.x497.190517204357.c5v3/catalogue/r...
[06:15:09]        [2] https://images.jdmagicbox.com/comp/kannur/v3/9999px497.x497.190517204357.c5v3/catalogue/ro...
[06:15:09]        [3] https://images.jdmagicbox.com/comp/kannur/v3/9999px497.x497.190517204357.c5v3/catalogue/ro...
[06:15:09]   [4] [IMG] Wimbies Restaurant And Fried Chicken | +(91)-9895868789 | 7 photos
[06:15:09]        [1] https://content.jdmagicbox.com/comp/kannur/u9/9999px497.x497.170607163909.z1u9/catalogue/w...
[06:15:09]        [2] https://images.jdmagicbox.com/comp/kannur/u9/9999px497.x497.170607163909.z1u9/catalogue/wi...
[06:15:09]        [3] https://images.jdmagicbox.com/comp/kannur/u9/9999px497.x497.170607163909.z1u9/catalogue/wi...
[06:15:10]   [5] [IMG] Jesna Lunch Room | +(91)-9605683147 | 7 photos
[06:15:10]        [1] https://content.jdmagicbox.com/comp/kannur/f2/9999px497.x497.190220121951.z4f2/catalogue/j...
[06:15:10]        [2] https://images.jdmagicbox.com/comp/kannur/f2/9999px497.x497.190220121951.z4f2/catalogue/je...
[06:15:10]        [3] https://images.jdmagicbox.com/comp/kannur/f2/9999px497.x497.190220121951.z4f2/catalogue/je...
[06:15:10]   [6] [IMG] Go Ggrll Chokli | +(91)-9747217717 | 9 photos
[06:15:10]        [1] https://content.jdmagicbox.com/v2/comp/kannur/f8/9999px497.x497.230224144441.a3f8/catalogu...
[06:15:10]        [2] https://images.jdmagicbox.com/v2/comp/kannur/f8/9999px497.x497.230224144441.a3f8/catalogue...
[06:15:10]        [3] https://images.jdmagicbox.com/v2/comp/kannur/f8/9999px497.x497.230224144441.a3f8/catalogue...
[06:15:11]   [7] [IMG] Hotel Green Park | +(91)-9447850097 | 9 photos
[06:15:11]        [1] https://content.jdmagicbox.com/comp/kannur/n5/9999px497.x497.171001155450.e6n5/catalogue/h...
[06:15:11]        [2] https://images.jdmagicbox.com/comp/kannur/n5/9999px497.x497.171001155450.e6n5/catalogue/ho...
[06:15:11]        [3] https://images.jdmagicbox.com/v2/comp/kannur/n5/9999px497.x497.171001155450.e6n5/catalogue...
[06:15:11]   [8] [IMG] Hfc Fried Chicken | +(91)-7902898916 | 9 photos
[06:15:11]        [1] https://content.jdmagicbox.com/comp/kannur/y5/9999px497.x497.230328181354.g1y5/catalogue/h...
[06:15:11]        [2] https://images.jdmagicbox.com/comp/kannur/y5/9999px497.x497.230328181354.g1y5/catalogue/hf...
[06:15:11]        [3] https://images.jdmagicbox.com/v2/comp/kannur/y5/9999px497.x497.230328181354.g1y5/catalogue...
[06:15:12]   [9] [IMG] Afc American Fried Chicken Restaurant | +(91)-7373162111 | 9 photos
[06:15:12]        [1] https://content.jdmagicbox.com/comp/kannur/j3/9999px497.x497.220421184400.b5j3/catalogue/a...
[06:15:12]        [2] https://images.jdmagicbox.com/comp/kannur/j3/9999px497.x497.220421184400.b5j3/catalogue/af...
[06:15:12]        [3] https://images.jdmagicbox.com/comp/kannur/j3/9999px497.x497.220421184400.b5j3/catalogue/af...
[06:15:12]   [10] [IMG] The Indian Express Superfast Restaurant | +(91)-8301009050 | 9 photos
[06:15:12]        [1] https://content.jdmagicbox.com/comp/kannur/e5/9999px497.x497.200106181231.h5e5/catalogue/t...
[06:15:12]        [2] https://images.jdmagicbox.com/comp/kannur/e5/9999px497.x497.200106181231.h5e5/catalogue/th...
[06:15:12]        [3] https://images.jdmagicbox.com/comp/kannur/e5/9999px497.x497.200106181231.h5e5/catalogue/th...
[06:15:14]   Scraping page 2 (got 10 results)...
[06:15:14]   Checking page 3 for the next batch...
[06:15:14]   [1] [IMG] Arabian Grill | +(91)-9544400048 | 9 photos
[06:15:14]        [1] https://content.jdmagicbox.com/comp/kannur/y4/9999px497.x497.170926210343.p8y4/catalogue/a...
[06:15:14]        [2] https://images.jdmagicbox.com/comp/kannur/y4/9999px497.x497.170926210343.p8y4/catalogue/ar...
[06:15:14]        [3] https://images.jdmagicbox.com/comp/kannur/y4/9999px497.x497.170926210343.p8y4/catalogue/ar...
[06:15:15]   [2] [IMG] COCO CABANE CAFE | +(91)-8590090726 | 9 photos
[06:15:15]        [1] https://content.jdmagicbox.com/comp/kannur/t6/9999px497.x497.220728192535.f5t6/catalogue/c...
[06:15:15]        [2] https://images.jdmagicbox.com/comp/kannur/t6/9999px497.x497.220728192535.f5t6/catalogue/co...
[06:15:15]        [3] https://images.jdmagicbox.com/comp/kannur/t6/9999px497.x497.220728192535.f5t6/catalogue/co...
[06:15:15]   [3] [IMG] Hotel New Delhi | +(91)-9744866841 | 4 photos
[06:15:15]        [1] https://content.jdmagicbox.com/comp/def_content_category/south-indian-restaurants/new-dish...
[06:15:15]        [2] https://images.jdmagicbox.com/comp/def_content_category/south-indian-restaurants/new-dish-...
[06:15:15]        [3] https://images.jdmagicbox.com/comp/def_content_category/south-indian-restaurants/new-dish-...
[06:15:16]   [4] [IMG] Chilly Hut | +(91)-8330057833 | 9 photos
[06:15:16]        [1] https://content.jdmagicbox.com/comp/kannur/b1/9999px497.x497.210226155456.l3b1/catalogue/c...
[06:15:16]        [2] https://images.jdmagicbox.com/comp/kannur/b1/9999px497.x497.210226155456.l3b1/catalogue/ch...
[06:15:16]        [3] https://images.jdmagicbox.com/v2/comp/kannur/b1/9999px497.x497.210226155456.l3b1/catalogue...
[06:15:16]   [5] [IMG] Vkp S Cafe | +(91)-6235555112 | 9 photos
[06:15:16]        [1] https://content.jdmagicbox.com/v2/comp/kannur/u7/9999px497.x497.200107121359.c2u7/catalogu...
[06:15:16]        [2] https://images.jdmagicbox.com/v2/comp/kannur/u7/9999px497.x497.200107121359.c2u7/catalogue...
[06:15:16]        [3] https://images.jdmagicbox.com/v2/comp/kannur/u7/9999px497.x497.200107121359.c2u7/catalogue...
[06:15:17]   [6] [IMG] Chicking Fried Chicken (Kannur Mall) | +(91)-9744480000 | 9 photos
[06:15:17]        [1] https://content.jdmagicbox.com/comp/def_content_category/chicking-fried-chicken-11985242-m...
[06:15:17]        [2] https://images.jdmagicbox.com/comp/def_content_category/chicking-fried-chicken-11985242-mz...
[06:15:17]        [3] https://images.jdmagicbox.com/comp/def_content_category/chicking-fried-chicken/chicking-fr...
[06:15:18]   [7] [IMG] Volga Chef | +(91)-7907722050 | 9 photos
[06:15:18]        [1] https://content.jdmagicbox.com/comp/kannur/e6/9999px497.x497.220210163401.x2e6/catalogue/-...
[06:15:18]        [2] https://images.jdmagicbox.com/comp/kannur/e6/9999px497.x497.220210163401.x2e6/catalogue/-h...
[06:15:18]        [3] https://images.jdmagicbox.com/comp/kannur/e6/9999px497.x497.220210163401.x2e6/catalogue/-2...
[06:15:18]   [8] [IMG] TFC TURKISH FRIED CHICKEN CHAKKARAKKAL | +(91)-8301867300 | 9 photos
[06:15:18]        [1] https://content.jdmagicbox.com/comp/kannur/n6/9999px497.x497.240121190829.e4n6/catalogue/t...
[06:15:18]        [2] https://images.jdmagicbox.com/comp/kannur/n6/9999px497.x497.240121190829.e4n6/catalogue/tf...
[06:15:18]        [3] https://images.jdmagicbox.com/comp/kannur/n6/9999px497.x497.240121190829.e4n6/catalogue/tf...
[06:15:19]   [9] [IMG] BURNO FRIED | +(91)-9961480764 | 6 photos
[06:15:19]        [1] https://content.jdmagicbox.com/v2/comp/kannur/h2/9999px497.x497.250809213421.y6h2/catalogu...
[06:15:19]        [2] https://images.jdmagicbox.com/v2/comp/kannur/h2/9999px497.x497.250809213421.y6h2/catalogue...
[06:15:19]        [3] https://images.jdmagicbox.com/v2/comp/kannur/h2/9999px497.x497.250809213421.y6h2/catalogue...
[06:15:19]   [10] [IMG] Jubilee Restaurant | +(91)-9526366382 | 2 photos
[06:15:19]        [1] https://content.jdmagicbox.com/comp/def_content/buffet-restaurants/buffet-restaurants7-buf...
[06:15:19]        [2] https://images.jdmagicbox.com/comp/def_content/buffet-restaurants/buffet-restaurants7-buff...
[06:15:23]   Scraping page 3 (got 10 results)...
[06:15:23]   Checking page 4 for the next batch...
[06:15:23]   [1] [IMG] American Fried Chicken | +(91)-7592044544 | 7 photos
[06:15:23]        [1] https://content.jdmagicbox.com/comp/kannur/h5/9999px497.x497.220107164349.v8h5/catalogue/-...
[06:15:23]        [2] https://images.jdmagicbox.com/comp/kannur/h5/9999px497.x497.220107164349.v8h5/catalogue/-v...
[06:15:23]        [3] https://images.jdmagicbox.com/comp/kannur/h5/9999px497.x497.220107164349.v8h5/catalogue/-a...
[06:15:23]   [2] [IMG] American Fried Chicken Pilathara | +(91)-8714759722 | 4 photos
[06:15:23]        [1] https://content.jdmagicbox.com/comp/kannur/g4/9999px497.x497.221019124021.h2g4/catalogue/a...
[06:15:23]        [2] https://images.jdmagicbox.com/comp/kannur/g4/9999px497.x497.221019124021.h2g4/catalogue/am...
[06:15:23]        [3] https://images.jdmagicbox.com/comp/kannur/g4/9999px497.x497.221019124021.h2g4/catalogue/am...
[06:15:24]   [3] [IMG] Nks Chicken |  | 6 photos
[06:15:24]        [1] https://content.jdmagicbox.com/comp/kannur/k3/9999px497.x497.191212134539.x7k3/catalogue/n...
[06:15:24]        [2] https://images.jdmagicbox.com/comp/kannur/k3/9999px497.x497.191212134539.x7k3/catalogue/nk...
[06:15:24]        [3] https://images.jdmagicbox.com/comp/kannur/k3/9999px497.x497.191212134539.x7k3/catalogue/nk...
[06:15:24]   [4] [IMG] Lebanese |  | 9 photos
[06:15:24]        [1] https://content.jdmagicbox.com/comp/kannur/q2/9999px497.x497.181103164105.u9q2/catalogue/l...
[06:15:24]        [2] https://images.jdmagicbox.com/comp/kannur/q2/9999px497.x497.181103164105.u9q2/catalogue/le...
[06:15:24]        [3] https://images.jdmagicbox.com/comp/kannur/q2/9999px497.x497.181103164105.u9q2/catalogue/le...
[06:15:25]   [5] [IMG] RAK | +(91)-6235101101 | 9 photos
[06:15:25]        [1] https://content.jdmagicbox.com/comp/kasaragod/g9/9999p4994.4994.210127203131.f2g9/catalogu...
[06:15:25]        [2] https://images.jdmagicbox.com/comp/kasaragod/g9/9999p4994.4994.210127203131.f2g9/catalogue...
[06:15:25]        [3] https://images.jdmagicbox.com/comp/kasaragod/g9/9999p4994.4994.210127203131.f2g9/catalogue...
[06:15:25]   [6] [IMG] Chikeys | +(91)-8606131123 | 9 photos
[06:15:25]        [1] https://content.jdmagicbox.com/comp/kozhikode/y3/0495px495.x495.190525032936.x5y3/catalogu...
[06:15:25]        [2] https://images.jdmagicbox.com/comp/kozhikode/y3/0495px495.x495.190525032936.x5y3/catalogue...
[06:15:25]        [3] https://images.jdmagicbox.com/comp/kozhikode/y3/0495px495.x495.190525032936.x5y3/catalogue...
[06:15:26]   [7] [IMG] Chicking Fried Chicken | +(91)-7736067817 | 9 photos
[06:15:26]        [1] https://content.jdmagicbox.com/comp/def_content_category/chicking-fried-chicken/chicking-f...
[06:15:26]        [2] https://images.jdmagicbox.com/comp/def_content_category/chicking-fried-chicken/chicking-fr...
[06:15:26]        [3] https://images.jdmagicbox.com/comp/def_content_category/chicking-fried-chicken-11985242-mz...
[06:15:26]   [8] [IMG] MFC Fried & Arabic | +(91)-8075029408 | 9 photos
[06:15:26]        [1] https://content.jdmagicbox.com/comp/kasaragod/f1/9999p4994.4994.171009202643.v4f1/catalogu...
[06:15:26]        [2] https://images.jdmagicbox.com/comp/kasaragod/f1/9999p4994.4994.171009202643.v4f1/catalogue...
[06:15:26]        [3] https://images.jdmagicbox.com/comp/kasaragod/f1/9999p4994.4994.171009202643.v4f1/catalogue...
[06:15:27]   [9] [IMG] Oryx Village | +(91)-8488918253 | 9 photos
[06:15:27]        [1] https://content.jdmagicbox.com/comp/kasaragod/d5/9999p4994.4994.180609125522.s4d5/catalogu...
[06:15:27]        [2] https://images.jdmagicbox.com/comp/kasaragod/d5/9999p4994.4994.180609125522.s4d5/catalogue...
[06:15:27]        [3] https://images.jdmagicbox.com/comp/kasaragod/d5/9999p4994.4994.180609125522.s4d5/catalogue...
[06:15:28]   [10] [IMG] AFC | +(91)-7012677537 | 5 photos
[06:15:28]        [1] https://content.jdmagicbox.com/comp/kozhikode/l5/0495px495.x495.211203141452.z3l5/catalogu...
[06:15:28]        [2] https://images.jdmagicbox.com/comp/kozhikode/l5/0495px495.x495.211203141452.z3l5/catalogue...
[06:15:28]        [3] https://images.jdmagicbox.com/comp/kozhikode/l5/0495px495.x495.211203141452.z3l5/catalogue...
[06:15:30]   Scraping page 4 (got 10 results)...
[06:15:30]   Checking page 5 for the next batch...
[06:15:30]   [1] [IMG] Golden Dine Family Restaurant | +(91)-9567302261 | 8 photos
[06:15:30]        [1] https://content.jdmagicbox.com/comp/kasaragod/e3/9999p4994.4994.181212142924.v8e3/catalogu...
[06:15:30]        [2] https://images.jdmagicbox.com/comp/kasaragod/e3/9999p4994.4994.181212142924.v8e3/catalogue...
[06:15:30]        [3] https://images.jdmagicbox.com/comp/kasaragod/e3/9999p4994.4994.181212142924.v8e3/catalogue...
[06:15:30]   [2] [IMG] Max Food | +(91)-9483340844 | 9 photos
[06:15:30]        [1] https://content.jdmagicbox.com/v2/comp/coorg/b2/9999p8272.8272.240715141211.c2b2/catalogue...
[06:15:30]        [2] https://images.jdmagicbox.com/v2/comp/coorg/b2/9999p8272.8272.240715141211.c2b2/catalogue/...
[06:15:30]        [3] https://images.jdmagicbox.com/v2/comp/coorg/b2/9999p8272.8272.240715141211.c2b2/catalogue/...
[06:15:31]   [3] [IMG] MADADA SOLUTION PVT LTD | +(91)-7221001003 | 9 photos
[06:15:31]        [1] https://content.jdmagicbox.com/comp/kozhikode/j2/0495px495.x495.230103175828.d9j2/catalogu...
[06:15:31]        [2] https://images.jdmagicbox.com/comp/kozhikode/j2/0495px495.x495.230103175828.d9j2/catalogue...
[06:15:31]        [3] https://images.jdmagicbox.com/comp/kozhikode/j2/0495px495.x495.230103175828.d9j2/catalogue...
[06:15:31]   [4] [IMG] Casaro Cafe | +(91)-9744772677 | 5 photos
[06:15:31]        [1] https://content.jdmagicbox.com/comp/kasaragod/v7/9999p4994.4994.220615225521.k2v7/catalogu...
[06:15:31]        [2] https://images.jdmagicbox.com/comp/kasaragod/v7/9999p4994.4994.220615225521.k2v7/catalogue...
[06:15:31]        [3] https://images.jdmagicbox.com/comp/kasaragod/v7/9999p4994.4994.220615225521.k2v7/catalogue...
[06:15:32]   [5] [IMG] Shawaya House Restaurant | +(91)-9539058080 | 9 photos
[06:15:32]        [1] https://content.jdmagicbox.com/comp/wayanad/m3/9999p4936.4936.230912223231.a8m3/catalogue/...
[06:15:32]        [2] https://images.jdmagicbox.com/comp/wayanad/m3/9999p4936.4936.230912223231.a8m3/catalogue/s...
[06:15:32]        [3] https://images.jdmagicbox.com/comp/wayanad/m3/9999p4936.4936.230912223231.a8m3/catalogue/s...
[06:15:32]   [6] [IMG] Quality Restaurant and Bakes | +(91)-9207300666 | 9 photos
[06:15:32]        [1] https://content.jdmagicbox.com/comp/kasaragod/r7/9999p4994.4994.170426102508.c8r7/catalogu...
[06:15:32]        [2] https://images.jdmagicbox.com/comp/kasaragod/r7/9999p4994.4994.170426102508.c8r7/catalogue...
[06:15:32]        [3] https://images.jdmagicbox.com/comp/bekal/r7/9999p4994.4994.170426102508.c8r7/catalogue/qua...
[06:15:33]   [7] [IMG] CFC Canadian Fried Chicken | +(91)-8123223715 | 5 photos
[06:15:33]        [1] https://content.jdmagicbox.com/comp/coorg/b9/9999p8272.8272.221217154654.x6b9/catalogue/-a...
[06:15:33]        [2] https://images.jdmagicbox.com/comp/coorg/b9/9999p8272.8272.221217154654.x6b9/catalogue/-a1...
[06:15:33]        [3] https://images.jdmagicbox.com/comp/coorg/b9/9999p8272.8272.221217154654.x6b9/catalogue/-ed...
[06:15:33]   [8] [IMG] Coffee Bare | +(91)-9656003252 | 9 photos
[06:15:33]        [1] https://content.jdmagicbox.com/comp/kasaragod/g9/9999p4994.4994.171211225040.i9g9/catalogu...
[06:15:33]        [2] https://images.jdmagicbox.com/comp/kasaragod/g9/9999p4994.4994.171211225040.i9g9/catalogue...
[06:15:33]        [3] https://images.jdmagicbox.com/comp/kasaragod/x3/pwfl1513010940g5d5x3/catalogue/coffee-bare...
[06:15:34]   [9] [IMG] Gama Kitchen | +(91)-8086310000 | 9 photos
[06:15:34]        [1] https://content.jdmagicbox.com/comp/kozhikode/s5/0495px495.x495.190810180742.q5s5/catalogu...
[06:15:34]        [2] https://images.jdmagicbox.com/comp/kozhikode/s5/0495px495.x495.190810180742.q5s5/catalogue...
[06:15:34]        [3] https://images.jdmagicbox.com/comp/kozhikode/s5/0495px495.x495.190810180742.q5s5/catalogue...
[06:15:34]   [10] [IMG] Sullias Eating Spot | +(91)-8142607082 | 5 photos
[06:15:34]        [1] https://content.jdmagicbox.com/comp/mangalore/v5/0824px824.x824.230106212525.l3v5/catalogu...
[06:15:34]        [2] https://images.jdmagicbox.com/comp/mangalore/v5/0824px824.x824.230106212525.l3v5/catalogue...
[06:15:34]        [3] https://images.jdmagicbox.com/comp/mangalore/v5/0824px824.x824.230106212525.l3v5/catalogue...
[06:15:37]   Scraping page 5 (got 10 results)...
[06:15:37]   Checking page 6 for the next batch...
[06:15:37]   [1] [IMG] Kuruva Family Restaurant | +(91)-8921536987 | 9 photos
[06:15:37]        [1] https://content.jdmagicbox.com/comp/wayanad/c1/9999p4936.4936.191203162722.c9c1/catalogue/...
[06:15:37]        [2] https://images.jdmagicbox.com/comp/wayanad/c1/9999p4936.4936.191203162722.c9c1/catalogue/k...
[06:15:37]        [3] https://images.jdmagicbox.com/comp/wayanad/c1/9999p4936.4936.191203162722.c9c1/catalogue/k...
[06:15:37]   [2] [IMG] LSJ CHICKEN | +(91)-9037911212 | 9 photos
[06:15:37]        [1] https://content.jdmagicbox.com/comp/kozhikode/d5/0495px495.x495.240325111357.y2d5/catalogu...
[06:15:37]        [2] https://images.jdmagicbox.com/comp/kozhikode/d5/0495px495.x495.240325111357.y2d5/catalogue...
[06:15:37]        [3] https://images.jdmagicbox.com/v2/comp/kozhikode/d5/0495px495.x495.240325111357.y2d5/catalo...
[06:15:38]   [3] [IMG] Fry Ville | +(91)-7994089339 | 8 photos
[06:15:38]        [1] https://content.jdmagicbox.com/comp/kozhikode/r5/0495px495.x495.240426193218.v8r5/catalogu...
[06:15:38]        [2] https://images.jdmagicbox.com/comp/kozhikode/r5/0495px495.x495.240426193218.v8r5/catalogue...
[06:15:38]        [3] https://images.jdmagicbox.com/v2/comp/kozhikode/r5/0495px495.x495.240426193218.v8r5/catalo...
[06:15:38]   [4] [IMG] Kadav Cafe | +(91)-7902791347 | 9 photos
[06:15:38]        [1] https://content.jdmagicbox.com/comp/wayanad/k8/9999p4936.4936.210505154047.l1k8/catalogue/...
[06:15:38]        [2] https://images.jdmagicbox.com/comp/wayanad/k8/9999p4936.4936.210505154047.l1k8/catalogue/p...
[06:15:38]        [3] https://images.jdmagicbox.com/comp/wayanad/k8/9999p4936.4936.210505154047.l1k8/catalogue/p...
[06:15:39]   [5] [IMG] AM 2 PM | +(91)-8281221562 | 9 photos
[06:15:39]        [1] https://content.jdmagicbox.com/comp/kozhikode/a1/0495px495.x495.210825115336.v6a1/catalogu...
[06:15:39]        [2] https://images.jdmagicbox.com/comp/kozhikode/a1/0495px495.x495.210825115336.v6a1/catalogue...
[06:15:39]        [3] https://images.jdmagicbox.com/comp/kozhikode/a1/0495px495.x495.210825115336.v6a1/catalogue...
[06:15:39]   [6] [IMG] Biryani house | +(91)-7025966937 | 9 photos
[06:15:39]        [1] https://content.jdmagicbox.com/comp/kasaragod/g9/9999p4994.4994.190817061424.b9g9/catalogu...
[06:15:39]        [2] https://images.jdmagicbox.com/comp/kasaragod/g9/9999p4994.4994.190817061424.b9g9/catalogue...
[06:15:39]        [3] https://images.jdmagicbox.com/comp/kasaragod/g9/9999p4994.4994.190817061424.b9g9/catalogue...
[06:15:40]   [7] [IMG] Vitamin Bbq Corner Family Restaurant & Tourist Restaurant | +(91)-8593909067 | 9 photos
[06:15:40]        [1] https://content.jdmagicbox.com/comp/kozhikode/q7/0495px495.x495.200205224512.v2q7/catalogu...
[06:15:40]        [2] https://images.jdmagicbox.com/comp/kozhikode/q7/0495px495.x495.200205224512.v2q7/catalogue...
[06:15:40]        [3] https://images.jdmagicbox.com/comp/kozhikode/q7/0495px495.x495.200205224512.v2q7/catalogue...
[06:15:40]   [8] [IMG] Clock Tower Restaurant | +(91)-7947190542 | 9 photos
[06:15:40]        [1] https://content.jdmagicbox.com/comp/kozhikode/i7/0495px495.x495.211016160058.h8i7/catalogu...
[06:15:40]        [2] https://images.jdmagicbox.com/comp/kozhikode/i7/0495px495.x495.211016160058.h8i7/catalogue...
[06:15:40]        [3] https://images.jdmagicbox.com/comp/kozhikode/i7/0495px495.x495.211016160058.h8i7/catalogue...
[06:15:41]   [9] [IMG] Clock Tower Restaurant | +(91)-8401686359 | 9 photos
[06:15:41]        [1] https://content.jdmagicbox.com/comp/kozhikode/i1/0495px495.x495.210415170354.s8i1/catalogu...
[06:15:41]        [2] https://images.jdmagicbox.com/comp/kozhikode/i1/0495px495.x495.210415170354.s8i1/catalogue...
[06:15:41]        [3] https://images.jdmagicbox.com/comp/kozhikode/i1/0495px495.x495.210415170354.s8i1/catalogue...
[06:15:41]   [10] [IMG] Umami eats | +(91)-7994527434 | 5 photos
[06:15:41]        [1] https://content.jdmagicbox.com/comp/kozhikode/q5/0495px495.x495.181107095251.z7q5/catalogu...
[06:15:41]        [2] https://images.jdmagicbox.com/comp/kozhikode/q5/0495px495.x495.181107095251.z7q5/catalogue...
[06:15:41]        [3] https://images.jdmagicbox.com/comp/kozhikode/q5/0495px495.x495.181107095251.z7q5/catalogue...
[06:15:45] 
==========================================
[06:15:45] [*] Scraping target 6/40: Kuthuparamba
[06:15:45] ==========================================
[06:15:45] ? Found 100 total Fried Chicken Delivery Restaurants in Kuthuparamba.
[06:15:45]   Scraping page 1 (got 10 results)...
[06:15:45]   Checking page 2 for the next batch...
[06:15:45]   [1] [IMG] WESTBURG DARMASHALA | +(91)-7411790657 | 7 photos
[06:15:45]        [1] https://content.jdmagicbox.com/v2/comp/kannur/z9/9999px497.x497.250712160334.d1z9/catalogu...
[06:15:45]        [2] https://images.jdmagicbox.com/v2/comp/kannur/z9/9999px497.x497.250712160334.d1z9/catalogue...
[06:15:45]        [3] https://images.jdmagicbox.com/v2/comp/kannur/z9/9999px497.x497.250712160334.d1z9/catalogue...
[06:15:46]   [2] [IMG] COCO CABANE CAFE | +(91)-8590090726 | 9 photos
[06:15:46]        [1] https://content.jdmagicbox.com/comp/kannur/t6/9999px497.x497.220728192535.f5t6/catalogue/c...
[06:15:46]        [2] https://images.jdmagicbox.com/comp/kannur/t6/9999px497.x497.220728192535.f5t6/catalogue/co...
[06:15:46]        [3] https://images.jdmagicbox.com/comp/kannur/t6/9999px497.x497.220728192535.f5t6/catalogue/co...
[06:15:46]   [3] [IMG] Go Ggrll Chokli | +(91)-9747217717 | 9 photos
[06:15:46]        [1] https://content.jdmagicbox.com/v2/comp/kannur/f8/9999px497.x497.230224144441.a3f8/catalogu...
[06:15:46]        [2] https://images.jdmagicbox.com/v2/comp/kannur/f8/9999px497.x497.230224144441.a3f8/catalogue...
[06:15:46]        [3] https://images.jdmagicbox.com/v2/comp/kannur/f8/9999px497.x497.230224144441.a3f8/catalogue...
[06:15:47]   [4] [IMG] Hotel Green Park | +(91)-9447850097 | 9 photos
[06:15:47]        [1] https://content.jdmagicbox.com/comp/kannur/n5/9999px497.x497.171001155450.e6n5/catalogue/h...
[06:15:47]        [2] https://images.jdmagicbox.com/comp/kannur/n5/9999px497.x497.171001155450.e6n5/catalogue/ho...
[06:15:47]        [3] https://images.jdmagicbox.com/v2/comp/kannur/n5/9999px497.x497.171001155450.e6n5/catalogue...
[06:15:47]   [5] [IMG] Rooster Fried & Grill | +(91)-8113001100 | 9 photos
[06:15:47]        [1] https://content.jdmagicbox.com/comp/kannur/v3/9999px497.x497.190517204357.c5v3/catalogue/r...
[06:15:47]        [2] https://images.jdmagicbox.com/comp/kannur/v3/9999px497.x497.190517204357.c5v3/catalogue/ro...
[06:15:47]        [3] https://images.jdmagicbox.com/comp/kannur/v3/9999px497.x497.190517204357.c5v3/catalogue/ro...
[06:15:48]   [6] [IMG] Chikeys | +(91)-9895131123 | 9 photos
[06:15:48]        [1] https://content.jdmagicbox.com/comp/def_content_category/chikeys/121050718-333489939663650...
[06:15:48]        [2] https://images.jdmagicbox.com/comp/def_content_category/chikeys/121050718-3334899396636500...
[06:15:48]        [3] https://images.jdmagicbox.com/comp/def_content_category/chikeys/86689044-2704886126304500-...
[06:15:49]   [7] [IMG] Wimbies Restaurant And Fried Chicken | +(91)-9895868789 | 7 photos
[06:15:49]        [1] https://content.jdmagicbox.com/comp/kannur/u9/9999px497.x497.170607163909.z1u9/catalogue/w...
[06:15:49]        [2] https://images.jdmagicbox.com/comp/kannur/u9/9999px497.x497.170607163909.z1u9/catalogue/wi...
[06:15:49]        [3] https://images.jdmagicbox.com/comp/kannur/u9/9999px497.x497.170607163909.z1u9/catalogue/wi...
[06:15:49]   [8] [IMG] Afc American Fried Chicken Restaurant | +(91)-7373162111 | 9 photos
[06:15:49]        [1] https://content.jdmagicbox.com/comp/kannur/j3/9999px497.x497.220421184400.b5j3/catalogue/a...
[06:15:49]        [2] https://images.jdmagicbox.com/comp/kannur/j3/9999px497.x497.220421184400.b5j3/catalogue/af...
[06:15:49]        [3] https://images.jdmagicbox.com/comp/kannur/j3/9999px497.x497.220421184400.b5j3/catalogue/af...
[06:15:50]   [9] [IMG] Jesna Lunch Room | +(91)-9605683147 | 7 photos
[06:15:50]        [1] https://content.jdmagicbox.com/comp/kannur/f2/9999px497.x497.190220121951.z4f2/catalogue/j...
[06:15:50]        [2] https://images.jdmagicbox.com/comp/kannur/f2/9999px497.x497.190220121951.z4f2/catalogue/je...
[06:15:50]        [3] https://images.jdmagicbox.com/comp/kannur/f2/9999px497.x497.190220121951.z4f2/catalogue/je...
[06:15:50]   [10] [IMG] Chilly Hut | +(91)-8330057833 | 9 photos
[06:15:50]        [1] https://content.jdmagicbox.com/comp/kannur/b1/9999px497.x497.210226155456.l3b1/catalogue/c...
[06:15:50]        [2] https://images.jdmagicbox.com/comp/kannur/b1/9999px497.x497.210226155456.l3b1/catalogue/ch...
[06:15:50]        [3] https://images.jdmagicbox.com/v2/comp/kannur/b1/9999px497.x497.210226155456.l3b1/catalogue...
[06:15:52]   Scraping page 2 (got 10 results)...
[06:15:52]   Checking page 3 for the next batch...
[06:15:52]   [1] [IMG] Vkp S Cafe | +(91)-6235555112 | 9 photos
[06:15:52]        [1] https://content.jdmagicbox.com/v2/comp/kannur/u7/9999px497.x497.200107121359.c2u7/catalogu...
[06:15:52]        [2] https://images.jdmagicbox.com/v2/comp/kannur/u7/9999px497.x497.200107121359.c2u7/catalogue...
[06:15:52]        [3] https://images.jdmagicbox.com/v2/comp/kannur/u7/9999px497.x497.200107121359.c2u7/catalogue...
[06:15:53]   [2] [IMG] Hfc Fried Chicken | +(91)-7902898916 | 9 photos
[06:15:53]        [1] https://content.jdmagicbox.com/comp/kannur/y5/9999px497.x497.230328181354.g1y5/catalogue/h...
[06:15:53]        [2] https://images.jdmagicbox.com/comp/kannur/y5/9999px497.x497.230328181354.g1y5/catalogue/hf...
[06:15:53]        [3] https://images.jdmagicbox.com/v2/comp/kannur/y5/9999px497.x497.230328181354.g1y5/catalogue...
[06:15:54]   [3] [IMG] The Indian Express Superfast Restaurant | +(91)-8301009050 | 9 photos
[06:15:54]        [1] https://content.jdmagicbox.com/comp/kannur/e5/9999px497.x497.200106181231.h5e5/catalogue/t...
[06:15:54]        [2] https://images.jdmagicbox.com/comp/kannur/e5/9999px497.x497.200106181231.h5e5/catalogue/th...
[06:15:54]        [3] https://images.jdmagicbox.com/comp/kannur/e5/9999px497.x497.200106181231.h5e5/catalogue/th...
[06:15:54]   [4] [IMG] Nks Chicken |  | 6 photos
[06:15:54]        [1] https://content.jdmagicbox.com/comp/kannur/k3/9999px497.x497.191212134539.x7k3/catalogue/n...
[06:15:54]        [2] https://images.jdmagicbox.com/comp/kannur/k3/9999px497.x497.191212134539.x7k3/catalogue/nk...
[06:15:54]        [3] https://images.jdmagicbox.com/comp/kannur/k3/9999px497.x497.191212134539.x7k3/catalogue/nk...
[06:15:55]   [5] [IMG] Chicking Fried Chicken (Kannur Mall) | +(91)-9744480000 | 9 photos
[06:15:55]        [1] https://content.jdmagicbox.com/comp/def_content_category/chicking-fried-chicken-11985242-m...
[06:15:55]        [2] https://images.jdmagicbox.com/comp/def_content_category/chicking-fried-chicken-11985242-mz...
[06:15:55]        [3] https://images.jdmagicbox.com/comp/def_content_category/chicking-fried-chicken/chicking-fr...
[06:15:55]   [6] [IMG] Arabian Grill | +(91)-9544400048 | 9 photos
[06:15:55]        [1] https://content.jdmagicbox.com/comp/kannur/y4/9999px497.x497.170926210343.p8y4/catalogue/a...
[06:15:55]        [2] https://images.jdmagicbox.com/comp/kannur/y4/9999px497.x497.170926210343.p8y4/catalogue/ar...
[06:15:55]        [3] https://images.jdmagicbox.com/comp/kannur/y4/9999px497.x497.170926210343.p8y4/catalogue/ar...
[06:15:56]   [7] [IMG] American Fried Chicken | +(91)-7592044544 | 7 photos
[06:15:56]        [1] https://content.jdmagicbox.com/comp/kannur/h5/9999px497.x497.220107164349.v8h5/catalogue/-...
[06:15:56]        [2] https://images.jdmagicbox.com/comp/kannur/h5/9999px497.x497.220107164349.v8h5/catalogue/-v...
[06:15:56]        [3] https://images.jdmagicbox.com/comp/kannur/h5/9999px497.x497.220107164349.v8h5/catalogue/-a...
[06:15:57]   [8] [IMG] Jubilee Restaurant | +(91)-9526366382 | 2 photos
[06:15:57]        [1] https://content.jdmagicbox.com/comp/def_content/buffet-restaurants/buffet-restaurants7-buf...
[06:15:57]        [2] https://images.jdmagicbox.com/comp/def_content/buffet-restaurants/buffet-restaurants7-buff...
[06:15:57]   [9] [IMG] TFC TURKISH FRIED CHICKEN CHAKKARAKKAL | +(91)-8301867300 | 9 photos
[06:15:57]        [1] https://content.jdmagicbox.com/comp/kannur/n6/9999px497.x497.240121190829.e4n6/catalogue/t...
[06:15:57]        [2] https://images.jdmagicbox.com/comp/kannur/n6/9999px497.x497.240121190829.e4n6/catalogue/tf...
[06:15:57]        [3] https://images.jdmagicbox.com/comp/kannur/n6/9999px497.x497.240121190829.e4n6/catalogue/tf...
[06:15:58]   [10] [IMG] Hotel New Delhi | +(91)-9744866841 | 4 photos
[06:15:58]        [1] https://content.jdmagicbox.com/comp/def_content_category/south-indian-restaurants/new-dish...
[06:15:58]        [2] https://images.jdmagicbox.com/comp/def_content_category/south-indian-restaurants/new-dish-...
[06:15:58]        [3] https://images.jdmagicbox.com/comp/def_content_category/south-indian-restaurants/new-dish-...
[06:15:59]   Scraping page 3 (got 10 results)...
[06:15:59]   Checking page 4 for the next batch...
[06:15:59]   [1] [IMG] BURNO FRIED | +(91)-9961480764 | 6 photos
[06:15:59]        [1] https://content.jdmagicbox.com/v2/comp/kannur/h2/9999px497.x497.250809213421.y6h2/catalogu...
[06:15:59]        [2] https://images.jdmagicbox.com/v2/comp/kannur/h2/9999px497.x497.250809213421.y6h2/catalogue...
[06:15:59]        [3] https://images.jdmagicbox.com/v2/comp/kannur/h2/9999px497.x497.250809213421.y6h2/catalogue...
[06:16:00]   [2] [IMG] American Fried Chicken Pilathara | +(91)-8714759722 | 4 photos
[06:16:00]        [1] https://content.jdmagicbox.com/comp/kannur/g4/9999px497.x497.221019124021.h2g4/catalogue/a...
[06:16:00]        [2] https://images.jdmagicbox.com/comp/kannur/g4/9999px497.x497.221019124021.h2g4/catalogue/am...
[06:16:00]        [3] https://images.jdmagicbox.com/comp/kannur/g4/9999px497.x497.221019124021.h2g4/catalogue/am...
[06:16:00]   [3] [IMG] Volga Chef | +(91)-7907722050 | 9 photos
[06:16:00]        [1] https://content.jdmagicbox.com/comp/kannur/e6/9999px497.x497.220210163401.x2e6/catalogue/-...
[06:16:00]        [2] https://images.jdmagicbox.com/comp/kannur/e6/9999px497.x497.220210163401.x2e6/catalogue/-h...
[06:16:00]        [3] https://images.jdmagicbox.com/comp/kannur/e6/9999px497.x497.220210163401.x2e6/catalogue/-2...
[06:16:01]   [4] [IMG] Lebanese |  | 9 photos
[06:16:01]        [1] https://content.jdmagicbox.com/comp/kannur/q2/9999px497.x497.181103164105.u9q2/catalogue/l...
[06:16:01]        [2] https://images.jdmagicbox.com/comp/kannur/q2/9999px497.x497.181103164105.u9q2/catalogue/le...
[06:16:01]        [3] https://images.jdmagicbox.com/comp/kannur/q2/9999px497.x497.181103164105.u9q2/catalogue/le...
[06:16:01]   [5] [IMG] RAK | +(91)-6235101101 | 9 photos
[06:16:01]        [1] https://content.jdmagicbox.com/comp/kasaragod/g9/9999p4994.4994.210127203131.f2g9/catalogu...
[06:16:01]        [2] https://images.jdmagicbox.com/comp/kasaragod/g9/9999p4994.4994.210127203131.f2g9/catalogue...
[06:16:01]        [3] https://images.jdmagicbox.com/comp/kasaragod/g9/9999p4994.4994.210127203131.f2g9/catalogue...
[06:16:02]   [6] [IMG] Chikeys | +(91)-8606131123 | 9 photos
[06:16:02]        [1] https://content.jdmagicbox.com/comp/kozhikode/y3/0495px495.x495.190525032936.x5y3/catalogu...
[06:16:02]        [2] https://images.jdmagicbox.com/comp/kozhikode/y3/0495px495.x495.190525032936.x5y3/catalogue...
[06:16:02]        [3] https://images.jdmagicbox.com/comp/kozhikode/y3/0495px495.x495.190525032936.x5y3/catalogue...
[06:16:02]   [7] [IMG] Chicking Fried Chicken | +(91)-7736067817 | 9 photos
[06:16:02]        [1] https://content.jdmagicbox.com/comp/def_content_category/chicking-fried-chicken/chicking-f...
[06:16:02]        [2] https://images.jdmagicbox.com/comp/def_content_category/chicking-fried-chicken/chicking-fr...
[06:16:02]        [3] https://images.jdmagicbox.com/comp/def_content_category/chicking-fried-chicken-11985242-mz...
[06:16:03]   [8] [IMG] MFC Fried & Arabic | +(91)-8075029408 | 9 photos
[06:16:03]        [1] https://content.jdmagicbox.com/comp/kasaragod/f1/9999p4994.4994.171009202643.v4f1/catalogu...
[06:16:03]        [2] https://images.jdmagicbox.com/comp/kasaragod/f1/9999p4994.4994.171009202643.v4f1/catalogue...
[06:16:03]        [3] https://images.jdmagicbox.com/comp/kasaragod/f1/9999p4994.4994.171009202643.v4f1/catalogue...
[06:16:03]   [9] [IMG] Oryx Village | +(91)-8488918253 | 9 photos
[06:16:03]        [1] https://content.jdmagicbox.com/comp/kasaragod/d5/9999p4994.4994.180609125522.s4d5/catalogu...
[06:16:03]        [2] https://images.jdmagicbox.com/comp/kasaragod/d5/9999p4994.4994.180609125522.s4d5/catalogue...
[06:16:03]        [3] https://images.jdmagicbox.com/comp/kasaragod/d5/9999p4994.4994.180609125522.s4d5/catalogue...
[06:16:04]   [10] [IMG] AFC | +(91)-7012677537 | 5 photos
[06:16:04]        [1] https://content.jdmagicbox.com/comp/kozhikode/l5/0495px495.x495.211203141452.z3l5/catalogu...
[06:16:04]        [2] https://images.jdmagicbox.com/comp/kozhikode/l5/0495px495.x495.211203141452.z3l5/catalogue...
[06:16:04]        [3] https://images.jdmagicbox.com/comp/kozhikode/l5/0495px495.x495.211203141452.z3l5/catalogue...
[06:16:06]   Scraping page 4 (got 10 results)...
[06:16:06]   Checking page 5 for the next batch...
[06:16:06]   [1] [IMG] Golden Dine Family Restaurant | +(91)-9567302261 | 8 photos
[06:16:06]        [1] https://content.jdmagicbox.com/comp/kasaragod/e3/9999p4994.4994.181212142924.v8e3/catalogu...
[06:16:06]        [2] https://images.jdmagicbox.com/comp/kasaragod/e3/9999p4994.4994.181212142924.v8e3/catalogue...
[06:16:06]        [3] https://images.jdmagicbox.com/comp/kasaragod/e3/9999p4994.4994.181212142924.v8e3/catalogue...
[06:16:07]   [2] [IMG] Max Food | +(91)-9483340844 | 9 photos
[06:16:07]        [1] https://content.jdmagicbox.com/v2/comp/coorg/b2/9999p8272.8272.240715141211.c2b2/catalogue...
[06:16:07]        [2] https://images.jdmagicbox.com/v2/comp/coorg/b2/9999p8272.8272.240715141211.c2b2/catalogue/...
[06:16:07]        [3] https://images.jdmagicbox.com/v2/comp/coorg/b2/9999p8272.8272.240715141211.c2b2/catalogue/...
[06:16:07]   [3] [IMG] MADADA SOLUTION PVT LTD | +(91)-7221001003 | 9 photos
[06:16:07]        [1] https://content.jdmagicbox.com/comp/kozhikode/j2/0495px495.x495.230103175828.d9j2/catalogu...
[06:16:07]        [2] https://images.jdmagicbox.com/comp/kozhikode/j2/0495px495.x495.230103175828.d9j2/catalogue...
[06:16:07]        [3] https://images.jdmagicbox.com/comp/kozhikode/j2/0495px495.x495.230103175828.d9j2/catalogue...
[06:16:08]   [4] [IMG] Casaro Cafe | +(91)-9744772677 | 5 photos
[06:16:08]        [1] https://content.jdmagicbox.com/comp/kasaragod/v7/9999p4994.4994.220615225521.k2v7/catalogu...
[06:16:08]        [2] https://images.jdmagicbox.com/comp/kasaragod/v7/9999p4994.4994.220615225521.k2v7/catalogue...
[06:16:08]        [3] https://images.jdmagicbox.com/comp/kasaragod/v7/9999p4994.4994.220615225521.k2v7/catalogue...
[06:16:08]   [5] [IMG] Shawaya House Restaurant | +(91)-9539058080 | 9 photos
[06:16:08]        [1] https://content.jdmagicbox.com/comp/wayanad/m3/9999p4936.4936.230912223231.a8m3/catalogue/...
[06:16:08]        [2] https://images.jdmagicbox.com/comp/wayanad/m3/9999p4936.4936.230912223231.a8m3/catalogue/s...
[06:16:08]        [3] https://images.jdmagicbox.com/comp/wayanad/m3/9999p4936.4936.230912223231.a8m3/catalogue/s...
[06:16:09]   [6] [IMG] Quality Restaurant and Bakes | +(91)-9207300666 | 9 photos
[06:16:09]        [1] https://content.jdmagicbox.com/comp/kasaragod/r7/9999p4994.4994.170426102508.c8r7/catalogu...
[06:16:09]        [2] https://images.jdmagicbox.com/comp/kasaragod/r7/9999p4994.4994.170426102508.c8r7/catalogue...
[06:16:09]        [3] https://images.jdmagicbox.com/comp/bekal/r7/9999p4994.4994.170426102508.c8r7/catalogue/qua...
[06:16:09]   [7] [IMG] CFC Canadian Fried Chicken | +(91)-8123223715 | 5 photos
[06:16:09]        [1] https://content.jdmagicbox.com/comp/coorg/b9/9999p8272.8272.221217154654.x6b9/catalogue/-a...
[06:16:09]        [2] https://images.jdmagicbox.com/comp/coorg/b9/9999p8272.8272.221217154654.x6b9/catalogue/-a1...
[06:16:09]        [3] https://images.jdmagicbox.com/comp/coorg/b9/9999p8272.8272.221217154654.x6b9/catalogue/-ed...
[06:16:10]   [8] [IMG] Coffee Bare | +(91)-9656003252 | 9 photos
[06:16:10]        [1] https://content.jdmagicbox.com/comp/kasaragod/g9/9999p4994.4994.171211225040.i9g9/catalogu...
[06:16:10]        [2] https://images.jdmagicbox.com/comp/kasaragod/g9/9999p4994.4994.171211225040.i9g9/catalogue...
[06:16:10]        [3] https://images.jdmagicbox.com/comp/kasaragod/x3/pwfl1513010940g5d5x3/catalogue/coffee-bare...
[06:16:10]   [9] [IMG] Gama Kitchen | +(91)-8086310000 | 9 photos
[06:16:10]        [1] https://content.jdmagicbox.com/comp/kozhikode/s5/0495px495.x495.190810180742.q5s5/catalogu...
[06:16:10]        [2] https://images.jdmagicbox.com/comp/kozhikode/s5/0495px495.x495.190810180742.q5s5/catalogue...
[06:16:10]        [3] https://images.jdmagicbox.com/comp/kozhikode/s5/0495px495.x495.190810180742.q5s5/catalogue...
[06:16:11]   [10] [IMG] Sullias Eating Spot | +(91)-8142607082 | 5 photos
[06:16:11]        [1] https://content.jdmagicbox.com/comp/mangalore/v5/0824px824.x824.230106212525.l3v5/catalogu...
[06:16:11]        [2] https://images.jdmagicbox.com/comp/mangalore/v5/0824px824.x824.230106212525.l3v5/catalogue...
[06:16:11]        [3] https://images.jdmagicbox.com/comp/mangalore/v5/0824px824.x824.230106212525.l3v5/catalogue...
[06:16:13]   Scraping page 5 (got 10 results)...
[06:16:13]   Checking page 6 for the next batch...
[06:16:13]   [1] [IMG] Kuruva Family Restaurant | +(91)-8921536987 | 9 photos
[06:16:13]        [1] https://content.jdmagicbox.com/comp/wayanad/c1/9999p4936.4936.191203162722.c9c1/catalogue/...
[06:16:13]        [2] https://images.jdmagicbox.com/comp/wayanad/c1/9999p4936.4936.191203162722.c9c1/catalogue/k...
[06:16:13]        [3] https://images.jdmagicbox.com/comp/wayanad/c1/9999p4936.4936.191203162722.c9c1/catalogue/k...
[06:16:14]   [2] [IMG] LSJ CHICKEN | +(91)-9037911212 | 9 photos
[06:16:14]        [1] https://content.jdmagicbox.com/comp/kozhikode/d5/0495px495.x495.240325111357.y2d5/catalogu...
[06:16:14]        [2] https://images.jdmagicbox.com/comp/kozhikode/d5/0495px495.x495.240325111357.y2d5/catalogue...
[06:16:14]        [3] https://images.jdmagicbox.com/v2/comp/kozhikode/d5/0495px495.x495.240325111357.y2d5/catalo...
[06:16:14]   [3] [IMG] Fry Ville | +(91)-7994089339 | 8 photos
[06:16:14]        [1] https://content.jdmagicbox.com/comp/kozhikode/r5/0495px495.x495.240426193218.v8r5/catalogu...
[06:16:14]        [2] https://images.jdmagicbox.com/comp/kozhikode/r5/0495px495.x495.240426193218.v8r5/catalogue...
[06:16:14]        [3] https://images.jdmagicbox.com/v2/comp/kozhikode/r5/0495px495.x495.240426193218.v8r5/catalo...
[06:16:15]   [4] [IMG] Kadav Cafe | +(91)-7902791347 | 9 photos
[06:16:15]        [1] https://content.jdmagicbox.com/comp/wayanad/k8/9999p4936.4936.210505154047.l1k8/catalogue/...
[06:16:15]        [2] https://images.jdmagicbox.com/comp/wayanad/k8/9999p4936.4936.210505154047.l1k8/catalogue/p...
[06:16:15]        [3] https://images.jdmagicbox.com/comp/wayanad/k8/9999p4936.4936.210505154047.l1k8/catalogue/p...
[06:16:15]   [5] [IMG] AM 2 PM | +(91)-8281221562 | 9 photos
[06:16:15]        [1] https://content.jdmagicbox.com/comp/kozhikode/a1/0495px495.x495.210825115336.v6a1/catalogu...
[06:16:15]        [2] https://images.jdmagicbox.com/comp/kozhikode/a1/0495px495.x495.210825115336.v6a1/catalogue...
[06:16:15]        [3] https://images.jdmagicbox.com/comp/kozhikode/a1/0495px495.x495.210825115336.v6a1/catalogue...
[06:16:16]   [6] [IMG] Biryani house | +(91)-7025966937 | 9 photos
[06:16:16]        [1] https://content.jdmagicbox.com/comp/kasaragod/g9/9999p4994.4994.190817061424.b9g9/catalogu...
[06:16:16]        [2] https://images.jdmagicbox.com/comp/kasaragod/g9/9999p4994.4994.190817061424.b9g9/catalogue...
[06:16:16]        [3] https://images.jdmagicbox.com/comp/kasaragod/g9/9999p4994.4994.190817061424.b9g9/catalogue...
[06:16:16]   [7] [IMG] Vitamin Bbq Corner Family Restaurant & Tourist Restaurant | +(91)-8593909067 | 9 photos
[06:16:16]        [1] https://content.jdmagicbox.com/comp/kozhikode/q7/0495px495.x495.200205224512.v2q7/catalogu...
[06:16:16]        [2] https://images.jdmagicbox.com/comp/kozhikode/q7/0495px495.x495.200205224512.v2q7/catalogue...
[06:16:16]        [3] https://images.jdmagicbox.com/comp/kozhikode/q7/0495px495.x495.200205224512.v2q7/catalogue...
[06:16:17]   [8] [IMG] Clock Tower Restaurant | +(91)-7947190542 | 9 photos
[06:16:17]        [1] https://content.jdmagicbox.com/comp/kozhikode/i7/0495px495.x495.211016160058.h8i7/catalogu...
[06:16:17]        [2] https://images.jdmagicbox.com/comp/kozhikode/i7/0495px495.x495.211016160058.h8i7/catalogue...
[06:16:17]        [3] https://images.jdmagicbox.com/comp/kozhikode/i7/0495px495.x495.211016160058.h8i7/catalogue...
[06:16:17]   [9] [IMG] Clock Tower Restaurant | +(91)-8401686359 | 9 photos
[06:16:17]        [1] https://content.jdmagicbox.com/comp/kozhikode/i1/0495px495.x495.210415170354.s8i1/catalogu...
[06:16:17]        [2] https://images.jdmagicbox.com/comp/kozhikode/i1/0495px495.x495.210415170354.s8i1/catalogue...
[06:16:17]        [3] https://images.jdmagicbox.com/comp/kozhikode/i1/0495px495.x495.210415170354.s8i1/catalogue...
[06:16:18]   [10] [IMG] Umami eats | +(91)-7994527434 | 5 photos
[06:16:18]        [1] https://content.jdmagicbox.com/comp/kozhikode/q5/0495px495.x495.181107095251.z7q5/catalogu...
[06:16:18]        [2] https://images.jdmagicbox.com/comp/kozhikode/q5/0495px495.x495.181107095251.z7q5/catalogue...
[06:16:18]        [3] https://images.jdmagicbox.com/comp/kozhikode/q5/0495px495.x495.181107095251.z7q5/catalogue...
[06:16:21] 
==========================================
[06:16:21] [*] Scraping target 7/40: Mattannur
[06:16:21] ==========================================
[06:16:22] ? Found 100 total Fried Chicken Delivery Restaurants in Mattannur.
[06:16:22]   Scraping page 1 (got 10 results)...
[06:16:22]   Checking page 2 for the next batch...
[06:16:22]   [1] [IMG] WESTBURG DARMASHALA | +(91)-7411790657 | 7 photos
[06:16:22]        [1] https://content.jdmagicbox.com/v2/comp/kannur/z9/9999px497.x497.250712160334.d1z9/catalogu...
[06:16:22]        [2] https://images.jdmagicbox.com/v2/comp/kannur/z9/9999px497.x497.250712160334.d1z9/catalogue...
[06:16:22]        [3] https://images.jdmagicbox.com/v2/comp/kannur/z9/9999px497.x497.250712160334.d1z9/catalogue...
[06:16:23]   [2] [IMG] Afc American Fried Chicken Restaurant | +(91)-7373162111 | 9 photos
[06:16:23]        [1] https://content.jdmagicbox.com/comp/kannur/j3/9999px497.x497.220421184400.b5j3/catalogue/a...
[06:16:23]        [2] https://images.jdmagicbox.com/comp/kannur/j3/9999px497.x497.220421184400.b5j3/catalogue/af...
[06:16:23]        [3] https://images.jdmagicbox.com/comp/kannur/j3/9999px497.x497.220421184400.b5j3/catalogue/af...
[06:16:23]   [3] [IMG] Rooster Fried & Grill | +(91)-8113001100 | 9 photos
[06:16:23]        [1] https://content.jdmagicbox.com/comp/kannur/v3/9999px497.x497.190517204357.c5v3/catalogue/r...
[06:16:23]        [2] https://images.jdmagicbox.com/comp/kannur/v3/9999px497.x497.190517204357.c5v3/catalogue/ro...
[06:16:23]        [3] https://images.jdmagicbox.com/comp/kannur/v3/9999px497.x497.190517204357.c5v3/catalogue/ro...
[06:16:24]   [4] [IMG] Hotel Green Park | +(91)-9447850097 | 9 photos
[06:16:24]        [1] https://content.jdmagicbox.com/comp/kannur/n5/9999px497.x497.171001155450.e6n5/catalogue/h...
[06:16:24]        [2] https://images.jdmagicbox.com/comp/kannur/n5/9999px497.x497.171001155450.e6n5/catalogue/ho...
[06:16:24]        [3] https://images.jdmagicbox.com/v2/comp/kannur/n5/9999px497.x497.171001155450.e6n5/catalogue...
[06:16:24]   [5] [IMG] Wimbies Restaurant And Fried Chicken | +(91)-9895868789 | 7 photos
[06:16:24]        [1] https://content.jdmagicbox.com/comp/kannur/u9/9999px497.x497.170607163909.z1u9/catalogue/w...
[06:16:24]        [2] https://images.jdmagicbox.com/comp/kannur/u9/9999px497.x497.170607163909.z1u9/catalogue/wi...
[06:16:24]        [3] https://images.jdmagicbox.com/comp/kannur/u9/9999px497.x497.170607163909.z1u9/catalogue/wi...
[06:16:25]   [6] [IMG] Jesna Lunch Room | +(91)-9605683147 | 7 photos
[06:16:25]        [1] https://content.jdmagicbox.com/comp/kannur/f2/9999px497.x497.190220121951.z4f2/catalogue/j...
[06:16:25]        [2] https://images.jdmagicbox.com/comp/kannur/f2/9999px497.x497.190220121951.z4f2/catalogue/je...
[06:16:25]        [3] https://images.jdmagicbox.com/comp/kannur/f2/9999px497.x497.190220121951.z4f2/catalogue/je...
[06:16:25]   [7] [IMG] Chikeys | +(91)-9895131123 | 9 photos
[06:16:25]        [1] https://content.jdmagicbox.com/comp/def_content_category/chikeys/121050718-333489939663650...
[06:16:25]        [2] https://images.jdmagicbox.com/comp/def_content_category/chikeys/121050718-3334899396636500...
[06:16:25]        [3] https://images.jdmagicbox.com/comp/def_content_category/chikeys/86689044-2704886126304500-...
[06:16:26]   [8] [IMG] Arabian Grill | +(91)-9544400048 | 9 photos
[06:16:26]        [1] https://content.jdmagicbox.com/comp/kannur/y4/9999px497.x497.170926210343.p8y4/catalogue/a...
[06:16:26]        [2] https://images.jdmagicbox.com/comp/kannur/y4/9999px497.x497.170926210343.p8y4/catalogue/ar...
[06:16:26]        [3] https://images.jdmagicbox.com/comp/kannur/y4/9999px497.x497.170926210343.p8y4/catalogue/ar...
[06:16:27]   [9] [IMG] Vkp S Cafe | +(91)-6235555112 | 9 photos
[06:16:27]        [1] https://content.jdmagicbox.com/v2/comp/kannur/u7/9999px497.x497.200107121359.c2u7/catalogu...
[06:16:27]        [2] https://images.jdmagicbox.com/v2/comp/kannur/u7/9999px497.x497.200107121359.c2u7/catalogue...
[06:16:27]        [3] https://images.jdmagicbox.com/v2/comp/kannur/u7/9999px497.x497.200107121359.c2u7/catalogue...
[06:16:27]   [10] [IMG] The Indian Express Superfast Restaurant | +(91)-8301009050 | 9 photos
[06:16:27]        [1] https://content.jdmagicbox.com/comp/kannur/e5/9999px497.x497.200106181231.h5e5/catalogue/t...
[06:16:27]        [2] https://images.jdmagicbox.com/comp/kannur/e5/9999px497.x497.200106181231.h5e5/catalogue/th...
[06:16:27]        [3] https://images.jdmagicbox.com/comp/kannur/e5/9999px497.x497.200106181231.h5e5/catalogue/th...
[06:16:29]   Scraping page 2 (got 10 results)...
[06:16:29]   Checking page 3 for the next batch...
[06:16:29]   [1] [IMG] Go Ggrll Chokli | +(91)-9747217717 | 9 photos
[06:16:29]        [1] https://content.jdmagicbox.com/v2/comp/kannur/f8/9999px497.x497.230224144441.a3f8/catalogu...
[06:16:29]        [2] https://images.jdmagicbox.com/v2/comp/kannur/f8/9999px497.x497.230224144441.a3f8/catalogue...
[06:16:29]        [3] https://images.jdmagicbox.com/v2/comp/kannur/f8/9999px497.x497.230224144441.a3f8/catalogue...
[06:16:29]   [2] [IMG] Hfc Fried Chicken | +(91)-7902898916 | 9 photos
[06:16:29]        [1] https://content.jdmagicbox.com/comp/kannur/y5/9999px497.x497.230328181354.g1y5/catalogue/h...
[06:16:29]        [2] https://images.jdmagicbox.com/comp/kannur/y5/9999px497.x497.230328181354.g1y5/catalogue/hf...
[06:16:29]        [3] https://images.jdmagicbox.com/v2/comp/kannur/y5/9999px497.x497.230328181354.g1y5/catalogue...
[06:16:30]   [3] [IMG] COCO CABANE CAFE | +(91)-8590090726 | 9 photos
[06:16:30]        [1] https://content.jdmagicbox.com/comp/kannur/t6/9999px497.x497.220728192535.f5t6/catalogue/c...
[06:16:30]        [2] https://images.jdmagicbox.com/comp/kannur/t6/9999px497.x497.220728192535.f5t6/catalogue/co...
[06:16:30]        [3] https://images.jdmagicbox.com/comp/kannur/t6/9999px497.x497.220728192535.f5t6/catalogue/co...
[06:16:30]   [4] [IMG] Chilly Hut | +(91)-8330057833 | 9 photos
[06:16:30]        [1] https://content.jdmagicbox.com/comp/kannur/b1/9999px497.x497.210226155456.l3b1/catalogue/c...
[06:16:30]        [2] https://images.jdmagicbox.com/comp/kannur/b1/9999px497.x497.210226155456.l3b1/catalogue/ch...
[06:16:30]        [3] https://images.jdmagicbox.com/v2/comp/kannur/b1/9999px497.x497.210226155456.l3b1/catalogue...
[06:16:31]   [5] [IMG] TFC TURKISH FRIED CHICKEN CHAKKARAKKAL | +(91)-8301867300 | 9 photos
[06:16:31]        [1] https://content.jdmagicbox.com/comp/kannur/n6/9999px497.x497.240121190829.e4n6/catalogue/t...
[06:16:31]        [2] https://images.jdmagicbox.com/comp/kannur/n6/9999px497.x497.240121190829.e4n6/catalogue/tf...
[06:16:31]        [3] https://images.jdmagicbox.com/comp/kannur/n6/9999px497.x497.240121190829.e4n6/catalogue/tf...
[06:16:31]   [6] [IMG] BURNO FRIED | +(91)-9961480764 | 6 photos
[06:16:31]        [1] https://content.jdmagicbox.com/v2/comp/kannur/h2/9999px497.x497.250809213421.y6h2/catalogu...
[06:16:31]        [2] https://images.jdmagicbox.com/v2/comp/kannur/h2/9999px497.x497.250809213421.y6h2/catalogue...
[06:16:31]        [3] https://images.jdmagicbox.com/v2/comp/kannur/h2/9999px497.x497.250809213421.y6h2/catalogue...
[06:16:32]   [7] [IMG] Chicking Fried Chicken (Kannur Mall) | +(91)-9744480000 | 9 photos
[06:16:32]        [1] https://content.jdmagicbox.com/comp/def_content_category/chicking-fried-chicken-11985242-m...
[06:16:32]        [2] https://images.jdmagicbox.com/comp/def_content_category/chicking-fried-chicken-11985242-mz...
[06:16:32]        [3] https://images.jdmagicbox.com/comp/def_content_category/chicking-fried-chicken/chicking-fr...
[06:16:32]   [8] [IMG] Volga Chef | +(91)-7907722050 | 9 photos
[06:16:32]        [1] https://content.jdmagicbox.com/comp/kannur/e6/9999px497.x497.220210163401.x2e6/catalogue/-...
[06:16:32]        [2] https://images.jdmagicbox.com/comp/kannur/e6/9999px497.x497.220210163401.x2e6/catalogue/-h...
[06:16:32]        [3] https://images.jdmagicbox.com/comp/kannur/e6/9999px497.x497.220210163401.x2e6/catalogue/-2...
[06:16:33]   [9] [IMG] American Fried Chicken | +(91)-7592044544 | 7 photos
[06:16:33]        [1] https://content.jdmagicbox.com/comp/kannur/h5/9999px497.x497.220107164349.v8h5/catalogue/-...
[06:16:33]        [2] https://images.jdmagicbox.com/comp/kannur/h5/9999px497.x497.220107164349.v8h5/catalogue/-v...
[06:16:33]        [3] https://images.jdmagicbox.com/comp/kannur/h5/9999px497.x497.220107164349.v8h5/catalogue/-a...
[06:16:33]   [10] [IMG] Hotel New Delhi | +(91)-9744866841 | 4 photos
[06:16:33]        [1] https://content.jdmagicbox.com/comp/def_content_category/south-indian-restaurants/new-dish...
[06:16:33]        [2] https://images.jdmagicbox.com/comp/def_content_category/south-indian-restaurants/new-dish-...
[06:16:33]        [3] https://images.jdmagicbox.com/comp/def_content_category/south-indian-restaurants/new-dish-...
[06:16:35]   Scraping page 3 (got 10 results)...
[06:16:35]   Checking page 4 for the next batch...
[06:16:35]   [1] [IMG] Jubilee Restaurant | +(91)-9526366382 | 2 photos
[06:16:35]        [1] https://content.jdmagicbox.com/comp/def_content/buffet-restaurants/buffet-restaurants7-buf...
[06:16:35]        [2] https://images.jdmagicbox.com/comp/def_content/buffet-restaurants/buffet-restaurants7-buff...
[06:16:36]   [2] [IMG] American Fried Chicken Pilathara | +(91)-8714759722 | 4 photos
[06:16:36]        [1] https://content.jdmagicbox.com/comp/kannur/g4/9999px497.x497.221019124021.h2g4/catalogue/a...
[06:16:36]        [2] https://images.jdmagicbox.com/comp/kannur/g4/9999px497.x497.221019124021.h2g4/catalogue/am...
[06:16:36]        [3] https://images.jdmagicbox.com/comp/kannur/g4/9999px497.x497.221019124021.h2g4/catalogue/am...
[06:16:36]   [3] [IMG] Nks Chicken |  | 6 photos
[06:16:36]        [1] https://content.jdmagicbox.com/comp/kannur/k3/9999px497.x497.191212134539.x7k3/catalogue/n...
[06:16:36]        [2] https://images.jdmagicbox.com/comp/kannur/k3/9999px497.x497.191212134539.x7k3/catalogue/nk...
[06:16:36]        [3] https://images.jdmagicbox.com/comp/kannur/k3/9999px497.x497.191212134539.x7k3/catalogue/nk...
[06:16:37]   [4] [IMG] Lebanese |  | 9 photos
[06:16:37]        [1] https://content.jdmagicbox.com/comp/kannur/q2/9999px497.x497.181103164105.u9q2/catalogue/l...
[06:16:37]        [2] https://images.jdmagicbox.com/comp/kannur/q2/9999px497.x497.181103164105.u9q2/catalogue/le...
[06:16:37]        [3] https://images.jdmagicbox.com/comp/kannur/q2/9999px497.x497.181103164105.u9q2/catalogue/le...
[06:16:37]   [5] [IMG] RAK | +(91)-6235101101 | 9 photos
[06:16:37]        [1] https://content.jdmagicbox.com/comp/kasaragod/g9/9999p4994.4994.210127203131.f2g9/catalogu...
[06:16:37]        [2] https://images.jdmagicbox.com/comp/kasaragod/g9/9999p4994.4994.210127203131.f2g9/catalogue...
[06:16:37]        [3] https://images.jdmagicbox.com/comp/kasaragod/g9/9999p4994.4994.210127203131.f2g9/catalogue...
[06:16:38]   [6] [IMG] Chikeys | +(91)-8606131123 | 9 photos
[06:16:38]        [1] https://content.jdmagicbox.com/comp/kozhikode/y3/0495px495.x495.190525032936.x5y3/catalogu...
[06:16:38]        [2] https://images.jdmagicbox.com/comp/kozhikode/y3/0495px495.x495.190525032936.x5y3/catalogue...
[06:16:38]        [3] https://images.jdmagicbox.com/comp/kozhikode/y3/0495px495.x495.190525032936.x5y3/catalogue...
[06:16:38]   [7] [IMG] Chicking Fried Chicken | +(91)-7736067817 | 9 photos
[06:16:38]        [1] https://content.jdmagicbox.com/comp/def_content_category/chicking-fried-chicken/chicking-f...
[06:16:38]        [2] https://images.jdmagicbox.com/comp/def_content_category/chicking-fried-chicken/chicking-fr...
[06:16:38]        [3] https://images.jdmagicbox.com/comp/def_content_category/chicking-fried-chicken-11985242-mz...
[06:16:39]   [8] [IMG] MFC Fried & Arabic | +(91)-8075029408 | 9 photos
[06:16:39]        [1] https://content.jdmagicbox.com/comp/kasaragod/f1/9999p4994.4994.171009202643.v4f1/catalogu...
[06:16:39]        [2] https://images.jdmagicbox.com/comp/kasaragod/f1/9999p4994.4994.171009202643.v4f1/catalogue...
[06:16:39]        [3] https://images.jdmagicbox.com/comp/kasaragod/f1/9999p4994.4994.171009202643.v4f1/catalogue...
[06:16:39]   [9] [IMG] Oryx Village | +(91)-8488918253 | 9 photos
[06:16:39]        [1] https://content.jdmagicbox.com/comp/kasaragod/d5/9999p4994.4994.180609125522.s4d5/catalogu...
[06:16:39]        [2] https://images.jdmagicbox.com/comp/kasaragod/d5/9999p4994.4994.180609125522.s4d5/catalogue...
[06:16:39]        [3] https://images.jdmagicbox.com/comp/kasaragod/d5/9999p4994.4994.180609125522.s4d5/catalogue...
[06:16:40]   [10] [IMG] AFC | +(91)-7012677537 | 5 photos
[06:16:40]        [1] https://content.jdmagicbox.com/comp/kozhikode/l5/0495px495.x495.211203141452.z3l5/catalogu...
[06:16:40]        [2] https://images.jdmagicbox.com/comp/kozhikode/l5/0495px495.x495.211203141452.z3l5/catalogue...
[06:16:40]        [3] https://images.jdmagicbox.com/comp/kozhikode/l5/0495px495.x495.211203141452.z3l5/catalogue...
[06:16:44]   Scraping page 4 (got 10 results)...
[06:16:44]   Checking page 5 for the next batch...
[06:16:44]   [1] [IMG] Golden Dine Family Restaurant | +(91)-9567302261 | 8 photos
[06:16:44]        [1] https://content.jdmagicbox.com/comp/kasaragod/e3/9999p4994.4994.181212142924.v8e3/catalogu...
[06:16:44]        [2] https://images.jdmagicbox.com/comp/kasaragod/e3/9999p4994.4994.181212142924.v8e3/catalogue...
[06:16:44]        [3] https://images.jdmagicbox.com/comp/kasaragod/e3/9999p4994.4994.181212142924.v8e3/catalogue...
[06:16:44]   [2] [IMG] Max Food | +(91)-9483340844 | 9 photos
[06:16:44]        [1] https://content.jdmagicbox.com/v2/comp/coorg/b2/9999p8272.8272.240715141211.c2b2/catalogue...
[06:16:44]        [2] https://images.jdmagicbox.com/v2/comp/coorg/b2/9999p8272.8272.240715141211.c2b2/catalogue/...
[06:16:44]        [3] https://images.jdmagicbox.com/v2/comp/coorg/b2/9999p8272.8272.240715141211.c2b2/catalogue/...
[06:16:45]   [3] [IMG] MADADA SOLUTION PVT LTD | +(91)-7221001003 | 9 photos
[06:16:45]        [1] https://content.jdmagicbox.com/comp/kozhikode/j2/0495px495.x495.230103175828.d9j2/catalogu...
[06:16:45]        [2] https://images.jdmagicbox.com/comp/kozhikode/j2/0495px495.x495.230103175828.d9j2/catalogue...
[06:16:45]        [3] https://images.jdmagicbox.com/comp/kozhikode/j2/0495px495.x495.230103175828.d9j2/catalogue...
[06:16:45]   [4] [IMG] Casaro Cafe | +(91)-9744772677 | 5 photos
[06:16:45]        [1] https://content.jdmagicbox.com/comp/kasaragod/v7/9999p4994.4994.220615225521.k2v7/catalogu...
[06:16:45]        [2] https://images.jdmagicbox.com/comp/kasaragod/v7/9999p4994.4994.220615225521.k2v7/catalogue...
[06:16:45]        [3] https://images.jdmagicbox.com/comp/kasaragod/v7/9999p4994.4994.220615225521.k2v7/catalogue...
[06:16:46]   [5] [IMG] Shawaya House Restaurant | +(91)-9539058080 | 9 photos
[06:16:46]        [1] https://content.jdmagicbox.com/comp/wayanad/m3/9999p4936.4936.230912223231.a8m3/catalogue/...
[06:16:46]        [2] https://images.jdmagicbox.com/comp/wayanad/m3/9999p4936.4936.230912223231.a8m3/catalogue/s...
[06:16:46]        [3] https://images.jdmagicbox.com/comp/wayanad/m3/9999p4936.4936.230912223231.a8m3/catalogue/s...
[06:16:47]   [6] [IMG] Quality Restaurant and Bakes | +(91)-9207300666 | 9 photos
[06:16:47]        [1] https://content.jdmagicbox.com/comp/kasaragod/r7/9999p4994.4994.170426102508.c8r7/catalogu...
[06:16:47]        [2] https://images.jdmagicbox.com/comp/kasaragod/r7/9999p4994.4994.170426102508.c8r7/catalogue...
[06:16:47]        [3] https://images.jdmagicbox.com/comp/bekal/r7/9999p4994.4994.170426102508.c8r7/catalogue/qua...
[06:16:48]   [7] [IMG] CFC Canadian Fried Chicken | +(91)-8123223715 | 5 photos
[06:16:48]        [1] https://content.jdmagicbox.com/comp/coorg/b9/9999p8272.8272.221217154654.x6b9/catalogue/-a...
[06:16:48]        [2] https://images.jdmagicbox.com/comp/coorg/b9/9999p8272.8272.221217154654.x6b9/catalogue/-a1...
[06:16:48]        [3] https://images.jdmagicbox.com/comp/coorg/b9/9999p8272.8272.221217154654.x6b9/catalogue/-ed...
[06:16:48]   [8] [IMG] Coffee Bare | +(91)-9656003252 | 9 photos
[06:16:48]        [1] https://content.jdmagicbox.com/comp/kasaragod/g9/9999p4994.4994.171211225040.i9g9/catalogu...
[06:16:48]        [2] https://images.jdmagicbox.com/comp/kasaragod/g9/9999p4994.4994.171211225040.i9g9/catalogue...
[06:16:48]        [3] https://images.jdmagicbox.com/comp/kasaragod/x3/pwfl1513010940g5d5x3/catalogue/coffee-bare...
[06:16:49]   [9] [IMG] Gama Kitchen | +(91)-8086310000 | 9 photos
[06:16:49]        [1] https://content.jdmagicbox.com/comp/kozhikode/s5/0495px495.x495.190810180742.q5s5/catalogu...
[06:16:49]        [2] https://images.jdmagicbox.com/comp/kozhikode/s5/0495px495.x495.190810180742.q5s5/catalogue...
[06:16:49]        [3] https://images.jdmagicbox.com/comp/kozhikode/s5/0495px495.x495.190810180742.q5s5/catalogue...
[06:16:49]   [10] [IMG] Sullias Eating Spot | +(91)-8142607082 | 5 photos
[06:16:49]        [1] https://content.jdmagicbox.com/comp/mangalore/v5/0824px824.x824.230106212525.l3v5/catalogu...
[06:16:49]        [2] https://images.jdmagicbox.com/comp/mangalore/v5/0824px824.x824.230106212525.l3v5/catalogue...
[06:16:49]        [3] https://images.jdmagicbox.com/comp/mangalore/v5/0824px824.x824.230106212525.l3v5/catalogue...
[06:16:51]   Scraping page 5 (got 10 results)...
[06:16:51]   Checking page 6 for the next batch...
[06:16:51]   [1] [IMG] Kuruva Family Restaurant | +(91)-8921536987 | 9 photos
[06:16:51]        [1] https://content.jdmagicbox.com/comp/wayanad/c1/9999p4936.4936.191203162722.c9c1/catalogue/...
[06:16:51]        [2] https://images.jdmagicbox.com/comp/wayanad/c1/9999p4936.4936.191203162722.c9c1/catalogue/k...
[06:16:51]        [3] https://images.jdmagicbox.com/comp/wayanad/c1/9999p4936.4936.191203162722.c9c1/catalogue/k...
[06:16:52]   [2] [IMG] LSJ CHICKEN | +(91)-9037911212 | 9 photos
[06:16:52]        [1] https://content.jdmagicbox.com/comp/kozhikode/d5/0495px495.x495.240325111357.y2d5/catalogu...
[06:16:52]        [2] https://images.jdmagicbox.com/comp/kozhikode/d5/0495px495.x495.240325111357.y2d5/catalogue...
[06:16:52]        [3] https://images.jdmagicbox.com/v2/comp/kozhikode/d5/0495px495.x495.240325111357.y2d5/catalo...
[06:16:52]   [3] [IMG] Fry Ville | +(91)-7994089339 | 8 photos
[06:16:52]        [1] https://content.jdmagicbox.com/comp/kozhikode/r5/0495px495.x495.240426193218.v8r5/catalogu...
[06:16:52]        [2] https://images.jdmagicbox.com/comp/kozhikode/r5/0495px495.x495.240426193218.v8r5/catalogue...
[06:16:52]        [3] https://images.jdmagicbox.com/v2/comp/kozhikode/r5/0495px495.x495.240426193218.v8r5/catalo...
[06:16:53]   [4] [IMG] Kadav Cafe | +(91)-7902791347 | 9 photos
[06:16:53]        [1] https://content.jdmagicbox.com/comp/wayanad/k8/9999p4936.4936.210505154047.l1k8/catalogue/...
[06:16:53]        [2] https://images.jdmagicbox.com/comp/wayanad/k8/9999p4936.4936.210505154047.l1k8/catalogue/p...
[06:16:53]        [3] https://images.jdmagicbox.com/comp/wayanad/k8/9999p4936.4936.210505154047.l1k8/catalogue/p...
[06:16:54]   [5] [IMG] AM 2 PM | +(91)-8281221562 | 9 photos
[06:16:54]        [1] https://content.jdmagicbox.com/comp/kozhikode/a1/0495px495.x495.210825115336.v6a1/catalogu...
[06:16:54]        [2] https://images.jdmagicbox.com/comp/kozhikode/a1/0495px495.x495.210825115336.v6a1/catalogue...
[06:16:54]        [3] https://images.jdmagicbox.com/comp/kozhikode/a1/0495px495.x495.210825115336.v6a1/catalogue...
[06:16:54]   [6] [IMG] Biryani house | +(91)-7025966937 | 9 photos
[06:16:54]        [1] https://content.jdmagicbox.com/comp/kasaragod/g9/9999p4994.4994.190817061424.b9g9/catalogu...
[06:16:54]        [2] https://images.jdmagicbox.com/comp/kasaragod/g9/9999p4994.4994.190817061424.b9g9/catalogue...
[06:16:54]        [3] https://images.jdmagicbox.com/comp/kasaragod/g9/9999p4994.4994.190817061424.b9g9/catalogue...
[06:16:55]   [7] [IMG] Vitamin Bbq Corner Family Restaurant & Tourist Restaurant | +(91)-8593909067 | 9 photos
[06:16:55]        [1] https://content.jdmagicbox.com/comp/kozhikode/q7/0495px495.x495.200205224512.v2q7/catalogu...
[06:16:55]        [2] https://images.jdmagicbox.com/comp/kozhikode/q7/0495px495.x495.200205224512.v2q7/catalogue...
[06:16:55]        [3] https://images.jdmagicbox.com/comp/kozhikode/q7/0495px495.x495.200205224512.v2q7/catalogue...
[06:16:55]   [8] [IMG] Clock Tower Restaurant | +(91)-7947190542 | 9 photos
[06:16:55]        [1] https://content.jdmagicbox.com/comp/kozhikode/i7/0495px495.x495.211016160058.h8i7/catalogu...
[06:16:55]        [2] https://images.jdmagicbox.com/comp/kozhikode/i7/0495px495.x495.211016160058.h8i7/catalogue...
[06:16:55]        [3] https://images.jdmagicbox.com/comp/kozhikode/i7/0495px495.x495.211016160058.h8i7/catalogue...
[06:16:56]   [9] [IMG] Clock Tower Restaurant | +(91)-8401686359 | 9 photos
[06:16:56]        [1] https://content.jdmagicbox.com/comp/kozhikode/i1/0495px495.x495.210415170354.s8i1/catalogu...
[06:16:56]        [2] https://images.jdmagicbox.com/comp/kozhikode/i1/0495px495.x495.210415170354.s8i1/catalogue...
[06:16:56]        [3] https://images.jdmagicbox.com/comp/kozhikode/i1/0495px495.x495.210415170354.s8i1/catalogue...
[06:16:56]   [10] [IMG] Umami eats | +(91)-7994527434 | 5 photos
[06:16:56]        [1] https://content.jdmagicbox.com/comp/kozhikode/q5/0495px495.x495.181107095251.z7q5/catalogu...
[06:16:56]        [2] https://images.jdmagicbox.com/comp/kozhikode/q5/0495px495.x495.181107095251.z7q5/catalogue...
[06:16:56]        [3] https://images.jdmagicbox.com/comp/kozhikode/q5/0495px495.x495.181107095251.z7q5/catalogue...
[06:17:00] 
==========================================
[06:17:00] [*] Scraping target 8/40: Chala Kannur
[06:17:00] ==========================================
[06:17:02] ? Found 100 total Fried Chicken Delivery Restaurants in Chala Kannur.
[06:17:02]   Scraping page 1 (got 10 results)...
[06:17:02]   Checking page 2 for the next batch...
[06:17:02]   [1] [IMG] WESTBURG DARMASHALA | +(91)-7411790657 | 7 photos
[06:17:02]        [1] https://content.jdmagicbox.com/v2/comp/kannur/z9/9999px497.x497.250712160334.d1z9/catalogu...
[06:17:02]        [2] https://images.jdmagicbox.com/v2/comp/kannur/z9/9999px497.x497.250712160334.d1z9/catalogue...
[06:17:02]        [3] https://images.jdmagicbox.com/v2/comp/kannur/z9/9999px497.x497.250712160334.d1z9/catalogue...
[06:17:02]   [2] [IMG] Go Ggrll Chokli | +(91)-9747217717 | 9 photos
[06:17:02]        [1] https://content.jdmagicbox.com/v2/comp/kannur/f8/9999px497.x497.230224144441.a3f8/catalogu...
[06:17:02]        [2] https://images.jdmagicbox.com/v2/comp/kannur/f8/9999px497.x497.230224144441.a3f8/catalogue...
[06:17:02]        [3] https://images.jdmagicbox.com/v2/comp/kannur/f8/9999px497.x497.230224144441.a3f8/catalogue...
[06:17:03]   [3] [IMG] Wimbies Restaurant And Fried Chicken | +(91)-9895868789 | 7 photos
[06:17:03]        [1] https://content.jdmagicbox.com/comp/kannur/u9/9999px497.x497.170607163909.z1u9/catalogue/w...
[06:17:03]        [2] https://images.jdmagicbox.com/comp/kannur/u9/9999px497.x497.170607163909.z1u9/catalogue/wi...
[06:17:03]        [3] https://images.jdmagicbox.com/comp/kannur/u9/9999px497.x497.170607163909.z1u9/catalogue/wi...
[06:17:03]   [4] [IMG] Chikeys | +(91)-9895131123 | 9 photos
[06:17:03]        [1] https://content.jdmagicbox.com/comp/def_content_category/chikeys/121050718-333489939663650...
[06:17:03]        [2] https://images.jdmagicbox.com/comp/def_content_category/chikeys/121050718-3334899396636500...
[06:17:03]        [3] https://images.jdmagicbox.com/comp/def_content_category/chikeys/86689044-2704886126304500-...
[06:17:04]   [5] [IMG] Hotel Green Park | +(91)-9447850097 | 9 photos
[06:17:04]        [1] https://content.jdmagicbox.com/comp/kannur/n5/9999px497.x497.171001155450.e6n5/catalogue/h...
[06:17:04]        [2] https://images.jdmagicbox.com/comp/kannur/n5/9999px497.x497.171001155450.e6n5/catalogue/ho...
[06:17:04]        [3] https://images.jdmagicbox.com/v2/comp/kannur/n5/9999px497.x497.171001155450.e6n5/catalogue...
[06:17:04]   [6] [IMG] The Indian Express Superfast Restaurant | +(91)-8301009050 | 9 photos
[06:17:04]        [1] https://content.jdmagicbox.com/comp/kannur/e5/9999px497.x497.200106181231.h5e5/catalogue/t...
[06:17:04]        [2] https://images.jdmagicbox.com/comp/kannur/e5/9999px497.x497.200106181231.h5e5/catalogue/th...
[06:17:04]        [3] https://images.jdmagicbox.com/comp/kannur/e5/9999px497.x497.200106181231.h5e5/catalogue/th...
[06:17:05]   [7] [IMG] Rooster Fried & Grill | +(91)-8113001100 | 9 photos
[06:17:05]        [1] https://content.jdmagicbox.com/comp/kannur/v3/9999px497.x497.190517204357.c5v3/catalogue/r...
[06:17:05]        [2] https://images.jdmagicbox.com/comp/kannur/v3/9999px497.x497.190517204357.c5v3/catalogue/ro...
[06:17:05]        [3] https://images.jdmagicbox.com/comp/kannur/v3/9999px497.x497.190517204357.c5v3/catalogue/ro...
[06:17:05]   [8] [IMG] Arabian Grill | +(91)-9544400048 | 9 photos
[06:17:05]        [1] https://content.jdmagicbox.com/comp/kannur/y4/9999px497.x497.170926210343.p8y4/catalogue/a...
[06:17:05]        [2] https://images.jdmagicbox.com/comp/kannur/y4/9999px497.x497.170926210343.p8y4/catalogue/ar...
[06:17:05]        [3] https://images.jdmagicbox.com/comp/kannur/y4/9999px497.x497.170926210343.p8y4/catalogue/ar...
[06:17:06]   [9] [IMG] Jesna Lunch Room | +(91)-9605683147 | 7 photos
[06:17:06]        [1] https://content.jdmagicbox.com/comp/kannur/f2/9999px497.x497.190220121951.z4f2/catalogue/j...
[06:17:06]        [2] https://images.jdmagicbox.com/comp/kannur/f2/9999px497.x497.190220121951.z4f2/catalogue/je...
[06:17:06]        [3] https://images.jdmagicbox.com/comp/kannur/f2/9999px497.x497.190220121951.z4f2/catalogue/je...
[06:17:06]   [10] [IMG] Hfc Fried Chicken | +(91)-7902898916 | 9 photos
[06:17:06]        [1] https://content.jdmagicbox.com/comp/kannur/y5/9999px497.x497.230328181354.g1y5/catalogue/h...
[06:17:06]        [2] https://images.jdmagicbox.com/comp/kannur/y5/9999px497.x497.230328181354.g1y5/catalogue/hf...
[06:17:06]        [3] https://images.jdmagicbox.com/v2/comp/kannur/y5/9999px497.x497.230328181354.g1y5/catalogue...
[06:17:09]   Scraping page 2 (got 10 results)...
[06:17:09]   Checking page 3 for the next batch...
[06:17:09]   [1] [IMG] American Fried Chicken | +(91)-7592044544 | 7 photos
[06:17:09]        [1] https://content.jdmagicbox.com/comp/kannur/h5/9999px497.x497.220107164349.v8h5/catalogue/-...
[06:17:09]        [2] https://images.jdmagicbox.com/comp/kannur/h5/9999px497.x497.220107164349.v8h5/catalogue/-v...
[06:17:09]        [3] https://images.jdmagicbox.com/comp/kannur/h5/9999px497.x497.220107164349.v8h5/catalogue/-a...
[06:17:09]   [2] [IMG] Afc American Fried Chicken Restaurant | +(91)-7373162111 | 9 photos
[06:17:09]        [1] https://content.jdmagicbox.com/comp/kannur/j3/9999px497.x497.220421184400.b5j3/catalogue/a...
[06:17:09]        [2] https://images.jdmagicbox.com/comp/kannur/j3/9999px497.x497.220421184400.b5j3/catalogue/af...
[06:17:09]        [3] https://images.jdmagicbox.com/comp/kannur/j3/9999px497.x497.220421184400.b5j3/catalogue/af...
[06:17:10]   [3] [IMG] COCO CABANE CAFE | +(91)-8590090726 | 9 photos
[06:17:10]        [1] https://content.jdmagicbox.com/comp/kannur/t6/9999px497.x497.220728192535.f5t6/catalogue/c...
[06:17:10]        [2] https://images.jdmagicbox.com/comp/kannur/t6/9999px497.x497.220728192535.f5t6/catalogue/co...
[06:17:10]        [3] https://images.jdmagicbox.com/comp/kannur/t6/9999px497.x497.220728192535.f5t6/catalogue/co...
[06:17:10]   [4] [IMG] Chilly Hut | +(91)-8330057833 | 9 photos
[06:17:10]        [1] https://content.jdmagicbox.com/comp/kannur/b1/9999px497.x497.210226155456.l3b1/catalogue/c...
[06:17:10]        [2] https://images.jdmagicbox.com/comp/kannur/b1/9999px497.x497.210226155456.l3b1/catalogue/ch...
[06:17:10]        [3] https://images.jdmagicbox.com/v2/comp/kannur/b1/9999px497.x497.210226155456.l3b1/catalogue...
[06:17:11]   [5] [IMG] Vkp S Cafe | +(91)-6235555112 | 9 photos
[06:17:11]        [1] https://content.jdmagicbox.com/v2/comp/kannur/u7/9999px497.x497.200107121359.c2u7/catalogu...
[06:17:11]        [2] https://images.jdmagicbox.com/v2/comp/kannur/u7/9999px497.x497.200107121359.c2u7/catalogue...
[06:17:11]        [3] https://images.jdmagicbox.com/v2/comp/kannur/u7/9999px497.x497.200107121359.c2u7/catalogue...
[06:17:11]   [6] [IMG] Hotel New Delhi | +(91)-9744866841 | 4 photos
[06:17:11]        [1] https://content.jdmagicbox.com/comp/def_content_category/south-indian-restaurants/new-dish...
[06:17:11]        [2] https://images.jdmagicbox.com/comp/def_content_category/south-indian-restaurants/new-dish-...
[06:17:11]        [3] https://images.jdmagicbox.com/comp/def_content_category/south-indian-restaurants/new-dish-...
[06:17:12]   [7] [IMG] TFC TURKISH FRIED CHICKEN CHAKKARAKKAL | +(91)-8301867300 | 9 photos
[06:17:12]        [1] https://content.jdmagicbox.com/comp/kannur/n6/9999px497.x497.240121190829.e4n6/catalogue/t...
[06:17:12]        [2] https://images.jdmagicbox.com/comp/kannur/n6/9999px497.x497.240121190829.e4n6/catalogue/tf...
[06:17:12]        [3] https://images.jdmagicbox.com/comp/kannur/n6/9999px497.x497.240121190829.e4n6/catalogue/tf...
[06:17:12]   [8] [IMG] BURNO FRIED | +(91)-9961480764 | 6 photos
[06:17:12]        [1] https://content.jdmagicbox.com/v2/comp/kannur/h2/9999px497.x497.250809213421.y6h2/catalogu...
[06:17:12]        [2] https://images.jdmagicbox.com/v2/comp/kannur/h2/9999px497.x497.250809213421.y6h2/catalogue...
[06:17:12]        [3] https://images.jdmagicbox.com/v2/comp/kannur/h2/9999px497.x497.250809213421.y6h2/catalogue...
[06:17:13]   [9] [IMG] American Fried Chicken Pilathara | +(91)-8714759722 | 4 photos
[06:17:13]        [1] https://content.jdmagicbox.com/comp/kannur/g4/9999px497.x497.221019124021.h2g4/catalogue/a...
[06:17:13]        [2] https://images.jdmagicbox.com/comp/kannur/g4/9999px497.x497.221019124021.h2g4/catalogue/am...
[06:17:13]        [3] https://images.jdmagicbox.com/comp/kannur/g4/9999px497.x497.221019124021.h2g4/catalogue/am...
[06:17:14]   [10] [IMG] Jubilee Restaurant | +(91)-9526366382 | 2 photos
[06:17:14]        [1] https://content.jdmagicbox.com/comp/def_content/buffet-restaurants/buffet-restaurants7-buf...
[06:17:14]        [2] https://images.jdmagicbox.com/comp/def_content/buffet-restaurants/buffet-restaurants7-buff...
[06:17:15]   Scraping page 3 (got 10 results)...
[06:17:15]   Checking page 4 for the next batch...
[06:17:15]   [1] [IMG] Chicking Fried Chicken (Kannur Mall) | +(91)-9744480000 | 9 photos
[06:17:15]        [1] https://content.jdmagicbox.com/comp/def_content_category/chicking-fried-chicken-11985242-m...
[06:17:15]        [2] https://images.jdmagicbox.com/comp/def_content_category/chicking-fried-chicken-11985242-mz...
[06:17:15]        [3] https://images.jdmagicbox.com/comp/def_content_category/chicking-fried-chicken/chicking-fr...
[06:17:16]   [2] [IMG] Nks Chicken |  | 6 photos
[06:17:16]        [1] https://content.jdmagicbox.com/comp/kannur/k3/9999px497.x497.191212134539.x7k3/catalogue/n...
[06:17:16]        [2] https://images.jdmagicbox.com/comp/kannur/k3/9999px497.x497.191212134539.x7k3/catalogue/nk...
[06:17:16]        [3] https://images.jdmagicbox.com/comp/kannur/k3/9999px497.x497.191212134539.x7k3/catalogue/nk...
[06:17:17]   [3] [IMG] Lebanese |  | 9 photos
[06:17:17]        [1] https://content.jdmagicbox.com/comp/kannur/q2/9999px497.x497.181103164105.u9q2/catalogue/l...
[06:17:17]        [2] https://images.jdmagicbox.com/comp/kannur/q2/9999px497.x497.181103164105.u9q2/catalogue/le...
[06:17:17]        [3] https://images.jdmagicbox.com/comp/kannur/q2/9999px497.x497.181103164105.u9q2/catalogue/le...
[06:17:18]   [4] [IMG] Volga Chef | +(91)-7907722050 | 9 photos
[06:17:18]        [1] https://content.jdmagicbox.com/comp/kannur/e6/9999px497.x497.220210163401.x2e6/catalogue/-...
[06:17:18]        [2] https://images.jdmagicbox.com/comp/kannur/e6/9999px497.x497.220210163401.x2e6/catalogue/-h...
[06:17:18]        [3] https://images.jdmagicbox.com/comp/kannur/e6/9999px497.x497.220210163401.x2e6/catalogue/-2...
[06:17:18]   [5] [IMG] RAK | +(91)-6235101101 | 9 photos
[06:17:18]        [1] https://content.jdmagicbox.com/comp/kasaragod/g9/9999p4994.4994.210127203131.f2g9/catalogu...
[06:17:18]        [2] https://images.jdmagicbox.com/comp/kasaragod/g9/9999p4994.4994.210127203131.f2g9/catalogue...
[06:17:18]        [3] https://images.jdmagicbox.com/comp/kasaragod/g9/9999p4994.4994.210127203131.f2g9/catalogue...
[06:17:19]   [6] [IMG] Chikeys | +(91)-8606131123 | 9 photos
[06:17:19]        [1] https://content.jdmagicbox.com/comp/kozhikode/y3/0495px495.x495.190525032936.x5y3/catalogu...
[06:17:19]        [2] https://images.jdmagicbox.com/comp/kozhikode/y3/0495px495.x495.190525032936.x5y3/catalogue...
[06:17:19]        [3] https://images.jdmagicbox.com/comp/kozhikode/y3/0495px495.x495.190525032936.x5y3/catalogue...
[06:17:19]   [7] [IMG] Chicking Fried Chicken | +(91)-7736067817 | 9 photos
[06:17:19]        [1] https://content.jdmagicbox.com/comp/def_content_category/chicking-fried-chicken/chicking-f...
[06:17:19]        [2] https://images.jdmagicbox.com/comp/def_content_category/chicking-fried-chicken/chicking-fr...
[06:17:19]        [3] https://images.jdmagicbox.com/comp/def_content_category/chicking-fried-chicken-11985242-mz...
[06:17:20]   [8] [IMG] MFC Fried & Arabic | +(91)-8075029408 | 9 photos
[06:17:20]        [1] https://content.jdmagicbox.com/comp/kasaragod/f1/9999p4994.4994.171009202643.v4f1/catalogu...
[06:17:20]        [2] https://images.jdmagicbox.com/comp/kasaragod/f1/9999p4994.4994.171009202643.v4f1/catalogue...
[06:17:20]        [3] https://images.jdmagicbox.com/comp/kasaragod/f1/9999p4994.4994.171009202643.v4f1/catalogue...
[06:17:20]   [9] [IMG] Oryx Village | +(91)-8488918253 | 9 photos
[06:17:20]        [1] https://content.jdmagicbox.com/comp/kasaragod/d5/9999p4994.4994.180609125522.s4d5/catalogu...
[06:17:20]        [2] https://images.jdmagicbox.com/comp/kasaragod/d5/9999p4994.4994.180609125522.s4d5/catalogue...
[06:17:20]        [3] https://images.jdmagicbox.com/comp/kasaragod/d5/9999p4994.4994.180609125522.s4d5/catalogue...
[06:17:21]   [10] [IMG] AFC | +(91)-7012677537 | 5 photos
[06:17:21]        [1] https://content.jdmagicbox.com/comp/kozhikode/l5/0495px495.x495.211203141452.z3l5/catalogu...
[06:17:21]        [2] https://images.jdmagicbox.com/comp/kozhikode/l5/0495px495.x495.211203141452.z3l5/catalogue...
[06:17:21]        [3] https://images.jdmagicbox.com/comp/kozhikode/l5/0495px495.x495.211203141452.z3l5/catalogue...
[06:17:23]   Scraping page 4 (got 10 results)...
[06:17:23]   Checking page 5 for the next batch...
[06:17:23]   [1] [IMG] Golden Dine Family Restaurant | +(91)-9567302261 | 8 photos
[06:17:23]        [1] https://content.jdmagicbox.com/comp/kasaragod/e3/9999p4994.4994.181212142924.v8e3/catalogu...
[06:17:23]        [2] https://images.jdmagicbox.com/comp/kasaragod/e3/9999p4994.4994.181212142924.v8e3/catalogue...
[06:17:23]        [3] https://images.jdmagicbox.com/comp/kasaragod/e3/9999p4994.4994.181212142924.v8e3/catalogue...
[06:17:24]   [2] [IMG] Max Food | +(91)-9483340844 | 9 photos
[06:17:24]        [1] https://content.jdmagicbox.com/v2/comp/coorg/b2/9999p8272.8272.240715141211.c2b2/catalogue...
[06:17:24]        [2] https://images.jdmagicbox.com/v2/comp/coorg/b2/9999p8272.8272.240715141211.c2b2/catalogue/...
[06:17:24]        [3] https://images.jdmagicbox.com/v2/comp/coorg/b2/9999p8272.8272.240715141211.c2b2/catalogue/...
[06:17:24]   [3] [IMG] MADADA SOLUTION PVT LTD | +(91)-7221001003 | 9 photos
[06:17:24]        [1] https://content.jdmagicbox.com/comp/kozhikode/j2/0495px495.x495.230103175828.d9j2/catalogu...
[06:17:24]        [2] https://images.jdmagicbox.com/comp/kozhikode/j2/0495px495.x495.230103175828.d9j2/catalogue...
[06:17:24]        [3] https://images.jdmagicbox.com/comp/kozhikode/j2/0495px495.x495.230103175828.d9j2/catalogue...
[06:17:25]   [4] [IMG] Casaro Cafe | +(91)-9744772677 | 5 photos
[06:17:25]        [1] https://content.jdmagicbox.com/comp/kasaragod/v7/9999p4994.4994.220615225521.k2v7/catalogu...
[06:17:25]        [2] https://images.jdmagicbox.com/comp/kasaragod/v7/9999p4994.4994.220615225521.k2v7/catalogue...
[06:17:25]        [3] https://images.jdmagicbox.com/comp/kasaragod/v7/9999p4994.4994.220615225521.k2v7/catalogue...
[06:17:25]   [5] [IMG] Shawaya House Restaurant | +(91)-9539058080 | 9 photos
[06:17:25]        [1] https://content.jdmagicbox.com/comp/wayanad/m3/9999p4936.4936.230912223231.a8m3/catalogue/...
[06:17:25]        [2] https://images.jdmagicbox.com/comp/wayanad/m3/9999p4936.4936.230912223231.a8m3/catalogue/s...
[06:17:25]        [3] https://images.jdmagicbox.com/comp/wayanad/m3/9999p4936.4936.230912223231.a8m3/catalogue/s...
[06:17:26]   [6] [IMG] Quality Restaurant and Bakes | +(91)-9207300666 | 9 photos
[06:17:26]        [1] https://content.jdmagicbox.com/comp/kasaragod/r7/9999p4994.4994.170426102508.c8r7/catalogu...
[06:17:26]        [2] https://images.jdmagicbox.com/comp/kasaragod/r7/9999p4994.4994.170426102508.c8r7/catalogue...
[06:17:26]        [3] https://images.jdmagicbox.com/comp/bekal/r7/9999p4994.4994.170426102508.c8r7/catalogue/qua...
[06:17:26]   [7] [IMG] CFC Canadian Fried Chicken | +(91)-8123223715 | 5 photos
[06:17:26]        [1] https://content.jdmagicbox.com/comp/coorg/b9/9999p8272.8272.221217154654.x6b9/catalogue/-a...
[06:17:26]        [2] https://images.jdmagicbox.com/comp/coorg/b9/9999p8272.8272.221217154654.x6b9/catalogue/-a1...
[06:17:26]        [3] https://images.jdmagicbox.com/comp/coorg/b9/9999p8272.8272.221217154654.x6b9/catalogue/-ed...
[06:17:27]   [8] [IMG] Coffee Bare | +(91)-9656003252 | 9 photos
[06:17:27]        [1] https://content.jdmagicbox.com/comp/kasaragod/g9/9999p4994.4994.171211225040.i9g9/catalogu...
[06:17:27]        [2] https://images.jdmagicbox.com/comp/kasaragod/g9/9999p4994.4994.171211225040.i9g9/catalogue...
[06:17:27]        [3] https://images.jdmagicbox.com/comp/kasaragod/x3/pwfl1513010940g5d5x3/catalogue/coffee-bare...
[06:17:27]   [9] [IMG] Gama Kitchen | +(91)-8086310000 | 9 photos
[06:17:27]        [1] https://content.jdmagicbox.com/comp/kozhikode/s5/0495px495.x495.190810180742.q5s5/catalogu...
[06:17:27]        [2] https://images.jdmagicbox.com/comp/kozhikode/s5/0495px495.x495.190810180742.q5s5/catalogue...
[06:17:27]        [3] https://images.jdmagicbox.com/comp/kozhikode/s5/0495px495.x495.190810180742.q5s5/catalogue...
[06:17:28]   [10] [IMG] Sullias Eating Spot | +(91)-8142607082 | 5 photos
[06:17:28]        [1] https://content.jdmagicbox.com/comp/mangalore/v5/0824px824.x824.230106212525.l3v5/catalogu...
[06:17:28]        [2] https://images.jdmagicbox.com/comp/mangalore/v5/0824px824.x824.230106212525.l3v5/catalogue...
[06:17:28]        [3] https://images.jdmagicbox.com/comp/mangalore/v5/0824px824.x824.230106212525.l3v5/catalogue...
[06:17:30]   Scraping page 5 (got 10 results)...
[06:17:30]   Checking page 6 for the next batch...
[06:17:30]   [1] [IMG] Kuruva Family Restaurant | +(91)-8921536987 | 9 photos
[06:17:30]        [1] https://content.jdmagicbox.com/comp/wayanad/c1/9999p4936.4936.191203162722.c9c1/catalogue/...
[06:17:30]        [2] https://images.jdmagicbox.com/comp/wayanad/c1/9999p4936.4936.191203162722.c9c1/catalogue/k...
[06:17:30]        [3] https://images.jdmagicbox.com/comp/wayanad/c1/9999p4936.4936.191203162722.c9c1/catalogue/k...
[06:17:30]   [2] [IMG] LSJ CHICKEN | +(91)-9037911212 | 9 photos
[06:17:30]        [1] https://content.jdmagicbox.com/comp/kozhikode/d5/0495px495.x495.240325111357.y2d5/catalogu...
[06:17:30]        [2] https://images.jdmagicbox.com/comp/kozhikode/d5/0495px495.x495.240325111357.y2d5/catalogue...
[06:17:30]        [3] https://images.jdmagicbox.com/v2/comp/kozhikode/d5/0495px495.x495.240325111357.y2d5/catalo...
[06:17:31]   [3] [IMG] Fry Ville | +(91)-7994089339 | 8 photos
[06:17:31]        [1] https://content.jdmagicbox.com/comp/kozhikode/r5/0495px495.x495.240426193218.v8r5/catalogu...
[06:17:31]        [2] https://images.jdmagicbox.com/comp/kozhikode/r5/0495px495.x495.240426193218.v8r5/catalogue...
[06:17:31]        [3] https://images.jdmagicbox.com/v2/comp/kozhikode/r5/0495px495.x495.240426193218.v8r5/catalo...
[06:17:31]   [4] [IMG] Kadav Cafe | +(91)-7902791347 | 9 photos
[06:17:31]        [1] https://content.jdmagicbox.com/comp/wayanad/k8/9999p4936.4936.210505154047.l1k8/catalogue/...
[06:17:31]        [2] https://images.jdmagicbox.com/comp/wayanad/k8/9999p4936.4936.210505154047.l1k8/catalogue/p...
[06:17:31]        [3] https://images.jdmagicbox.com/comp/wayanad/k8/9999p4936.4936.210505154047.l1k8/catalogue/p...
[06:17:32]   [5] [IMG] AM 2 PM | +(91)-8281221562 | 9 photos
[06:17:32]        [1] https://content.jdmagicbox.com/comp/kozhikode/a1/0495px495.x495.210825115336.v6a1/catalogu...
[06:17:32]        [2] https://images.jdmagicbox.com/comp/kozhikode/a1/0495px495.x495.210825115336.v6a1/catalogue...
[06:17:32]        [3] https://images.jdmagicbox.com/comp/kozhikode/a1/0495px495.x495.210825115336.v6a1/catalogue...
[06:17:33]   [6] [IMG] Biryani house | +(91)-7025966937 | 9 photos
[06:17:33]        [1] https://content.jdmagicbox.com/comp/kasaragod/g9/9999p4994.4994.190817061424.b9g9/catalogu...
[06:17:33]        [2] https://images.jdmagicbox.com/comp/kasaragod/g9/9999p4994.4994.190817061424.b9g9/catalogue...
[06:17:33]        [3] https://images.jdmagicbox.com/comp/kasaragod/g9/9999p4994.4994.190817061424.b9g9/catalogue...
[06:17:33]   [7] [IMG] Vitamin Bbq Corner Family Restaurant & Tourist Restaurant | +(91)-8593909067 | 9 photos
[06:17:33]        [1] https://content.jdmagicbox.com/comp/kozhikode/q7/0495px495.x495.200205224512.v2q7/catalogu...
[06:17:33]        [2] https://images.jdmagicbox.com/comp/kozhikode/q7/0495px495.x495.200205224512.v2q7/catalogue...
[06:17:33]        [3] https://images.jdmagicbox.com/comp/kozhikode/q7/0495px495.x495.200205224512.v2q7/catalogue...
[06:17:34]   [8] [IMG] Clock Tower Restaurant | +(91)-7947190542 | 9 photos
[06:17:34]        [1] https://content.jdmagicbox.com/comp/kozhikode/i7/0495px495.x495.211016160058.h8i7/catalogu...
[06:17:34]        [2] https://images.jdmagicbox.com/comp/kozhikode/i7/0495px495.x495.211016160058.h8i7/catalogue...
[06:17:34]        [3] https://images.jdmagicbox.com/comp/kozhikode/i7/0495px495.x495.211016160058.h8i7/catalogue...
[06:17:34]   [9] [IMG] Clock Tower Restaurant | +(91)-8401686359 | 9 photos
[06:17:34]        [1] https://content.jdmagicbox.com/comp/kozhikode/i1/0495px495.x495.210415170354.s8i1/catalogu...
[06:17:34]        [2] https://images.jdmagicbox.com/comp/kozhikode/i1/0495px495.x495.210415170354.s8i1/catalogue...
[06:17:34]        [3] https://images.jdmagicbox.com/comp/kozhikode/i1/0495px495.x495.210415170354.s8i1/catalogue...
[06:17:35]   [10] [IMG] Umami eats | +(91)-7994527434 | 5 photos
[06:17:35]        [1] https://content.jdmagicbox.com/comp/kozhikode/q5/0495px495.x495.181107095251.z7q5/catalogu...
[06:17:35]        [2] https://images.jdmagicbox.com/comp/kozhikode/q5/0495px495.x495.181107095251.z7q5/catalogue...
[06:17:35]        [3] https://images.jdmagicbox.com/comp/kozhikode/q5/0495px495.x495.181107095251.z7q5/catalogue...
[06:17:37] 
==========================================
[06:17:37] [*] Scraping target 9/40: Dharmadom
[06:17:37] ==========================================
[06:17:38] ? Found 100 total Fried Chicken Delivery Restaurants in Dharmadom.
[06:17:38]   Scraping page 1 (got 10 results)...
[06:17:38]   Checking page 2 for the next batch...
[06:17:38]   [1] [IMG] WESTBURG DARMASHALA | +(91)-7411790657 | 7 photos
[06:17:38]        [1] https://content.jdmagicbox.com/v2/comp/kannur/z9/9999px497.x497.250712160334.d1z9/catalogu...
[06:17:38]        [2] https://images.jdmagicbox.com/v2/comp/kannur/z9/9999px497.x497.250712160334.d1z9/catalogue...
[06:17:38]        [3] https://images.jdmagicbox.com/v2/comp/kannur/z9/9999px497.x497.250712160334.d1z9/catalogue...
[06:17:38]   [2] [IMG] The Indian Express Superfast Restaurant | +(91)-8301009050 | 9 photos
[06:17:38]        [1] https://content.jdmagicbox.com/comp/kannur/e5/9999px497.x497.200106181231.h5e5/catalogue/t...
[06:17:38]        [2] https://images.jdmagicbox.com/comp/kannur/e5/9999px497.x497.200106181231.h5e5/catalogue/th...
[06:17:38]        [3] https://images.jdmagicbox.com/comp/kannur/e5/9999px497.x497.200106181231.h5e5/catalogue/th...
[06:17:39]   [3] [IMG] Hotel Green Park | +(91)-9447850097 | 9 photos
[06:17:39]        [1] https://content.jdmagicbox.com/comp/kannur/n5/9999px497.x497.171001155450.e6n5/catalogue/h...
[06:17:39]        [2] https://images.jdmagicbox.com/comp/kannur/n5/9999px497.x497.171001155450.e6n5/catalogue/ho...
[06:17:39]        [3] https://images.jdmagicbox.com/v2/comp/kannur/n5/9999px497.x497.171001155450.e6n5/catalogue...
[06:17:39]   [4] [IMG] Jesna Lunch Room | +(91)-9605683147 | 7 photos
[06:17:39]        [1] https://content.jdmagicbox.com/comp/kannur/f2/9999px497.x497.190220121951.z4f2/catalogue/j...
[06:17:39]        [2] https://images.jdmagicbox.com/comp/kannur/f2/9999px497.x497.190220121951.z4f2/catalogue/je...
[06:17:39]        [3] https://images.jdmagicbox.com/comp/kannur/f2/9999px497.x497.190220121951.z4f2/catalogue/je...
[06:17:40]   [5] [IMG] Chikeys | +(91)-9895131123 | 9 photos
[06:17:40]        [1] https://content.jdmagicbox.com/comp/def_content_category/chikeys/121050718-333489939663650...
[06:17:40]        [2] https://images.jdmagicbox.com/comp/def_content_category/chikeys/121050718-3334899396636500...
[06:17:40]        [3] https://images.jdmagicbox.com/comp/def_content_category/chikeys/86689044-2704886126304500-...
[06:17:41]   [6] [IMG] Go Ggrll Chokli | +(91)-9747217717 | 9 photos
[06:17:41]        [1] https://content.jdmagicbox.com/v2/comp/kannur/f8/9999px497.x497.230224144441.a3f8/catalogu...
[06:17:41]        [2] https://images.jdmagicbox.com/v2/comp/kannur/f8/9999px497.x497.230224144441.a3f8/catalogue...
[06:17:41]        [3] https://images.jdmagicbox.com/v2/comp/kannur/f8/9999px497.x497.230224144441.a3f8/catalogue...
[06:17:41]   [7] [IMG] Hfc Fried Chicken | +(91)-7902898916 | 9 photos
[06:17:41]        [1] https://content.jdmagicbox.com/comp/kannur/y5/9999px497.x497.230328181354.g1y5/catalogue/h...
[06:17:41]        [2] https://images.jdmagicbox.com/comp/kannur/y5/9999px497.x497.230328181354.g1y5/catalogue/hf...
[06:17:41]        [3] https://images.jdmagicbox.com/v2/comp/kannur/y5/9999px497.x497.230328181354.g1y5/catalogue...
[06:17:42]   [8] [IMG] Wimbies Restaurant And Fried Chicken | +(91)-9895868789 | 7 photos
[06:17:42]        [1] https://content.jdmagicbox.com/comp/kannur/u9/9999px497.x497.170607163909.z1u9/catalogue/w...
[06:17:42]        [2] https://images.jdmagicbox.com/comp/kannur/u9/9999px497.x497.170607163909.z1u9/catalogue/wi...
[06:17:42]        [3] https://images.jdmagicbox.com/comp/kannur/u9/9999px497.x497.170607163909.z1u9/catalogue/wi...
[06:17:42]   [9] [IMG] Rooster Fried & Grill | +(91)-8113001100 | 9 photos
[06:17:42]        [1] https://content.jdmagicbox.com/comp/kannur/v3/9999px497.x497.190517204357.c5v3/catalogue/r...
[06:17:42]        [2] https://images.jdmagicbox.com/comp/kannur/v3/9999px497.x497.190517204357.c5v3/catalogue/ro...
[06:17:42]        [3] https://images.jdmagicbox.com/comp/kannur/v3/9999px497.x497.190517204357.c5v3/catalogue/ro...
[06:17:43]   [10] [IMG] Arabian Grill | +(91)-9544400048 | 9 photos
[06:17:43]        [1] https://content.jdmagicbox.com/comp/kannur/y4/9999px497.x497.170926210343.p8y4/catalogue/a...
[06:17:43]        [2] https://images.jdmagicbox.com/comp/kannur/y4/9999px497.x497.170926210343.p8y4/catalogue/ar...
[06:17:43]        [3] https://images.jdmagicbox.com/comp/kannur/y4/9999px497.x497.170926210343.p8y4/catalogue/ar...
[06:17:45]   Scraping page 2 (got 10 results)...
[06:17:45]   Checking page 3 for the next batch...
[06:17:45]   [1] [IMG] Afc American Fried Chicken Restaurant | +(91)-7373162111 | 9 photos
[06:17:45]        [1] https://content.jdmagicbox.com/comp/kannur/j3/9999px497.x497.220421184400.b5j3/catalogue/a...
[06:17:45]        [2] https://images.jdmagicbox.com/comp/kannur/j3/9999px497.x497.220421184400.b5j3/catalogue/af...
[06:17:45]        [3] https://images.jdmagicbox.com/comp/kannur/j3/9999px497.x497.220421184400.b5j3/catalogue/af...
[06:17:46]   [2] [IMG] COCO CABANE CAFE | +(91)-8590090726 | 9 photos
[06:17:46]        [1] https://content.jdmagicbox.com/comp/kannur/t6/9999px497.x497.220728192535.f5t6/catalogue/c...
[06:17:46]        [2] https://images.jdmagicbox.com/comp/kannur/t6/9999px497.x497.220728192535.f5t6/catalogue/co...
[06:17:46]        [3] https://images.jdmagicbox.com/comp/kannur/t6/9999px497.x497.220728192535.f5t6/catalogue/co...
[06:17:46]   [3] [IMG] Chicking Fried Chicken (Kannur Mall) | +(91)-9744480000 | 9 photos
[06:17:46]        [1] https://content.jdmagicbox.com/comp/def_content_category/chicking-fried-chicken-11985242-m...
[06:17:46]        [2] https://images.jdmagicbox.com/comp/def_content_category/chicking-fried-chicken-11985242-mz...
[06:17:46]        [3] https://images.jdmagicbox.com/comp/def_content_category/chicking-fried-chicken/chicking-fr...
[06:17:47]   [4] [IMG] Chilly Hut | +(91)-8330057833 | 9 photos
[06:17:47]        [1] https://content.jdmagicbox.com/comp/kannur/b1/9999px497.x497.210226155456.l3b1/catalogue/c...
[06:17:47]        [2] https://images.jdmagicbox.com/comp/kannur/b1/9999px497.x497.210226155456.l3b1/catalogue/ch...
[06:17:47]        [3] https://images.jdmagicbox.com/v2/comp/kannur/b1/9999px497.x497.210226155456.l3b1/catalogue...
[06:17:48]   [5] [IMG] Vkp S Cafe | +(91)-6235555112 | 9 photos
[06:17:48]        [1] https://content.jdmagicbox.com/v2/comp/kannur/u7/9999px497.x497.200107121359.c2u7/catalogu...
[06:17:48]        [2] https://images.jdmagicbox.com/v2/comp/kannur/u7/9999px497.x497.200107121359.c2u7/catalogue...
[06:17:48]        [3] https://images.jdmagicbox.com/v2/comp/kannur/u7/9999px497.x497.200107121359.c2u7/catalogue...
[06:17:48]   [6] [IMG] American Fried Chicken | +(91)-7592044544 | 7 photos
[06:17:48]        [1] https://content.jdmagicbox.com/comp/kannur/h5/9999px497.x497.220107164349.v8h5/catalogue/-...
[06:17:48]        [2] https://images.jdmagicbox.com/comp/kannur/h5/9999px497.x497.220107164349.v8h5/catalogue/-v...
[06:17:48]        [3] https://images.jdmagicbox.com/comp/kannur/h5/9999px497.x497.220107164349.v8h5/catalogue/-a...
[06:17:49]   [7] [IMG] BURNO FRIED | +(91)-9961480764 | 6 photos
[06:17:49]        [1] https://content.jdmagicbox.com/v2/comp/kannur/h2/9999px497.x497.250809213421.y6h2/catalogu...
[06:17:49]        [2] https://images.jdmagicbox.com/v2/comp/kannur/h2/9999px497.x497.250809213421.y6h2/catalogue...
[06:17:49]        [3] https://images.jdmagicbox.com/v2/comp/kannur/h2/9999px497.x497.250809213421.y6h2/catalogue...
[06:17:50]   [8] [IMG] TFC TURKISH FRIED CHICKEN CHAKKARAKKAL | +(91)-8301867300 | 9 photos
[06:17:50]        [1] https://content.jdmagicbox.com/comp/kannur/n6/9999px497.x497.240121190829.e4n6/catalogue/t...
[06:17:50]        [2] https://images.jdmagicbox.com/comp/kannur/n6/9999px497.x497.240121190829.e4n6/catalogue/tf...
[06:17:50]        [3] https://images.jdmagicbox.com/comp/kannur/n6/9999px497.x497.240121190829.e4n6/catalogue/tf...
[06:17:50]   [9] [IMG] Nks Chicken |  | 6 photos
[06:17:50]        [1] https://content.jdmagicbox.com/comp/kannur/k3/9999px497.x497.191212134539.x7k3/catalogue/n...
[06:17:50]        [2] https://images.jdmagicbox.com/comp/kannur/k3/9999px497.x497.191212134539.x7k3/catalogue/nk...
[06:17:50]        [3] https://images.jdmagicbox.com/comp/kannur/k3/9999px497.x497.191212134539.x7k3/catalogue/nk...
[06:17:51]   [10] [IMG] Volga Chef | +(91)-7907722050 | 9 photos
[06:17:51]        [1] https://content.jdmagicbox.com/comp/kannur/e6/9999px497.x497.220210163401.x2e6/catalogue/-...
[06:17:51]        [2] https://images.jdmagicbox.com/comp/kannur/e6/9999px497.x497.220210163401.x2e6/catalogue/-h...
[06:17:51]        [3] https://images.jdmagicbox.com/comp/kannur/e6/9999px497.x497.220210163401.x2e6/catalogue/-2...
[06:17:53]   Scraping page 3 (got 10 results)...
[06:17:53]   Checking page 4 for the next batch...
[06:17:53]   [1] [IMG] Jubilee Restaurant | +(91)-9526366382 | 2 photos
[06:17:53]        [1] https://content.jdmagicbox.com/comp/def_content/buffet-restaurants/buffet-restaurants7-buf...
[06:17:53]        [2] https://images.jdmagicbox.com/comp/def_content/buffet-restaurants/buffet-restaurants7-buff...
[06:17:53]   [2] [IMG] American Fried Chicken Pilathara | +(91)-8714759722 | 4 photos
[06:17:53]        [1] https://content.jdmagicbox.com/comp/kannur/g4/9999px497.x497.221019124021.h2g4/catalogue/a...
[06:17:53]        [2] https://images.jdmagicbox.com/comp/kannur/g4/9999px497.x497.221019124021.h2g4/catalogue/am...
[06:17:53]        [3] https://images.jdmagicbox.com/comp/kannur/g4/9999px497.x497.221019124021.h2g4/catalogue/am...
[06:17:54]   [3] [IMG] Lebanese |  | 9 photos
[06:17:54]        [1] https://content.jdmagicbox.com/comp/kannur/q2/9999px497.x497.181103164105.u9q2/catalogue/l...
[06:17:54]        [2] https://images.jdmagicbox.com/comp/kannur/q2/9999px497.x497.181103164105.u9q2/catalogue/le...
[06:17:54]        [3] https://images.jdmagicbox.com/comp/kannur/q2/9999px497.x497.181103164105.u9q2/catalogue/le...
[06:17:54]   [4] [IMG] Hotel New Delhi | +(91)-9744866841 | 4 photos
[06:17:54]        [1] https://content.jdmagicbox.com/comp/def_content_category/south-indian-restaurants/new-dish...
[06:17:54]        [2] https://images.jdmagicbox.com/comp/def_content_category/south-indian-restaurants/new-dish-...
[06:17:54]        [3] https://images.jdmagicbox.com/comp/def_content_category/south-indian-restaurants/new-dish-...
[06:17:55]   [5] [IMG] RAK | +(91)-6235101101 | 9 photos
[06:17:55]        [1] https://content.jdmagicbox.com/comp/kasaragod/g9/9999p4994.4994.210127203131.f2g9/catalogu...
[06:17:55]        [2] https://images.jdmagicbox.com/comp/kasaragod/g9/9999p4994.4994.210127203131.f2g9/catalogue...
[06:17:55]        [3] https://images.jdmagicbox.com/comp/kasaragod/g9/9999p4994.4994.210127203131.f2g9/catalogue...
[06:17:56]   [6] [IMG] Chikeys | +(91)-8606131123 | 9 photos
[06:17:56]        [1] https://content.jdmagicbox.com/comp/kozhikode/y3/0495px495.x495.190525032936.x5y3/catalogu...
[06:17:56]        [2] https://images.jdmagicbox.com/comp/kozhikode/y3/0495px495.x495.190525032936.x5y3/catalogue...
[06:17:56]        [3] https://images.jdmagicbox.com/comp/kozhikode/y3/0495px495.x495.190525032936.x5y3/catalogue...
[06:17:56]   [7] [IMG] Chicking Fried Chicken | +(91)-7736067817 | 9 photos
[06:17:56]        [1] https://content.jdmagicbox.com/comp/def_content_category/chicking-fried-chicken/chicking-f...
[06:17:56]        [2] https://images.jdmagicbox.com/comp/def_content_category/chicking-fried-chicken/chicking-fr...
[06:17:56]        [3] https://images.jdmagicbox.com/comp/def_content_category/chicking-fried-chicken-11985242-mz...
[06:17:57]   [8] [IMG] MFC Fried & Arabic | +(91)-8075029408 | 9 photos
[06:17:57]        [1] https://content.jdmagicbox.com/comp/kasaragod/f1/9999p4994.4994.171009202643.v4f1/catalogu...
[06:17:57]        [2] https://images.jdmagicbox.com/comp/kasaragod/f1/9999p4994.4994.171009202643.v4f1/catalogue...
[06:17:57]        [3] https://images.jdmagicbox.com/comp/kasaragod/f1/9999p4994.4994.171009202643.v4f1/catalogue...
[06:17:57]   [9] [IMG] Oryx Village | +(91)-8488918253 | 9 photos
[06:17:57]        [1] https://content.jdmagicbox.com/comp/kasaragod/d5/9999p4994.4994.180609125522.s4d5/catalogu...
[06:17:57]        [2] https://images.jdmagicbox.com/comp/kasaragod/d5/9999p4994.4994.180609125522.s4d5/catalogue...
[06:17:57]        [3] https://images.jdmagicbox.com/comp/kasaragod/d5/9999p4994.4994.180609125522.s4d5/catalogue...
[06:17:58]   [10] [IMG] AFC | +(91)-7012677537 | 5 photos
[06:17:58]        [1] https://content.jdmagicbox.com/comp/kozhikode/l5/0495px495.x495.211203141452.z3l5/catalogu...
[06:17:58]        [2] https://images.jdmagicbox.com/comp/kozhikode/l5/0495px495.x495.211203141452.z3l5/catalogue...
[06:17:58]        [3] https://images.jdmagicbox.com/comp/kozhikode/l5/0495px495.x495.211203141452.z3l5/catalogue...
[06:18:00]   Scraping page 4 (got 10 results)...
[06:18:00]   Checking page 5 for the next batch...
[06:18:00]   [1] [IMG] Golden Dine Family Restaurant | +(91)-9567302261 | 8 photos
[06:18:00]        [1] https://content.jdmagicbox.com/comp/kasaragod/e3/9999p4994.4994.181212142924.v8e3/catalogu...
[06:18:00]        [2] https://images.jdmagicbox.com/comp/kasaragod/e3/9999p4994.4994.181212142924.v8e3/catalogue...
[06:18:00]        [3] https://images.jdmagicbox.com/comp/kasaragod/e3/9999p4994.4994.181212142924.v8e3/catalogue...
[06:18:01]   [2] [IMG] Max Food | +(91)-9483340844 | 9 photos
[06:18:01]        [1] https://content.jdmagicbox.com/v2/comp/coorg/b2/9999p8272.8272.240715141211.c2b2/catalogue...
[06:18:01]        [2] https://images.jdmagicbox.com/v2/comp/coorg/b2/9999p8272.8272.240715141211.c2b2/catalogue/...
[06:18:01]        [3] https://images.jdmagicbox.com/v2/comp/coorg/b2/9999p8272.8272.240715141211.c2b2/catalogue/...
[06:18:01]   [3] [IMG] MADADA SOLUTION PVT LTD | +(91)-7221001003 | 9 photos
[06:18:01]        [1] https://content.jdmagicbox.com/comp/kozhikode/j2/0495px495.x495.230103175828.d9j2/catalogu...
[06:18:01]        [2] https://images.jdmagicbox.com/comp/kozhikode/j2/0495px495.x495.230103175828.d9j2/catalogue...
[06:18:01]        [3] https://images.jdmagicbox.com/comp/kozhikode/j2/0495px495.x495.230103175828.d9j2/catalogue...
[06:18:02]   [4] [IMG] Casaro Cafe | +(91)-9744772677 | 5 photos
[06:18:02]        [1] https://content.jdmagicbox.com/comp/kasaragod/v7/9999p4994.4994.220615225521.k2v7/catalogu...
[06:18:02]        [2] https://images.jdmagicbox.com/comp/kasaragod/v7/9999p4994.4994.220615225521.k2v7/catalogue...
[06:18:02]        [3] https://images.jdmagicbox.com/comp/kasaragod/v7/9999p4994.4994.220615225521.k2v7/catalogue...
[06:18:02]   [5] [IMG] Shawaya House Restaurant | +(91)-9539058080 | 9 photos
[06:18:02]        [1] https://content.jdmagicbox.com/comp/wayanad/m3/9999p4936.4936.230912223231.a8m3/catalogue/...
[06:18:02]        [2] https://images.jdmagicbox.com/comp/wayanad/m3/9999p4936.4936.230912223231.a8m3/catalogue/s...
[06:18:02]        [3] https://images.jdmagicbox.com/comp/wayanad/m3/9999p4936.4936.230912223231.a8m3/catalogue/s...
[06:18:03]   [6] [IMG] Quality Restaurant and Bakes | +(91)-9207300666 | 9 photos
[06:18:03]        [1] https://content.jdmagicbox.com/comp/kasaragod/r7/9999p4994.4994.170426102508.c8r7/catalogu...
[06:18:03]        [2] https://images.jdmagicbox.com/comp/kasaragod/r7/9999p4994.4994.170426102508.c8r7/catalogue...
[06:18:03]        [3] https://images.jdmagicbox.com/comp/bekal/r7/9999p4994.4994.170426102508.c8r7/catalogue/qua...
[06:18:03]   [7] [IMG] CFC Canadian Fried Chicken | +(91)-8123223715 | 5 photos
[06:18:03]        [1] https://content.jdmagicbox.com/comp/coorg/b9/9999p8272.8272.221217154654.x6b9/catalogue/-a...
[06:18:03]        [2] https://images.jdmagicbox.com/comp/coorg/b9/9999p8272.8272.221217154654.x6b9/catalogue/-a1...
[06:18:03]        [3] https://images.jdmagicbox.com/comp/coorg/b9/9999p8272.8272.221217154654.x6b9/catalogue/-ed...
[06:18:04]   [8] [IMG] Coffee Bare | +(91)-9656003252 | 9 photos
[06:18:04]        [1] https://content.jdmagicbox.com/comp/kasaragod/g9/9999p4994.4994.171211225040.i9g9/catalogu...
[06:18:04]        [2] https://images.jdmagicbox.com/comp/kasaragod/g9/9999p4994.4994.171211225040.i9g9/catalogue...
[06:18:04]        [3] https://images.jdmagicbox.com/comp/kasaragod/x3/pwfl1513010940g5d5x3/catalogue/coffee-bare...
[06:18:04]   [9] [IMG] Gama Kitchen | +(91)-8086310000 | 9 photos
[06:18:04]        [1] https://content.jdmagicbox.com/comp/kozhikode/s5/0495px495.x495.190810180742.q5s5/catalogu...
[06:18:04]        [2] https://images.jdmagicbox.com/comp/kozhikode/s5/0495px495.x495.190810180742.q5s5/catalogue...
[06:18:04]        [3] https://images.jdmagicbox.com/comp/kozhikode/s5/0495px495.x495.190810180742.q5s5/catalogue...
[06:18:05]   [10] [IMG] Sullias Eating Spot | +(91)-8142607082 | 5 photos
[06:18:05]        [1] https://content.jdmagicbox.com/comp/mangalore/v5/0824px824.x824.230106212525.l3v5/catalogu...
[06:18:05]        [2] https://images.jdmagicbox.com/comp/mangalore/v5/0824px824.x824.230106212525.l3v5/catalogue...
[06:18:05]        [3] https://images.jdmagicbox.com/comp/mangalore/v5/0824px824.x824.230106212525.l3v5/catalogue...
[06:18:07]   Scraping page 5 (got 10 results)...
[06:18:07]   Checking page 6 for the next batch...
[06:18:07]   [1] [IMG] Kuruva Family Restaurant | +(91)-8921536987 | 9 photos
[06:18:07]        [1] https://content.jdmagicbox.com/comp/wayanad/c1/9999p4936.4936.191203162722.c9c1/catalogue/...
[06:18:07]        [2] https://images.jdmagicbox.com/comp/wayanad/c1/9999p4936.4936.191203162722.c9c1/catalogue/k...
[06:18:07]        [3] https://images.jdmagicbox.com/comp/wayanad/c1/9999p4936.4936.191203162722.c9c1/catalogue/k...
[06:18:08]   [2] [IMG] LSJ CHICKEN | +(91)-9037911212 | 9 photos
[06:18:08]        [1] https://content.jdmagicbox.com/comp/kozhikode/d5/0495px495.x495.240325111357.y2d5/catalogu...
[06:18:08]        [2] https://images.jdmagicbox.com/comp/kozhikode/d5/0495px495.x495.240325111357.y2d5/catalogue...
[06:18:08]        [3] https://images.jdmagicbox.com/v2/comp/kozhikode/d5/0495px495.x495.240325111357.y2d5/catalo...
[06:18:08]   [3] [IMG] Fry Ville | +(91)-7994089339 | 8 photos
[06:18:08]        [1] https://content.jdmagicbox.com/comp/kozhikode/r5/0495px495.x495.240426193218.v8r5/catalogu...
[06:18:08]        [2] https://images.jdmagicbox.com/comp/kozhikode/r5/0495px495.x495.240426193218.v8r5/catalogue...
[06:18:08]        [3] https://images.jdmagicbox.com/v2/comp/kozhikode/r5/0495px495.x495.240426193218.v8r5/catalo...
[06:18:09]   [4] [IMG] Kadav Cafe | +(91)-7902791347 | 9 photos
[06:18:09]        [1] https://content.jdmagicbox.com/comp/wayanad/k8/9999p4936.4936.210505154047.l1k8/catalogue/...
[06:18:09]        [2] https://images.jdmagicbox.com/comp/wayanad/k8/9999p4936.4936.210505154047.l1k8/catalogue/p...
[06:18:09]        [3] https://images.jdmagicbox.com/comp/wayanad/k8/9999p4936.4936.210505154047.l1k8/catalogue/p...
[06:18:09]   [5] [IMG] AM 2 PM | +(91)-8281221562 | 9 photos
[06:18:09]        [1] https://content.jdmagicbox.com/comp/kozhikode/a1/0495px495.x495.210825115336.v6a1/catalogu...
[06:18:09]        [2] https://images.jdmagicbox.com/comp/kozhikode/a1/0495px495.x495.210825115336.v6a1/catalogue...
[06:18:09]        [3] https://images.jdmagicbox.com/comp/kozhikode/a1/0495px495.x495.210825115336.v6a1/catalogue...
[06:18:10]   [6] [IMG] Biryani house | +(91)-7025966937 | 9 photos
[06:18:10]        [1] https://content.jdmagicbox.com/comp/kasaragod/g9/9999p4994.4994.190817061424.b9g9/catalogu...
[06:18:10]        [2] https://images.jdmagicbox.com/comp/kasaragod/g9/9999p4994.4994.190817061424.b9g9/catalogue...
[06:18:10]        [3] https://images.jdmagicbox.com/comp/kasaragod/g9/9999p4994.4994.190817061424.b9g9/catalogue...
[06:18:10]   [7] [IMG] Vitamin Bbq Corner Family Restaurant & Tourist Restaurant | +(91)-8593909067 | 9 photos
[06:18:10]        [1] https://content.jdmagicbox.com/comp/kozhikode/q7/0495px495.x495.200205224512.v2q7/catalogu...
[06:18:10]        [2] https://images.jdmagicbox.com/comp/kozhikode/q7/0495px495.x495.200205224512.v2q7/catalogue...
[06:18:10]        [3] https://images.jdmagicbox.com/comp/kozhikode/q7/0495px495.x495.200205224512.v2q7/catalogue...
[06:18:11]   [8] [IMG] Clock Tower Restaurant | +(91)-7947190542 | 9 photos
[06:18:11]        [1] https://content.jdmagicbox.com/comp/kozhikode/i7/0495px495.x495.211016160058.h8i7/catalogu...
[06:18:11]        [2] https://images.jdmagicbox.com/comp/kozhikode/i7/0495px495.x495.211016160058.h8i7/catalogue...
[06:18:11]        [3] https://images.jdmagicbox.com/comp/kozhikode/i7/0495px495.x495.211016160058.h8i7/catalogue...
[06:18:11]   [9] [IMG] Clock Tower Restaurant | +(91)-8401686359 | 9 photos
[06:18:11]        [1] https://content.jdmagicbox.com/comp/kozhikode/i1/0495px495.x495.210415170354.s8i1/catalogu...
[06:18:11]        [2] https://images.jdmagicbox.com/comp/kozhikode/i1/0495px495.x495.210415170354.s8i1/catalogue...
[06:18:11]        [3] https://images.jdmagicbox.com/comp/kozhikode/i1/0495px495.x495.210415170354.s8i1/catalogue...
[06:18:12]   [10] [IMG] Umami eats | +(91)-7994527434 | 5 photos
[06:18:12]        [1] https://content.jdmagicbox.com/comp/kozhikode/q5/0495px495.x495.181107095251.z7q5/catalogu...
[06:18:12]        [2] https://images.jdmagicbox.com/comp/kozhikode/q5/0495px495.x495.181107095251.z7q5/catalogue...
[06:18:12]        [3] https://images.jdmagicbox.com/comp/kozhikode/q5/0495px495.x495.181107095251.z7q5/catalogue...
[06:18:15] 
==========================================
[06:18:15] [*] Scraping target 10/40: Valapattanam
[06:18:15] ==========================================
[06:18:16] ? Found 100 total Fried Chicken Delivery Restaurants in Valapattanam.
[06:18:16]   Scraping page 1 (got 10 results)...
[06:18:16]   Checking page 2 for the next batch...
[06:18:16]   [1] [IMG] WESTBURG DARMASHALA | +(91)-7411790657 | 7 photos
[06:18:16]        [1] https://content.jdmagicbox.com/v2/comp/kannur/z9/9999px497.x497.250712160334.d1z9/catalogu...
[06:18:16]        [2] https://images.jdmagicbox.com/v2/comp/kannur/z9/9999px497.x497.250712160334.d1z9/catalogue...
[06:18:16]        [3] https://images.jdmagicbox.com/v2/comp/kannur/z9/9999px497.x497.250712160334.d1z9/catalogue...
[06:18:16]   [2] [IMG] Hotel Green Park | +(91)-9447850097 | 9 photos
[06:18:16]        [1] https://content.jdmagicbox.com/comp/kannur/n5/9999px497.x497.171001155450.e6n5/catalogue/h...
[06:18:16]        [2] https://images.jdmagicbox.com/comp/kannur/n5/9999px497.x497.171001155450.e6n5/catalogue/ho...
[06:18:16]        [3] https://images.jdmagicbox.com/v2/comp/kannur/n5/9999px497.x497.171001155450.e6n5/catalogue...
[06:18:17]   [3] [IMG] Vkp S Cafe | +(91)-6235555112 | 9 photos
[06:18:17]        [1] https://content.jdmagicbox.com/v2/comp/kannur/u7/9999px497.x497.200107121359.c2u7/catalogu...
[06:18:17]        [2] https://images.jdmagicbox.com/v2/comp/kannur/u7/9999px497.x497.200107121359.c2u7/catalogue...
[06:18:17]        [3] https://images.jdmagicbox.com/v2/comp/kannur/u7/9999px497.x497.200107121359.c2u7/catalogue...
[06:18:18]   [4] [IMG] Rooster Fried & Grill | +(91)-8113001100 | 9 photos
[06:18:18]        [1] https://content.jdmagicbox.com/comp/kannur/v3/9999px497.x497.190517204357.c5v3/catalogue/r...
[06:18:18]        [2] https://images.jdmagicbox.com/comp/kannur/v3/9999px497.x497.190517204357.c5v3/catalogue/ro...
[06:18:18]        [3] https://images.jdmagicbox.com/comp/kannur/v3/9999px497.x497.190517204357.c5v3/catalogue/ro...
[06:18:18]   [5] [IMG] Chikeys | +(91)-9895131123 | 9 photos
[06:18:18]        [1] https://content.jdmagicbox.com/comp/def_content_category/chikeys/121050718-333489939663650...
[06:18:18]        [2] https://images.jdmagicbox.com/comp/def_content_category/chikeys/121050718-3334899396636500...
[06:18:18]        [3] https://images.jdmagicbox.com/comp/def_content_category/chikeys/86689044-2704886126304500-...
[06:18:19]   [6] [IMG] Jesna Lunch Room | +(91)-9605683147 | 7 photos
[06:18:19]        [1] https://content.jdmagicbox.com/comp/kannur/f2/9999px497.x497.190220121951.z4f2/catalogue/j...
[06:18:19]        [2] https://images.jdmagicbox.com/comp/kannur/f2/9999px497.x497.190220121951.z4f2/catalogue/je...
[06:18:19]        [3] https://images.jdmagicbox.com/comp/kannur/f2/9999px497.x497.190220121951.z4f2/catalogue/je...
[06:18:19]   [7] [IMG] Arabian Grill | +(91)-9544400048 | 9 photos
[06:18:19]        [1] https://content.jdmagicbox.com/comp/kannur/y4/9999px497.x497.170926210343.p8y4/catalogue/a...
[06:18:19]        [2] https://images.jdmagicbox.com/comp/kannur/y4/9999px497.x497.170926210343.p8y4/catalogue/ar...
[06:18:19]        [3] https://images.jdmagicbox.com/comp/kannur/y4/9999px497.x497.170926210343.p8y4/catalogue/ar...
[06:18:20]   [8] [IMG] Go Ggrll Chokli | +(91)-9747217717 | 9 photos
[06:18:20]        [1] https://content.jdmagicbox.com/v2/comp/kannur/f8/9999px497.x497.230224144441.a3f8/catalogu...
[06:18:20]        [2] https://images.jdmagicbox.com/v2/comp/kannur/f8/9999px497.x497.230224144441.a3f8/catalogue...
[06:18:20]        [3] https://images.jdmagicbox.com/v2/comp/kannur/f8/9999px497.x497.230224144441.a3f8/catalogue...
[06:18:20]   [9] [IMG] Wimbies Restaurant And Fried Chicken | +(91)-9895868789 | 7 photos
[06:18:20]        [1] https://content.jdmagicbox.com/comp/kannur/u9/9999px497.x497.170607163909.z1u9/catalogue/w...
[06:18:20]        [2] https://images.jdmagicbox.com/comp/kannur/u9/9999px497.x497.170607163909.z1u9/catalogue/wi...
[06:18:20]        [3] https://images.jdmagicbox.com/comp/kannur/u9/9999px497.x497.170607163909.z1u9/catalogue/wi...
[06:18:21]   [10] [IMG] Afc American Fried Chicken Restaurant | +(91)-7373162111 | 9 photos
[06:18:21]        [1] https://content.jdmagicbox.com/comp/kannur/j3/9999px497.x497.220421184400.b5j3/catalogue/a...
[06:18:21]        [2] https://images.jdmagicbox.com/comp/kannur/j3/9999px497.x497.220421184400.b5j3/catalogue/af...
[06:18:21]        [3] https://images.jdmagicbox.com/comp/kannur/j3/9999px497.x497.220421184400.b5j3/catalogue/af...
[06:18:23]   Scraping page 2 (got 10 results)...
[06:18:23]   Checking page 3 for the next batch...
[06:18:23]   [1] [IMG] Chilly Hut | +(91)-8330057833 | 9 photos
[06:18:23]        [1] https://content.jdmagicbox.com/comp/kannur/b1/9999px497.x497.210226155456.l3b1/catalogue/c...
[06:18:23]        [2] https://images.jdmagicbox.com/comp/kannur/b1/9999px497.x497.210226155456.l3b1/catalogue/ch...
[06:18:23]        [3] https://images.jdmagicbox.com/v2/comp/kannur/b1/9999px497.x497.210226155456.l3b1/catalogue...
[06:18:24]   [2] [IMG] TFC TURKISH FRIED CHICKEN CHAKKARAKKAL | +(91)-8301867300 | 9 photos
[06:18:24]        [1] https://content.jdmagicbox.com/comp/kannur/n6/9999px497.x497.240121190829.e4n6/catalogue/t...
[06:18:24]        [2] https://images.jdmagicbox.com/comp/kannur/n6/9999px497.x497.240121190829.e4n6/catalogue/tf...
[06:18:24]        [3] https://images.jdmagicbox.com/comp/kannur/n6/9999px497.x497.240121190829.e4n6/catalogue/tf...
[06:18:24]   [3] [IMG] The Indian Express Superfast Restaurant | +(91)-8301009050 | 9 photos
[06:18:24]        [1] https://content.jdmagicbox.com/comp/kannur/e5/9999px497.x497.200106181231.h5e5/catalogue/t...
[06:18:24]        [2] https://images.jdmagicbox.com/comp/kannur/e5/9999px497.x497.200106181231.h5e5/catalogue/th...
[06:18:24]        [3] https://images.jdmagicbox.com/comp/kannur/e5/9999px497.x497.200106181231.h5e5/catalogue/th...
[06:18:25]   [4] [IMG] Hfc Fried Chicken | +(91)-7902898916 | 9 photos
[06:18:25]        [1] https://content.jdmagicbox.com/comp/kannur/y5/9999px497.x497.230328181354.g1y5/catalogue/h...
[06:18:25]        [2] https://images.jdmagicbox.com/comp/kannur/y5/9999px497.x497.230328181354.g1y5/catalogue/hf...
[06:18:25]        [3] https://images.jdmagicbox.com/v2/comp/kannur/y5/9999px497.x497.230328181354.g1y5/catalogue...
[06:18:25]   [5] [IMG] COCO CABANE CAFE | +(91)-8590090726 | 9 photos
[06:18:25]        [1] https://content.jdmagicbox.com/comp/kannur/t6/9999px497.x497.220728192535.f5t6/catalogue/c...
[06:18:25]        [2] https://images.jdmagicbox.com/comp/kannur/t6/9999px497.x497.220728192535.f5t6/catalogue/co...
[06:18:25]        [3] https://images.jdmagicbox.com/comp/kannur/t6/9999px497.x497.220728192535.f5t6/catalogue/co...
[06:18:26]   [6] [IMG] American Fried Chicken | +(91)-7592044544 | 7 photos
[06:18:26]        [1] https://content.jdmagicbox.com/comp/kannur/h5/9999px497.x497.220107164349.v8h5/catalogue/-...
[06:18:26]        [2] https://images.jdmagicbox.com/comp/kannur/h5/9999px497.x497.220107164349.v8h5/catalogue/-v...
[06:18:26]        [3] https://images.jdmagicbox.com/comp/kannur/h5/9999px497.x497.220107164349.v8h5/catalogue/-a...
[06:18:26]   [7] [IMG] American Fried Chicken Pilathara | +(91)-8714759722 | 4 photos
[06:18:26]        [1] https://content.jdmagicbox.com/comp/kannur/g4/9999px497.x497.221019124021.h2g4/catalogue/a...
[06:18:26]        [2] https://images.jdmagicbox.com/comp/kannur/g4/9999px497.x497.221019124021.h2g4/catalogue/am...
[06:18:26]        [3] https://images.jdmagicbox.com/comp/kannur/g4/9999px497.x497.221019124021.h2g4/catalogue/am...
[06:18:27]   [8] [IMG] BURNO FRIED | +(91)-9961480764 | 6 photos
[06:18:27]        [1] https://content.jdmagicbox.com/v2/comp/kannur/h2/9999px497.x497.250809213421.y6h2/catalogu...
[06:18:27]        [2] https://images.jdmagicbox.com/v2/comp/kannur/h2/9999px497.x497.250809213421.y6h2/catalogue...
[06:18:27]        [3] https://images.jdmagicbox.com/v2/comp/kannur/h2/9999px497.x497.250809213421.y6h2/catalogue...
[06:18:27]   [9] [IMG] Chicking Fried Chicken (Kannur Mall) | +(91)-9744480000 | 9 photos
[06:18:27]        [1] https://content.jdmagicbox.com/comp/def_content_category/chicking-fried-chicken-11985242-m...
[06:18:27]        [2] https://images.jdmagicbox.com/comp/def_content_category/chicking-fried-chicken-11985242-mz...
[06:18:27]        [3] https://images.jdmagicbox.com/comp/def_content_category/chicking-fried-chicken/chicking-fr...
[06:18:28]   [10] [IMG] Hotel New Delhi | +(91)-9744866841 | 4 photos
[06:18:28]        [1] https://content.jdmagicbox.com/comp/def_content_category/south-indian-restaurants/new-dish...
[06:18:28]        [2] https://images.jdmagicbox.com/comp/def_content_category/south-indian-restaurants/new-dish-...
[06:18:28]        [3] https://images.jdmagicbox.com/comp/def_content_category/south-indian-restaurants/new-dish-...
[06:18:30]   Scraping page 3 (got 10 results)...
[06:18:30]   Checking page 4 for the next batch...
[06:18:30]   [1] [IMG] Lebanese |  | 9 photos
[06:18:30]        [1] https://content.jdmagicbox.com/comp/kannur/q2/9999px497.x497.181103164105.u9q2/catalogue/l...
[06:18:30]        [2] https://images.jdmagicbox.com/comp/kannur/q2/9999px497.x497.181103164105.u9q2/catalogue/le...
[06:18:30]        [3] https://images.jdmagicbox.com/comp/kannur/q2/9999px497.x497.181103164105.u9q2/catalogue/le...
[06:18:31]   [2] [IMG] Jubilee Restaurant | +(91)-9526366382 | 2 photos
[06:18:31]        [1] https://content.jdmagicbox.com/comp/def_content/buffet-restaurants/buffet-restaurants7-buf...
[06:18:31]        [2] https://images.jdmagicbox.com/comp/def_content/buffet-restaurants/buffet-restaurants7-buff...
[06:18:31]   [3] [IMG] Nks Chicken |  | 6 photos
[06:18:31]        [1] https://content.jdmagicbox.com/comp/kannur/k3/9999px497.x497.191212134539.x7k3/catalogue/n...
[06:18:31]        [2] https://images.jdmagicbox.com/comp/kannur/k3/9999px497.x497.191212134539.x7k3/catalogue/nk...
[06:18:31]        [3] https://images.jdmagicbox.com/comp/kannur/k3/9999px497.x497.191212134539.x7k3/catalogue/nk...
[06:18:32]   [4] [IMG] Volga Chef | +(91)-7907722050 | 9 photos
[06:18:32]        [1] https://content.jdmagicbox.com/comp/kannur/e6/9999px497.x497.220210163401.x2e6/catalogue/-...
[06:18:32]        [2] https://images.jdmagicbox.com/comp/kannur/e6/9999px497.x497.220210163401.x2e6/catalogue/-h...
[06:18:32]        [3] https://images.jdmagicbox.com/comp/kannur/e6/9999px497.x497.220210163401.x2e6/catalogue/-2...
[06:18:32]   [5] [IMG] RAK | +(91)-6235101101 | 9 photos
[06:18:32]        [1] https://content.jdmagicbox.com/comp/kasaragod/g9/9999p4994.4994.210127203131.f2g9/catalogu...
[06:18:32]        [2] https://images.jdmagicbox.com/comp/kasaragod/g9/9999p4994.4994.210127203131.f2g9/catalogue...
[06:18:32]        [3] https://images.jdmagicbox.com/comp/kasaragod/g9/9999p4994.4994.210127203131.f2g9/catalogue...
[06:18:33]   [6] [IMG] Chikeys | +(91)-8606131123 | 9 photos
[06:18:33]        [1] https://content.jdmagicbox.com/comp/kozhikode/y3/0495px495.x495.190525032936.x5y3/catalogu...
[06:18:33]        [2] https://images.jdmagicbox.com/comp/kozhikode/y3/0495px495.x495.190525032936.x5y3/catalogue...
[06:18:33]        [3] https://images.jdmagicbox.com/comp/kozhikode/y3/0495px495.x495.190525032936.x5y3/catalogue...
[06:18:33]   [7] [IMG] Chicking Fried Chicken | +(91)-7736067817 | 9 photos
[06:18:33]        [1] https://content.jdmagicbox.com/comp/def_content_category/chicking-fried-chicken/chicking-f...
[06:18:33]        [2] https://images.jdmagicbox.com/comp/def_content_category/chicking-fried-chicken/chicking-fr...
[06:18:33]        [3] https://images.jdmagicbox.com/comp/def_content_category/chicking-fried-chicken-11985242-mz...
[06:18:34]   [8] [IMG] MFC Fried & Arabic | +(91)-8075029408 | 9 photos
[06:18:34]        [1] https://content.jdmagicbox.com/comp/kasaragod/f1/9999p4994.4994.171009202643.v4f1/catalogu...
[06:18:34]        [2] https://images.jdmagicbox.com/comp/kasaragod/f1/9999p4994.4994.171009202643.v4f1/catalogue...
[06:18:34]        [3] https://images.jdmagicbox.com/comp/kasaragod/f1/9999p4994.4994.171009202643.v4f1/catalogue...
[06:18:34]   [9] [IMG] Oryx Village | +(91)-8488918253 | 9 photos
[06:18:34]        [1] https://content.jdmagicbox.com/comp/kasaragod/d5/9999p4994.4994.180609125522.s4d5/catalogu...
[06:18:34]        [2] https://images.jdmagicbox.com/comp/kasaragod/d5/9999p4994.4994.180609125522.s4d5/catalogue...
[06:18:34]        [3] https://images.jdmagicbox.com/comp/kasaragod/d5/9999p4994.4994.180609125522.s4d5/catalogue...
[06:18:35]   [10] [IMG] AFC | +(91)-7012677537 | 5 photos
[06:18:35]        [1] https://content.jdmagicbox.com/comp/kozhikode/l5/0495px495.x495.211203141452.z3l5/catalogu...
[06:18:35]        [2] https://images.jdmagicbox.com/comp/kozhikode/l5/0495px495.x495.211203141452.z3l5/catalogue...
[06:18:35]        [3] https://images.jdmagicbox.com/comp/kozhikode/l5/0495px495.x495.211203141452.z3l5/catalogue...
[06:18:37]   Scraping page 4 (got 10 results)...
[06:18:37]   Checking page 5 for the next batch...
[06:18:37]   [1] [IMG] Golden Dine Family Restaurant | +(91)-9567302261 | 8 photos
[06:18:37]        [1] https://content.jdmagicbox.com/comp/kasaragod/e3/9999p4994.4994.181212142924.v8e3/catalogu...
[06:18:37]        [2] https://images.jdmagicbox.com/comp/kasaragod/e3/9999p4994.4994.181212142924.v8e3/catalogue...
[06:18:37]        [3] https://images.jdmagicbox.com/comp/kasaragod/e3/9999p4994.4994.181212142924.v8e3/catalogue...
[06:18:38]   [2] [IMG] Max Food | +(91)-9483340844 | 9 photos
[06:18:38]        [1] https://content.jdmagicbox.com/v2/comp/coorg/b2/9999p8272.8272.240715141211.c2b2/catalogue...
[06:18:38]        [2] https://images.jdmagicbox.com/v2/comp/coorg/b2/9999p8272.8272.240715141211.c2b2/catalogue/...
[06:18:38]        [3] https://images.jdmagicbox.com/v2/comp/coorg/b2/9999p8272.8272.240715141211.c2b2/catalogue/...
[06:18:38]   [3] [IMG] MADADA SOLUTION PVT LTD | +(91)-7221001003 | 9 photos
[06:18:38]        [1] https://content.jdmagicbox.com/comp/kozhikode/j2/0495px495.x495.230103175828.d9j2/catalogu...
[06:18:38]        [2] https://images.jdmagicbox.com/comp/kozhikode/j2/0495px495.x495.230103175828.d9j2/catalogue...
[06:18:38]        [3] https://images.jdmagicbox.com/comp/kozhikode/j2/0495px495.x495.230103175828.d9j2/catalogue...
[06:18:39]   [4] [IMG] Casaro Cafe | +(91)-9744772677 | 5 photos
[06:18:39]        [1] https://content.jdmagicbox.com/comp/kasaragod/v7/9999p4994.4994.220615225521.k2v7/catalogu...
[06:18:39]        [2] https://images.jdmagicbox.com/comp/kasaragod/v7/9999p4994.4994.220615225521.k2v7/catalogue...
[06:18:39]        [3] https://images.jdmagicbox.com/comp/kasaragod/v7/9999p4994.4994.220615225521.k2v7/catalogue...
[06:18:40]   [5] [IMG] Shawaya House Restaurant | +(91)-9539058080 | 9 photos
[06:18:40]        [1] https://content.jdmagicbox.com/comp/wayanad/m3/9999p4936.4936.230912223231.a8m3/catalogue/...
[06:18:40]        [2] https://images.jdmagicbox.com/comp/wayanad/m3/9999p4936.4936.230912223231.a8m3/catalogue/s...
[06:18:40]        [3] https://images.jdmagicbox.com/comp/wayanad/m3/9999p4936.4936.230912223231.a8m3/catalogue/s...
[06:18:40]   [6] [IMG] Quality Restaurant and Bakes | +(91)-9207300666 | 9 photos
[06:18:40]        [1] https://content.jdmagicbox.com/comp/kasaragod/r7/9999p4994.4994.170426102508.c8r7/catalogu...
[06:18:40]        [2] https://images.jdmagicbox.com/comp/kasaragod/r7/9999p4994.4994.170426102508.c8r7/catalogue...
[06:18:40]        [3] https://images.jdmagicbox.com/comp/bekal/r7/9999p4994.4994.170426102508.c8r7/catalogue/qua...
[06:18:41]   [7] [IMG] CFC Canadian Fried Chicken | +(91)-8123223715 | 5 photos
[06:18:41]        [1] https://content.jdmagicbox.com/comp/coorg/b9/9999p8272.8272.221217154654.x6b9/catalogue/-a...
[06:18:41]        [2] https://images.jdmagicbox.com/comp/coorg/b9/9999p8272.8272.221217154654.x6b9/catalogue/-a1...
[06:18:41]        [3] https://images.jdmagicbox.com/comp/coorg/b9/9999p8272.8272.221217154654.x6b9/catalogue/-ed...
[06:18:41]   [8] [IMG] Coffee Bare | +(91)-9656003252 | 9 photos
[06:18:41]        [1] https://content.jdmagicbox.com/comp/kasaragod/g9/9999p4994.4994.171211225040.i9g9/catalogu...
[06:18:41]        [2] https://images.jdmagicbox.com/comp/kasaragod/g9/9999p4994.4994.171211225040.i9g9/catalogue...
[06:18:41]        [3] https://images.jdmagicbox.com/comp/kasaragod/x3/pwfl1513010940g5d5x3/catalogue/coffee-bare...
[06:18:42]   [9] [IMG] Gama Kitchen | +(91)-8086310000 | 9 photos
[06:18:42]        [1] https://content.jdmagicbox.com/comp/kozhikode/s5/0495px495.x495.190810180742.q5s5/catalogu...
[06:18:42]        [2] https://images.jdmagicbox.com/comp/kozhikode/s5/0495px495.x495.190810180742.q5s5/catalogue...
[06:18:42]        [3] https://images.jdmagicbox.com/comp/kozhikode/s5/0495px495.x495.190810180742.q5s5/catalogue...
[06:18:42]   [10] [IMG] Sullias Eating Spot | +(91)-8142607082 | 5 photos
[06:18:42]        [1] https://content.jdmagicbox.com/comp/mangalore/v5/0824px824.x824.230106212525.l3v5/catalogu...
[06:18:42]        [2] https://images.jdmagicbox.com/comp/mangalore/v5/0824px824.x824.230106212525.l3v5/catalogue...
[06:18:42]        [3] https://images.jdmagicbox.com/comp/mangalore/v5/0824px824.x824.230106212525.l3v5/catalogue...
[06:18:45]   Scraping page 5 (got 10 results)...
[06:18:45]   Checking page 6 for the next batch...
[06:18:45]   [1] [IMG] Kuruva Family Restaurant | +(91)-8921536987 | 9 photos
[06:18:45]        [1] https://content.jdmagicbox.com/comp/wayanad/c1/9999p4936.4936.191203162722.c9c1/catalogue/...
[06:18:45]        [2] https://images.jdmagicbox.com/comp/wayanad/c1/9999p4936.4936.191203162722.c9c1/catalogue/k...
[06:18:45]        [3] https://images.jdmagicbox.com/comp/wayanad/c1/9999p4936.4936.191203162722.c9c1/catalogue/k...
[06:18:45]   [2] [IMG] LSJ CHICKEN | +(91)-9037911212 | 9 photos
[06:18:45]        [1] https://content.jdmagicbox.com/comp/kozhikode/d5/0495px495.x495.240325111357.y2d5/catalogu...
[06:18:45]        [2] https://images.jdmagicbox.com/comp/kozhikode/d5/0495px495.x495.240325111357.y2d5/catalogue...
[06:18:45]        [3] https://images.jdmagicbox.com/v2/comp/kozhikode/d5/0495px495.x495.240325111357.y2d5/catalo...
[06:18:46]   [3] [IMG] Fry Ville | +(91)-7994089339 | 8 photos
[06:18:46]        [1] https://content.jdmagicbox.com/comp/kozhikode/r5/0495px495.x495.240426193218.v8r5/catalogu...
[06:18:46]        [2] https://images.jdmagicbox.com/comp/kozhikode/r5/0495px495.x495.240426193218.v8r5/catalogue...
[06:18:46]        [3] https://images.jdmagicbox.com/v2/comp/kozhikode/r5/0495px495.x495.240426193218.v8r5/catalo...
[06:18:46]   [4] [IMG] Kadav Cafe | +(91)-7902791347 | 9 photos
[06:18:46]        [1] https://content.jdmagicbox.com/comp/wayanad/k8/9999p4936.4936.210505154047.l1k8/catalogue/...
[06:18:46]        [2] https://images.jdmagicbox.com/comp/wayanad/k8/9999p4936.4936.210505154047.l1k8/catalogue/p...
[06:18:46]        [3] https://images.jdmagicbox.com/comp/wayanad/k8/9999p4936.4936.210505154047.l1k8/catalogue/p...
[06:18:47]   [5] [IMG] AM 2 PM | +(91)-8281221562 | 9 photos
[06:18:47]        [1] https://content.jdmagicbox.com/comp/kozhikode/a1/0495px495.x495.210825115336.v6a1/catalogu...
[06:18:47]        [2] https://images.jdmagicbox.com/comp/kozhikode/a1/0495px495.x495.210825115336.v6a1/catalogue...
[06:18:47]        [3] https://images.jdmagicbox.com/comp/kozhikode/a1/0495px495.x495.210825115336.v6a1/catalogue...
[06:18:48]   [6] [IMG] Biryani house | +(91)-7025966937 | 9 photos
[06:18:48]        [1] https://content.jdmagicbox.com/comp/kasaragod/g9/9999p4994.4994.190817061424.b9g9/catalogu...
[06:18:48]        [2] https://images.jdmagicbox.com/comp/kasaragod/g9/9999p4994.4994.190817061424.b9g9/catalogue...
[06:18:48]        [3] https://images.jdmagicbox.com/comp/kasaragod/g9/9999p4994.4994.190817061424.b9g9/catalogue...
[06:18:48]   [7] [IMG] Vitamin Bbq Corner Family Restaurant & Tourist Restaurant | +(91)-8593909067 | 9 photos
[06:18:48]        [1] https://content.jdmagicbox.com/comp/kozhikode/q7/0495px495.x495.200205224512.v2q7/catalogu...
[06:18:48]        [2] https://images.jdmagicbox.com/comp/kozhikode/q7/0495px495.x495.200205224512.v2q7/catalogue...
[06:18:48]        [3] https://images.jdmagicbox.com/comp/kozhikode/q7/0495px495.x495.200205224512.v2q7/catalogue...
[06:18:49]   [8] [IMG] Clock Tower Restaurant | +(91)-7947190542 | 9 photos
[06:18:49]        [1] https://content.jdmagicbox.com/comp/kozhikode/i7/0495px495.x495.211016160058.h8i7/catalogu...
[06:18:49]        [2] https://images.jdmagicbox.com/comp/kozhikode/i7/0495px495.x495.211016160058.h8i7/catalogue...
[06:18:49]        [3] https://images.jdmagicbox.com/comp/kozhikode/i7/0495px495.x495.211016160058.h8i7/catalogue...
[06:18:49]   [9] [IMG] Clock Tower Restaurant | +(91)-8401686359 | 9 photos
[06:18:49]        [1] https://content.jdmagicbox.com/comp/kozhikode/i1/0495px495.x495.210415170354.s8i1/catalogu...
[06:18:49]        [2] https://images.jdmagicbox.com/comp/kozhikode/i1/0495px495.x495.210415170354.s8i1/catalogue...
[06:18:49]        [3] https://images.jdmagicbox.com/comp/kozhikode/i1/0495px495.x495.210415170354.s8i1/catalogue...
[06:18:50]   [10] [IMG] Umami eats | +(91)-7994527434 | 5 photos
[06:18:50]        [1] https://content.jdmagicbox.com/comp/kozhikode/q5/0495px495.x495.181107095251.z7q5/catalogu...
[06:18:50]        [2] https://images.jdmagicbox.com/comp/kozhikode/q5/0495px495.x495.181107095251.z7q5/catalogue...
[06:18:50]        [3] https://images.jdmagicbox.com/comp/kozhikode/q5/0495px495.x495.181107095251.z7q5/catalogue...
[06:18:53] 
==========================================
[06:18:53] [*] Scraping target 11/40: Pappinisseri
[06:18:53] ==========================================
[06:18:53] ? Found 100 total Fried Chicken Delivery Restaurants in Pappinisseri.
[06:18:53]   Scraping page 1 (got 10 results)...
[06:18:53]   Checking page 2 for the next batch...
[06:18:53]   [1] [IMG] WESTBURG DARMASHALA | +(91)-7411790657 | 7 photos
[06:18:53]        [1] https://content.jdmagicbox.com/v2/comp/kannur/z9/9999px497.x497.250712160334.d1z9/catalogu...
[06:18:53]        [2] https://images.jdmagicbox.com/v2/comp/kannur/z9/9999px497.x497.250712160334.d1z9/catalogue...
[06:18:53]        [3] https://images.jdmagicbox.com/v2/comp/kannur/z9/9999px497.x497.250712160334.d1z9/catalogue...
[06:18:54]   [2] [IMG] Wimbies Restaurant And Fried Chicken | +(91)-9895868789 | 7 photos
[06:18:54]        [1] https://content.jdmagicbox.com/comp/kannur/u9/9999px497.x497.170607163909.z1u9/catalogue/w...
[06:18:54]        [2] https://images.jdmagicbox.com/comp/kannur/u9/9999px497.x497.170607163909.z1u9/catalogue/wi...
[06:18:54]        [3] https://images.jdmagicbox.com/comp/kannur/u9/9999px497.x497.170607163909.z1u9/catalogue/wi...
[06:18:54]   [3] [IMG] Jesna Lunch Room | +(91)-9605683147 | 7 photos
[06:18:54]        [1] https://content.jdmagicbox.com/comp/kannur/f2/9999px497.x497.190220121951.z4f2/catalogue/j...
[06:18:54]        [2] https://images.jdmagicbox.com/comp/kannur/f2/9999px497.x497.190220121951.z4f2/catalogue/je...
[06:18:54]        [3] https://images.jdmagicbox.com/comp/kannur/f2/9999px497.x497.190220121951.z4f2/catalogue/je...
[06:18:55]   [4] [IMG] Chikeys | +(91)-9895131123 | 9 photos
[06:18:55]        [1] https://content.jdmagicbox.com/comp/def_content_category/chikeys/121050718-333489939663650...
[06:18:55]        [2] https://images.jdmagicbox.com/comp/def_content_category/chikeys/121050718-3334899396636500...
[06:18:55]        [3] https://images.jdmagicbox.com/comp/def_content_category/chikeys/86689044-2704886126304500-...
[06:18:56]   [5] [IMG] Hotel Green Park | +(91)-9447850097 | 9 photos
[06:18:56]        [1] https://content.jdmagicbox.com/comp/kannur/n5/9999px497.x497.171001155450.e6n5/catalogue/h...
[06:18:56]        [2] https://images.jdmagicbox.com/comp/kannur/n5/9999px497.x497.171001155450.e6n5/catalogue/ho...
[06:18:56]        [3] https://images.jdmagicbox.com/v2/comp/kannur/n5/9999px497.x497.171001155450.e6n5/catalogue...
[06:18:56]   [6] [IMG] Rooster Fried & Grill | +(91)-8113001100 | 9 photos
[06:18:56]        [1] https://content.jdmagicbox.com/comp/kannur/v3/9999px497.x497.190517204357.c5v3/catalogue/r...
[06:18:56]        [2] https://images.jdmagicbox.com/comp/kannur/v3/9999px497.x497.190517204357.c5v3/catalogue/ro...
[06:18:56]        [3] https://images.jdmagicbox.com/comp/kannur/v3/9999px497.x497.190517204357.c5v3/catalogue/ro...
[06:18:57]   [7] [IMG] Vkp S Cafe | +(91)-6235555112 | 9 photos
[06:18:57]        [1] https://content.jdmagicbox.com/v2/comp/kannur/u7/9999px497.x497.200107121359.c2u7/catalogu...
[06:18:57]        [2] https://images.jdmagicbox.com/v2/comp/kannur/u7/9999px497.x497.200107121359.c2u7/catalogue...
[06:18:57]        [3] https://images.jdmagicbox.com/v2/comp/kannur/u7/9999px497.x497.200107121359.c2u7/catalogue...
[06:18:57]   [8] [IMG] Hfc Fried Chicken | +(91)-7902898916 | 9 photos
[06:18:57]        [1] https://content.jdmagicbox.com/comp/kannur/y5/9999px497.x497.230328181354.g1y5/catalogue/h...
[06:18:57]        [2] https://images.jdmagicbox.com/comp/kannur/y5/9999px497.x497.230328181354.g1y5/catalogue/hf...
[06:18:57]        [3] https://images.jdmagicbox.com/v2/comp/kannur/y5/9999px497.x497.230328181354.g1y5/catalogue...
[06:18:58]   [9] [IMG] Afc American Fried Chicken Restaurant | +(91)-7373162111 | 9 photos
[06:18:58]        [1] https://content.jdmagicbox.com/comp/kannur/j3/9999px497.x497.220421184400.b5j3/catalogue/a...
[06:18:58]        [2] https://images.jdmagicbox.com/comp/kannur/j3/9999px497.x497.220421184400.b5j3/catalogue/af...
[06:18:58]        [3] https://images.jdmagicbox.com/comp/kannur/j3/9999px497.x497.220421184400.b5j3/catalogue/af...
[06:18:58]   [10] [IMG] Arabian Grill | +(91)-9544400048 | 9 photos
[06:18:58]        [1] https://content.jdmagicbox.com/comp/kannur/y4/9999px497.x497.170926210343.p8y4/catalogue/a...
[06:18:58]        [2] https://images.jdmagicbox.com/comp/kannur/y4/9999px497.x497.170926210343.p8y4/catalogue/ar...
[06:18:58]        [3] https://images.jdmagicbox.com/comp/kannur/y4/9999px497.x497.170926210343.p8y4/catalogue/ar...
[06:19:00]   Scraping page 2 (got 10 results)...
[06:19:00]   Checking page 3 for the next batch...
[06:19:00]   [1] [IMG] The Indian Express Superfast Restaurant | +(91)-8301009050 | 9 photos
[06:19:00]        [1] https://content.jdmagicbox.com/comp/kannur/e5/9999px497.x497.200106181231.h5e5/catalogue/t...
[06:19:00]        [2] https://images.jdmagicbox.com/comp/kannur/e5/9999px497.x497.200106181231.h5e5/catalogue/th...
[06:19:00]        [3] https://images.jdmagicbox.com/comp/kannur/e5/9999px497.x497.200106181231.h5e5/catalogue/th...
[06:19:01]   [2] [IMG] Go Ggrll Chokli | +(91)-9747217717 | 9 photos
[06:19:01]        [1] https://content.jdmagicbox.com/v2/comp/kannur/f8/9999px497.x497.230224144441.a3f8/catalogu...
[06:19:01]        [2] https://images.jdmagicbox.com/v2/comp/kannur/f8/9999px497.x497.230224144441.a3f8/catalogue...
[06:19:01]        [3] https://images.jdmagicbox.com/v2/comp/kannur/f8/9999px497.x497.230224144441.a3f8/catalogue...
[06:19:01]   [3] [IMG] Jubilee Restaurant | +(91)-9526366382 | 2 photos
[06:19:01]        [1] https://content.jdmagicbox.com/comp/def_content/buffet-restaurants/buffet-restaurants7-buf...
[06:19:01]        [2] https://images.jdmagicbox.com/comp/def_content/buffet-restaurants/buffet-restaurants7-buff...
[06:19:02]   [4] [IMG] Chicking Fried Chicken (Kannur Mall) | +(91)-9744480000 | 9 photos
[06:19:02]        [1] https://content.jdmagicbox.com/comp/def_content_category/chicking-fried-chicken-11985242-m...
[06:19:02]        [2] https://images.jdmagicbox.com/comp/def_content_category/chicking-fried-chicken-11985242-mz...
[06:19:02]        [3] https://images.jdmagicbox.com/comp/def_content_category/chicking-fried-chicken/chicking-fr...
[06:19:02]   [5] [IMG] Chilly Hut | +(91)-8330057833 | 9 photos
[06:19:02]        [1] https://content.jdmagicbox.com/comp/kannur/b1/9999px497.x497.210226155456.l3b1/catalogue/c...
[06:19:02]        [2] https://images.jdmagicbox.com/comp/kannur/b1/9999px497.x497.210226155456.l3b1/catalogue/ch...
[06:19:02]        [3] https://images.jdmagicbox.com/v2/comp/kannur/b1/9999px497.x497.210226155456.l3b1/catalogue...
[06:19:03]   [6] [IMG] BURNO FRIED | +(91)-9961480764 | 6 photos
[06:19:03]        [1] https://content.jdmagicbox.com/v2/comp/kannur/h2/9999px497.x497.250809213421.y6h2/catalogu...
[06:19:03]        [2] https://images.jdmagicbox.com/v2/comp/kannur/h2/9999px497.x497.250809213421.y6h2/catalogue...
[06:19:03]        [3] https://images.jdmagicbox.com/v2/comp/kannur/h2/9999px497.x497.250809213421.y6h2/catalogue...
[06:19:03]   [7] [IMG] Nks Chicken |  | 6 photos
[06:19:03]        [1] https://content.jdmagicbox.com/comp/kannur/k3/9999px497.x497.191212134539.x7k3/catalogue/n...
[06:19:03]        [2] https://images.jdmagicbox.com/comp/kannur/k3/9999px497.x497.191212134539.x7k3/catalogue/nk...
[06:19:03]        [3] https://images.jdmagicbox.com/comp/kannur/k3/9999px497.x497.191212134539.x7k3/catalogue/nk...
[06:19:04]   [8] [IMG] Hotel New Delhi | +(91)-9744866841 | 4 photos
[06:19:04]        [1] https://content.jdmagicbox.com/comp/def_content_category/south-indian-restaurants/new-dish...
[06:19:04]        [2] https://images.jdmagicbox.com/comp/def_content_category/south-indian-restaurants/new-dish-...
[06:19:04]        [3] https://images.jdmagicbox.com/comp/def_content_category/south-indian-restaurants/new-dish-...
[06:19:04]   [9] [IMG] COCO CABANE CAFE | +(91)-8590090726 | 9 photos
[06:19:04]        [1] https://content.jdmagicbox.com/comp/kannur/t6/9999px497.x497.220728192535.f5t6/catalogue/c...
[06:19:04]        [2] https://images.jdmagicbox.com/comp/kannur/t6/9999px497.x497.220728192535.f5t6/catalogue/co...
[06:19:04]        [3] https://images.jdmagicbox.com/comp/kannur/t6/9999px497.x497.220728192535.f5t6/catalogue/co...
[06:19:05]   [10] [IMG] American Fried Chicken | +(91)-7592044544 | 7 photos
[06:19:05]        [1] https://content.jdmagicbox.com/comp/kannur/h5/9999px497.x497.220107164349.v8h5/catalogue/-...
[06:19:05]        [2] https://images.jdmagicbox.com/comp/kannur/h5/9999px497.x497.220107164349.v8h5/catalogue/-v...
[06:19:05]        [3] https://images.jdmagicbox.com/comp/kannur/h5/9999px497.x497.220107164349.v8h5/catalogue/-a...
[06:19:07]   Scraping page 3 (got 10 results)...
[06:19:07]   Checking page 4 for the next batch...
[06:19:07]   [1] [IMG] TFC TURKISH FRIED CHICKEN CHAKKARAKKAL | +(91)-8301867300 | 9 photos
[06:19:07]        [1] https://content.jdmagicbox.com/comp/kannur/n6/9999px497.x497.240121190829.e4n6/catalogue/t...
[06:19:07]        [2] https://images.jdmagicbox.com/comp/kannur/n6/9999px497.x497.240121190829.e4n6/catalogue/tf...
[06:19:07]        [3] https://images.jdmagicbox.com/comp/kannur/n6/9999px497.x497.240121190829.e4n6/catalogue/tf...
[06:19:08]   [2] [IMG] Lebanese |  | 9 photos
[06:19:08]        [1] https://content.jdmagicbox.com/comp/kannur/q2/9999px497.x497.181103164105.u9q2/catalogue/l...
[06:19:08]        [2] https://images.jdmagicbox.com/comp/kannur/q2/9999px497.x497.181103164105.u9q2/catalogue/le...
[06:19:08]        [3] https://images.jdmagicbox.com/comp/kannur/q2/9999px497.x497.181103164105.u9q2/catalogue/le...
[06:19:09]   [3] [IMG] Volga Chef | +(91)-7907722050 | 9 photos
[06:19:09]        [1] https://content.jdmagicbox.com/comp/kannur/e6/9999px497.x497.220210163401.x2e6/catalogue/-...
[06:19:09]        [2] https://images.jdmagicbox.com/comp/kannur/e6/9999px497.x497.220210163401.x2e6/catalogue/-h...
[06:19:09]        [3] https://images.jdmagicbox.com/comp/kannur/e6/9999px497.x497.220210163401.x2e6/catalogue/-2...
[06:19:09]   [4] [IMG] American Fried Chicken Pilathara | +(91)-8714759722 | 4 photos
[06:19:09]        [1] https://content.jdmagicbox.com/comp/kannur/g4/9999px497.x497.221019124021.h2g4/catalogue/a...
[06:19:09]        [2] https://images.jdmagicbox.com/comp/kannur/g4/9999px497.x497.221019124021.h2g4/catalogue/am...
[06:19:09]        [3] https://images.jdmagicbox.com/comp/kannur/g4/9999px497.x497.221019124021.h2g4/catalogue/am...
[06:19:10]   [5] [IMG] RAK | +(91)-6235101101 | 9 photos
[06:19:10]        [1] https://content.jdmagicbox.com/comp/kasaragod/g9/9999p4994.4994.210127203131.f2g9/catalogu...
[06:19:10]        [2] https://images.jdmagicbox.com/comp/kasaragod/g9/9999p4994.4994.210127203131.f2g9/catalogue...
[06:19:10]        [3] https://images.jdmagicbox.com/comp/kasaragod/g9/9999p4994.4994.210127203131.f2g9/catalogue...
[06:19:10]   [6] [IMG] Chikeys | +(91)-8606131123 | 9 photos
[06:19:10]        [1] https://content.jdmagicbox.com/comp/kozhikode/y3/0495px495.x495.190525032936.x5y3/catalogu...
[06:19:10]        [2] https://images.jdmagicbox.com/comp/kozhikode/y3/0495px495.x495.190525032936.x5y3/catalogue...
[06:19:10]        [3] https://images.jdmagicbox.com/comp/kozhikode/y3/0495px495.x495.190525032936.x5y3/catalogue...
[06:19:11]   [7] [IMG] Chicking Fried Chicken | +(91)-7736067817 | 9 photos
[06:19:11]        [1] https://content.jdmagicbox.com/comp/def_content_category/chicking-fried-chicken/chicking-f...
[06:19:11]        [2] https://images.jdmagicbox.com/comp/def_content_category/chicking-fried-chicken/chicking-fr...
[06:19:11]        [3] https://images.jdmagicbox.com/comp/def_content_category/chicking-fried-chicken-11985242-mz...
[06:19:11]   [8] [IMG] MFC Fried & Arabic | +(91)-8075029408 | 9 photos
[06:19:11]        [1] https://content.jdmagicbox.com/comp/kasaragod/f1/9999p4994.4994.171009202643.v4f1/catalogu...
[06:19:11]        [2] https://images.jdmagicbox.com/comp/kasaragod/f1/9999p4994.4994.171009202643.v4f1/catalogue...
[06:19:11]        [3] https://images.jdmagicbox.com/comp/kasaragod/f1/9999p4994.4994.171009202643.v4f1/catalogue...
[06:19:12]   [9] [IMG] Oryx Village | +(91)-8488918253 | 9 photos
[06:19:12]        [1] https://content.jdmagicbox.com/comp/kasaragod/d5/9999p4994.4994.180609125522.s4d5/catalogu...
[06:19:12]        [2] https://images.jdmagicbox.com/comp/kasaragod/d5/9999p4994.4994.180609125522.s4d5/catalogue...
[06:19:12]        [3] https://images.jdmagicbox.com/comp/kasaragod/d5/9999p4994.4994.180609125522.s4d5/catalogue...
[06:19:12]   [10] [IMG] AFC | +(91)-7012677537 | 5 photos
[06:19:12]        [1] https://content.jdmagicbox.com/comp/kozhikode/l5/0495px495.x495.211203141452.z3l5/catalogu...
[06:19:12]        [2] https://images.jdmagicbox.com/comp/kozhikode/l5/0495px495.x495.211203141452.z3l5/catalogue...
[06:19:12]        [3] https://images.jdmagicbox.com/comp/kozhikode/l5/0495px495.x495.211203141452.z3l5/catalogue...
[06:19:16]   Scraping page 4 (got 10 results)...
[06:19:16]   Checking page 5 for the next batch...
[06:19:16]   [1] [IMG] Golden Dine Family Restaurant | +(91)-9567302261 | 8 photos
[06:19:16]        [1] https://content.jdmagicbox.com/comp/kasaragod/e3/9999p4994.4994.181212142924.v8e3/catalogu...
[06:19:16]        [2] https://images.jdmagicbox.com/comp/kasaragod/e3/9999p4994.4994.181212142924.v8e3/catalogue...
[06:19:16]        [3] https://images.jdmagicbox.com/comp/kasaragod/e3/9999p4994.4994.181212142924.v8e3/catalogue...
[06:19:17]   [2] [IMG] Max Food | +(91)-9483340844 | 9 photos
[06:19:17]        [1] https://content.jdmagicbox.com/v2/comp/coorg/b2/9999p8272.8272.240715141211.c2b2/catalogue...
[06:19:17]        [2] https://images.jdmagicbox.com/v2/comp/coorg/b2/9999p8272.8272.240715141211.c2b2/catalogue/...
[06:19:17]        [3] https://images.jdmagicbox.com/v2/comp/coorg/b2/9999p8272.8272.240715141211.c2b2/catalogue/...
[06:19:18]   [3] [IMG] MADADA SOLUTION PVT LTD | +(91)-7221001003 | 9 photos
[06:19:18]        [1] https://content.jdmagicbox.com/comp/kozhikode/j2/0495px495.x495.230103175828.d9j2/catalogu...
[06:19:18]        [2] https://images.jdmagicbox.com/comp/kozhikode/j2/0495px495.x495.230103175828.d9j2/catalogue...
[06:19:18]        [3] https://images.jdmagicbox.com/comp/kozhikode/j2/0495px495.x495.230103175828.d9j2/catalogue...
[06:19:18]   [4] [IMG] Casaro Cafe | +(91)-9744772677 | 5 photos
[06:19:18]        [1] https://content.jdmagicbox.com/comp/kasaragod/v7/9999p4994.4994.220615225521.k2v7/catalogu...
[06:19:18]        [2] https://images.jdmagicbox.com/comp/kasaragod/v7/9999p4994.4994.220615225521.k2v7/catalogue...
[06:19:18]        [3] https://images.jdmagicbox.com/comp/kasaragod/v7/9999p4994.4994.220615225521.k2v7/catalogue...
[06:19:19]   [5] [IMG] Shawaya House Restaurant | +(91)-9539058080 | 9 photos
[06:19:19]        [1] https://content.jdmagicbox.com/comp/wayanad/m3/9999p4936.4936.230912223231.a8m3/catalogue/...
[06:19:19]        [2] https://images.jdmagicbox.com/comp/wayanad/m3/9999p4936.4936.230912223231.a8m3/catalogue/s...
[06:19:19]        [3] https://images.jdmagicbox.com/comp/wayanad/m3/9999p4936.4936.230912223231.a8m3/catalogue/s...
[06:19:19]   [6] [IMG] Quality Restaurant and Bakes | +(91)-9207300666 | 9 photos
[06:19:19]        [1] https://content.jdmagicbox.com/comp/kasaragod/r7/9999p4994.4994.170426102508.c8r7/catalogu...
[06:19:19]        [2] https://images.jdmagicbox.com/comp/kasaragod/r7/9999p4994.4994.170426102508.c8r7/catalogue...
[06:19:19]        [3] https://images.jdmagicbox.com/comp/bekal/r7/9999p4994.4994.170426102508.c8r7/catalogue/qua...
[06:19:20]   [7] [IMG] CFC Canadian Fried Chicken | +(91)-8123223715 | 5 photos
[06:19:20]        [1] https://content.jdmagicbox.com/comp/coorg/b9/9999p8272.8272.221217154654.x6b9/catalogue/-a...
[06:19:20]        [2] https://images.jdmagicbox.com/comp/coorg/b9/9999p8272.8272.221217154654.x6b9/catalogue/-a1...
[06:19:20]        [3] https://images.jdmagicbox.com/comp/coorg/b9/9999p8272.8272.221217154654.x6b9/catalogue/-ed...
[06:19:20]   [8] [IMG] Coffee Bare | +(91)-9656003252 | 9 photos
[06:19:20]        [1] https://content.jdmagicbox.com/comp/kasaragod/g9/9999p4994.4994.171211225040.i9g9/catalogu...
[06:19:20]        [2] https://images.jdmagicbox.com/comp/kasaragod/g9/9999p4994.4994.171211225040.i9g9/catalogue...
[06:19:20]        [3] https://images.jdmagicbox.com/comp/kasaragod/x3/pwfl1513010940g5d5x3/catalogue/coffee-bare...
[06:19:21]   [9] [IMG] Gama Kitchen | +(91)-8086310000 | 9 photos
[06:19:21]        [1] https://content.jdmagicbox.com/comp/kozhikode/s5/0495px495.x495.190810180742.q5s5/catalogu...
[06:19:21]        [2] https://images.jdmagicbox.com/comp/kozhikode/s5/0495px495.x495.190810180742.q5s5/catalogue...
[06:19:21]        [3] https://images.jdmagicbox.com/comp/kozhikode/s5/0495px495.x495.190810180742.q5s5/catalogue...
[06:19:21]   [10] [IMG] Sullias Eating Spot | +(91)-8142607082 | 5 photos
[06:19:21]        [1] https://content.jdmagicbox.com/comp/mangalore/v5/0824px824.x824.230106212525.l3v5/catalogu...
[06:19:21]        [2] https://images.jdmagicbox.com/comp/mangalore/v5/0824px824.x824.230106212525.l3v5/catalogue...
[06:19:21]        [3] https://images.jdmagicbox.com/comp/mangalore/v5/0824px824.x824.230106212525.l3v5/catalogue...
[06:19:23]   Scraping page 5 (got 10 results)...
[06:19:23]   Checking page 6 for the next batch...
[06:19:23]   [1] [IMG] Kuruva Family Restaurant | +(91)-8921536987 | 9 photos
[06:19:23]        [1] https://content.jdmagicbox.com/comp/wayanad/c1/9999p4936.4936.191203162722.c9c1/catalogue/...
[06:19:23]        [2] https://images.jdmagicbox.com/comp/wayanad/c1/9999p4936.4936.191203162722.c9c1/catalogue/k...
[06:19:23]        [3] https://images.jdmagicbox.com/comp/wayanad/c1/9999p4936.4936.191203162722.c9c1/catalogue/k...
[06:19:23]   [2] [IMG] LSJ CHICKEN | +(91)-9037911212 | 9 photos
[06:19:23]        [1] https://content.jdmagicbox.com/comp/kozhikode/d5/0495px495.x495.240325111357.y2d5/catalogu...
[06:19:23]        [2] https://images.jdmagicbox.com/comp/kozhikode/d5/0495px495.x495.240325111357.y2d5/catalogue...
[06:19:23]        [3] https://images.jdmagicbox.com/v2/comp/kozhikode/d5/0495px495.x495.240325111357.y2d5/catalo...
[06:19:24]   [3] [IMG] Fry Ville | +(91)-7994089339 | 8 photos
[06:19:24]        [1] https://content.jdmagicbox.com/comp/kozhikode/r5/0495px495.x495.240426193218.v8r5/catalogu...
[06:19:24]        [2] https://images.jdmagicbox.com/comp/kozhikode/r5/0495px495.x495.240426193218.v8r5/catalogue...
[06:19:24]        [3] https://images.jdmagicbox.com/v2/comp/kozhikode/r5/0495px495.x495.240426193218.v8r5/catalo...
[06:19:25]   [4] [IMG] Kadav Cafe | +(91)-7902791347 | 9 photos
[06:19:25]        [1] https://content.jdmagicbox.com/comp/wayanad/k8/9999p4936.4936.210505154047.l1k8/catalogue/...
[06:19:25]        [2] https://images.jdmagicbox.com/comp/wayanad/k8/9999p4936.4936.210505154047.l1k8/catalogue/p...
[06:19:25]        [3] https://images.jdmagicbox.com/comp/wayanad/k8/9999p4936.4936.210505154047.l1k8/catalogue/p...
[06:19:25]   [5] [IMG] AM 2 PM | +(91)-8281221562 | 9 photos
[06:19:25]        [1] https://content.jdmagicbox.com/comp/kozhikode/a1/0495px495.x495.210825115336.v6a1/catalogu...
[06:19:25]        [2] https://images.jdmagicbox.com/comp/kozhikode/a1/0495px495.x495.210825115336.v6a1/catalogue...
[06:19:25]        [3] https://images.jdmagicbox.com/comp/kozhikode/a1/0495px495.x495.210825115336.v6a1/catalogue...
[06:19:26]   [6] [IMG] Biryani house | +(91)-7025966937 | 9 photos
[06:19:26]        [1] https://content.jdmagicbox.com/comp/kasaragod/g9/9999p4994.4994.190817061424.b9g9/catalogu...
[06:19:26]        [2] https://images.jdmagicbox.com/comp/kasaragod/g9/9999p4994.4994.190817061424.b9g9/catalogue...
[06:19:26]        [3] https://images.jdmagicbox.com/comp/kasaragod/g9/9999p4994.4994.190817061424.b9g9/catalogue...
[06:19:26]   [7] [IMG] Vitamin Bbq Corner Family Restaurant & Tourist Restaurant | +(91)-8593909067 | 9 photos
[06:19:26]        [1] https://content.jdmagicbox.com/comp/kozhikode/q7/0495px495.x495.200205224512.v2q7/catalogu...
[06:19:26]        [2] https://images.jdmagicbox.com/comp/kozhikode/q7/0495px495.x495.200205224512.v2q7/catalogue...
[06:19:26]        [3] https://images.jdmagicbox.com/comp/kozhikode/q7/0495px495.x495.200205224512.v2q7/catalogue...
[06:19:27]   [8] [IMG] Clock Tower Restaurant | +(91)-7947190542 | 9 photos
[06:19:27]        [1] https://content.jdmagicbox.com/comp/kozhikode/i7/0495px495.x495.211016160058.h8i7/catalogu...
[06:19:27]        [2] https://images.jdmagicbox.com/comp/kozhikode/i7/0495px495.x495.211016160058.h8i7/catalogue...
[06:19:27]        [3] https://images.jdmagicbox.com/comp/kozhikode/i7/0495px495.x495.211016160058.h8i7/catalogue...
[06:19:27]   [9] [IMG] Clock Tower Restaurant | +(91)-8401686359 | 9 photos
[06:19:27]        [1] https://content.jdmagicbox.com/comp/kozhikode/i1/0495px495.x495.210415170354.s8i1/catalogu...
[06:19:27]        [2] https://images.jdmagicbox.com/comp/kozhikode/i1/0495px495.x495.210415170354.s8i1/catalogue...
[06:19:27]        [3] https://images.jdmagicbox.com/comp/kozhikode/i1/0495px495.x495.210415170354.s8i1/catalogue...
[06:19:28]   [10] [IMG] Umami eats | +(91)-7994527434 | 5 photos
[06:19:28]        [1] https://content.jdmagicbox.com/comp/kozhikode/q5/0495px495.x495.181107095251.z7q5/catalogu...
[06:19:28]        [2] https://images.jdmagicbox.com/comp/kozhikode/q5/0495px495.x495.181107095251.z7q5/catalogue...
[06:19:28]        [3] https://images.jdmagicbox.com/comp/kozhikode/q5/0495px495.x495.181107095251.z7q5/catalogue...
[06:19:31] 
==========================================
[06:19:31] [*] Scraping target 12/40: Muzhappilangad
[06:19:31] ==========================================
[06:19:31] ? Found 100 total Fried Chicken Delivery Restaurants in Muzhappilangad.
[06:19:31]   Scraping page 1 (got 10 results)...
[06:19:31]   Checking page 2 for the next batch...
[06:19:31]   [1] [IMG] WESTBURG DARMASHALA | +(91)-7411790657 | 7 photos
[06:19:31]        [1] https://content.jdmagicbox.com/v2/comp/kannur/z9/9999px497.x497.250712160334.d1z9/catalogu...
[06:19:31]        [2] https://images.jdmagicbox.com/v2/comp/kannur/z9/9999px497.x497.250712160334.d1z9/catalogue...
[06:19:31]        [3] https://images.jdmagicbox.com/v2/comp/kannur/z9/9999px497.x497.250712160334.d1z9/catalogue...
[06:19:32]   [2] [IMG] Hotel Green Park | +(91)-9447850097 | 9 photos
[06:19:32]        [1] https://content.jdmagicbox.com/comp/kannur/n5/9999px497.x497.171001155450.e6n5/catalogue/h...
[06:19:32]        [2] https://images.jdmagicbox.com/comp/kannur/n5/9999px497.x497.171001155450.e6n5/catalogue/ho...
[06:19:32]        [3] https://images.jdmagicbox.com/v2/comp/kannur/n5/9999px497.x497.171001155450.e6n5/catalogue...
[06:19:32]   [3] [IMG] Rooster Fried & Grill | +(91)-8113001100 | 9 photos
[06:19:32]        [1] https://content.jdmagicbox.com/comp/kannur/v3/9999px497.x497.190517204357.c5v3/catalogue/r...
[06:19:32]        [2] https://images.jdmagicbox.com/comp/kannur/v3/9999px497.x497.190517204357.c5v3/catalogue/ro...
[06:19:32]        [3] https://images.jdmagicbox.com/comp/kannur/v3/9999px497.x497.190517204357.c5v3/catalogue/ro...
[06:19:33]   [4] [IMG] Go Ggrll Chokli | +(91)-9747217717 | 9 photos
[06:19:33]        [1] https://content.jdmagicbox.com/v2/comp/kannur/f8/9999px497.x497.230224144441.a3f8/catalogu...
[06:19:33]        [2] https://images.jdmagicbox.com/v2/comp/kannur/f8/9999px497.x497.230224144441.a3f8/catalogue...
[06:19:33]        [3] https://images.jdmagicbox.com/v2/comp/kannur/f8/9999px497.x497.230224144441.a3f8/catalogue...
[06:19:33]   [5] [IMG] Wimbies Restaurant And Fried Chicken | +(91)-9895868789 | 7 photos
[06:19:33]        [1] https://content.jdmagicbox.com/comp/kannur/u9/9999px497.x497.170607163909.z1u9/catalogue/w...
[06:19:33]        [2] https://images.jdmagicbox.com/comp/kannur/u9/9999px497.x497.170607163909.z1u9/catalogue/wi...
[06:19:33]        [3] https://images.jdmagicbox.com/comp/kannur/u9/9999px497.x497.170607163909.z1u9/catalogue/wi...
[06:19:34]   [6] [IMG] Afc American Fried Chicken Restaurant | +(91)-7373162111 | 9 photos
[06:19:34]        [1] https://content.jdmagicbox.com/comp/kannur/j3/9999px497.x497.220421184400.b5j3/catalogue/a...
[06:19:34]        [2] https://images.jdmagicbox.com/comp/kannur/j3/9999px497.x497.220421184400.b5j3/catalogue/af...
[06:19:34]        [3] https://images.jdmagicbox.com/comp/kannur/j3/9999px497.x497.220421184400.b5j3/catalogue/af...
[06:19:34]   [7] [IMG] Vkp S Cafe | +(91)-6235555112 | 9 photos
[06:19:34]        [1] https://content.jdmagicbox.com/v2/comp/kannur/u7/9999px497.x497.200107121359.c2u7/catalogu...
[06:19:34]        [2] https://images.jdmagicbox.com/v2/comp/kannur/u7/9999px497.x497.200107121359.c2u7/catalogue...
[06:19:34]        [3] https://images.jdmagicbox.com/v2/comp/kannur/u7/9999px497.x497.200107121359.c2u7/catalogue...
[06:19:35]   [8] [IMG] Jesna Lunch Room | +(91)-9605683147 | 7 photos
[06:19:35]        [1] https://content.jdmagicbox.com/comp/kannur/f2/9999px497.x497.190220121951.z4f2/catalogue/j...
[06:19:35]        [2] https://images.jdmagicbox.com/comp/kannur/f2/9999px497.x497.190220121951.z4f2/catalogue/je...
[06:19:35]        [3] https://images.jdmagicbox.com/comp/kannur/f2/9999px497.x497.190220121951.z4f2/catalogue/je...
[06:19:35]   [9] [IMG] Chikeys | +(91)-9895131123 | 9 photos
[06:19:35]        [1] https://content.jdmagicbox.com/comp/def_content_category/chikeys/121050718-333489939663650...
[06:19:35]        [2] https://images.jdmagicbox.com/comp/def_content_category/chikeys/121050718-3334899396636500...
[06:19:35]        [3] https://images.jdmagicbox.com/comp/def_content_category/chikeys/86689044-2704886126304500-...
[06:19:36]   [10] [IMG] COCO CABANE CAFE | +(91)-8590090726 | 9 photos
[06:19:36]        [1] https://content.jdmagicbox.com/comp/kannur/t6/9999px497.x497.220728192535.f5t6/catalogue/c...
[06:19:36]        [2] https://images.jdmagicbox.com/comp/kannur/t6/9999px497.x497.220728192535.f5t6/catalogue/co...
[06:19:36]        [3] https://images.jdmagicbox.com/comp/kannur/t6/9999px497.x497.220728192535.f5t6/catalogue/co...
[06:19:38]   Scraping page 2 (got 10 results)...
[06:19:38]   Checking page 3 for the next batch...
[06:19:38]   [1] [IMG] Arabian Grill | +(91)-9544400048 | 9 photos
[06:19:38]        [1] https://content.jdmagicbox.com/comp/kannur/y4/9999px497.x497.170926210343.p8y4/catalogue/a...
[06:19:38]        [2] https://images.jdmagicbox.com/comp/kannur/y4/9999px497.x497.170926210343.p8y4/catalogue/ar...
[06:19:38]        [3] https://images.jdmagicbox.com/comp/kannur/y4/9999px497.x497.170926210343.p8y4/catalogue/ar...
[06:19:38]   [2] [IMG] The Indian Express Superfast Restaurant | +(91)-8301009050 | 9 photos
[06:19:38]        [1] https://content.jdmagicbox.com/comp/kannur/e5/9999px497.x497.200106181231.h5e5/catalogue/t...
[06:19:38]        [2] https://images.jdmagicbox.com/comp/kannur/e5/9999px497.x497.200106181231.h5e5/catalogue/th...
[06:19:38]        [3] https://images.jdmagicbox.com/comp/kannur/e5/9999px497.x497.200106181231.h5e5/catalogue/th...
[06:19:39]   [3] [IMG] American Fried Chicken | +(91)-7592044544 | 7 photos
[06:19:39]        [1] https://content.jdmagicbox.com/comp/kannur/h5/9999px497.x497.220107164349.v8h5/catalogue/-...
[06:19:39]        [2] https://images.jdmagicbox.com/comp/kannur/h5/9999px497.x497.220107164349.v8h5/catalogue/-v...
[06:19:39]        [3] https://images.jdmagicbox.com/comp/kannur/h5/9999px497.x497.220107164349.v8h5/catalogue/-a...
[06:19:39]   [4] [IMG] Hfc Fried Chicken | +(91)-7902898916 | 9 photos
[06:19:39]        [1] https://content.jdmagicbox.com/comp/kannur/y5/9999px497.x497.230328181354.g1y5/catalogue/h...
[06:19:39]        [2] https://images.jdmagicbox.com/comp/kannur/y5/9999px497.x497.230328181354.g1y5/catalogue/hf...
[06:19:39]        [3] https://images.jdmagicbox.com/v2/comp/kannur/y5/9999px497.x497.230328181354.g1y5/catalogue...
[06:19:40]   [5] [IMG] BURNO FRIED | +(91)-9961480764 | 6 photos
[06:19:40]        [1] https://content.jdmagicbox.com/v2/comp/kannur/h2/9999px497.x497.250809213421.y6h2/catalogu...
[06:19:40]        [2] https://images.jdmagicbox.com/v2/comp/kannur/h2/9999px497.x497.250809213421.y6h2/catalogue...
[06:19:40]        [3] https://images.jdmagicbox.com/v2/comp/kannur/h2/9999px497.x497.250809213421.y6h2/catalogue...
[06:19:41]   [6] [IMG] Chilly Hut | +(91)-8330057833 | 9 photos
[06:19:41]        [1] https://content.jdmagicbox.com/comp/kannur/b1/9999px497.x497.210226155456.l3b1/catalogue/c...
[06:19:41]        [2] https://images.jdmagicbox.com/comp/kannur/b1/9999px497.x497.210226155456.l3b1/catalogue/ch...
[06:19:41]        [3] https://images.jdmagicbox.com/v2/comp/kannur/b1/9999px497.x497.210226155456.l3b1/catalogue...
[06:19:41]   [7] [IMG] TFC TURKISH FRIED CHICKEN CHAKKARAKKAL | +(91)-8301867300 | 9 photos
[06:19:41]        [1] https://content.jdmagicbox.com/comp/kannur/n6/9999px497.x497.240121190829.e4n6/catalogue/t...
[06:19:41]        [2] https://images.jdmagicbox.com/comp/kannur/n6/9999px497.x497.240121190829.e4n6/catalogue/tf...
[06:19:41]        [3] https://images.jdmagicbox.com/comp/kannur/n6/9999px497.x497.240121190829.e4n6/catalogue/tf...
[06:19:41]   [8] [IMG] Chicking Fried Chicken (Kannur Mall) | +(91)-9744480000 | 9 photos
[06:19:41]        [1] https://content.jdmagicbox.com/comp/def_content_category/chicking-fried-chicken-11985242-m...
[06:19:41]        [2] https://images.jdmagicbox.com/comp/def_content_category/chicking-fried-chicken-11985242-mz...
[06:19:41]        [3] https://images.jdmagicbox.com/comp/def_content_category/chicking-fried-chicken/chicking-fr...
[06:19:42]   [9] [IMG] American Fried Chicken Pilathara | +(91)-8714759722 | 4 photos
[06:19:42]        [1] https://content.jdmagicbox.com/comp/kannur/g4/9999px497.x497.221019124021.h2g4/catalogue/a...
[06:19:42]        [2] https://images.jdmagicbox.com/comp/kannur/g4/9999px497.x497.221019124021.h2g4/catalogue/am...
[06:19:42]        [3] https://images.jdmagicbox.com/comp/kannur/g4/9999px497.x497.221019124021.h2g4/catalogue/am...
[06:19:43]   [10] [IMG] Jubilee Restaurant | +(91)-9526366382 | 2 photos
[06:19:43]        [1] https://content.jdmagicbox.com/comp/def_content/buffet-restaurants/buffet-restaurants7-buf...
[06:19:43]        [2] https://images.jdmagicbox.com/comp/def_content/buffet-restaurants/buffet-restaurants7-buff...
[06:19:45]   Scraping page 3 (got 10 results)...
[06:19:45]   Checking page 4 for the next batch...
[06:19:45]   [1] [IMG] Nks Chicken |  | 6 photos
[06:19:45]        [1] https://content.jdmagicbox.com/comp/kannur/k3/9999px497.x497.191212134539.x7k3/catalogue/n...
[06:19:45]        [2] https://images.jdmagicbox.com/comp/kannur/k3/9999px497.x497.191212134539.x7k3/catalogue/nk...
[06:19:45]        [3] https://images.jdmagicbox.com/comp/kannur/k3/9999px497.x497.191212134539.x7k3/catalogue/nk...
[06:19:46]   [2] [IMG] Hotel New Delhi | +(91)-9744866841 | 4 photos
[06:19:46]        [1] https://content.jdmagicbox.com/comp/def_content_category/south-indian-restaurants/new-dish...
[06:19:46]        [2] https://images.jdmagicbox.com/comp/def_content_category/south-indian-restaurants/new-dish-...
[06:19:46]        [3] https://images.jdmagicbox.com/comp/def_content_category/south-indian-restaurants/new-dish-...
[06:19:46]   [3] [IMG] Lebanese |  | 9 photos
[06:19:46]        [1] https://content.jdmagicbox.com/comp/kannur/q2/9999px497.x497.181103164105.u9q2/catalogue/l...
[06:19:46]        [2] https://images.jdmagicbox.com/comp/kannur/q2/9999px497.x497.181103164105.u9q2/catalogue/le...
[06:19:46]        [3] https://images.jdmagicbox.com/comp/kannur/q2/9999px497.x497.181103164105.u9q2/catalogue/le...
[06:19:47]   [4] [IMG] Volga Chef | +(91)-7907722050 | 9 photos
[06:19:47]        [1] https://content.jdmagicbox.com/comp/kannur/e6/9999px497.x497.220210163401.x2e6/catalogue/-...
[06:19:47]        [2] https://images.jdmagicbox.com/comp/kannur/e6/9999px497.x497.220210163401.x2e6/catalogue/-h...
[06:19:47]        [3] https://images.jdmagicbox.com/comp/kannur/e6/9999px497.x497.220210163401.x2e6/catalogue/-2...
[06:19:47]   [5] [IMG] RAK | +(91)-6235101101 | 9 photos
[06:19:47]        [1] https://content.jdmagicbox.com/comp/kasaragod/g9/9999p4994.4994.210127203131.f2g9/catalogu...
[06:19:47]        [2] https://images.jdmagicbox.com/comp/kasaragod/g9/9999p4994.4994.210127203131.f2g9/catalogue...
[06:19:47]        [3] https://images.jdmagicbox.com/comp/kasaragod/g9/9999p4994.4994.210127203131.f2g9/catalogue...
[06:19:48]   [6] [IMG] Chikeys | +(91)-8606131123 | 9 photos
[06:19:48]        [1] https://content.jdmagicbox.com/comp/kozhikode/y3/0495px495.x495.190525032936.x5y3/catalogu...
[06:19:48]        [2] https://images.jdmagicbox.com/comp/kozhikode/y3/0495px495.x495.190525032936.x5y3/catalogue...
[06:19:48]        [3] https://images.jdmagicbox.com/comp/kozhikode/y3/0495px495.x495.190525032936.x5y3/catalogue...
[06:19:48]   [7] [IMG] Chicking Fried Chicken | +(91)-7736067817 | 9 photos
[06:19:48]        [1] https://content.jdmagicbox.com/comp/def_content_category/chicking-fried-chicken/chicking-f...
[06:19:48]        [2] https://images.jdmagicbox.com/comp/def_content_category/chicking-fried-chicken/chicking-fr...
[06:19:48]        [3] https://images.jdmagicbox.com/comp/def_content_category/chicking-fried-chicken-11985242-mz...
[06:19:49]   [8] [IMG] MFC Fried & Arabic | +(91)-8075029408 | 9 photos
[06:19:49]        [1] https://content.jdmagicbox.com/comp/kasaragod/f1/9999p4994.4994.171009202643.v4f1/catalogu...
[06:19:49]        [2] https://images.jdmagicbox.com/comp/kasaragod/f1/9999p4994.4994.171009202643.v4f1/catalogue...
[06:19:49]        [3] https://images.jdmagicbox.com/comp/kasaragod/f1/9999p4994.4994.171009202643.v4f1/catalogue...
[06:19:49]   [9] [IMG] Oryx Village | +(91)-8488918253 | 9 photos
[06:19:49]        [1] https://content.jdmagicbox.com/comp/kasaragod/d5/9999p4994.4994.180609125522.s4d5/catalogu...
[06:19:49]        [2] https://images.jdmagicbox.com/comp/kasaragod/d5/9999p4994.4994.180609125522.s4d5/catalogue...
[06:19:49]        [3] https://images.jdmagicbox.com/comp/kasaragod/d5/9999p4994.4994.180609125522.s4d5/catalogue...
[06:19:50]   [10] [IMG] AFC | +(91)-7012677537 | 5 photos
[06:19:50]        [1] https://content.jdmagicbox.com/comp/kozhikode/l5/0495px495.x495.211203141452.z3l5/catalogu...
[06:19:50]        [2] https://images.jdmagicbox.com/comp/kozhikode/l5/0495px495.x495.211203141452.z3l5/catalogue...
[06:19:50]        [3] https://images.jdmagicbox.com/comp/kozhikode/l5/0495px495.x495.211203141452.z3l5/catalogue...
[06:19:53]   Scraping page 4 (got 10 results)...
[06:19:53]   Checking page 5 for the next batch...
[06:19:53]   [1] [IMG] Golden Dine Family Restaurant | +(91)-9567302261 | 8 photos
[06:19:53]        [1] https://content.jdmagicbox.com/comp/kasaragod/e3/9999p4994.4994.181212142924.v8e3/catalogu...
[06:19:53]        [2] https://images.jdmagicbox.com/comp/kasaragod/e3/9999p4994.4994.181212142924.v8e3/catalogue...
[06:19:53]        [3] https://images.jdmagicbox.com/comp/kasaragod/e3/9999p4994.4994.181212142924.v8e3/catalogue...
[06:19:53]   [2] [IMG] Max Food | +(91)-9483340844 | 9 photos
[06:19:53]        [1] https://content.jdmagicbox.com/v2/comp/coorg/b2/9999p8272.8272.240715141211.c2b2/catalogue...
[06:19:53]        [2] https://images.jdmagicbox.com/v2/comp/coorg/b2/9999p8272.8272.240715141211.c2b2/catalogue/...
[06:19:53]        [3] https://images.jdmagicbox.com/v2/comp/coorg/b2/9999p8272.8272.240715141211.c2b2/catalogue/...
[06:19:54]   [3] [IMG] MADADA SOLUTION PVT LTD | +(91)-7221001003 | 9 photos
[06:19:54]        [1] https://content.jdmagicbox.com/comp/kozhikode/j2/0495px495.x495.230103175828.d9j2/catalogu...
[06:19:54]        [2] https://images.jdmagicbox.com/comp/kozhikode/j2/0495px495.x495.230103175828.d9j2/catalogue...
[06:19:54]        [3] https://images.jdmagicbox.com/comp/kozhikode/j2/0495px495.x495.230103175828.d9j2/catalogue...
[06:19:54]   [4] [IMG] Casaro Cafe | +(91)-9744772677 | 5 photos
[06:19:54]        [1] https://content.jdmagicbox.com/comp/kasaragod/v7/9999p4994.4994.220615225521.k2v7/catalogu...
[06:19:54]        [2] https://images.jdmagicbox.com/comp/kasaragod/v7/9999p4994.4994.220615225521.k2v7/catalogue...
[06:19:54]        [3] https://images.jdmagicbox.com/comp/kasaragod/v7/9999p4994.4994.220615225521.k2v7/catalogue...
[06:19:55]   [5] [IMG] Shawaya House Restaurant | +(91)-9539058080 | 9 photos
[06:19:55]        [1] https://content.jdmagicbox.com/comp/wayanad/m3/9999p4936.4936.230912223231.a8m3/catalogue/...
[06:19:55]        [2] https://images.jdmagicbox.com/comp/wayanad/m3/9999p4936.4936.230912223231.a8m3/catalogue/s...
[06:19:55]        [3] https://images.jdmagicbox.com/comp/wayanad/m3/9999p4936.4936.230912223231.a8m3/catalogue/s...
[06:19:55]   [6] [IMG] Quality Restaurant and Bakes | +(91)-9207300666 | 9 photos
[06:19:55]        [1] https://content.jdmagicbox.com/comp/kasaragod/r7/9999p4994.4994.170426102508.c8r7/catalogu...
[06:19:55]        [2] https://images.jdmagicbox.com/comp/kasaragod/r7/9999p4994.4994.170426102508.c8r7/catalogue...
[06:19:55]        [3] https://images.jdmagicbox.com/comp/bekal/r7/9999p4994.4994.170426102508.c8r7/catalogue/qua...
[06:19:56]   [7] [IMG] CFC Canadian Fried Chicken | +(91)-8123223715 | 5 photos
[06:19:56]        [1] https://content.jdmagicbox.com/comp/coorg/b9/9999p8272.8272.221217154654.x6b9/catalogue/-a...
[06:19:56]        [2] https://images.jdmagicbox.com/comp/coorg/b9/9999p8272.8272.221217154654.x6b9/catalogue/-a1...
[06:19:56]        [3] https://images.jdmagicbox.com/comp/coorg/b9/9999p8272.8272.221217154654.x6b9/catalogue/-ed...
[06:19:56]   [8] [IMG] Coffee Bare | +(91)-9656003252 | 9 photos
[06:19:56]        [1] https://content.jdmagicbox.com/comp/kasaragod/g9/9999p4994.4994.171211225040.i9g9/catalogu...
[06:19:56]        [2] https://images.jdmagicbox.com/comp/kasaragod/g9/9999p4994.4994.171211225040.i9g9/catalogue...
[06:19:56]        [3] https://images.jdmagicbox.com/comp/kasaragod/x3/pwfl1513010940g5d5x3/catalogue/coffee-bare...
[06:19:57]   [9] [IMG] Gama Kitchen | +(91)-8086310000 | 9 photos
[06:19:57]        [1] https://content.jdmagicbox.com/comp/kozhikode/s5/0495px495.x495.190810180742.q5s5/catalogu...
[06:19:57]        [2] https://images.jdmagicbox.com/comp/kozhikode/s5/0495px495.x495.190810180742.q5s5/catalogue...
[06:19:57]        [3] https://images.jdmagicbox.com/comp/kozhikode/s5/0495px495.x495.190810180742.q5s5/catalogue...
[06:19:57]   [10] [IMG] Sullias Eating Spot | +(91)-8142607082 | 5 photos
[06:19:57]        [1] https://content.jdmagicbox.com/comp/mangalore/v5/0824px824.x824.230106212525.l3v5/catalogu...
[06:19:57]        [2] https://images.jdmagicbox.com/comp/mangalore/v5/0824px824.x824.230106212525.l3v5/catalogue...
[06:19:57]        [3] https://images.jdmagicbox.com/comp/mangalore/v5/0824px824.x824.230106212525.l3v5/catalogue...
[06:19:59]   Scraping page 5 (got 10 results)...
[06:19:59]   Checking page 6 for the next batch...
[06:19:59]   [1] [IMG] Kuruva Family Restaurant | +(91)-8921536987 | 9 photos
[06:19:59]        [1] https://content.jdmagicbox.com/comp/wayanad/c1/9999p4936.4936.191203162722.c9c1/catalogue/...
[06:19:59]        [2] https://images.jdmagicbox.com/comp/wayanad/c1/9999p4936.4936.191203162722.c9c1/catalogue/k...
[06:19:59]        [3] https://images.jdmagicbox.com/comp/wayanad/c1/9999p4936.4936.191203162722.c9c1/catalogue/k...
[06:20:00]   [2] [IMG] LSJ CHICKEN | +(91)-9037911212 | 9 photos
[06:20:00]        [1] https://content.jdmagicbox.com/comp/kozhikode/d5/0495px495.x495.240325111357.y2d5/catalogu...
[06:20:00]        [2] https://images.jdmagicbox.com/comp/kozhikode/d5/0495px495.x495.240325111357.y2d5/catalogue...
[06:20:00]        [3] https://images.jdmagicbox.com/v2/comp/kozhikode/d5/0495px495.x495.240325111357.y2d5/catalo...
[06:20:00]   [3] [IMG] Fry Ville | +(91)-7994089339 | 8 photos
[06:20:00]        [1] https://content.jdmagicbox.com/comp/kozhikode/r5/0495px495.x495.240426193218.v8r5/catalogu...
[06:20:00]        [2] https://images.jdmagicbox.com/comp/kozhikode/r5/0495px495.x495.240426193218.v8r5/catalogue...
[06:20:00]        [3] https://images.jdmagicbox.com/v2/comp/kozhikode/r5/0495px495.x495.240426193218.v8r5/catalo...
[06:20:01]   [4] [IMG] Kadav Cafe | +(91)-7902791347 | 9 photos
[06:20:01]        [1] https://content.jdmagicbox.com/comp/wayanad/k8/9999p4936.4936.210505154047.l1k8/catalogue/...
[06:20:01]        [2] https://images.jdmagicbox.com/comp/wayanad/k8/9999p4936.4936.210505154047.l1k8/catalogue/p...
[06:20:01]        [3] https://images.jdmagicbox.com/comp/wayanad/k8/9999p4936.4936.210505154047.l1k8/catalogue/p...
[06:20:01]   [5] [IMG] AM 2 PM | +(91)-8281221562 | 9 photos
[06:20:01]        [1] https://content.jdmagicbox.com/comp/kozhikode/a1/0495px495.x495.210825115336.v6a1/catalogu...
[06:20:01]        [2] https://images.jdmagicbox.com/comp/kozhikode/a1/0495px495.x495.210825115336.v6a1/catalogue...
[06:20:01]        [3] https://images.jdmagicbox.com/comp/kozhikode/a1/0495px495.x495.210825115336.v6a1/catalogue...
[06:20:02]   [6] [IMG] Biryani house | +(91)-7025966937 | 9 photos
[06:20:02]        [1] https://content.jdmagicbox.com/comp/kasaragod/g9/9999p4994.4994.190817061424.b9g9/catalogu...
[06:20:02]        [2] https://images.jdmagicbox.com/comp/kasaragod/g9/9999p4994.4994.190817061424.b9g9/catalogue...
[06:20:02]        [3] https://images.jdmagicbox.com/comp/kasaragod/g9/9999p4994.4994.190817061424.b9g9/catalogue...
[06:20:02]   [7] [IMG] Vitamin Bbq Corner Family Restaurant & Tourist Restaurant | +(91)-8593909067 | 9 photos
[06:20:02]        [1] https://content.jdmagicbox.com/comp/kozhikode/q7/0495px495.x495.200205224512.v2q7/catalogu...
[06:20:02]        [2] https://images.jdmagicbox.com/comp/kozhikode/q7/0495px495.x495.200205224512.v2q7/catalogue...
[06:20:02]        [3] https://images.jdmagicbox.com/comp/kozhikode/q7/0495px495.x495.200205224512.v2q7/catalogue...
[06:20:03]   [8] [IMG] Clock Tower Restaurant | +(91)-7947190542 | 9 photos
[06:20:03]        [1] https://content.jdmagicbox.com/comp/kozhikode/i7/0495px495.x495.211016160058.h8i7/catalogu...
[06:20:03]        [2] https://images.jdmagicbox.com/comp/kozhikode/i7/0495px495.x495.211016160058.h8i7/catalogue...
[06:20:03]        [3] https://images.jdmagicbox.com/comp/kozhikode/i7/0495px495.x495.211016160058.h8i7/catalogue...
[06:20:03]   [9] [IMG] Clock Tower Restaurant | +(91)-8401686359 | 9 photos
[06:20:03]        [1] https://content.jdmagicbox.com/comp/kozhikode/i1/0495px495.x495.210415170354.s8i1/catalogu...
[06:20:03]        [2] https://images.jdmagicbox.com/comp/kozhikode/i1/0495px495.x495.210415170354.s8i1/catalogue...
[06:20:03]        [3] https://images.jdmagicbox.com/comp/kozhikode/i1/0495px495.x495.210415170354.s8i1/catalogue...
[06:20:04]   [10] [IMG] Umami eats | +(91)-7994527434 | 5 photos
[06:20:04]        [1] https://content.jdmagicbox.com/comp/kozhikode/q5/0495px495.x495.181107095251.z7q5/catalogu...
[06:20:04]        [2] https://images.jdmagicbox.com/comp/kozhikode/q5/0495px495.x495.181107095251.z7q5/catalogue...
[06:20:04]        [3] https://images.jdmagicbox.com/comp/kozhikode/q5/0495px495.x495.181107095251.z7q5/catalogue...
[06:20:07] 
==========================================
[06:20:07] [*] Scraping target 13/40: Panoor
[06:20:07] ==========================================
[06:20:07] ? Found 100 total Fried Chicken Delivery Restaurants in Panoor.
[06:20:07]   Scraping page 1 (got 10 results)...
[06:20:07]   Checking page 2 for the next batch...
[06:20:07]   [1] [IMG] WESTBURG DARMASHALA | +(91)-7411790657 | 7 photos
[06:20:07]        [1] https://content.jdmagicbox.com/v2/comp/kannur/z9/9999px497.x497.250712160334.d1z9/catalogu...
[06:20:07]        [2] https://images.jdmagicbox.com/v2/comp/kannur/z9/9999px497.x497.250712160334.d1z9/catalogue...
[06:20:07]        [3] https://images.jdmagicbox.com/v2/comp/kannur/z9/9999px497.x497.250712160334.d1z9/catalogue...
[06:20:08]   [2] [IMG] Hfc Fried Chicken | +(91)-7902898916 | 9 photos
[06:20:08]        [1] https://content.jdmagicbox.com/comp/kannur/y5/9999px497.x497.230328181354.g1y5/catalogue/h...
[06:20:08]        [2] https://images.jdmagicbox.com/comp/kannur/y5/9999px497.x497.230328181354.g1y5/catalogue/hf...
[06:20:08]        [3] https://images.jdmagicbox.com/v2/comp/kannur/y5/9999px497.x497.230328181354.g1y5/catalogue...
[06:20:08]   [3] [IMG] Hotel Green Park | +(91)-9447850097 | 9 photos
[06:20:08]        [1] https://content.jdmagicbox.com/comp/kannur/n5/9999px497.x497.171001155450.e6n5/catalogue/h...
[06:20:08]        [2] https://images.jdmagicbox.com/comp/kannur/n5/9999px497.x497.171001155450.e6n5/catalogue/ho...
[06:20:08]        [3] https://images.jdmagicbox.com/v2/comp/kannur/n5/9999px497.x497.171001155450.e6n5/catalogue...
[06:20:09]   [4] [IMG] Chikeys | +(91)-9895131123 | 9 photos
[06:20:09]        [1] https://content.jdmagicbox.com/comp/def_content_category/chikeys/121050718-333489939663650...
[06:20:09]        [2] https://images.jdmagicbox.com/comp/def_content_category/chikeys/121050718-3334899396636500...
[06:20:09]        [3] https://images.jdmagicbox.com/comp/def_content_category/chikeys/86689044-2704886126304500-...
[06:20:10]   [5] [IMG] Jesna Lunch Room | +(91)-9605683147 | 7 photos
[06:20:10]        [1] https://content.jdmagicbox.com/comp/kannur/f2/9999px497.x497.190220121951.z4f2/catalogue/j...
[06:20:10]        [2] https://images.jdmagicbox.com/comp/kannur/f2/9999px497.x497.190220121951.z4f2/catalogue/je...
[06:20:10]        [3] https://images.jdmagicbox.com/comp/kannur/f2/9999px497.x497.190220121951.z4f2/catalogue/je...
[06:20:10]   [6] [IMG] Rooster Fried & Grill | +(91)-8113001100 | 9 photos
[06:20:10]        [1] https://content.jdmagicbox.com/comp/kannur/v3/9999px497.x497.190517204357.c5v3/catalogue/r...
[06:20:10]        [2] https://images.jdmagicbox.com/comp/kannur/v3/9999px497.x497.190517204357.c5v3/catalogue/ro...
[06:20:10]        [3] https://images.jdmagicbox.com/comp/kannur/v3/9999px497.x497.190517204357.c5v3/catalogue/ro...
[06:20:11]   [7] [IMG] Arabian Grill | +(91)-9544400048 | 9 photos
[06:20:11]        [1] https://content.jdmagicbox.com/comp/kannur/y4/9999px497.x497.170926210343.p8y4/catalogue/a...
[06:20:11]        [2] https://images.jdmagicbox.com/comp/kannur/y4/9999px497.x497.170926210343.p8y4/catalogue/ar...
[06:20:11]        [3] https://images.jdmagicbox.com/comp/kannur/y4/9999px497.x497.170926210343.p8y4/catalogue/ar...
[06:20:11]   [8] [IMG] Wimbies Restaurant And Fried Chicken | +(91)-9895868789 | 7 photos
[06:20:11]        [1] https://content.jdmagicbox.com/comp/kannur/u9/9999px497.x497.170607163909.z1u9/catalogue/w...
[06:20:11]        [2] https://images.jdmagicbox.com/comp/kannur/u9/9999px497.x497.170607163909.z1u9/catalogue/wi...
[06:20:11]        [3] https://images.jdmagicbox.com/comp/kannur/u9/9999px497.x497.170607163909.z1u9/catalogue/wi...
[06:20:12]   [9] [IMG] Afc American Fried Chicken Restaurant | +(91)-7373162111 | 9 photos
[06:20:12]        [1] https://content.jdmagicbox.com/comp/kannur/j3/9999px497.x497.220421184400.b5j3/catalogue/a...
[06:20:12]        [2] https://images.jdmagicbox.com/comp/kannur/j3/9999px497.x497.220421184400.b5j3/catalogue/af...
[06:20:12]        [3] https://images.jdmagicbox.com/comp/kannur/j3/9999px497.x497.220421184400.b5j3/catalogue/af...
[06:20:12]   [10] [IMG] Go Ggrll Chokli | +(91)-9747217717 | 9 photos
[06:20:12]        [1] https://content.jdmagicbox.com/v2/comp/kannur/f8/9999px497.x497.230224144441.a3f8/catalogu...
[06:20:12]        [2] https://images.jdmagicbox.com/v2/comp/kannur/f8/9999px497.x497.230224144441.a3f8/catalogue...
[06:20:12]        [3] https://images.jdmagicbox.com/v2/comp/kannur/f8/9999px497.x497.230224144441.a3f8/catalogue...
[06:20:15]   Scraping page 2 (got 10 results)...
[06:20:15]   Checking page 3 for the next batch...
[06:20:15]   [1] [IMG] Vkp S Cafe | +(91)-6235555112 | 9 photos
[06:20:15]        [1] https://content.jdmagicbox.com/v2/comp/kannur/u7/9999px497.x497.200107121359.c2u7/catalogu...
[06:20:15]        [2] https://images.jdmagicbox.com/v2/comp/kannur/u7/9999px497.x497.200107121359.c2u7/catalogue...
[06:20:15]        [3] https://images.jdmagicbox.com/v2/comp/kannur/u7/9999px497.x497.200107121359.c2u7/catalogue...
[06:20:15]   [2] [IMG] The Indian Express Superfast Restaurant | +(91)-8301009050 | 9 photos
[06:20:15]        [1] https://content.jdmagicbox.com/comp/kannur/e5/9999px497.x497.200106181231.h5e5/catalogue/t...
[06:20:15]        [2] https://images.jdmagicbox.com/comp/kannur/e5/9999px497.x497.200106181231.h5e5/catalogue/th...
[06:20:15]        [3] https://images.jdmagicbox.com/comp/kannur/e5/9999px497.x497.200106181231.h5e5/catalogue/th...
[06:20:16]   [3] [IMG] Chilly Hut | +(91)-8330057833 | 9 photos
[06:20:16]        [1] https://content.jdmagicbox.com/comp/kannur/b1/9999px497.x497.210226155456.l3b1/catalogue/c...
[06:20:16]        [2] https://images.jdmagicbox.com/comp/kannur/b1/9999px497.x497.210226155456.l3b1/catalogue/ch...
[06:20:16]        [3] https://images.jdmagicbox.com/v2/comp/kannur/b1/9999px497.x497.210226155456.l3b1/catalogue...
[06:20:16]   [4] [IMG] BURNO FRIED | +(91)-9961480764 | 6 photos
[06:20:16]        [1] https://content.jdmagicbox.com/v2/comp/kannur/h2/9999px497.x497.250809213421.y6h2/catalogu...
[06:20:16]        [2] https://images.jdmagicbox.com/v2/comp/kannur/h2/9999px497.x497.250809213421.y6h2/catalogue...
[06:20:16]        [3] https://images.jdmagicbox.com/v2/comp/kannur/h2/9999px497.x497.250809213421.y6h2/catalogue...
[06:20:17]   [5] [IMG] COCO CABANE CAFE | +(91)-8590090726 | 9 photos
[06:20:17]        [1] https://content.jdmagicbox.com/comp/kannur/t6/9999px497.x497.220728192535.f5t6/catalogue/c...
[06:20:17]        [2] https://images.jdmagicbox.com/comp/kannur/t6/9999px497.x497.220728192535.f5t6/catalogue/co...
[06:20:17]        [3] https://images.jdmagicbox.com/comp/kannur/t6/9999px497.x497.220728192535.f5t6/catalogue/co...
[06:20:18]   [6] [IMG] TFC TURKISH FRIED CHICKEN CHAKKARAKKAL | +(91)-8301867300 | 9 photos
[06:20:18]        [1] https://content.jdmagicbox.com/comp/kannur/n6/9999px497.x497.240121190829.e4n6/catalogue/t...
[06:20:18]        [2] https://images.jdmagicbox.com/comp/kannur/n6/9999px497.x497.240121190829.e4n6/catalogue/tf...
[06:20:18]        [3] https://images.jdmagicbox.com/comp/kannur/n6/9999px497.x497.240121190829.e4n6/catalogue/tf...
[06:20:18]   [7] [IMG] American Fried Chicken | +(91)-7592044544 | 7 photos
[06:20:18]        [1] https://content.jdmagicbox.com/comp/kannur/h5/9999px497.x497.220107164349.v8h5/catalogue/-...
[06:20:18]        [2] https://images.jdmagicbox.com/comp/kannur/h5/9999px497.x497.220107164349.v8h5/catalogue/-v...
[06:20:18]        [3] https://images.jdmagicbox.com/comp/kannur/h5/9999px497.x497.220107164349.v8h5/catalogue/-a...
[06:20:19]   [8] [IMG] Nks Chicken |  | 6 photos
[06:20:19]        [1] https://content.jdmagicbox.com/comp/kannur/k3/9999px497.x497.191212134539.x7k3/catalogue/n...
[06:20:19]        [2] https://images.jdmagicbox.com/comp/kannur/k3/9999px497.x497.191212134539.x7k3/catalogue/nk...
[06:20:19]        [3] https://images.jdmagicbox.com/comp/kannur/k3/9999px497.x497.191212134539.x7k3/catalogue/nk...
[06:20:19]   [9] [IMG] Lebanese |  | 9 photos
[06:20:19]        [1] https://content.jdmagicbox.com/comp/kannur/q2/9999px497.x497.181103164105.u9q2/catalogue/l...
[06:20:19]        [2] https://images.jdmagicbox.com/comp/kannur/q2/9999px497.x497.181103164105.u9q2/catalogue/le...
[06:20:19]        [3] https://images.jdmagicbox.com/comp/kannur/q2/9999px497.x497.181103164105.u9q2/catalogue/le...
[06:20:20]   [10] [IMG] American Fried Chicken Pilathara | +(91)-8714759722 | 4 photos
[06:20:20]        [1] https://content.jdmagicbox.com/comp/kannur/g4/9999px497.x497.221019124021.h2g4/catalogue/a...
[06:20:20]        [2] https://images.jdmagicbox.com/comp/kannur/g4/9999px497.x497.221019124021.h2g4/catalogue/am...
[06:20:20]        [3] https://images.jdmagicbox.com/comp/kannur/g4/9999px497.x497.221019124021.h2g4/catalogue/am...
[06:20:22]   Scraping page 3 (got 10 results)...
[06:20:22]   Checking page 4 for the next batch...
[06:20:22]   [1] [IMG] Hotel New Delhi | +(91)-9744866841 | 4 photos
[06:20:22]        [1] https://content.jdmagicbox.com/comp/def_content_category/south-indian-restaurants/new-dish...
[06:20:22]        [2] https://images.jdmagicbox.com/comp/def_content_category/south-indian-restaurants/new-dish-...
[06:20:22]        [3] https://images.jdmagicbox.com/comp/def_content_category/south-indian-restaurants/new-dish-...
[06:20:23]   [2] [IMG] Chicking Fried Chicken (Kannur Mall) | +(91)-9744480000 | 9 photos
[06:20:23]        [1] https://content.jdmagicbox.com/comp/def_content_category/chicking-fried-chicken-11985242-m...
[06:20:23]        [2] https://images.jdmagicbox.com/comp/def_content_category/chicking-fried-chicken-11985242-mz...
[06:20:23]        [3] https://images.jdmagicbox.com/comp/def_content_category/chicking-fried-chicken/chicking-fr...
[06:20:24]   [3] [IMG] Volga Chef | +(91)-7907722050 | 9 photos
[06:20:24]        [1] https://content.jdmagicbox.com/comp/kannur/e6/9999px497.x497.220210163401.x2e6/catalogue/-...
[06:20:24]        [2] https://images.jdmagicbox.com/comp/kannur/e6/9999px497.x497.220210163401.x2e6/catalogue/-h...
[06:20:24]        [3] https://images.jdmagicbox.com/comp/kannur/e6/9999px497.x497.220210163401.x2e6/catalogue/-2...
[06:20:24]   [4] [IMG] Jubilee Restaurant | +(91)-9526366382 | 2 photos
[06:20:24]        [1] https://content.jdmagicbox.com/comp/def_content/buffet-restaurants/buffet-restaurants7-buf...
[06:20:24]        [2] https://images.jdmagicbox.com/comp/def_content/buffet-restaurants/buffet-restaurants7-buff...
[06:20:25]   [5] [IMG] RAK | +(91)-6235101101 | 9 photos
[06:20:25]        [1] https://content.jdmagicbox.com/comp/kasaragod/g9/9999p4994.4994.210127203131.f2g9/catalogu...
[06:20:25]        [2] https://images.jdmagicbox.com/comp/kasaragod/g9/9999p4994.4994.210127203131.f2g9/catalogue...
[06:20:25]        [3] https://images.jdmagicbox.com/comp/kasaragod/g9/9999p4994.4994.210127203131.f2g9/catalogue...
[06:20:25]   [6] [IMG] Chikeys | +(91)-8606131123 | 9 photos
[06:20:25]        [1] https://content.jdmagicbox.com/comp/kozhikode/y3/0495px495.x495.190525032936.x5y3/catalogu...
[06:20:25]        [2] https://images.jdmagicbox.com/comp/kozhikode/y3/0495px495.x495.190525032936.x5y3/catalogue...
[06:20:25]        [3] https://images.jdmagicbox.com/comp/kozhikode/y3/0495px495.x495.190525032936.x5y3/catalogue...
[06:20:26]   [7] [IMG] Chicking Fried Chicken | +(91)-7736067817 | 9 photos
[06:20:26]        [1] https://content.jdmagicbox.com/comp/def_content_category/chicking-fried-chicken/chicking-f...
[06:20:26]        [2] https://images.jdmagicbox.com/comp/def_content_category/chicking-fried-chicken/chicking-fr...
[06:20:26]        [3] https://images.jdmagicbox.com/comp/def_content_category/chicking-fried-chicken-11985242-mz...
[06:20:26]   [8] [IMG] MFC Fried & Arabic | +(91)-8075029408 | 9 photos
[06:20:26]        [1] https://content.jdmagicbox.com/comp/kasaragod/f1/9999p4994.4994.171009202643.v4f1/catalogu...
[06:20:26]        [2] https://images.jdmagicbox.com/comp/kasaragod/f1/9999p4994.4994.171009202643.v4f1/catalogue...
[06:20:26]        [3] https://images.jdmagicbox.com/comp/kasaragod/f1/9999p4994.4994.171009202643.v4f1/catalogue...
[06:20:27]   [9] [IMG] Oryx Village | +(91)-8488918253 | 9 photos
[06:20:27]        [1] https://content.jdmagicbox.com/comp/kasaragod/d5/9999p4994.4994.180609125522.s4d5/catalogu...
[06:20:27]        [2] https://images.jdmagicbox.com/comp/kasaragod/d5/9999p4994.4994.180609125522.s4d5/catalogue...
[06:20:27]        [3] https://images.jdmagicbox.com/comp/kasaragod/d5/9999p4994.4994.180609125522.s4d5/catalogue...
[06:20:27]   [10] [IMG] AFC | +(91)-7012677537 | 5 photos
[06:20:27]        [1] https://content.jdmagicbox.com/comp/kozhikode/l5/0495px495.x495.211203141452.z3l5/catalogu...
[06:20:27]        [2] https://images.jdmagicbox.com/comp/kozhikode/l5/0495px495.x495.211203141452.z3l5/catalogue...
[06:20:27]        [3] https://images.jdmagicbox.com/comp/kozhikode/l5/0495px495.x495.211203141452.z3l5/catalogue...
[06:20:30]   Scraping page 4 (got 10 results)...
[06:20:30]   Checking page 5 for the next batch...
[06:20:30]   [1] [IMG] Golden Dine Family Restaurant | +(91)-9567302261 | 8 photos
[06:20:30]        [1] https://content.jdmagicbox.com/comp/kasaragod/e3/9999p4994.4994.181212142924.v8e3/catalogu...
[06:20:30]        [2] https://images.jdmagicbox.com/comp/kasaragod/e3/9999p4994.4994.181212142924.v8e3/catalogue...
[06:20:30]        [3] https://images.jdmagicbox.com/comp/kasaragod/e3/9999p4994.4994.181212142924.v8e3/catalogue...
[06:20:30]   [2] [IMG] Max Food | +(91)-9483340844 | 9 photos
[06:20:30]        [1] https://content.jdmagicbox.com/v2/comp/coorg/b2/9999p8272.8272.240715141211.c2b2/catalogue...
[06:20:30]        [2] https://images.jdmagicbox.com/v2/comp/coorg/b2/9999p8272.8272.240715141211.c2b2/catalogue/...
[06:20:30]        [3] https://images.jdmagicbox.com/v2/comp/coorg/b2/9999p8272.8272.240715141211.c2b2/catalogue/...
[06:20:31]   [3] [IMG] MADADA SOLUTION PVT LTD | +(91)-7221001003 | 9 photos
[06:20:31]        [1] https://content.jdmagicbox.com/comp/kozhikode/j2/0495px495.x495.230103175828.d9j2/catalogu...
[06:20:31]        [2] https://images.jdmagicbox.com/comp/kozhikode/j2/0495px495.x495.230103175828.d9j2/catalogue...
[06:20:31]        [3] https://images.jdmagicbox.com/comp/kozhikode/j2/0495px495.x495.230103175828.d9j2/catalogue...
[06:20:31]   [4] [IMG] Casaro Cafe | +(91)-9744772677 | 5 photos
[06:20:31]        [1] https://content.jdmagicbox.com/comp/kasaragod/v7/9999p4994.4994.220615225521.k2v7/catalogu...
[06:20:31]        [2] https://images.jdmagicbox.com/comp/kasaragod/v7/9999p4994.4994.220615225521.k2v7/catalogue...
[06:20:31]        [3] https://images.jdmagicbox.com/comp/kasaragod/v7/9999p4994.4994.220615225521.k2v7/catalogue...
[06:20:32]   [5] [IMG] Shawaya House Restaurant | +(91)-9539058080 | 9 photos
[06:20:32]        [1] https://content.jdmagicbox.com/comp/wayanad/m3/9999p4936.4936.230912223231.a8m3/catalogue/...
[06:20:32]        [2] https://images.jdmagicbox.com/comp/wayanad/m3/9999p4936.4936.230912223231.a8m3/catalogue/s...
[06:20:32]        [3] https://images.jdmagicbox.com/comp/wayanad/m3/9999p4936.4936.230912223231.a8m3/catalogue/s...
[06:20:32]   [6] [IMG] Quality Restaurant and Bakes | +(91)-9207300666 | 9 photos
[06:20:32]        [1] https://content.jdmagicbox.com/comp/kasaragod/r7/9999p4994.4994.170426102508.c8r7/catalogu...
[06:20:32]        [2] https://images.jdmagicbox.com/comp/kasaragod/r7/9999p4994.4994.170426102508.c8r7/catalogue...
[06:20:32]        [3] https://images.jdmagicbox.com/comp/bekal/r7/9999p4994.4994.170426102508.c8r7/catalogue/qua...
[06:20:33]   [7] [IMG] CFC Canadian Fried Chicken | +(91)-8123223715 | 5 photos
[06:20:33]        [1] https://content.jdmagicbox.com/comp/coorg/b9/9999p8272.8272.221217154654.x6b9/catalogue/-a...
[06:20:33]        [2] https://images.jdmagicbox.com/comp/coorg/b9/9999p8272.8272.221217154654.x6b9/catalogue/-a1...
[06:20:33]        [3] https://images.jdmagicbox.com/comp/coorg/b9/9999p8272.8272.221217154654.x6b9/catalogue/-ed...
[06:20:33]   [8] [IMG] Coffee Bare | +(91)-9656003252 | 9 photos
[06:20:33]        [1] https://content.jdmagicbox.com/comp/kasaragod/g9/9999p4994.4994.171211225040.i9g9/catalogu...
[06:20:33]        [2] https://images.jdmagicbox.com/comp/kasaragod/g9/9999p4994.4994.171211225040.i9g9/catalogue...
[06:20:33]        [3] https://images.jdmagicbox.com/comp/kasaragod/x3/pwfl1513010940g5d5x3/catalogue/coffee-bare...
[06:20:34]   [9] [IMG] Gama Kitchen | +(91)-8086310000 | 9 photos
[06:20:34]        [1] https://content.jdmagicbox.com/comp/kozhikode/s5/0495px495.x495.190810180742.q5s5/catalogu...
[06:20:34]        [2] https://images.jdmagicbox.com/comp/kozhikode/s5/0495px495.x495.190810180742.q5s5/catalogue...
[06:20:34]        [3] https://images.jdmagicbox.com/comp/kozhikode/s5/0495px495.x495.190810180742.q5s5/catalogue...
[06:20:34]   [10] [IMG] Sullias Eating Spot | +(91)-8142607082 | 5 photos
[06:20:34]        [1] https://content.jdmagicbox.com/comp/mangalore/v5/0824px824.x824.230106212525.l3v5/catalogu...
[06:20:34]        [2] https://images.jdmagicbox.com/comp/mangalore/v5/0824px824.x824.230106212525.l3v5/catalogue...
[06:20:34]        [3] https://images.jdmagicbox.com/comp/mangalore/v5/0824px824.x824.230106212525.l3v5/catalogue...
[06:20:37]   Scraping page 5 (got 10 results)...
[06:20:37]   Checking page 6 for the next batch...
[06:20:37]   [1] [IMG] Kuruva Family Restaurant | +(91)-8921536987 | 9 photos
[06:20:37]        [1] https://content.jdmagicbox.com/comp/wayanad/c1/9999p4936.4936.191203162722.c9c1/catalogue/...
[06:20:37]        [2] https://images.jdmagicbox.com/comp/wayanad/c1/9999p4936.4936.191203162722.c9c1/catalogue/k...
[06:20:37]        [3] https://images.jdmagicbox.com/comp/wayanad/c1/9999p4936.4936.191203162722.c9c1/catalogue/k...
[06:20:37]   [2] [IMG] LSJ CHICKEN | +(91)-9037911212 | 9 photos
[06:20:37]        [1] https://content.jdmagicbox.com/comp/kozhikode/d5/0495px495.x495.240325111357.y2d5/catalogu...
[06:20:37]        [2] https://images.jdmagicbox.com/comp/kozhikode/d5/0495px495.x495.240325111357.y2d5/catalogue...
[06:20:37]        [3] https://images.jdmagicbox.com/v2/comp/kozhikode/d5/0495px495.x495.240325111357.y2d5/catalo...
[06:20:38]   [3] [IMG] Fry Ville | +(91)-7994089339 | 8 photos
[06:20:38]        [1] https://content.jdmagicbox.com/comp/kozhikode/r5/0495px495.x495.240426193218.v8r5/catalogu...
[06:20:38]        [2] https://images.jdmagicbox.com/comp/kozhikode/r5/0495px495.x495.240426193218.v8r5/catalogue...
[06:20:38]        [3] https://images.jdmagicbox.com/v2/comp/kozhikode/r5/0495px495.x495.240426193218.v8r5/catalo...
[06:20:38]   [4] [IMG] Kadav Cafe | +(91)-7902791347 | 9 photos
[06:20:38]        [1] https://content.jdmagicbox.com/comp/wayanad/k8/9999p4936.4936.210505154047.l1k8/catalogue/...
[06:20:38]        [2] https://images.jdmagicbox.com/comp/wayanad/k8/9999p4936.4936.210505154047.l1k8/catalogue/p...
[06:20:38]        [3] https://images.jdmagicbox.com/comp/wayanad/k8/9999p4936.4936.210505154047.l1k8/catalogue/p...
[06:20:39]   [5] [IMG] AM 2 PM | +(91)-8281221562 | 9 photos
[06:20:39]        [1] https://content.jdmagicbox.com/comp/kozhikode/a1/0495px495.x495.210825115336.v6a1/catalogu...
[06:20:39]        [2] https://images.jdmagicbox.com/comp/kozhikode/a1/0495px495.x495.210825115336.v6a1/catalogue...
[06:20:39]        [3] https://images.jdmagicbox.com/comp/kozhikode/a1/0495px495.x495.210825115336.v6a1/catalogue...
[06:20:39]   [6] [IMG] Biryani house | +(91)-7025966937 | 9 photos
[06:20:39]        [1] https://content.jdmagicbox.com/comp/kasaragod/g9/9999p4994.4994.190817061424.b9g9/catalogu...
[06:20:39]        [2] https://images.jdmagicbox.com/comp/kasaragod/g9/9999p4994.4994.190817061424.b9g9/catalogue...
[06:20:39]        [3] https://images.jdmagicbox.com/comp/kasaragod/g9/9999p4994.4994.190817061424.b9g9/catalogue...
[06:20:40]   [7] [IMG] Vitamin Bbq Corner Family Restaurant & Tourist Restaurant | +(91)-8593909067 | 9 photos
[06:20:40]        [1] https://content.jdmagicbox.com/comp/kozhikode/q7/0495px495.x495.200205224512.v2q7/catalogu...
[06:20:40]        [2] https://images.jdmagicbox.com/comp/kozhikode/q7/0495px495.x495.200205224512.v2q7/catalogue...
[06:20:40]        [3] https://images.jdmagicbox.com/comp/kozhikode/q7/0495px495.x495.200205224512.v2q7/catalogue...
[06:20:41]   [8] [IMG] Clock Tower Restaurant | +(91)-7947190542 | 9 photos
[06:20:41]        [1] https://content.jdmagicbox.com/comp/kozhikode/i7/0495px495.x495.211016160058.h8i7/catalogu...
[06:20:41]        [2] https://images.jdmagicbox.com/comp/kozhikode/i7/0495px495.x495.211016160058.h8i7/catalogue...
[06:20:41]        [3] https://images.jdmagicbox.com/comp/kozhikode/i7/0495px495.x495.211016160058.h8i7/catalogue...
[06:20:41]   [9] [IMG] Clock Tower Restaurant | +(91)-8401686359 | 9 photos
[06:20:41]        [1] https://content.jdmagicbox.com/comp/kozhikode/i1/0495px495.x495.210415170354.s8i1/catalogu...
[06:20:41]        [2] https://images.jdmagicbox.com/comp/kozhikode/i1/0495px495.x495.210415170354.s8i1/catalogue...
[06:20:41]        [3] https://images.jdmagicbox.com/comp/kozhikode/i1/0495px495.x495.210415170354.s8i1/catalogue...
[06:20:42]   [10] [IMG] Umami eats | +(91)-7994527434 | 5 photos
[06:20:42]        [1] https://content.jdmagicbox.com/comp/kozhikode/q5/0495px495.x495.181107095251.z7q5/catalogu...
[06:20:42]        [2] https://images.jdmagicbox.com/comp/kozhikode/q5/0495px495.x495.181107095251.z7q5/catalogue...
[06:20:42]        [3] https://images.jdmagicbox.com/comp/kozhikode/q5/0495px495.x495.181107095251.z7q5/catalogue...
[06:20:45] 
==========================================
[06:20:45] [*] Scraping target 14/40: Alakode
[06:20:45] ==========================================
[06:20:46] ? Found 100 total Fried Chicken Delivery Restaurants in Alakode.
[06:20:46]   Scraping page 1 (got 10 results)...
[06:20:46]   Checking page 2 for the next batch...
[06:20:46]   [1] [IMG] WESTBURG DARMASHALA | +(91)-7411790657 | 7 photos
[06:20:46]        [1] https://content.jdmagicbox.com/v2/comp/kannur/z9/9999px497.x497.250712160334.d1z9/catalogu...
[06:20:46]        [2] https://images.jdmagicbox.com/v2/comp/kannur/z9/9999px497.x497.250712160334.d1z9/catalogue...
[06:20:46]        [3] https://images.jdmagicbox.com/v2/comp/kannur/z9/9999px497.x497.250712160334.d1z9/catalogue...
[06:20:46]   [2] [IMG] Hfc Fried Chicken | +(91)-7902898916 | 9 photos
[06:20:46]        [1] https://content.jdmagicbox.com/comp/kannur/y5/9999px497.x497.230328181354.g1y5/catalogue/h...
[06:20:46]        [2] https://images.jdmagicbox.com/comp/kannur/y5/9999px497.x497.230328181354.g1y5/catalogue/hf...
[06:20:46]        [3] https://images.jdmagicbox.com/v2/comp/kannur/y5/9999px497.x497.230328181354.g1y5/catalogue...
[06:20:47]   [3] [IMG] Go Ggrll Chokli | +(91)-9747217717 | 9 photos
[06:20:47]        [1] https://content.jdmagicbox.com/v2/comp/kannur/f8/9999px497.x497.230224144441.a3f8/catalogu...
[06:20:47]        [2] https://images.jdmagicbox.com/v2/comp/kannur/f8/9999px497.x497.230224144441.a3f8/catalogue...
[06:20:47]        [3] https://images.jdmagicbox.com/v2/comp/kannur/f8/9999px497.x497.230224144441.a3f8/catalogue...
[06:20:50]   [4] [IMG] Rooster Fried & Grill | +(91)-8113001100 | 9 photos
[06:20:50]        [1] https://content.jdmagicbox.com/comp/kannur/v3/9999px497.x497.190517204357.c5v3/catalogue/r...
[06:20:50]        [2] https://images.jdmagicbox.com/comp/kannur/v3/9999px497.x497.190517204357.c5v3/catalogue/ro...
[06:20:50]        [3] https://images.jdmagicbox.com/comp/kannur/v3/9999px497.x497.190517204357.c5v3/catalogue/ro...
[06:20:50]   [5] [IMG] Wimbies Restaurant And Fried Chicken | +(91)-9895868789 | 7 photos
[06:20:50]        [1] https://content.jdmagicbox.com/comp/kannur/u9/9999px497.x497.170607163909.z1u9/catalogue/w...
[06:20:50]        [2] https://images.jdmagicbox.com/comp/kannur/u9/9999px497.x497.170607163909.z1u9/catalogue/wi...
[06:20:50]        [3] https://images.jdmagicbox.com/comp/kannur/u9/9999px497.x497.170607163909.z1u9/catalogue/wi...
[06:20:51]   [6] [IMG] Hotel Green Park | +(91)-9447850097 | 9 photos
[06:20:51]        [1] https://content.jdmagicbox.com/comp/kannur/n5/9999px497.x497.171001155450.e6n5/catalogue/h...
[06:20:51]        [2] https://images.jdmagicbox.com/comp/kannur/n5/9999px497.x497.171001155450.e6n5/catalogue/ho...
[06:20:51]        [3] https://images.jdmagicbox.com/v2/comp/kannur/n5/9999px497.x497.171001155450.e6n5/catalogue...
[06:20:51]   [7] [IMG] Jesna Lunch Room | +(91)-9605683147 | 7 photos
[06:20:51]        [1] https://content.jdmagicbox.com/comp/kannur/f2/9999px497.x497.190220121951.z4f2/catalogue/j...
[06:20:51]        [2] https://images.jdmagicbox.com/comp/kannur/f2/9999px497.x497.190220121951.z4f2/catalogue/je...
[06:20:51]        [3] https://images.jdmagicbox.com/comp/kannur/f2/9999px497.x497.190220121951.z4f2/catalogue/je...
[06:20:52]   [8] [IMG] Chikeys | +(91)-9895131123 | 9 photos
[06:20:52]        [1] https://content.jdmagicbox.com/comp/def_content_category/chikeys/121050718-333489939663650...
[06:20:52]        [2] https://images.jdmagicbox.com/comp/def_content_category/chikeys/121050718-3334899396636500...
[06:20:52]        [3] https://images.jdmagicbox.com/comp/def_content_category/chikeys/86689044-2704886126304500-...
[06:20:52]   [9] [IMG] The Indian Express Superfast Restaurant | +(91)-8301009050 | 9 photos
[06:20:52]        [1] https://content.jdmagicbox.com/comp/kannur/e5/9999px497.x497.200106181231.h5e5/catalogue/t...
[06:20:52]        [2] https://images.jdmagicbox.com/comp/kannur/e5/9999px497.x497.200106181231.h5e5/catalogue/th...
[06:20:52]        [3] https://images.jdmagicbox.com/comp/kannur/e5/9999px497.x497.200106181231.h5e5/catalogue/th...
[06:20:53]   [10] [IMG] BURNO FRIED | +(91)-9961480764 | 6 photos
[06:20:53]        [1] https://content.jdmagicbox.com/v2/comp/kannur/h2/9999px497.x497.250809213421.y6h2/catalogu...
[06:20:53]        [2] https://images.jdmagicbox.com/v2/comp/kannur/h2/9999px497.x497.250809213421.y6h2/catalogue...
[06:20:53]        [3] https://images.jdmagicbox.com/v2/comp/kannur/h2/9999px497.x497.250809213421.y6h2/catalogue...
[06:20:56]   Scraping page 2 (got 10 results)...
[06:20:56]   Checking page 3 for the next batch...
[06:20:56]   [1] [IMG] Arabian Grill | +(91)-9544400048 | 9 photos
[06:20:56]        [1] https://content.jdmagicbox.com/comp/kannur/y4/9999px497.x497.170926210343.p8y4/catalogue/a...
[06:20:56]        [2] https://images.jdmagicbox.com/comp/kannur/y4/9999px497.x497.170926210343.p8y4/catalogue/ar...
[06:20:56]        [3] https://images.jdmagicbox.com/comp/kannur/y4/9999px497.x497.170926210343.p8y4/catalogue/ar...
[06:20:56]   [2] [IMG] Vkp S Cafe | +(91)-6235555112 | 9 photos
[06:20:56]        [1] https://content.jdmagicbox.com/v2/comp/kannur/u7/9999px497.x497.200107121359.c2u7/catalogu...
[06:20:56]        [2] https://images.jdmagicbox.com/v2/comp/kannur/u7/9999px497.x497.200107121359.c2u7/catalogue...
[06:20:56]        [3] https://images.jdmagicbox.com/v2/comp/kannur/u7/9999px497.x497.200107121359.c2u7/catalogue...
[06:20:57]   [3] [IMG] Afc American Fried Chicken Restaurant | +(91)-7373162111 | 9 photos
[06:20:57]        [1] https://content.jdmagicbox.com/comp/kannur/j3/9999px497.x497.220421184400.b5j3/catalogue/a...
[06:20:57]        [2] https://images.jdmagicbox.com/comp/kannur/j3/9999px497.x497.220421184400.b5j3/catalogue/af...
[06:20:57]        [3] https://images.jdmagicbox.com/comp/kannur/j3/9999px497.x497.220421184400.b5j3/catalogue/af...
[06:20:57]   [4] [IMG] Chilly Hut | +(91)-8330057833 | 9 photos
[06:20:57]        [1] https://content.jdmagicbox.com/comp/kannur/b1/9999px497.x497.210226155456.l3b1/catalogue/c...
[06:20:57]        [2] https://images.jdmagicbox.com/comp/kannur/b1/9999px497.x497.210226155456.l3b1/catalogue/ch...
[06:20:57]        [3] https://images.jdmagicbox.com/v2/comp/kannur/b1/9999px497.x497.210226155456.l3b1/catalogue...
[06:20:58]   [5] [IMG] COCO CABANE CAFE | +(91)-8590090726 | 9 photos
[06:20:58]        [1] https://content.jdmagicbox.com/comp/kannur/t6/9999px497.x497.220728192535.f5t6/catalogue/c...
[06:20:58]        [2] https://images.jdmagicbox.com/comp/kannur/t6/9999px497.x497.220728192535.f5t6/catalogue/co...
[06:20:58]        [3] https://images.jdmagicbox.com/comp/kannur/t6/9999px497.x497.220728192535.f5t6/catalogue/co...
[06:20:58]   [6] [IMG] Lebanese |  | 9 photos
[06:20:58]        [1] https://content.jdmagicbox.com/comp/kannur/q2/9999px497.x497.181103164105.u9q2/catalogue/l...
[06:20:58]        [2] https://images.jdmagicbox.com/comp/kannur/q2/9999px497.x497.181103164105.u9q2/catalogue/le...
[06:20:58]        [3] https://images.jdmagicbox.com/comp/kannur/q2/9999px497.x497.181103164105.u9q2/catalogue/le...
[06:20:59]   [7] [IMG] American Fried Chicken | +(91)-7592044544 | 7 photos
[06:20:59]        [1] https://content.jdmagicbox.com/comp/kannur/h5/9999px497.x497.220107164349.v8h5/catalogue/-...
[06:20:59]        [2] https://images.jdmagicbox.com/comp/kannur/h5/9999px497.x497.220107164349.v8h5/catalogue/-v...
[06:20:59]        [3] https://images.jdmagicbox.com/comp/kannur/h5/9999px497.x497.220107164349.v8h5/catalogue/-a...
[06:20:59]   [8] [IMG] TFC TURKISH FRIED CHICKEN CHAKKARAKKAL | +(91)-8301867300 | 9 photos
[06:20:59]        [1] https://content.jdmagicbox.com/comp/kannur/n6/9999px497.x497.240121190829.e4n6/catalogue/t...
[06:20:59]        [2] https://images.jdmagicbox.com/comp/kannur/n6/9999px497.x497.240121190829.e4n6/catalogue/tf...
[06:20:59]        [3] https://images.jdmagicbox.com/comp/kannur/n6/9999px497.x497.240121190829.e4n6/catalogue/tf...
[06:21:00]   [9] [IMG] Chicking Fried Chicken (Kannur Mall) | +(91)-9744480000 | 9 photos
[06:21:00]        [1] https://content.jdmagicbox.com/comp/def_content_category/chicking-fried-chicken-11985242-m...
[06:21:00]        [2] https://images.jdmagicbox.com/comp/def_content_category/chicking-fried-chicken-11985242-mz...
[06:21:00]        [3] https://images.jdmagicbox.com/comp/def_content_category/chicking-fried-chicken/chicking-fr...
[06:21:00]   [10] [IMG] Nks Chicken |  | 6 photos
[06:21:00]        [1] https://content.jdmagicbox.com/comp/kannur/k3/9999px497.x497.191212134539.x7k3/catalogue/n...
[06:21:00]        [2] https://images.jdmagicbox.com/comp/kannur/k3/9999px497.x497.191212134539.x7k3/catalogue/nk...
[06:21:00]        [3] https://images.jdmagicbox.com/comp/kannur/k3/9999px497.x497.191212134539.x7k3/catalogue/nk...
[06:21:03]   Scraping page 3 (got 10 results)...
[06:21:03]   Checking page 4 for the next batch...
[06:21:03]   [1] [IMG] Hotel New Delhi | +(91)-9744866841 | 4 photos
[06:21:03]        [1] https://content.jdmagicbox.com/comp/def_content_category/south-indian-restaurants/new-dish...
[06:21:03]        [2] https://images.jdmagicbox.com/comp/def_content_category/south-indian-restaurants/new-dish-...
[06:21:03]        [3] https://images.jdmagicbox.com/comp/def_content_category/south-indian-restaurants/new-dish-...
[06:21:03]   [2] [IMG] Jubilee Restaurant | +(91)-9526366382 | 2 photos
[06:21:03]        [1] https://content.jdmagicbox.com/comp/def_content/buffet-restaurants/buffet-restaurants7-buf...
[06:21:03]        [2] https://images.jdmagicbox.com/comp/def_content/buffet-restaurants/buffet-restaurants7-buff...
[06:21:04]   [3] [IMG] American Fried Chicken Pilathara | +(91)-8714759722 | 4 photos
[06:21:04]        [1] https://content.jdmagicbox.com/comp/kannur/g4/9999px497.x497.221019124021.h2g4/catalogue/a...
[06:21:04]        [2] https://images.jdmagicbox.com/comp/kannur/g4/9999px497.x497.221019124021.h2g4/catalogue/am...
[06:21:04]        [3] https://images.jdmagicbox.com/comp/kannur/g4/9999px497.x497.221019124021.h2g4/catalogue/am...
[06:21:04]   [4] [IMG] Volga Chef | +(91)-7907722050 | 9 photos
[06:21:04]        [1] https://content.jdmagicbox.com/comp/kannur/e6/9999px497.x497.220210163401.x2e6/catalogue/-...
[06:21:04]        [2] https://images.jdmagicbox.com/comp/kannur/e6/9999px497.x497.220210163401.x2e6/catalogue/-h...
[06:21:04]        [3] https://images.jdmagicbox.com/comp/kannur/e6/9999px497.x497.220210163401.x2e6/catalogue/-2...
[06:21:05]   [5] [IMG] RAK | +(91)-6235101101 | 9 photos
[06:21:05]        [1] https://content.jdmagicbox.com/comp/kasaragod/g9/9999p4994.4994.210127203131.f2g9/catalogu...
[06:21:05]        [2] https://images.jdmagicbox.com/comp/kasaragod/g9/9999p4994.4994.210127203131.f2g9/catalogue...
[06:21:05]        [3] https://images.jdmagicbox.com/comp/kasaragod/g9/9999p4994.4994.210127203131.f2g9/catalogue...
[06:21:05]   [6] [IMG] Chikeys | +(91)-8606131123 | 9 photos
[06:21:05]        [1] https://content.jdmagicbox.com/comp/kozhikode/y3/0495px495.x495.190525032936.x5y3/catalogu...
[06:21:05]        [2] https://images.jdmagicbox.com/comp/kozhikode/y3/0495px495.x495.190525032936.x5y3/catalogue...
[06:21:05]        [3] https://images.jdmagicbox.com/comp/kozhikode/y3/0495px495.x495.190525032936.x5y3/catalogue...
[06:21:06]   [7] [IMG] Chicking Fried Chicken | +(91)-7736067817 | 9 photos
[06:21:06]        [1] https://content.jdmagicbox.com/comp/def_content_category/chicking-fried-chicken/chicking-f...
[06:21:06]        [2] https://images.jdmagicbox.com/comp/def_content_category/chicking-fried-chicken/chicking-fr...
[06:21:06]        [3] https://images.jdmagicbox.com/comp/def_content_category/chicking-fried-chicken-11985242-mz...
[06:21:06]   [8] [IMG] MFC Fried & Arabic | +(91)-8075029408 | 9 photos
[06:21:06]        [1] https://content.jdmagicbox.com/comp/kasaragod/f1/9999p4994.4994.171009202643.v4f1/catalogu...
[06:21:06]        [2] https://images.jdmagicbox.com/comp/kasaragod/f1/9999p4994.4994.171009202643.v4f1/catalogue...
[06:21:06]        [3] https://images.jdmagicbox.com/comp/kasaragod/f1/9999p4994.4994.171009202643.v4f1/catalogue...
[06:21:07]   [9] [IMG] Oryx Village | +(91)-8488918253 | 9 photos
[06:21:07]        [1] https://content.jdmagicbox.com/comp/kasaragod/d5/9999p4994.4994.180609125522.s4d5/catalogu...
[06:21:07]        [2] https://images.jdmagicbox.com/comp/kasaragod/d5/9999p4994.4994.180609125522.s4d5/catalogue...
[06:21:07]        [3] https://images.jdmagicbox.com/comp/kasaragod/d5/9999p4994.4994.180609125522.s4d5/catalogue...
[06:21:07]   [10] [IMG] AFC | +(91)-7012677537 | 5 photos
[06:21:07]        [1] https://content.jdmagicbox.com/comp/kozhikode/l5/0495px495.x495.211203141452.z3l5/catalogu...
[06:21:07]        [2] https://images.jdmagicbox.com/comp/kozhikode/l5/0495px495.x495.211203141452.z3l5/catalogue...
[06:21:07]        [3] https://images.jdmagicbox.com/comp/kozhikode/l5/0495px495.x495.211203141452.z3l5/catalogue...
[06:21:09]   Scraping page 4 (got 10 results)...
[06:21:09]   Checking page 5 for the next batch...
[06:21:09]   [1] [IMG] Golden Dine Family Restaurant | +(91)-9567302261 | 8 photos
[06:21:09]        [1] https://content.jdmagicbox.com/comp/kasaragod/e3/9999p4994.4994.181212142924.v8e3/catalogu...
[06:21:09]        [2] https://images.jdmagicbox.com/comp/kasaragod/e3/9999p4994.4994.181212142924.v8e3/catalogue...
[06:21:09]        [3] https://images.jdmagicbox.com/comp/kasaragod/e3/9999p4994.4994.181212142924.v8e3/catalogue...
[06:21:10]   [2] [IMG] Max Food | +(91)-9483340844 | 9 photos
[06:21:10]        [1] https://content.jdmagicbox.com/v2/comp/coorg/b2/9999p8272.8272.240715141211.c2b2/catalogue...
[06:21:10]        [2] https://images.jdmagicbox.com/v2/comp/coorg/b2/9999p8272.8272.240715141211.c2b2/catalogue/...
[06:21:10]        [3] https://images.jdmagicbox.com/v2/comp/coorg/b2/9999p8272.8272.240715141211.c2b2/catalogue/...
[06:21:10]   [3] [IMG] MADADA SOLUTION PVT LTD | +(91)-7221001003 | 9 photos
[06:21:10]        [1] https://content.jdmagicbox.com/comp/kozhikode/j2/0495px495.x495.230103175828.d9j2/catalogu...
[06:21:10]        [2] https://images.jdmagicbox.com/comp/kozhikode/j2/0495px495.x495.230103175828.d9j2/catalogue...
[06:21:10]        [3] https://images.jdmagicbox.com/comp/kozhikode/j2/0495px495.x495.230103175828.d9j2/catalogue...
[06:21:11]   [4] [IMG] Casaro Cafe | +(91)-9744772677 | 5 photos
[06:21:11]        [1] https://content.jdmagicbox.com/comp/kasaragod/v7/9999p4994.4994.220615225521.k2v7/catalogu...
[06:21:11]        [2] https://images.jdmagicbox.com/comp/kasaragod/v7/9999p4994.4994.220615225521.k2v7/catalogue...
[06:21:11]        [3] https://images.jdmagicbox.com/comp/kasaragod/v7/9999p4994.4994.220615225521.k2v7/catalogue...
[06:21:11]   [5] [IMG] Shawaya House Restaurant | +(91)-9539058080 | 9 photos
[06:21:11]        [1] https://content.jdmagicbox.com/comp/wayanad/m3/9999p4936.4936.230912223231.a8m3/catalogue/...
[06:21:11]        [2] https://images.jdmagicbox.com/comp/wayanad/m3/9999p4936.4936.230912223231.a8m3/catalogue/s...
[06:21:11]        [3] https://images.jdmagicbox.com/comp/wayanad/m3/9999p4936.4936.230912223231.a8m3/catalogue/s...
[06:21:12]   [6] [IMG] Quality Restaurant and Bakes | +(91)-9207300666 | 9 photos
[06:21:12]        [1] https://content.jdmagicbox.com/comp/kasaragod/r7/9999p4994.4994.170426102508.c8r7/catalogu...
[06:21:12]        [2] https://images.jdmagicbox.com/comp/kasaragod/r7/9999p4994.4994.170426102508.c8r7/catalogue...
[06:21:12]        [3] https://images.jdmagicbox.com/comp/bekal/r7/9999p4994.4994.170426102508.c8r7/catalogue/qua...
[06:21:12]   [7] [IMG] CFC Canadian Fried Chicken | +(91)-8123223715 | 5 photos
[06:21:12]        [1] https://content.jdmagicbox.com/comp/coorg/b9/9999p8272.8272.221217154654.x6b9/catalogue/-a...
[06:21:12]        [2] https://images.jdmagicbox.com/comp/coorg/b9/9999p8272.8272.221217154654.x6b9/catalogue/-a1...
[06:21:12]        [3] https://images.jdmagicbox.com/comp/coorg/b9/9999p8272.8272.221217154654.x6b9/catalogue/-ed...
[06:21:13]   [8] [IMG] Coffee Bare | +(91)-9656003252 | 9 photos
[06:21:13]        [1] https://content.jdmagicbox.com/comp/kasaragod/g9/9999p4994.4994.171211225040.i9g9/catalogu...
[06:21:13]        [2] https://images.jdmagicbox.com/comp/kasaragod/g9/9999p4994.4994.171211225040.i9g9/catalogue...
[06:21:13]        [3] https://images.jdmagicbox.com/comp/kasaragod/x3/pwfl1513010940g5d5x3/catalogue/coffee-bare...
[06:21:14]   [9] [IMG] Gama Kitchen | +(91)-8086310000 | 9 photos
[06:21:14]        [1] https://content.jdmagicbox.com/comp/kozhikode/s5/0495px495.x495.190810180742.q5s5/catalogu...
[06:21:14]        [2] https://images.jdmagicbox.com/comp/kozhikode/s5/0495px495.x495.190810180742.q5s5/catalogue...
[06:21:14]        [3] https://images.jdmagicbox.com/comp/kozhikode/s5/0495px495.x495.190810180742.q5s5/catalogue...
[06:21:14]   [10] [IMG] Sullias Eating Spot | +(91)-8142607082 | 5 photos
[06:21:14]        [1] https://content.jdmagicbox.com/comp/mangalore/v5/0824px824.x824.230106212525.l3v5/catalogu...
[06:21:14]        [2] https://images.jdmagicbox.com/comp/mangalore/v5/0824px824.x824.230106212525.l3v5/catalogue...
[06:21:14]        [3] https://images.jdmagicbox.com/comp/mangalore/v5/0824px824.x824.230106212525.l3v5/catalogue...
[06:21:16]   Scraping page 5 (got 10 results)...
[06:21:16]   Checking page 6 for the next batch...
[06:21:16]   [1] [IMG] Kuruva Family Restaurant | +(91)-8921536987 | 9 photos
[06:21:16]        [1] https://content.jdmagicbox.com/comp/wayanad/c1/9999p4936.4936.191203162722.c9c1/catalogue/...
[06:21:16]        [2] https://images.jdmagicbox.com/comp/wayanad/c1/9999p4936.4936.191203162722.c9c1/catalogue/k...
[06:21:16]        [3] https://images.jdmagicbox.com/comp/wayanad/c1/9999p4936.4936.191203162722.c9c1/catalogue/k...
[06:21:18]   [2] [IMG] LSJ CHICKEN | +(91)-9037911212 | 9 photos
[06:21:18]        [1] https://content.jdmagicbox.com/comp/kozhikode/d5/0495px495.x495.240325111357.y2d5/catalogu...
[06:21:18]        [2] https://images.jdmagicbox.com/comp/kozhikode/d5/0495px495.x495.240325111357.y2d5/catalogue...
[06:21:18]        [3] https://images.jdmagicbox.com/v2/comp/kozhikode/d5/0495px495.x495.240325111357.y2d5/catalo...
[06:21:18]   [3] [IMG] Fry Ville | +(91)-7994089339 | 8 photos
[06:21:18]        [1] https://content.jdmagicbox.com/comp/kozhikode/r5/0495px495.x495.240426193218.v8r5/catalogu...
[06:21:18]        [2] https://images.jdmagicbox.com/comp/kozhikode/r5/0495px495.x495.240426193218.v8r5/catalogue...
[06:21:18]        [3] https://images.jdmagicbox.com/v2/comp/kozhikode/r5/0495px495.x495.240426193218.v8r5/catalo...
[06:21:19]   [4] [IMG] Kadav Cafe | +(91)-7902791347 | 9 photos
[06:21:19]        [1] https://content.jdmagicbox.com/comp/wayanad/k8/9999p4936.4936.210505154047.l1k8/catalogue/...
[06:21:19]        [2] https://images.jdmagicbox.com/comp/wayanad/k8/9999p4936.4936.210505154047.l1k8/catalogue/p...
[06:21:19]        [3] https://images.jdmagicbox.com/comp/wayanad/k8/9999p4936.4936.210505154047.l1k8/catalogue/p...
[06:21:19]   [5] [IMG] AM 2 PM | +(91)-8281221562 | 9 photos
[06:21:19]        [1] https://content.jdmagicbox.com/comp/kozhikode/a1/0495px495.x495.210825115336.v6a1/catalogu...
[06:21:19]        [2] https://images.jdmagicbox.com/comp/kozhikode/a1/0495px495.x495.210825115336.v6a1/catalogue...
[06:21:19]        [3] https://images.jdmagicbox.com/comp/kozhikode/a1/0495px495.x495.210825115336.v6a1/catalogue...
[06:21:20]   [6] [IMG] Biryani house | +(91)-7025966937 | 9 photos
[06:21:20]        [1] https://content.jdmagicbox.com/comp/kasaragod/g9/9999p4994.4994.190817061424.b9g9/catalogu...
[06:21:20]        [2] https://images.jdmagicbox.com/comp/kasaragod/g9/9999p4994.4994.190817061424.b9g9/catalogue...
[06:21:20]        [3] https://images.jdmagicbox.com/comp/kasaragod/g9/9999p4994.4994.190817061424.b9g9/catalogue...
[06:21:20]   [7] [IMG] Vitamin Bbq Corner Family Restaurant & Tourist Restaurant | +(91)-8593909067 | 9 photos
[06:21:20]        [1] https://content.jdmagicbox.com/comp/kozhikode/q7/0495px495.x495.200205224512.v2q7/catalogu...
[06:21:20]        [2] https://images.jdmagicbox.com/comp/kozhikode/q7/0495px495.x495.200205224512.v2q7/catalogue...
[06:21:20]        [3] https://images.jdmagicbox.com/comp/kozhikode/q7/0495px495.x495.200205224512.v2q7/catalogue...
[06:21:21]   [8] [IMG] Clock Tower Restaurant | +(91)-7947190542 | 9 photos
[06:21:21]        [1] https://content.jdmagicbox.com/comp/kozhikode/i7/0495px495.x495.211016160058.h8i7/catalogu...
[06:21:21]        [2] https://images.jdmagicbox.com/comp/kozhikode/i7/0495px495.x495.211016160058.h8i7/catalogue...
[06:21:21]        [3] https://images.jdmagicbox.com/comp/kozhikode/i7/0495px495.x495.211016160058.h8i7/catalogue...
[06:21:21]   [9] [IMG] Clock Tower Restaurant | +(91)-8401686359 | 9 photos
[06:21:21]        [1] https://content.jdmagicbox.com/comp/kozhikode/i1/0495px495.x495.210415170354.s8i1/catalogu...
[06:21:21]        [2] https://images.jdmagicbox.com/comp/kozhikode/i1/0495px495.x495.210415170354.s8i1/catalogue...
[06:21:21]        [3] https://images.jdmagicbox.com/comp/kozhikode/i1/0495px495.x495.210415170354.s8i1/catalogue...
[06:21:22]   [10] [IMG] Umami eats | +(91)-7994527434 | 5 photos
[06:21:22]        [1] https://content.jdmagicbox.com/comp/kozhikode/q5/0495px495.x495.181107095251.z7q5/catalogu...
[06:21:22]        [2] https://images.jdmagicbox.com/comp/kozhikode/q5/0495px495.x495.181107095251.z7q5/catalogue...
[06:21:22]        [3] https://images.jdmagicbox.com/comp/kozhikode/q5/0495px495.x495.181107095251.z7q5/catalogue...
[06:21:26] 
==========================================
[06:21:26] [*] Scraping target 15/40: Kelakam
[06:21:26] ==========================================
[06:21:26] ? Found 100 total Fried Chicken Delivery Restaurants in Kelakam.
[06:21:26]   Scraping page 1 (got 10 results)...
[06:21:26]   Checking page 2 for the next batch...
[06:21:26]   [1] [IMG] WESTBURG DARMASHALA | +(91)-7411790657 | 7 photos
[06:21:26]        [1] https://content.jdmagicbox.com/v2/comp/kannur/z9/9999px497.x497.250712160334.d1z9/catalogu...
[06:21:26]        [2] https://images.jdmagicbox.com/v2/comp/kannur/z9/9999px497.x497.250712160334.d1z9/catalogue...
[06:21:26]        [3] https://images.jdmagicbox.com/v2/comp/kannur/z9/9999px497.x497.250712160334.d1z9/catalogue...
[06:21:27]   [2] [IMG] The Indian Express Superfast Restaurant | +(91)-8301009050 | 9 photos
[06:21:27]        [1] https://content.jdmagicbox.com/comp/kannur/e5/9999px497.x497.200106181231.h5e5/catalogue/t...
[06:21:27]        [2] https://images.jdmagicbox.com/comp/kannur/e5/9999px497.x497.200106181231.h5e5/catalogue/th...
[06:21:27]        [3] https://images.jdmagicbox.com/comp/kannur/e5/9999px497.x497.200106181231.h5e5/catalogue/th...
[06:21:27]   [3] [IMG] Rooster Fried & Grill | +(91)-8113001100 | 9 photos
[06:21:27]        [1] https://content.jdmagicbox.com/comp/kannur/v3/9999px497.x497.190517204357.c5v3/catalogue/r...
[06:21:27]        [2] https://images.jdmagicbox.com/comp/kannur/v3/9999px497.x497.190517204357.c5v3/catalogue/ro...
[06:21:27]        [3] https://images.jdmagicbox.com/comp/kannur/v3/9999px497.x497.190517204357.c5v3/catalogue/ro...
[06:21:28]   [4] [IMG] Hotel Green Park | +(91)-9447850097 | 9 photos
[06:21:28]        [1] https://content.jdmagicbox.com/comp/kannur/n5/9999px497.x497.171001155450.e6n5/catalogue/h...
[06:21:28]        [2] https://images.jdmagicbox.com/comp/kannur/n5/9999px497.x497.171001155450.e6n5/catalogue/ho...
[06:21:28]        [3] https://images.jdmagicbox.com/v2/comp/kannur/n5/9999px497.x497.171001155450.e6n5/catalogue...
[06:21:28]   [5] [IMG] Go Ggrll Chokli | +(91)-9747217717 | 9 photos
[06:21:28]        [1] https://content.jdmagicbox.com/v2/comp/kannur/f8/9999px497.x497.230224144441.a3f8/catalogu...
[06:21:28]        [2] https://images.jdmagicbox.com/v2/comp/kannur/f8/9999px497.x497.230224144441.a3f8/catalogue...
[06:21:28]        [3] https://images.jdmagicbox.com/v2/comp/kannur/f8/9999px497.x497.230224144441.a3f8/catalogue...
[06:21:29]   [6] [IMG] Chikeys | +(91)-9895131123 | 9 photos
[06:21:29]        [1] https://content.jdmagicbox.com/comp/def_content_category/chikeys/121050718-333489939663650...
[06:21:29]        [2] https://images.jdmagicbox.com/comp/def_content_category/chikeys/121050718-3334899396636500...
[06:21:29]        [3] https://images.jdmagicbox.com/comp/def_content_category/chikeys/86689044-2704886126304500-...
[06:21:29]   [7] [IMG] Jesna Lunch Room | +(91)-9605683147 | 7 photos
[06:21:29]        [1] https://content.jdmagicbox.com/comp/kannur/f2/9999px497.x497.190220121951.z4f2/catalogue/j...
[06:21:29]        [2] https://images.jdmagicbox.com/comp/kannur/f2/9999px497.x497.190220121951.z4f2/catalogue/je...
[06:21:29]        [3] https://images.jdmagicbox.com/comp/kannur/f2/9999px497.x497.190220121951.z4f2/catalogue/je...
[06:21:30]   [8] [IMG] Vkp S Cafe | +(91)-6235555112 | 9 photos
[06:21:30]        [1] https://content.jdmagicbox.com/v2/comp/kannur/u7/9999px497.x497.200107121359.c2u7/catalogu...
[06:21:30]        [2] https://images.jdmagicbox.com/v2/comp/kannur/u7/9999px497.x497.200107121359.c2u7/catalogue...
[06:21:30]        [3] https://images.jdmagicbox.com/v2/comp/kannur/u7/9999px497.x497.200107121359.c2u7/catalogue...
[06:21:30]   [9] [IMG] Afc American Fried Chicken Restaurant | +(91)-7373162111 | 9 photos
[06:21:30]        [1] https://content.jdmagicbox.com/comp/kannur/j3/9999px497.x497.220421184400.b5j3/catalogue/a...
[06:21:30]        [2] https://images.jdmagicbox.com/comp/kannur/j3/9999px497.x497.220421184400.b5j3/catalogue/af...
[06:21:30]        [3] https://images.jdmagicbox.com/comp/kannur/j3/9999px497.x497.220421184400.b5j3/catalogue/af...
[06:21:31]   [10] [IMG] Wimbies Restaurant And Fried Chicken | +(91)-9895868789 | 7 photos
[06:21:31]        [1] https://content.jdmagicbox.com/comp/kannur/u9/9999px497.x497.170607163909.z1u9/catalogue/w...
[06:21:31]        [2] https://images.jdmagicbox.com/comp/kannur/u9/9999px497.x497.170607163909.z1u9/catalogue/wi...
[06:21:31]        [3] https://images.jdmagicbox.com/comp/kannur/u9/9999px497.x497.170607163909.z1u9/catalogue/wi...
[06:21:33]   Scraping page 2 (got 10 results)...
[06:21:33]   Checking page 3 for the next batch...
[06:21:33]   [1] [IMG] BURNO FRIED | +(91)-9961480764 | 6 photos
[06:21:33]        [1] https://content.jdmagicbox.com/v2/comp/kannur/h2/9999px497.x497.250809213421.y6h2/catalogu...
[06:21:33]        [2] https://images.jdmagicbox.com/v2/comp/kannur/h2/9999px497.x497.250809213421.y6h2/catalogue...
[06:21:33]        [3] https://images.jdmagicbox.com/v2/comp/kannur/h2/9999px497.x497.250809213421.y6h2/catalogue...
[06:21:33]   [2] [IMG] Hotel New Delhi | +(91)-9744866841 | 4 photos
[06:21:33]        [1] https://content.jdmagicbox.com/comp/def_content_category/south-indian-restaurants/new-dish...
[06:21:33]        [2] https://images.jdmagicbox.com/comp/def_content_category/south-indian-restaurants/new-dish-...
[06:21:33]        [3] https://images.jdmagicbox.com/comp/def_content_category/south-indian-restaurants/new-dish-...
[06:21:34]   [3] [IMG] COCO CABANE CAFE | +(91)-8590090726 | 9 photos
[06:21:34]        [1] https://content.jdmagicbox.com/comp/kannur/t6/9999px497.x497.220728192535.f5t6/catalogue/c...
[06:21:34]        [2] https://images.jdmagicbox.com/comp/kannur/t6/9999px497.x497.220728192535.f5t6/catalogue/co...
[06:21:34]        [3] https://images.jdmagicbox.com/comp/kannur/t6/9999px497.x497.220728192535.f5t6/catalogue/co...
[06:21:34]   [4] [IMG] Hfc Fried Chicken | +(91)-7902898916 | 9 photos
[06:21:34]        [1] https://content.jdmagicbox.com/comp/kannur/y5/9999px497.x497.230328181354.g1y5/catalogue/h...
[06:21:34]        [2] https://images.jdmagicbox.com/comp/kannur/y5/9999px497.x497.230328181354.g1y5/catalogue/hf...
[06:21:34]        [3] https://images.jdmagicbox.com/v2/comp/kannur/y5/9999px497.x497.230328181354.g1y5/catalogue...
[06:21:35]   [5] [IMG] TFC TURKISH FRIED CHICKEN CHAKKARAKKAL | +(91)-8301867300 | 9 photos
[06:21:35]        [1] https://content.jdmagicbox.com/comp/kannur/n6/9999px497.x497.240121190829.e4n6/catalogue/t...
[06:21:35]        [2] https://images.jdmagicbox.com/comp/kannur/n6/9999px497.x497.240121190829.e4n6/catalogue/tf...
[06:21:35]        [3] https://images.jdmagicbox.com/comp/kannur/n6/9999px497.x497.240121190829.e4n6/catalogue/tf...
[06:21:35]   [6] [IMG] Chilly Hut | +(91)-8330057833 | 9 photos
[06:21:35]        [1] https://content.jdmagicbox.com/comp/kannur/b1/9999px497.x497.210226155456.l3b1/catalogue/c...
[06:21:35]        [2] https://images.jdmagicbox.com/comp/kannur/b1/9999px497.x497.210226155456.l3b1/catalogue/ch...
[06:21:35]        [3] https://images.jdmagicbox.com/v2/comp/kannur/b1/9999px497.x497.210226155456.l3b1/catalogue...
[06:21:36]   [7] [IMG] Chicking Fried Chicken (Kannur Mall) | +(91)-9744480000 | 9 photos
[06:21:36]        [1] https://content.jdmagicbox.com/comp/def_content_category/chicking-fried-chicken-11985242-m...
[06:21:36]        [2] https://images.jdmagicbox.com/comp/def_content_category/chicking-fried-chicken-11985242-mz...
[06:21:36]        [3] https://images.jdmagicbox.com/comp/def_content_category/chicking-fried-chicken/chicking-fr...
[06:21:37]   [8] [IMG] Arabian Grill | +(91)-9544400048 | 9 photos
[06:21:37]        [1] https://content.jdmagicbox.com/comp/kannur/y4/9999px497.x497.170926210343.p8y4/catalogue/a...
[06:21:37]        [2] https://images.jdmagicbox.com/comp/kannur/y4/9999px497.x497.170926210343.p8y4/catalogue/ar...
[06:21:37]        [3] https://images.jdmagicbox.com/comp/kannur/y4/9999px497.x497.170926210343.p8y4/catalogue/ar...
[06:21:37]   [9] [IMG] American Fried Chicken | +(91)-7592044544 | 7 photos
[06:21:37]        [1] https://content.jdmagicbox.com/comp/kannur/h5/9999px497.x497.220107164349.v8h5/catalogue/-...
[06:21:37]        [2] https://images.jdmagicbox.com/comp/kannur/h5/9999px497.x497.220107164349.v8h5/catalogue/-v...
[06:21:37]        [3] https://images.jdmagicbox.com/comp/kannur/h5/9999px497.x497.220107164349.v8h5/catalogue/-a...
[06:21:38]   [10] [IMG] Jubilee Restaurant | +(91)-9526366382 | 2 photos
[06:21:38]        [1] https://content.jdmagicbox.com/comp/def_content/buffet-restaurants/buffet-restaurants7-buf...
[06:21:38]        [2] https://images.jdmagicbox.com/comp/def_content/buffet-restaurants/buffet-restaurants7-buff...
[06:21:41]   Scraping page 3 (got 10 results)...
[06:21:41]   Checking page 4 for the next batch...
[06:21:41]   [1] [IMG] Volga Chef | +(91)-7907722050 | 9 photos
[06:21:41]        [1] https://content.jdmagicbox.com/comp/kannur/e6/9999px497.x497.220210163401.x2e6/catalogue/-...
[06:21:41]        [2] https://images.jdmagicbox.com/comp/kannur/e6/9999px497.x497.220210163401.x2e6/catalogue/-h...
[06:21:41]        [3] https://images.jdmagicbox.com/comp/kannur/e6/9999px497.x497.220210163401.x2e6/catalogue/-2...
[06:21:41]   [2] [IMG] Lebanese |  | 9 photos
[06:21:41]        [1] https://content.jdmagicbox.com/comp/kannur/q2/9999px497.x497.181103164105.u9q2/catalogue/l...
[06:21:41]        [2] https://images.jdmagicbox.com/comp/kannur/q2/9999px497.x497.181103164105.u9q2/catalogue/le...
[06:21:41]        [3] https://images.jdmagicbox.com/comp/kannur/q2/9999px497.x497.181103164105.u9q2/catalogue/le...
[06:21:42]   [3] [IMG] American Fried Chicken Pilathara | +(91)-8714759722 | 4 photos
[06:21:42]        [1] https://content.jdmagicbox.com/comp/kannur/g4/9999px497.x497.221019124021.h2g4/catalogue/a...
[06:21:42]        [2] https://images.jdmagicbox.com/comp/kannur/g4/9999px497.x497.221019124021.h2g4/catalogue/am...
[06:21:42]        [3] https://images.jdmagicbox.com/comp/kannur/g4/9999px497.x497.221019124021.h2g4/catalogue/am...
[06:21:42]   [4] [IMG] Nks Chicken |  | 6 photos
[06:21:42]        [1] https://content.jdmagicbox.com/comp/kannur/k3/9999px497.x497.191212134539.x7k3/catalogue/n...
[06:21:42]        [2] https://images.jdmagicbox.com/comp/kannur/k3/9999px497.x497.191212134539.x7k3/catalogue/nk...
[06:21:42]        [3] https://images.jdmagicbox.com/comp/kannur/k3/9999px497.x497.191212134539.x7k3/catalogue/nk...
[06:21:43]   [5] [IMG] RAK | +(91)-6235101101 | 9 photos
[06:21:43]        [1] https://content.jdmagicbox.com/comp/kasaragod/g9/9999p4994.4994.210127203131.f2g9/catalogu...
[06:21:43]        [2] https://images.jdmagicbox.com/comp/kasaragod/g9/9999p4994.4994.210127203131.f2g9/catalogue...
[06:21:43]        [3] https://images.jdmagicbox.com/comp/kasaragod/g9/9999p4994.4994.210127203131.f2g9/catalogue...
[06:21:43]   [6] [IMG] Chikeys | +(91)-8606131123 | 9 photos
[06:21:43]        [1] https://content.jdmagicbox.com/comp/kozhikode/y3/0495px495.x495.190525032936.x5y3/catalogu...
[06:21:43]        [2] https://images.jdmagicbox.com/comp/kozhikode/y3/0495px495.x495.190525032936.x5y3/catalogue...
[06:21:43]        [3] https://images.jdmagicbox.com/comp/kozhikode/y3/0495px495.x495.190525032936.x5y3/catalogue...
[06:21:44]   [7] [IMG] Chicking Fried Chicken | +(91)-7736067817 | 9 photos
[06:21:44]        [1] https://content.jdmagicbox.com/comp/def_content_category/chicking-fried-chicken/chicking-f...
[06:21:44]        [2] https://images.jdmagicbox.com/comp/def_content_category/chicking-fried-chicken/chicking-fr...
[06:21:44]        [3] https://images.jdmagicbox.com/comp/def_content_category/chicking-fried-chicken-11985242-mz...
[06:21:44]   [8] [IMG] MFC Fried & Arabic | +(91)-8075029408 | 9 photos
[06:21:44]        [1] https://content.jdmagicbox.com/comp/kasaragod/f1/9999p4994.4994.171009202643.v4f1/catalogu...
[06:21:44]        [2] https://images.jdmagicbox.com/comp/kasaragod/f1/9999p4994.4994.171009202643.v4f1/catalogue...
[06:21:44]        [3] https://images.jdmagicbox.com/comp/kasaragod/f1/9999p4994.4994.171009202643.v4f1/catalogue...
[06:21:45]   [9] [IMG] Oryx Village | +(91)-8488918253 | 9 photos
[06:21:45]        [1] https://content.jdmagicbox.com/comp/kasaragod/d5/9999p4994.4994.180609125522.s4d5/catalogu...
[06:21:45]        [2] https://images.jdmagicbox.com/comp/kasaragod/d5/9999p4994.4994.180609125522.s4d5/catalogue...
[06:21:45]        [3] https://images.jdmagicbox.com/comp/kasaragod/d5/9999p4994.4994.180609125522.s4d5/catalogue...
[06:21:45]   [10] [IMG] AFC | +(91)-7012677537 | 5 photos
[06:21:45]        [1] https://content.jdmagicbox.com/comp/kozhikode/l5/0495px495.x495.211203141452.z3l5/catalogu...
[06:21:45]        [2] https://images.jdmagicbox.com/comp/kozhikode/l5/0495px495.x495.211203141452.z3l5/catalogue...
[06:21:45]        [3] https://images.jdmagicbox.com/comp/kozhikode/l5/0495px495.x495.211203141452.z3l5/catalogue...
[06:21:48]   Scraping page 4 (got 10 results)...
[06:21:48]   Checking page 5 for the next batch...
[06:21:48]   [1] [IMG] Golden Dine Family Restaurant | +(91)-9567302261 | 8 photos
[06:21:48]        [1] https://content.jdmagicbox.com/comp/kasaragod/e3/9999p4994.4994.181212142924.v8e3/catalogu...
[06:21:48]        [2] https://images.jdmagicbox.com/comp/kasaragod/e3/9999p4994.4994.181212142924.v8e3/catalogue...
[06:21:48]        [3] https://images.jdmagicbox.com/comp/kasaragod/e3/9999p4994.4994.181212142924.v8e3/catalogue...
[06:21:48]   [2] [IMG] Max Food | +(91)-9483340844 | 9 photos
[06:21:48]        [1] https://content.jdmagicbox.com/v2/comp/coorg/b2/9999p8272.8272.240715141211.c2b2/catalogue...
[06:21:48]        [2] https://images.jdmagicbox.com/v2/comp/coorg/b2/9999p8272.8272.240715141211.c2b2/catalogue/...
[06:21:48]        [3] https://images.jdmagicbox.com/v2/comp/coorg/b2/9999p8272.8272.240715141211.c2b2/catalogue/...
[06:21:49]   [3] [IMG] MADADA SOLUTION PVT LTD | +(91)-7221001003 | 9 photos
[06:21:49]        [1] https://content.jdmagicbox.com/comp/kozhikode/j2/0495px495.x495.230103175828.d9j2/catalogu...
[06:21:49]        [2] https://images.jdmagicbox.com/comp/kozhikode/j2/0495px495.x495.230103175828.d9j2/catalogue...
[06:21:49]        [3] https://images.jdmagicbox.com/comp/kozhikode/j2/0495px495.x495.230103175828.d9j2/catalogue...
[06:21:49]   [4] [IMG] Casaro Cafe | +(91)-9744772677 | 5 photos
[06:21:49]        [1] https://content.jdmagicbox.com/comp/kasaragod/v7/9999p4994.4994.220615225521.k2v7/catalogu...
[06:21:49]        [2] https://images.jdmagicbox.com/comp/kasaragod/v7/9999p4994.4994.220615225521.k2v7/catalogue...
[06:21:49]        [3] https://images.jdmagicbox.com/comp/kasaragod/v7/9999p4994.4994.220615225521.k2v7/catalogue...
[06:21:50]   [5] [IMG] Shawaya House Restaurant | +(91)-9539058080 | 9 photos
[06:21:50]        [1] https://content.jdmagicbox.com/comp/wayanad/m3/9999p4936.4936.230912223231.a8m3/catalogue/...
[06:21:50]        [2] https://images.jdmagicbox.com/comp/wayanad/m3/9999p4936.4936.230912223231.a8m3/catalogue/s...
[06:21:50]        [3] https://images.jdmagicbox.com/comp/wayanad/m3/9999p4936.4936.230912223231.a8m3/catalogue/s...
[06:21:50]   [6] [IMG] Quality Restaurant and Bakes | +(91)-9207300666 | 9 photos
[06:21:50]        [1] https://content.jdmagicbox.com/comp/kasaragod/r7/9999p4994.4994.170426102508.c8r7/catalogu...
[06:21:50]        [2] https://images.jdmagicbox.com/comp/kasaragod/r7/9999p4994.4994.170426102508.c8r7/catalogue...
[06:21:50]        [3] https://images.jdmagicbox.com/comp/bekal/r7/9999p4994.4994.170426102508.c8r7/catalogue/qua...
[06:21:51]   [7] [IMG] CFC Canadian Fried Chicken | +(91)-8123223715 | 5 photos
[06:21:51]        [1] https://content.jdmagicbox.com/comp/coorg/b9/9999p8272.8272.221217154654.x6b9/catalogue/-a...
[06:21:51]        [2] https://images.jdmagicbox.com/comp/coorg/b9/9999p8272.8272.221217154654.x6b9/catalogue/-a1...
[06:21:51]        [3] https://images.jdmagicbox.com/comp/coorg/b9/9999p8272.8272.221217154654.x6b9/catalogue/-ed...
[06:21:52]   [8] [IMG] Coffee Bare | +(91)-9656003252 | 9 photos
[06:21:52]        [1] https://content.jdmagicbox.com/comp/kasaragod/g9/9999p4994.4994.171211225040.i9g9/catalogu...
[06:21:52]        [2] https://images.jdmagicbox.com/comp/kasaragod/g9/9999p4994.4994.171211225040.i9g9/catalogue...
[06:21:52]        [3] https://images.jdmagicbox.com/comp/kasaragod/x3/pwfl1513010940g5d5x3/catalogue/coffee-bare...
[06:21:52]   [9] [IMG] Gama Kitchen | +(91)-8086310000 | 9 photos
[06:21:52]        [1] https://content.jdmagicbox.com/comp/kozhikode/s5/0495px495.x495.190810180742.q5s5/catalogu...
[06:21:52]        [2] https://images.jdmagicbox.com/comp/kozhikode/s5/0495px495.x495.190810180742.q5s5/catalogue...
[06:21:52]        [3] https://images.jdmagicbox.com/comp/kozhikode/s5/0495px495.x495.190810180742.q5s5/catalogue...
[06:21:53]   [10] [IMG] Sullias Eating Spot | +(91)-8142607082 | 5 photos
[06:21:53]        [1] https://content.jdmagicbox.com/comp/mangalore/v5/0824px824.x824.230106212525.l3v5/catalogu...
[06:21:53]        [2] https://images.jdmagicbox.com/comp/mangalore/v5/0824px824.x824.230106212525.l3v5/catalogue...
[06:21:53]        [3] https://images.jdmagicbox.com/comp/mangalore/v5/0824px824.x824.230106212525.l3v5/catalogue...
[06:21:55]   Scraping page 5 (got 10 results)...
[06:21:55]   Checking page 6 for the next batch...
[06:21:55]   [1] [IMG] Kuruva Family Restaurant | +(91)-8921536987 | 9 photos
[06:21:55]        [1] https://content.jdmagicbox.com/comp/wayanad/c1/9999p4936.4936.191203162722.c9c1/catalogue/...
[06:21:55]        [2] https://images.jdmagicbox.com/comp/wayanad/c1/9999p4936.4936.191203162722.c9c1/catalogue/k...
[06:21:55]        [3] https://images.jdmagicbox.com/comp/wayanad/c1/9999p4936.4936.191203162722.c9c1/catalogue/k...
[06:21:56]   [2] [IMG] LSJ CHICKEN | +(91)-9037911212 | 9 photos
[06:21:56]        [1] https://content.jdmagicbox.com/comp/kozhikode/d5/0495px495.x495.240325111357.y2d5/catalogu...
[06:21:56]        [2] https://images.jdmagicbox.com/comp/kozhikode/d5/0495px495.x495.240325111357.y2d5/catalogue...
[06:21:56]        [3] https://images.jdmagicbox.com/v2/comp/kozhikode/d5/0495px495.x495.240325111357.y2d5/catalo...
[06:21:56]   [3] [IMG] Fry Ville | +(91)-7994089339 | 8 photos
[06:21:56]        [1] https://content.jdmagicbox.com/comp/kozhikode/r5/0495px495.x495.240426193218.v8r5/catalogu...
[06:21:56]        [2] https://images.jdmagicbox.com/comp/kozhikode/r5/0495px495.x495.240426193218.v8r5/catalogue...
[06:21:56]        [3] https://images.jdmagicbox.com/v2/comp/kozhikode/r5/0495px495.x495.240426193218.v8r5/catalo...
[06:21:57]   [4] [IMG] Kadav Cafe | +(91)-7902791347 | 9 photos
[06:21:57]        [1] https://content.jdmagicbox.com/comp/wayanad/k8/9999p4936.4936.210505154047.l1k8/catalogue/...
[06:21:57]        [2] https://images.jdmagicbox.com/comp/wayanad/k8/9999p4936.4936.210505154047.l1k8/catalogue/p...
[06:21:57]        [3] https://images.jdmagicbox.com/comp/wayanad/k8/9999p4936.4936.210505154047.l1k8/catalogue/p...
[06:21:57]   [5] [IMG] AM 2 PM | +(91)-8281221562 | 9 photos
[06:21:57]        [1] https://content.jdmagicbox.com/comp/kozhikode/a1/0495px495.x495.210825115336.v6a1/catalogu...
[06:21:57]        [2] https://images.jdmagicbox.com/comp/kozhikode/a1/0495px495.x495.210825115336.v6a1/catalogue...
[06:21:57]        [3] https://images.jdmagicbox.com/comp/kozhikode/a1/0495px495.x495.210825115336.v6a1/catalogue...
[06:21:58]   [6] [IMG] Biryani house | +(91)-7025966937 | 9 photos
[06:21:58]        [1] https://content.jdmagicbox.com/comp/kasaragod/g9/9999p4994.4994.190817061424.b9g9/catalogu...
[06:21:58]        [2] https://images.jdmagicbox.com/comp/kasaragod/g9/9999p4994.4994.190817061424.b9g9/catalogue...
[06:21:58]        [3] https://images.jdmagicbox.com/comp/kasaragod/g9/9999p4994.4994.190817061424.b9g9/catalogue...
[06:21:58]   [7] [IMG] Vitamin Bbq Corner Family Restaurant & Tourist Restaurant | +(91)-8593909067 | 9 photos
[06:21:58]        [1] https://content.jdmagicbox.com/comp/kozhikode/q7/0495px495.x495.200205224512.v2q7/catalogu...
[06:21:58]        [2] https://images.jdmagicbox.com/comp/kozhikode/q7/0495px495.x495.200205224512.v2q7/catalogue...
[06:21:58]        [3] https://images.jdmagicbox.com/comp/kozhikode/q7/0495px495.x495.200205224512.v2q7/catalogue...
[06:21:59]   [8] [IMG] Clock Tower Restaurant | +(91)-7947190542 | 9 photos
[06:21:59]        [1] https://content.jdmagicbox.com/comp/kozhikode/i7/0495px495.x495.211016160058.h8i7/catalogu...
[06:21:59]        [2] https://images.jdmagicbox.com/comp/kozhikode/i7/0495px495.x495.211016160058.h8i7/catalogue...
[06:21:59]        [3] https://images.jdmagicbox.com/comp/kozhikode/i7/0495px495.x495.211016160058.h8i7/catalogue...
[06:22:00]   [9] [IMG] Clock Tower Restaurant | +(91)-8401686359 | 9 photos
[06:22:00]        [1] https://content.jdmagicbox.com/comp/kozhikode/i1/0495px495.x495.210415170354.s8i1/catalogu...
[06:22:00]        [2] https://images.jdmagicbox.com/comp/kozhikode/i1/0495px495.x495.210415170354.s8i1/catalogue...
[06:22:00]        [3] https://images.jdmagicbox.com/comp/kozhikode/i1/0495px495.x495.210415170354.s8i1/catalogue...
[06:22:00]   [10] [IMG] Umami eats | +(91)-7994527434 | 5 photos
[06:22:00]        [1] https://content.jdmagicbox.com/comp/kozhikode/q5/0495px495.x495.181107095251.z7q5/catalogu...
[06:22:00]        [2] https://images.jdmagicbox.com/comp/kozhikode/q5/0495px495.x495.181107095251.z7q5/catalogue...
[06:22:00]        [3] https://images.jdmagicbox.com/comp/kozhikode/q5/0495px495.x495.181107095251.z7q5/catalogue...
[06:22:05] 
==========================================
[06:22:05] [*] Scraping target 16/40: Peravoor
[06:22:05] ==========================================
[06:22:05] ? Found 100 total Fried Chicken Delivery Restaurants in Peravoor.
[06:22:05]   Scraping page 1 (got 10 results)...
[06:22:05]   Checking page 2 for the next batch...
[06:22:05]   [1] [IMG] WESTBURG DARMASHALA | +(91)-7411790657 | 7 photos
[06:22:05]        [1] https://content.jdmagicbox.com/v2/comp/kannur/z9/9999px497.x497.250712160334.d1z9/catalogu...
[06:22:05]        [2] https://images.jdmagicbox.com/v2/comp/kannur/z9/9999px497.x497.250712160334.d1z9/catalogue...
[06:22:05]        [3] https://images.jdmagicbox.com/v2/comp/kannur/z9/9999px497.x497.250712160334.d1z9/catalogue...
[06:22:06]   [2] [IMG] Jesna Lunch Room | +(91)-9605683147 | 7 photos
[06:22:06]        [1] https://content.jdmagicbox.com/comp/kannur/f2/9999px497.x497.190220121951.z4f2/catalogue/j...
[06:22:06]        [2] https://images.jdmagicbox.com/comp/kannur/f2/9999px497.x497.190220121951.z4f2/catalogue/je...
[06:22:06]        [3] https://images.jdmagicbox.com/comp/kannur/f2/9999px497.x497.190220121951.z4f2/catalogue/je...
[06:22:06]   [3] [IMG] Chikeys | +(91)-9895131123 | 9 photos
[06:22:06]        [1] https://content.jdmagicbox.com/comp/def_content_category/chikeys/121050718-333489939663650...
[06:22:06]        [2] https://images.jdmagicbox.com/comp/def_content_category/chikeys/121050718-3334899396636500...
[06:22:06]        [3] https://images.jdmagicbox.com/comp/def_content_category/chikeys/86689044-2704886126304500-...
[06:22:07]   [4] [IMG] Rooster Fried & Grill | +(91)-8113001100 | 9 photos
[06:22:07]        [1] https://content.jdmagicbox.com/comp/kannur/v3/9999px497.x497.190517204357.c5v3/catalogue/r...
[06:22:07]        [2] https://images.jdmagicbox.com/comp/kannur/v3/9999px497.x497.190517204357.c5v3/catalogue/ro...
[06:22:07]        [3] https://images.jdmagicbox.com/comp/kannur/v3/9999px497.x497.190517204357.c5v3/catalogue/ro...
[06:22:08]   [5] [IMG] Hotel Green Park | +(91)-9447850097 | 9 photos
[06:22:08]        [1] https://content.jdmagicbox.com/comp/kannur/n5/9999px497.x497.171001155450.e6n5/catalogue/h...
[06:22:08]        [2] https://images.jdmagicbox.com/comp/kannur/n5/9999px497.x497.171001155450.e6n5/catalogue/ho...
[06:22:08]        [3] https://images.jdmagicbox.com/v2/comp/kannur/n5/9999px497.x497.171001155450.e6n5/catalogue...
[06:22:08]   [6] [IMG] Wimbies Restaurant And Fried Chicken | +(91)-9895868789 | 7 photos
[06:22:08]        [1] https://content.jdmagicbox.com/comp/kannur/u9/9999px497.x497.170607163909.z1u9/catalogue/w...
[06:22:08]        [2] https://images.jdmagicbox.com/comp/kannur/u9/9999px497.x497.170607163909.z1u9/catalogue/wi...
[06:22:08]        [3] https://images.jdmagicbox.com/comp/kannur/u9/9999px497.x497.170607163909.z1u9/catalogue/wi...
[06:22:09]   [7] [IMG] Go Ggrll Chokli | +(91)-9747217717 | 9 photos
[06:22:09]        [1] https://content.jdmagicbox.com/v2/comp/kannur/f8/9999px497.x497.230224144441.a3f8/catalogu...
[06:22:09]        [2] https://images.jdmagicbox.com/v2/comp/kannur/f8/9999px497.x497.230224144441.a3f8/catalogue...
[06:22:09]        [3] https://images.jdmagicbox.com/v2/comp/kannur/f8/9999px497.x497.230224144441.a3f8/catalogue...
[06:22:09]   [8] [IMG] Chilly Hut | +(91)-8330057833 | 9 photos
[06:22:09]        [1] https://content.jdmagicbox.com/comp/kannur/b1/9999px497.x497.210226155456.l3b1/catalogue/c...
[06:22:09]        [2] https://images.jdmagicbox.com/comp/kannur/b1/9999px497.x497.210226155456.l3b1/catalogue/ch...
[06:22:09]        [3] https://images.jdmagicbox.com/v2/comp/kannur/b1/9999px497.x497.210226155456.l3b1/catalogue...
[06:22:10]   [9] [IMG] Afc American Fried Chicken Restaurant | +(91)-7373162111 | 9 photos
[06:22:10]        [1] https://content.jdmagicbox.com/comp/kannur/j3/9999px497.x497.220421184400.b5j3/catalogue/a...
[06:22:10]        [2] https://images.jdmagicbox.com/comp/kannur/j3/9999px497.x497.220421184400.b5j3/catalogue/af...
[06:22:10]        [3] https://images.jdmagicbox.com/comp/kannur/j3/9999px497.x497.220421184400.b5j3/catalogue/af...
[06:22:11]   [10] [IMG] Vkp S Cafe | +(91)-6235555112 | 9 photos
[06:22:11]        [1] https://content.jdmagicbox.com/v2/comp/kannur/u7/9999px497.x497.200107121359.c2u7/catalogu...
[06:22:11]        [2] https://images.jdmagicbox.com/v2/comp/kannur/u7/9999px497.x497.200107121359.c2u7/catalogue...
[06:22:11]        [3] https://images.jdmagicbox.com/v2/comp/kannur/u7/9999px497.x497.200107121359.c2u7/catalogue...
[06:22:13]   Scraping page 2 (got 10 results)...
[06:22:13]   Checking page 3 for the next batch...
[06:22:13]   [1] [IMG] COCO CABANE CAFE | +(91)-8590090726 | 9 photos
[06:22:13]        [1] https://content.jdmagicbox.com/comp/kannur/t6/9999px497.x497.220728192535.f5t6/catalogue/c...
[06:22:13]        [2] https://images.jdmagicbox.com/comp/kannur/t6/9999px497.x497.220728192535.f5t6/catalogue/co...
[06:22:13]        [3] https://images.jdmagicbox.com/comp/kannur/t6/9999px497.x497.220728192535.f5t6/catalogue/co...
[06:22:13]   [2] [IMG] Arabian Grill | +(91)-9544400048 | 9 photos
[06:22:13]        [1] https://content.jdmagicbox.com/comp/kannur/y4/9999px497.x497.170926210343.p8y4/catalogue/a...
[06:22:13]        [2] https://images.jdmagicbox.com/comp/kannur/y4/9999px497.x497.170926210343.p8y4/catalogue/ar...
[06:22:13]        [3] https://images.jdmagicbox.com/comp/kannur/y4/9999px497.x497.170926210343.p8y4/catalogue/ar...
[06:22:14]   [3] [IMG] The Indian Express Superfast Restaurant | +(91)-8301009050 | 9 photos
[06:22:14]        [1] https://content.jdmagicbox.com/comp/kannur/e5/9999px497.x497.200106181231.h5e5/catalogue/t...
[06:22:14]        [2] https://images.jdmagicbox.com/comp/kannur/e5/9999px497.x497.200106181231.h5e5/catalogue/th...
[06:22:14]        [3] https://images.jdmagicbox.com/comp/kannur/e5/9999px497.x497.200106181231.h5e5/catalogue/th...
[06:22:14]   [4] [IMG] American Fried Chicken | +(91)-7592044544 | 7 photos
[06:22:14]        [1] https://content.jdmagicbox.com/comp/kannur/h5/9999px497.x497.220107164349.v8h5/catalogue/-...
[06:22:14]        [2] https://images.jdmagicbox.com/comp/kannur/h5/9999px497.x497.220107164349.v8h5/catalogue/-v...
[06:22:14]        [3] https://images.jdmagicbox.com/comp/kannur/h5/9999px497.x497.220107164349.v8h5/catalogue/-a...
[06:22:15]   [5] [IMG] Hfc Fried Chicken | +(91)-7902898916 | 9 photos
[06:22:15]        [1] https://content.jdmagicbox.com/comp/kannur/y5/9999px497.x497.230328181354.g1y5/catalogue/h...
[06:22:15]        [2] https://images.jdmagicbox.com/comp/kannur/y5/9999px497.x497.230328181354.g1y5/catalogue/hf...
[06:22:15]        [3] https://images.jdmagicbox.com/v2/comp/kannur/y5/9999px497.x497.230328181354.g1y5/catalogue...
[06:22:15]   [6] [IMG] BURNO FRIED | +(91)-9961480764 | 6 photos
[06:22:15]        [1] https://content.jdmagicbox.com/v2/comp/kannur/h2/9999px497.x497.250809213421.y6h2/catalogu...
[06:22:15]        [2] https://images.jdmagicbox.com/v2/comp/kannur/h2/9999px497.x497.250809213421.y6h2/catalogue...
[06:22:15]        [3] https://images.jdmagicbox.com/v2/comp/kannur/h2/9999px497.x497.250809213421.y6h2/catalogue...
[06:22:16]   [7] [IMG] Hotel New Delhi | +(91)-9744866841 | 4 photos
[06:22:16]        [1] https://content.jdmagicbox.com/comp/def_content_category/south-indian-restaurants/new-dish...
[06:22:16]        [2] https://images.jdmagicbox.com/comp/def_content_category/south-indian-restaurants/new-dish-...
[06:22:16]        [3] https://images.jdmagicbox.com/comp/def_content_category/south-indian-restaurants/new-dish-...
[06:22:17]   [8] [IMG] TFC TURKISH FRIED CHICKEN CHAKKARAKKAL | +(91)-8301867300 | 9 photos
[06:22:17]        [1] https://content.jdmagicbox.com/comp/kannur/n6/9999px497.x497.240121190829.e4n6/catalogue/t...
[06:22:17]        [2] https://images.jdmagicbox.com/comp/kannur/n6/9999px497.x497.240121190829.e4n6/catalogue/tf...
[06:22:17]        [3] https://images.jdmagicbox.com/comp/kannur/n6/9999px497.x497.240121190829.e4n6/catalogue/tf...
[06:22:18]   [9] [IMG] American Fried Chicken Pilathara | +(91)-8714759722 | 4 photos
[06:22:18]        [1] https://content.jdmagicbox.com/comp/kannur/g4/9999px497.x497.221019124021.h2g4/catalogue/a...
[06:22:18]        [2] https://images.jdmagicbox.com/comp/kannur/g4/9999px497.x497.221019124021.h2g4/catalogue/am...
[06:22:18]        [3] https://images.jdmagicbox.com/comp/kannur/g4/9999px497.x497.221019124021.h2g4/catalogue/am...
[06:22:18]   [10] [IMG] Chicking Fried Chicken (Kannur Mall) | +(91)-9744480000 | 9 photos
[06:22:18]        [1] https://content.jdmagicbox.com/comp/def_content_category/chicking-fried-chicken-11985242-m...
[06:22:18]        [2] https://images.jdmagicbox.com/comp/def_content_category/chicking-fried-chicken-11985242-mz...
[06:22:18]        [3] https://images.jdmagicbox.com/comp/def_content_category/chicking-fried-chicken/chicking-fr...
[06:22:22]   Scraping page 3 (got 10 results)...
[06:22:22]   Checking page 4 for the next batch...
[06:22:22]   [1] [IMG] Nks Chicken |  | 6 photos
[06:22:22]        [1] https://content.jdmagicbox.com/comp/kannur/k3/9999px497.x497.191212134539.x7k3/catalogue/n...
[06:22:22]        [2] https://images.jdmagicbox.com/comp/kannur/k3/9999px497.x497.191212134539.x7k3/catalogue/nk...
[06:22:22]        [3] https://images.jdmagicbox.com/comp/kannur/k3/9999px497.x497.191212134539.x7k3/catalogue/nk...
[06:22:22]   [2] [IMG] Jubilee Restaurant | +(91)-9526366382 | 2 photos
[06:22:22]        [1] https://content.jdmagicbox.com/comp/def_content/buffet-restaurants/buffet-restaurants7-buf...
[06:22:22]        [2] https://images.jdmagicbox.com/comp/def_content/buffet-restaurants/buffet-restaurants7-buff...
[06:22:23]   [3] [IMG] Lebanese |  | 9 photos
[06:22:23]        [1] https://content.jdmagicbox.com/comp/kannur/q2/9999px497.x497.181103164105.u9q2/catalogue/l...
[06:22:23]        [2] https://images.jdmagicbox.com/comp/kannur/q2/9999px497.x497.181103164105.u9q2/catalogue/le...
[06:22:23]        [3] https://images.jdmagicbox.com/comp/kannur/q2/9999px497.x497.181103164105.u9q2/catalogue/le...
[06:22:24]   [4] [IMG] Volga Chef | +(91)-7907722050 | 9 photos
[06:22:24]        [1] https://content.jdmagicbox.com/comp/kannur/e6/9999px497.x497.220210163401.x2e6/catalogue/-...
[06:22:24]        [2] https://images.jdmagicbox.com/comp/kannur/e6/9999px497.x497.220210163401.x2e6/catalogue/-h...
[06:22:24]        [3] https://images.jdmagicbox.com/comp/kannur/e6/9999px497.x497.220210163401.x2e6/catalogue/-2...
[06:22:24]   [5] [IMG] RAK | +(91)-6235101101 | 9 photos
[06:22:24]        [1] https://content.jdmagicbox.com/comp/kasaragod/g9/9999p4994.4994.210127203131.f2g9/catalogu...
[06:22:24]        [2] https://images.jdmagicbox.com/comp/kasaragod/g9/9999p4994.4994.210127203131.f2g9/catalogue...
[06:22:24]        [3] https://images.jdmagicbox.com/comp/kasaragod/g9/9999p4994.4994.210127203131.f2g9/catalogue...
[06:22:25]   [6] [IMG] Chikeys | +(91)-8606131123 | 9 photos
[06:22:25]        [1] https://content.jdmagicbox.com/comp/kozhikode/y3/0495px495.x495.190525032936.x5y3/catalogu...
[06:22:25]        [2] https://images.jdmagicbox.com/comp/kozhikode/y3/0495px495.x495.190525032936.x5y3/catalogue...
[06:22:25]        [3] https://images.jdmagicbox.com/comp/kozhikode/y3/0495px495.x495.190525032936.x5y3/catalogue...
[06:22:25]   [7] [IMG] Chicking Fried Chicken | +(91)-7736067817 | 9 photos
[06:22:25]        [1] https://content.jdmagicbox.com/comp/def_content_category/chicking-fried-chicken/chicking-f...
[06:22:25]        [2] https://images.jdmagicbox.com/comp/def_content_category/chicking-fried-chicken/chicking-fr...
[06:22:25]        [3] https://images.jdmagicbox.com/comp/def_content_category/chicking-fried-chicken-11985242-mz...
[06:22:26]   [8] [IMG] MFC Fried & Arabic | +(91)-8075029408 | 9 photos
[06:22:26]        [1] https://content.jdmagicbox.com/comp/kasaragod/f1/9999p4994.4994.171009202643.v4f1/catalogu...
[06:22:26]        [2] https://images.jdmagicbox.com/comp/kasaragod/f1/9999p4994.4994.171009202643.v4f1/catalogue...
[06:22:26]        [3] https://images.jdmagicbox.com/comp/kasaragod/f1/9999p4994.4994.171009202643.v4f1/catalogue...
[06:22:26]   [9] [IMG] Oryx Village | +(91)-8488918253 | 9 photos
[06:22:26]        [1] https://content.jdmagicbox.com/comp/kasaragod/d5/9999p4994.4994.180609125522.s4d5/catalogu...
[06:22:26]        [2] https://images.jdmagicbox.com/comp/kasaragod/d5/9999p4994.4994.180609125522.s4d5/catalogue...
[06:22:26]        [3] https://images.jdmagicbox.com/comp/kasaragod/d5/9999p4994.4994.180609125522.s4d5/catalogue...
[06:22:27]   [10] [IMG] AFC | +(91)-7012677537 | 5 photos
[06:22:27]        [1] https://content.jdmagicbox.com/comp/kozhikode/l5/0495px495.x495.211203141452.z3l5/catalogu...
[06:22:27]        [2] https://images.jdmagicbox.com/comp/kozhikode/l5/0495px495.x495.211203141452.z3l5/catalogue...
[06:22:27]        [3] https://images.jdmagicbox.com/comp/kozhikode/l5/0495px495.x495.211203141452.z3l5/catalogue...
[06:22:29]   Scraping page 4 (got 10 results)...
[06:22:29]   Checking page 5 for the next batch...
[06:22:29]   [1] [IMG] Golden Dine Family Restaurant | +(91)-9567302261 | 8 photos
[06:22:29]        [1] https://content.jdmagicbox.com/comp/kasaragod/e3/9999p4994.4994.181212142924.v8e3/catalogu...
[06:22:29]        [2] https://images.jdmagicbox.com/comp/kasaragod/e3/9999p4994.4994.181212142924.v8e3/catalogue...
[06:22:29]        [3] https://images.jdmagicbox.com/comp/kasaragod/e3/9999p4994.4994.181212142924.v8e3/catalogue...
[06:22:30]   [2] [IMG] Max Food | +(91)-9483340844 | 9 photos
[06:22:30]        [1] https://content.jdmagicbox.com/v2/comp/coorg/b2/9999p8272.8272.240715141211.c2b2/catalogue...
[06:22:30]        [2] https://images.jdmagicbox.com/v2/comp/coorg/b2/9999p8272.8272.240715141211.c2b2/catalogue/...
[06:22:30]        [3] https://images.jdmagicbox.com/v2/comp/coorg/b2/9999p8272.8272.240715141211.c2b2/catalogue/...
[06:22:30]   [3] [IMG] MADADA SOLUTION PVT LTD | +(91)-7221001003 | 9 photos
[06:22:30]        [1] https://content.jdmagicbox.com/comp/kozhikode/j2/0495px495.x495.230103175828.d9j2/catalogu...
[06:22:30]        [2] https://images.jdmagicbox.com/comp/kozhikode/j2/0495px495.x495.230103175828.d9j2/catalogue...
[06:22:30]        [3] https://images.jdmagicbox.com/comp/kozhikode/j2/0495px495.x495.230103175828.d9j2/catalogue...
[06:22:31]   [4] [IMG] Casaro Cafe | +(91)-9744772677 | 5 photos
[06:22:31]        [1] https://content.jdmagicbox.com/comp/kasaragod/v7/9999p4994.4994.220615225521.k2v7/catalogu...
[06:22:31]        [2] https://images.jdmagicbox.com/comp/kasaragod/v7/9999p4994.4994.220615225521.k2v7/catalogue...
[06:22:31]        [3] https://images.jdmagicbox.com/comp/kasaragod/v7/9999p4994.4994.220615225521.k2v7/catalogue...
[06:22:32]   [5] [IMG] Shawaya House Restaurant | +(91)-9539058080 | 9 photos
[06:22:32]        [1] https://content.jdmagicbox.com/comp/wayanad/m3/9999p4936.4936.230912223231.a8m3/catalogue/...
[06:22:32]        [2] https://images.jdmagicbox.com/comp/wayanad/m3/9999p4936.4936.230912223231.a8m3/catalogue/s...
[06:22:32]        [3] https://images.jdmagicbox.com/comp/wayanad/m3/9999p4936.4936.230912223231.a8m3/catalogue/s...
[06:22:32]   [6] [IMG] Quality Restaurant and Bakes | +(91)-9207300666 | 9 photos
[06:22:32]        [1] https://content.jdmagicbox.com/comp/kasaragod/r7/9999p4994.4994.170426102508.c8r7/catalogu...
[06:22:32]        [2] https://images.jdmagicbox.com/comp/kasaragod/r7/9999p4994.4994.170426102508.c8r7/catalogue...
[06:22:32]        [3] https://images.jdmagicbox.com/comp/bekal/r7/9999p4994.4994.170426102508.c8r7/catalogue/qua...
[06:22:33]   [7] [IMG] CFC Canadian Fried Chicken | +(91)-8123223715 | 5 photos
[06:22:33]        [1] https://content.jdmagicbox.com/comp/coorg/b9/9999p8272.8272.221217154654.x6b9/catalogue/-a...
[06:22:33]        [2] https://images.jdmagicbox.com/comp/coorg/b9/9999p8272.8272.221217154654.x6b9/catalogue/-a1...
[06:22:33]        [3] https://images.jdmagicbox.com/comp/coorg/b9/9999p8272.8272.221217154654.x6b9/catalogue/-ed...
[06:22:33]   [8] [IMG] Coffee Bare | +(91)-9656003252 | 9 photos
[06:22:33]        [1] https://content.jdmagicbox.com/comp/kasaragod/g9/9999p4994.4994.171211225040.i9g9/catalogu...
[06:22:33]        [2] https://images.jdmagicbox.com/comp/kasaragod/g9/9999p4994.4994.171211225040.i9g9/catalogue...
[06:22:33]        [3] https://images.jdmagicbox.com/comp/kasaragod/x3/pwfl1513010940g5d5x3/catalogue/coffee-bare...
[06:22:34]   [9] [IMG] Gama Kitchen | +(91)-8086310000 | 9 photos
[06:22:34]        [1] https://content.jdmagicbox.com/comp/kozhikode/s5/0495px495.x495.190810180742.q5s5/catalogu...
[06:22:34]        [2] https://images.jdmagicbox.com/comp/kozhikode/s5/0495px495.x495.190810180742.q5s5/catalogue...
[06:22:34]        [3] https://images.jdmagicbox.com/comp/kozhikode/s5/0495px495.x495.190810180742.q5s5/catalogue...
[06:22:34]   [10] [IMG] Sullias Eating Spot | +(91)-8142607082 | 5 photos
[06:22:34]        [1] https://content.jdmagicbox.com/comp/mangalore/v5/0824px824.x824.230106212525.l3v5/catalogu...
[06:22:34]        [2] https://images.jdmagicbox.com/comp/mangalore/v5/0824px824.x824.230106212525.l3v5/catalogue...
[06:22:34]        [3] https://images.jdmagicbox.com/comp/mangalore/v5/0824px824.x824.230106212525.l3v5/catalogue...
[06:22:36]   Scraping page 5 (got 10 results)...
[06:22:36]   Checking page 6 for the next batch...
[06:22:36]   [1] [IMG] Kuruva Family Restaurant | +(91)-8921536987 | 9 photos
[06:22:36]        [1] https://content.jdmagicbox.com/comp/wayanad/c1/9999p4936.4936.191203162722.c9c1/catalogue/...
[06:22:36]        [2] https://images.jdmagicbox.com/comp/wayanad/c1/9999p4936.4936.191203162722.c9c1/catalogue/k...
[06:22:36]        [3] https://images.jdmagicbox.com/comp/wayanad/c1/9999p4936.4936.191203162722.c9c1/catalogue/k...
[06:22:37]   [2] [IMG] LSJ CHICKEN | +(91)-9037911212 | 9 photos
[06:22:37]        [1] https://content.jdmagicbox.com/comp/kozhikode/d5/0495px495.x495.240325111357.y2d5/catalogu...
[06:22:37]        [2] https://images.jdmagicbox.com/comp/kozhikode/d5/0495px495.x495.240325111357.y2d5/catalogue...
[06:22:37]        [3] https://images.jdmagicbox.com/v2/comp/kozhikode/d5/0495px495.x495.240325111357.y2d5/catalo...
[06:22:37]   [3] [IMG] Fry Ville | +(91)-7994089339 | 8 photos
[06:22:37]        [1] https://content.jdmagicbox.com/comp/kozhikode/r5/0495px495.x495.240426193218.v8r5/catalogu...
[06:22:37]        [2] https://images.jdmagicbox.com/comp/kozhikode/r5/0495px495.x495.240426193218.v8r5/catalogue...
[06:22:37]        [3] https://images.jdmagicbox.com/v2/comp/kozhikode/r5/0495px495.x495.240426193218.v8r5/catalo...
[06:22:38]   [4] [IMG] Kadav Cafe | +(91)-7902791347 | 9 photos
[06:22:38]        [1] https://content.jdmagicbox.com/comp/wayanad/k8/9999p4936.4936.210505154047.l1k8/catalogue/...
[06:22:38]        [2] https://images.jdmagicbox.com/comp/wayanad/k8/9999p4936.4936.210505154047.l1k8/catalogue/p...
[06:22:38]        [3] https://images.jdmagicbox.com/comp/wayanad/k8/9999p4936.4936.210505154047.l1k8/catalogue/p...
[06:22:38]   [5] [IMG] AM 2 PM | +(91)-8281221562 | 9 photos
[06:22:38]        [1] https://content.jdmagicbox.com/comp/kozhikode/a1/0495px495.x495.210825115336.v6a1/catalogu...
[06:22:38]        [2] https://images.jdmagicbox.com/comp/kozhikode/a1/0495px495.x495.210825115336.v6a1/catalogue...
[06:22:38]        [3] https://images.jdmagicbox.com/comp/kozhikode/a1/0495px495.x495.210825115336.v6a1/catalogue...
[06:22:39]   [6] [IMG] Biryani house | +(91)-7025966937 | 9 photos
[06:22:39]        [1] https://content.jdmagicbox.com/comp/kasaragod/g9/9999p4994.4994.190817061424.b9g9/catalogu...
[06:22:39]        [2] https://images.jdmagicbox.com/comp/kasaragod/g9/9999p4994.4994.190817061424.b9g9/catalogue...
[06:22:39]        [3] https://images.jdmagicbox.com/comp/kasaragod/g9/9999p4994.4994.190817061424.b9g9/catalogue...
[06:22:39]   [7] [IMG] Vitamin Bbq Corner Family Restaurant & Tourist Restaurant | +(91)-8593909067 | 9 photos
[06:22:39]        [1] https://content.jdmagicbox.com/comp/kozhikode/q7/0495px495.x495.200205224512.v2q7/catalogu...
[06:22:39]        [2] https://images.jdmagicbox.com/comp/kozhikode/q7/0495px495.x495.200205224512.v2q7/catalogue...
[06:22:39]        [3] https://images.jdmagicbox.com/comp/kozhikode/q7/0495px495.x495.200205224512.v2q7/catalogue...
[06:22:40]   [8] [IMG] Clock Tower Restaurant | +(91)-7947190542 | 9 photos
[06:22:40]        [1] https://content.jdmagicbox.com/comp/kozhikode/i7/0495px495.x495.211016160058.h8i7/catalogu...
[06:22:40]        [2] https://images.jdmagicbox.com/comp/kozhikode/i7/0495px495.x495.211016160058.h8i7/catalogue...
[06:22:40]        [3] https://images.jdmagicbox.com/comp/kozhikode/i7/0495px495.x495.211016160058.h8i7/catalogue...
[06:22:40]   [9] [IMG] Clock Tower Restaurant | +(91)-8401686359 | 9 photos
[06:22:40]        [1] https://content.jdmagicbox.com/comp/kozhikode/i1/0495px495.x495.210415170354.s8i1/catalogu...
[06:22:40]        [2] https://images.jdmagicbox.com/comp/kozhikode/i1/0495px495.x495.210415170354.s8i1/catalogue...
[06:22:40]        [3] https://images.jdmagicbox.com/comp/kozhikode/i1/0495px495.x495.210415170354.s8i1/catalogue...
[06:22:41]   [10] [IMG] Umami eats | +(91)-7994527434 | 5 photos
[06:22:41]        [1] https://content.jdmagicbox.com/comp/kozhikode/q5/0495px495.x495.181107095251.z7q5/catalogu...
[06:22:41]        [2] https://images.jdmagicbox.com/comp/kozhikode/q5/0495px495.x495.181107095251.z7q5/catalogue...
[06:22:41]        [3] https://images.jdmagicbox.com/comp/kozhikode/q5/0495px495.x495.181107095251.z7q5/catalogue...
[06:22:44] 
==========================================
[06:22:44] [*] Scraping target 17/40: Payyambalam Beach
[06:22:44] ==========================================
[06:22:45] ? Found 100 total Fried Chicken Delivery Restaurants in Payyambalam Beach.
[06:22:45]   Scraping page 1 (got 10 results)...
[06:22:45]   Checking page 2 for the next batch...
[06:22:45]   [1] [IMG] WESTBURG DARMASHALA | +(91)-7411790657 | 7 photos
[06:22:45]        [1] https://content.jdmagicbox.com/v2/comp/kannur/z9/9999px497.x497.250712160334.d1z9/catalogu...
[06:22:45]        [2] https://images.jdmagicbox.com/v2/comp/kannur/z9/9999px497.x497.250712160334.d1z9/catalogue...
[06:22:45]        [3] https://images.jdmagicbox.com/v2/comp/kannur/z9/9999px497.x497.250712160334.d1z9/catalogue...
[06:22:45]   [2] [IMG] Chikeys | +(91)-9895131123 | 9 photos
[06:22:45]        [1] https://content.jdmagicbox.com/comp/def_content_category/chikeys/121050718-333489939663650...
[06:22:45]        [2] https://images.jdmagicbox.com/comp/def_content_category/chikeys/121050718-3334899396636500...
[06:22:45]        [3] https://images.jdmagicbox.com/comp/def_content_category/chikeys/86689044-2704886126304500-...
[06:22:46]   [3] [IMG] Jesna Lunch Room | +(91)-9605683147 | 7 photos
[06:22:46]        [1] https://content.jdmagicbox.com/comp/kannur/f2/9999px497.x497.190220121951.z4f2/catalogue/j...
[06:22:46]        [2] https://images.jdmagicbox.com/comp/kannur/f2/9999px497.x497.190220121951.z4f2/catalogue/je...
[06:22:46]        [3] https://images.jdmagicbox.com/comp/kannur/f2/9999px497.x497.190220121951.z4f2/catalogue/je...
[06:22:47]   [4] [IMG] Afc American Fried Chicken Restaurant | +(91)-7373162111 | 9 photos
[06:22:47]        [1] https://content.jdmagicbox.com/comp/kannur/j3/9999px497.x497.220421184400.b5j3/catalogue/a...
[06:22:47]        [2] https://images.jdmagicbox.com/comp/kannur/j3/9999px497.x497.220421184400.b5j3/catalogue/af...
[06:22:47]        [3] https://images.jdmagicbox.com/comp/kannur/j3/9999px497.x497.220421184400.b5j3/catalogue/af...
[06:22:48]   [5] [IMG] Go Ggrll Chokli | +(91)-9747217717 | 9 photos
[06:22:48]        [1] https://content.jdmagicbox.com/v2/comp/kannur/f8/9999px497.x497.230224144441.a3f8/catalogu...
[06:22:48]        [2] https://images.jdmagicbox.com/v2/comp/kannur/f8/9999px497.x497.230224144441.a3f8/catalogue...
[06:22:48]        [3] https://images.jdmagicbox.com/v2/comp/kannur/f8/9999px497.x497.230224144441.a3f8/catalogue...
[06:22:48]   [6] [IMG] Vkp S Cafe | +(91)-6235555112 | 9 photos
[06:22:48]        [1] https://content.jdmagicbox.com/v2/comp/kannur/u7/9999px497.x497.200107121359.c2u7/catalogu...
[06:22:48]        [2] https://images.jdmagicbox.com/v2/comp/kannur/u7/9999px497.x497.200107121359.c2u7/catalogue...
[06:22:48]        [3] https://images.jdmagicbox.com/v2/comp/kannur/u7/9999px497.x497.200107121359.c2u7/catalogue...
[06:22:49]   [7] [IMG] Rooster Fried & Grill | +(91)-8113001100 | 9 photos
[06:22:49]        [1] https://content.jdmagicbox.com/comp/kannur/v3/9999px497.x497.190517204357.c5v3/catalogue/r...
[06:22:49]        [2] https://images.jdmagicbox.com/comp/kannur/v3/9999px497.x497.190517204357.c5v3/catalogue/ro...
[06:22:49]        [3] https://images.jdmagicbox.com/comp/kannur/v3/9999px497.x497.190517204357.c5v3/catalogue/ro...
[06:22:49]   [8] [IMG] Hfc Fried Chicken | +(91)-7902898916 | 9 photos
[06:22:49]        [1] https://content.jdmagicbox.com/comp/kannur/y5/9999px497.x497.230328181354.g1y5/catalogue/h...
[06:22:49]        [2] https://images.jdmagicbox.com/comp/kannur/y5/9999px497.x497.230328181354.g1y5/catalogue/hf...
[06:22:49]        [3] https://images.jdmagicbox.com/v2/comp/kannur/y5/9999px497.x497.230328181354.g1y5/catalogue...
[06:22:50]   [9] [IMG] Hotel Green Park | +(91)-9447850097 | 9 photos
[06:22:50]        [1] https://content.jdmagicbox.com/comp/kannur/n5/9999px497.x497.171001155450.e6n5/catalogue/h...
[06:22:50]        [2] https://images.jdmagicbox.com/comp/kannur/n5/9999px497.x497.171001155450.e6n5/catalogue/ho...
[06:22:50]        [3] https://images.jdmagicbox.com/v2/comp/kannur/n5/9999px497.x497.171001155450.e6n5/catalogue...
[06:22:50]   [10] [IMG] Arabian Grill | +(91)-9544400048 | 9 photos
[06:22:50]        [1] https://content.jdmagicbox.com/comp/kannur/y4/9999px497.x497.170926210343.p8y4/catalogue/a...
[06:22:50]        [2] https://images.jdmagicbox.com/comp/kannur/y4/9999px497.x497.170926210343.p8y4/catalogue/ar...
[06:22:50]        [3] https://images.jdmagicbox.com/comp/kannur/y4/9999px497.x497.170926210343.p8y4/catalogue/ar...
[06:22:53]   Scraping page 2 (got 10 results)...
[06:22:53]   Checking page 3 for the next batch...
[06:22:53]   [1] [IMG] Chilly Hut | +(91)-8330057833 | 9 photos
[06:22:53]        [1] https://content.jdmagicbox.com/comp/kannur/b1/9999px497.x497.210226155456.l3b1/catalogue/c...
[06:22:53]        [2] https://images.jdmagicbox.com/comp/kannur/b1/9999px497.x497.210226155456.l3b1/catalogue/ch...
[06:22:53]        [3] https://images.jdmagicbox.com/v2/comp/kannur/b1/9999px497.x497.210226155456.l3b1/catalogue...
[06:22:53]   [2] [IMG] Wimbies Restaurant And Fried Chicken | +(91)-9895868789 | 7 photos
[06:22:53]        [1] https://content.jdmagicbox.com/comp/kannur/u9/9999px497.x497.170607163909.z1u9/catalogue/w...
[06:22:53]        [2] https://images.jdmagicbox.com/comp/kannur/u9/9999px497.x497.170607163909.z1u9/catalogue/wi...
[06:22:53]        [3] https://images.jdmagicbox.com/comp/kannur/u9/9999px497.x497.170607163909.z1u9/catalogue/wi...
[06:22:54]   [3] [IMG] The Indian Express Superfast Restaurant | +(91)-8301009050 | 9 photos
[06:22:54]        [1] https://content.jdmagicbox.com/comp/kannur/e5/9999px497.x497.200106181231.h5e5/catalogue/t...
[06:22:54]        [2] https://images.jdmagicbox.com/comp/kannur/e5/9999px497.x497.200106181231.h5e5/catalogue/th...
[06:22:54]        [3] https://images.jdmagicbox.com/comp/kannur/e5/9999px497.x497.200106181231.h5e5/catalogue/th...
[06:22:54]   [4] [IMG] COCO CABANE CAFE | +(91)-8590090726 | 9 photos
[06:22:54]        [1] https://content.jdmagicbox.com/comp/kannur/t6/9999px497.x497.220728192535.f5t6/catalogue/c...
[06:22:54]        [2] https://images.jdmagicbox.com/comp/kannur/t6/9999px497.x497.220728192535.f5t6/catalogue/co...
[06:22:54]        [3] https://images.jdmagicbox.com/comp/kannur/t6/9999px497.x497.220728192535.f5t6/catalogue/co...
[06:22:55]   [5] [IMG] BURNO FRIED | +(91)-9961480764 | 6 photos
[06:22:55]        [1] https://content.jdmagicbox.com/v2/comp/kannur/h2/9999px497.x497.250809213421.y6h2/catalogu...
[06:22:55]        [2] https://images.jdmagicbox.com/v2/comp/kannur/h2/9999px497.x497.250809213421.y6h2/catalogue...
[06:22:55]        [3] https://images.jdmagicbox.com/v2/comp/kannur/h2/9999px497.x497.250809213421.y6h2/catalogue...
[06:22:55]   [6] [IMG] American Fried Chicken | +(91)-7592044544 | 7 photos
[06:22:55]        [1] https://content.jdmagicbox.com/comp/kannur/h5/9999px497.x497.220107164349.v8h5/catalogue/-...
[06:22:55]        [2] https://images.jdmagicbox.com/comp/kannur/h5/9999px497.x497.220107164349.v8h5/catalogue/-v...
[06:22:55]        [3] https://images.jdmagicbox.com/comp/kannur/h5/9999px497.x497.220107164349.v8h5/catalogue/-a...
[06:22:56]   [7] [IMG] TFC TURKISH FRIED CHICKEN CHAKKARAKKAL | +(91)-8301867300 | 9 photos
[06:22:56]        [1] https://content.jdmagicbox.com/comp/kannur/n6/9999px497.x497.240121190829.e4n6/catalogue/t...
[06:22:56]        [2] https://images.jdmagicbox.com/comp/kannur/n6/9999px497.x497.240121190829.e4n6/catalogue/tf...
[06:22:56]        [3] https://images.jdmagicbox.com/comp/kannur/n6/9999px497.x497.240121190829.e4n6/catalogue/tf...
[06:22:56]   [8] [IMG] Hotel New Delhi | +(91)-9744866841 | 4 photos
[06:22:56]        [1] https://content.jdmagicbox.com/comp/def_content_category/south-indian-restaurants/new-dish...
[06:22:56]        [2] https://images.jdmagicbox.com/comp/def_content_category/south-indian-restaurants/new-dish-...
[06:22:56]        [3] https://images.jdmagicbox.com/comp/def_content_category/south-indian-restaurants/new-dish-...
[06:22:57]   [9] [IMG] Chicking Fried Chicken (Kannur Mall) | +(91)-9744480000 | 9 photos
[06:22:57]        [1] https://content.jdmagicbox.com/comp/def_content_category/chicking-fried-chicken-11985242-m...
[06:22:57]        [2] https://images.jdmagicbox.com/comp/def_content_category/chicking-fried-chicken-11985242-mz...
[06:22:57]        [3] https://images.jdmagicbox.com/comp/def_content_category/chicking-fried-chicken/chicking-fr...
[06:22:58]   [10] [IMG] Jubilee Restaurant | +(91)-9526366382 | 2 photos
[06:22:58]        [1] https://content.jdmagicbox.com/comp/def_content/buffet-restaurants/buffet-restaurants7-buf...
[06:22:58]        [2] https://images.jdmagicbox.com/comp/def_content/buffet-restaurants/buffet-restaurants7-buff...
[06:23:00]   Scraping page 3 (got 10 results)...
[06:23:00]   Checking page 4 for the next batch...
[06:23:00]   [1] [IMG] Volga Chef | +(91)-7907722050 | 9 photos
[06:23:00]        [1] https://content.jdmagicbox.com/comp/kannur/e6/9999px497.x497.220210163401.x2e6/catalogue/-...
[06:23:00]        [2] https://images.jdmagicbox.com/comp/kannur/e6/9999px497.x497.220210163401.x2e6/catalogue/-h...
[06:23:00]        [3] https://images.jdmagicbox.com/comp/kannur/e6/9999px497.x497.220210163401.x2e6/catalogue/-2...
[06:23:01]   [2] [IMG] Nks Chicken |  | 6 photos
[06:23:01]        [1] https://content.jdmagicbox.com/comp/kannur/k3/9999px497.x497.191212134539.x7k3/catalogue/n...
[06:23:01]        [2] https://images.jdmagicbox.com/comp/kannur/k3/9999px497.x497.191212134539.x7k3/catalogue/nk...
[06:23:01]        [3] https://images.jdmagicbox.com/comp/kannur/k3/9999px497.x497.191212134539.x7k3/catalogue/nk...
[06:23:01]   [3] [IMG] Lebanese |  | 9 photos
[06:23:01]        [1] https://content.jdmagicbox.com/comp/kannur/q2/9999px497.x497.181103164105.u9q2/catalogue/l...
[06:23:01]        [2] https://images.jdmagicbox.com/comp/kannur/q2/9999px497.x497.181103164105.u9q2/catalogue/le...
[06:23:01]        [3] https://images.jdmagicbox.com/comp/kannur/q2/9999px497.x497.181103164105.u9q2/catalogue/le...
[06:23:02]   [4] [IMG] American Fried Chicken Pilathara | +(91)-8714759722 | 4 photos
[06:23:02]        [1] https://content.jdmagicbox.com/comp/kannur/g4/9999px497.x497.221019124021.h2g4/catalogue/a...
[06:23:02]        [2] https://images.jdmagicbox.com/comp/kannur/g4/9999px497.x497.221019124021.h2g4/catalogue/am...
[06:23:02]        [3] https://images.jdmagicbox.com/comp/kannur/g4/9999px497.x497.221019124021.h2g4/catalogue/am...
[06:23:02]   [5] [IMG] RAK | +(91)-6235101101 | 9 photos
[06:23:02]        [1] https://content.jdmagicbox.com/comp/kasaragod/g9/9999p4994.4994.210127203131.f2g9/catalogu...
[06:23:02]        [2] https://images.jdmagicbox.com/comp/kasaragod/g9/9999p4994.4994.210127203131.f2g9/catalogue...
[06:23:02]        [3] https://images.jdmagicbox.com/comp/kasaragod/g9/9999p4994.4994.210127203131.f2g9/catalogue...
[06:23:03]   [6] [IMG] Chikeys | +(91)-8606131123 | 9 photos
[06:23:03]        [1] https://content.jdmagicbox.com/comp/kozhikode/y3/0495px495.x495.190525032936.x5y3/catalogu...
[06:23:03]        [2] https://images.jdmagicbox.com/comp/kozhikode/y3/0495px495.x495.190525032936.x5y3/catalogue...
[06:23:03]        [3] https://images.jdmagicbox.com/comp/kozhikode/y3/0495px495.x495.190525032936.x5y3/catalogue...
[06:23:03]   [7] [IMG] Chicking Fried Chicken | +(91)-7736067817 | 9 photos
[06:23:03]        [1] https://content.jdmagicbox.com/comp/def_content_category/chicking-fried-chicken/chicking-f...
[06:23:03]        [2] https://images.jdmagicbox.com/comp/def_content_category/chicking-fried-chicken/chicking-fr...
[06:23:03]        [3] https://images.jdmagicbox.com/comp/def_content_category/chicking-fried-chicken-11985242-mz...
[06:23:04]   [8] [IMG] MFC Fried & Arabic | +(91)-8075029408 | 9 photos
[06:23:04]        [1] https://content.jdmagicbox.com/comp/kasaragod/f1/9999p4994.4994.171009202643.v4f1/catalogu...
[06:23:04]        [2] https://images.jdmagicbox.com/comp/kasaragod/f1/9999p4994.4994.171009202643.v4f1/catalogue...
[06:23:04]        [3] https://images.jdmagicbox.com/comp/kasaragod/f1/9999p4994.4994.171009202643.v4f1/catalogue...
[06:23:04]   [9] [IMG] Oryx Village | +(91)-8488918253 | 9 photos
[06:23:04]        [1] https://content.jdmagicbox.com/comp/kasaragod/d5/9999p4994.4994.180609125522.s4d5/catalogu...
[06:23:04]        [2] https://images.jdmagicbox.com/comp/kasaragod/d5/9999p4994.4994.180609125522.s4d5/catalogue...
[06:23:04]        [3] https://images.jdmagicbox.com/comp/kasaragod/d5/9999p4994.4994.180609125522.s4d5/catalogue...
[06:23:05]   [10] [IMG] AFC | +(91)-7012677537 | 5 photos
[06:23:05]        [1] https://content.jdmagicbox.com/comp/kozhikode/l5/0495px495.x495.211203141452.z3l5/catalogu...
[06:23:05]        [2] https://images.jdmagicbox.com/comp/kozhikode/l5/0495px495.x495.211203141452.z3l5/catalogue...
[06:23:05]        [3] https://images.jdmagicbox.com/comp/kozhikode/l5/0495px495.x495.211203141452.z3l5/catalogue...
[06:23:08]   Scraping page 4 (got 10 results)...
[06:23:08]   Checking page 5 for the next batch...
[06:23:08]   [1] [IMG] Golden Dine Family Restaurant | +(91)-9567302261 | 8 photos
[06:23:08]        [1] https://content.jdmagicbox.com/comp/kasaragod/e3/9999p4994.4994.181212142924.v8e3/catalogu...
[06:23:08]        [2] https://images.jdmagicbox.com/comp/kasaragod/e3/9999p4994.4994.181212142924.v8e3/catalogue...
[06:23:08]        [3] https://images.jdmagicbox.com/comp/kasaragod/e3/9999p4994.4994.181212142924.v8e3/catalogue...
[06:23:08]   [2] [IMG] Max Food | +(91)-9483340844 | 9 photos
[06:23:08]        [1] https://content.jdmagicbox.com/v2/comp/coorg/b2/9999p8272.8272.240715141211.c2b2/catalogue...
[06:23:08]        [2] https://images.jdmagicbox.com/v2/comp/coorg/b2/9999p8272.8272.240715141211.c2b2/catalogue/...
[06:23:08]        [3] https://images.jdmagicbox.com/v2/comp/coorg/b2/9999p8272.8272.240715141211.c2b2/catalogue/...
[06:23:09]   [3] [IMG] MADADA SOLUTION PVT LTD | +(91)-7221001003 | 9 photos
[06:23:09]        [1] https://content.jdmagicbox.com/comp/kozhikode/j2/0495px495.x495.230103175828.d9j2/catalogu...
[06:23:09]        [2] https://images.jdmagicbox.com/comp/kozhikode/j2/0495px495.x495.230103175828.d9j2/catalogue...
[06:23:09]        [3] https://images.jdmagicbox.com/comp/kozhikode/j2/0495px495.x495.230103175828.d9j2/catalogue...
[06:23:09]   [4] [IMG] Casaro Cafe | +(91)-9744772677 | 5 photos
[06:23:09]        [1] https://content.jdmagicbox.com/comp/kasaragod/v7/9999p4994.4994.220615225521.k2v7/catalogu...
[06:23:09]        [2] https://images.jdmagicbox.com/comp/kasaragod/v7/9999p4994.4994.220615225521.k2v7/catalogue...
[06:23:09]        [3] https://images.jdmagicbox.com/comp/kasaragod/v7/9999p4994.4994.220615225521.k2v7/catalogue...
[06:23:10]   [5] [IMG] Shawaya House Restaurant | +(91)-9539058080 | 9 photos
[06:23:10]        [1] https://content.jdmagicbox.com/comp/wayanad/m3/9999p4936.4936.230912223231.a8m3/catalogue/...
[06:23:10]        [2] https://images.jdmagicbox.com/comp/wayanad/m3/9999p4936.4936.230912223231.a8m3/catalogue/s...
[06:23:10]        [3] https://images.jdmagicbox.com/comp/wayanad/m3/9999p4936.4936.230912223231.a8m3/catalogue/s...
[06:23:10]   [6] [IMG] Quality Restaurant and Bakes | +(91)-9207300666 | 9 photos
[06:23:10]        [1] https://content.jdmagicbox.com/comp/kasaragod/r7/9999p4994.4994.170426102508.c8r7/catalogu...
[06:23:10]        [2] https://images.jdmagicbox.com/comp/kasaragod/r7/9999p4994.4994.170426102508.c8r7/catalogue...
[06:23:10]        [3] https://images.jdmagicbox.com/comp/bekal/r7/9999p4994.4994.170426102508.c8r7/catalogue/qua...
[06:23:11]   [7] [IMG] CFC Canadian Fried Chicken | +(91)-8123223715 | 5 photos
[06:23:11]        [1] https://content.jdmagicbox.com/comp/coorg/b9/9999p8272.8272.221217154654.x6b9/catalogue/-a...
[06:23:11]        [2] https://images.jdmagicbox.com/comp/coorg/b9/9999p8272.8272.221217154654.x6b9/catalogue/-a1...
[06:23:11]        [3] https://images.jdmagicbox.com/comp/coorg/b9/9999p8272.8272.221217154654.x6b9/catalogue/-ed...
[06:23:12]   [8] [IMG] Coffee Bare | +(91)-9656003252 | 9 photos
[06:23:12]        [1] https://content.jdmagicbox.com/comp/kasaragod/g9/9999p4994.4994.171211225040.i9g9/catalogu...
[06:23:12]        [2] https://images.jdmagicbox.com/comp/kasaragod/g9/9999p4994.4994.171211225040.i9g9/catalogue...
[06:23:12]        [3] https://images.jdmagicbox.com/comp/kasaragod/x3/pwfl1513010940g5d5x3/catalogue/coffee-bare...
[06:23:12]   [9] [IMG] Gama Kitchen | +(91)-8086310000 | 9 photos
[06:23:12]        [1] https://content.jdmagicbox.com/comp/kozhikode/s5/0495px495.x495.190810180742.q5s5/catalogu...
[06:23:12]        [2] https://images.jdmagicbox.com/comp/kozhikode/s5/0495px495.x495.190810180742.q5s5/catalogue...
[06:23:12]        [3] https://images.jdmagicbox.com/comp/kozhikode/s5/0495px495.x495.190810180742.q5s5/catalogue...
[06:23:13]   [10] [IMG] Sullias Eating Spot | +(91)-8142607082 | 5 photos
[06:23:13]        [1] https://content.jdmagicbox.com/comp/mangalore/v5/0824px824.x824.230106212525.l3v5/catalogu...
[06:23:13]        [2] https://images.jdmagicbox.com/comp/mangalore/v5/0824px824.x824.230106212525.l3v5/catalogue...
[06:23:13]        [3] https://images.jdmagicbox.com/comp/mangalore/v5/0824px824.x824.230106212525.l3v5/catalogue...
[06:23:15]   Scraping page 5 (got 10 results)...
[06:23:15]   Checking page 6 for the next batch...
[06:23:15]   [1] [IMG] Kuruva Family Restaurant | +(91)-8921536987 | 9 photos
[06:23:15]        [1] https://content.jdmagicbox.com/comp/wayanad/c1/9999p4936.4936.191203162722.c9c1/catalogue/...
[06:23:15]        [2] https://images.jdmagicbox.com/comp/wayanad/c1/9999p4936.4936.191203162722.c9c1/catalogue/k...
[06:23:15]        [3] https://images.jdmagicbox.com/comp/wayanad/c1/9999p4936.4936.191203162722.c9c1/catalogue/k...
[06:23:16]   [2] [IMG] LSJ CHICKEN | +(91)-9037911212 | 9 photos
[06:23:16]        [1] https://content.jdmagicbox.com/comp/kozhikode/d5/0495px495.x495.240325111357.y2d5/catalogu...
[06:23:16]        [2] https://images.jdmagicbox.com/comp/kozhikode/d5/0495px495.x495.240325111357.y2d5/catalogue...
[06:23:16]        [3] https://images.jdmagicbox.com/v2/comp/kozhikode/d5/0495px495.x495.240325111357.y2d5/catalo...
[06:23:16]   [3] [IMG] Fry Ville | +(91)-7994089339 | 8 photos
[06:23:16]        [1] https://content.jdmagicbox.com/comp/kozhikode/r5/0495px495.x495.240426193218.v8r5/catalogu...
[06:23:16]        [2] https://images.jdmagicbox.com/comp/kozhikode/r5/0495px495.x495.240426193218.v8r5/catalogue...
[06:23:16]        [3] https://images.jdmagicbox.com/v2/comp/kozhikode/r5/0495px495.x495.240426193218.v8r5/catalo...
[06:23:17]   [4] [IMG] Kadav Cafe | +(91)-7902791347 | 9 photos
[06:23:17]        [1] https://content.jdmagicbox.com/comp/wayanad/k8/9999p4936.4936.210505154047.l1k8/catalogue/...
[06:23:17]        [2] https://images.jdmagicbox.com/comp/wayanad/k8/9999p4936.4936.210505154047.l1k8/catalogue/p...
[06:23:17]        [3] https://images.jdmagicbox.com/comp/wayanad/k8/9999p4936.4936.210505154047.l1k8/catalogue/p...
[06:23:18]   [5] [IMG] AM 2 PM | +(91)-8281221562 | 9 photos
[06:23:18]        [1] https://content.jdmagicbox.com/comp/kozhikode/a1/0495px495.x495.210825115336.v6a1/catalogu...
[06:23:18]        [2] https://images.jdmagicbox.com/comp/kozhikode/a1/0495px495.x495.210825115336.v6a1/catalogue...
[06:23:18]        [3] https://images.jdmagicbox.com/comp/kozhikode/a1/0495px495.x495.210825115336.v6a1/catalogue...
[06:23:19]   [6] [IMG] Biryani house | +(91)-7025966937 | 9 photos
[06:23:19]        [1] https://content.jdmagicbox.com/comp/kasaragod/g9/9999p4994.4994.190817061424.b9g9/catalogu...
[06:23:19]        [2] https://images.jdmagicbox.com/comp/kasaragod/g9/9999p4994.4994.190817061424.b9g9/catalogue...
[06:23:19]        [3] https://images.jdmagicbox.com/comp/kasaragod/g9/9999p4994.4994.190817061424.b9g9/catalogue...
[06:23:27]   [7] [IMG] Vitamin Bbq Corner Family Restaurant & Tourist Restaurant | +(91)-8593909067 | 9 photos
[06:23:27]        [1] https://content.jdmagicbox.com/comp/kozhikode/q7/0495px495.x495.200205224512.v2q7/catalogu...
[06:23:27]        [2] https://images.jdmagicbox.com/comp/kozhikode/q7/0495px495.x495.200205224512.v2q7/catalogue...
[06:23:27]        [3] https://images.jdmagicbox.com/comp/kozhikode/q7/0495px495.x495.200205224512.v2q7/catalogue...
[06:23:27]   [8] [IMG] Clock Tower Restaurant | +(91)-7947190542 | 9 photos
[06:23:27]        [1] https://content.jdmagicbox.com/comp/kozhikode/i7/0495px495.x495.211016160058.h8i7/catalogu...
[06:23:27]        [2] https://images.jdmagicbox.com/comp/kozhikode/i7/0495px495.x495.211016160058.h8i7/catalogue...
[06:23:27]        [3] https://images.jdmagicbox.com/comp/kozhikode/i7/0495px495.x495.211016160058.h8i7/catalogue...
[06:23:28]   [9] [IMG] Clock Tower Restaurant | +(91)-8401686359 | 9 photos
[06:23:28]        [1] https://content.jdmagicbox.com/comp/kozhikode/i1/0495px495.x495.210415170354.s8i1/catalogu...
[06:23:28]        [2] https://images.jdmagicbox.com/comp/kozhikode/i1/0495px495.x495.210415170354.s8i1/catalogue...
[06:23:28]        [3] https://images.jdmagicbox.com/comp/kozhikode/i1/0495px495.x495.210415170354.s8i1/catalogue...
[06:23:28]   [10] [IMG] Umami eats | +(91)-7994527434 | 5 photos
[06:23:28]        [1] https://content.jdmagicbox.com/comp/kozhikode/q5/0495px495.x495.181107095251.z7q5/catalogu...
[06:23:28]        [2] https://images.jdmagicbox.com/comp/kozhikode/q5/0495px495.x495.181107095251.z7q5/catalogue...
[06:23:28]        [3] https://images.jdmagicbox.com/comp/kozhikode/q5/0495px495.x495.181107095251.z7q5/catalogue...
[06:23:33] 
==========================================
[06:23:33] [*] Scraping target 18/40: Pallikkunnu
[06:23:33] ==========================================
[06:23:33] ? Found 100 total Fried Chicken Delivery Restaurants in Pallikkunnu.
[06:23:33]   Scraping page 1 (got 10 results)...
[06:23:33]   Checking page 2 for the next batch...
[06:23:33]   [1] [IMG] WESTBURG DARMASHALA | +(91)-7411790657 | 7 photos
[06:23:33]        [1] https://content.jdmagicbox.com/v2/comp/kannur/z9/9999px497.x497.250712160334.d1z9/catalogu...
[06:23:33]        [2] https://images.jdmagicbox.com/v2/comp/kannur/z9/9999px497.x497.250712160334.d1z9/catalogue...
[06:23:33]        [3] https://images.jdmagicbox.com/v2/comp/kannur/z9/9999px497.x497.250712160334.d1z9/catalogue...
[06:23:34]   [2] [IMG] The Indian Express Superfast Restaurant | +(91)-8301009050 | 9 photos
[06:23:34]        [1] https://content.jdmagicbox.com/comp/kannur/e5/9999px497.x497.200106181231.h5e5/catalogue/t...
[06:23:34]        [2] https://images.jdmagicbox.com/comp/kannur/e5/9999px497.x497.200106181231.h5e5/catalogue/th...
[06:23:34]        [3] https://images.jdmagicbox.com/comp/kannur/e5/9999px497.x497.200106181231.h5e5/catalogue/th...
[06:23:34]   [3] [IMG] Rooster Fried & Grill | +(91)-8113001100 | 9 photos
[06:23:34]        [1] https://content.jdmagicbox.com/comp/kannur/v3/9999px497.x497.190517204357.c5v3/catalogue/r...
[06:23:34]        [2] https://images.jdmagicbox.com/comp/kannur/v3/9999px497.x497.190517204357.c5v3/catalogue/ro...
[06:23:34]        [3] https://images.jdmagicbox.com/comp/kannur/v3/9999px497.x497.190517204357.c5v3/catalogue/ro...
[06:23:35]   [4] [IMG] Hotel Green Park | +(91)-9447850097 | 9 photos
[06:23:35]        [1] https://content.jdmagicbox.com/comp/kannur/n5/9999px497.x497.171001155450.e6n5/catalogue/h...
[06:23:35]        [2] https://images.jdmagicbox.com/comp/kannur/n5/9999px497.x497.171001155450.e6n5/catalogue/ho...
[06:23:35]        [3] https://images.jdmagicbox.com/v2/comp/kannur/n5/9999px497.x497.171001155450.e6n5/catalogue...
[06:23:35]   [5] [IMG] Wimbies Restaurant And Fried Chicken | +(91)-9895868789 | 7 photos
[06:23:35]        [1] https://content.jdmagicbox.com/comp/kannur/u9/9999px497.x497.170607163909.z1u9/catalogue/w...
[06:23:35]        [2] https://images.jdmagicbox.com/comp/kannur/u9/9999px497.x497.170607163909.z1u9/catalogue/wi...
[06:23:35]        [3] https://images.jdmagicbox.com/comp/kannur/u9/9999px497.x497.170607163909.z1u9/catalogue/wi...
[06:23:36]   [6] [IMG] Vkp S Cafe | +(91)-6235555112 | 9 photos
[06:23:36]        [1] https://content.jdmagicbox.com/v2/comp/kannur/u7/9999px497.x497.200107121359.c2u7/catalogu...
[06:23:36]        [2] https://images.jdmagicbox.com/v2/comp/kannur/u7/9999px497.x497.200107121359.c2u7/catalogue...
[06:23:36]        [3] https://images.jdmagicbox.com/v2/comp/kannur/u7/9999px497.x497.200107121359.c2u7/catalogue...
[06:23:36]   [7] [IMG] Jesna Lunch Room | +(91)-9605683147 | 7 photos
[06:23:36]        [1] https://content.jdmagicbox.com/comp/kannur/f2/9999px497.x497.190220121951.z4f2/catalogue/j...
[06:23:36]        [2] https://images.jdmagicbox.com/comp/kannur/f2/9999px497.x497.190220121951.z4f2/catalogue/je...
[06:23:36]        [3] https://images.jdmagicbox.com/comp/kannur/f2/9999px497.x497.190220121951.z4f2/catalogue/je...
[06:23:37]   [8] [IMG] Chikeys | +(91)-9895131123 | 9 photos
[06:23:37]        [1] https://content.jdmagicbox.com/comp/def_content_category/chikeys/121050718-333489939663650...
[06:23:37]        [2] https://images.jdmagicbox.com/comp/def_content_category/chikeys/121050718-3334899396636500...
[06:23:37]        [3] https://images.jdmagicbox.com/comp/def_content_category/chikeys/86689044-2704886126304500-...
[06:23:38]   [9] [IMG] Go Ggrll Chokli | +(91)-9747217717 | 9 photos
[06:23:38]        [1] https://content.jdmagicbox.com/v2/comp/kannur/f8/9999px497.x497.230224144441.a3f8/catalogu...
[06:23:38]        [2] https://images.jdmagicbox.com/v2/comp/kannur/f8/9999px497.x497.230224144441.a3f8/catalogue...
[06:23:38]        [3] https://images.jdmagicbox.com/v2/comp/kannur/f8/9999px497.x497.230224144441.a3f8/catalogue...
[06:23:38]   [10] [IMG] Afc American Fried Chicken Restaurant | +(91)-7373162111 | 9 photos
[06:23:38]        [1] https://content.jdmagicbox.com/comp/kannur/j3/9999px497.x497.220421184400.b5j3/catalogue/a...
[06:23:38]        [2] https://images.jdmagicbox.com/comp/kannur/j3/9999px497.x497.220421184400.b5j3/catalogue/af...
[06:23:38]        [3] https://images.jdmagicbox.com/comp/kannur/j3/9999px497.x497.220421184400.b5j3/catalogue/af...
[06:23:40]   Scraping page 2 (got 10 results)...
[06:23:40]   Checking page 3 for the next batch...
[06:23:40]   [1] [IMG] Arabian Grill | +(91)-9544400048 | 9 photos
[06:23:40]        [1] https://content.jdmagicbox.com/comp/kannur/y4/9999px497.x497.170926210343.p8y4/catalogue/a...
[06:23:40]        [2] https://images.jdmagicbox.com/comp/kannur/y4/9999px497.x497.170926210343.p8y4/catalogue/ar...
[06:23:40]        [3] https://images.jdmagicbox.com/comp/kannur/y4/9999px497.x497.170926210343.p8y4/catalogue/ar...
[06:23:40]   [2] [IMG] Jubilee Restaurant | +(91)-9526366382 | 2 photos
[06:23:40]        [1] https://content.jdmagicbox.com/comp/def_content/buffet-restaurants/buffet-restaurants7-buf...
[06:23:40]        [2] https://images.jdmagicbox.com/comp/def_content/buffet-restaurants/buffet-restaurants7-buff...
[06:23:41]   [3] [IMG] BURNO FRIED | +(91)-9961480764 | 6 photos
[06:23:41]        [1] https://content.jdmagicbox.com/v2/comp/kannur/h2/9999px497.x497.250809213421.y6h2/catalogu...
[06:23:41]        [2] https://images.jdmagicbox.com/v2/comp/kannur/h2/9999px497.x497.250809213421.y6h2/catalogue...
[06:23:41]        [3] https://images.jdmagicbox.com/v2/comp/kannur/h2/9999px497.x497.250809213421.y6h2/catalogue...
[06:23:41]   [4] [IMG] Chilly Hut | +(91)-8330057833 | 9 photos
[06:23:41]        [1] https://content.jdmagicbox.com/comp/kannur/b1/9999px497.x497.210226155456.l3b1/catalogue/c...
[06:23:41]        [2] https://images.jdmagicbox.com/comp/kannur/b1/9999px497.x497.210226155456.l3b1/catalogue/ch...
[06:23:41]        [3] https://images.jdmagicbox.com/v2/comp/kannur/b1/9999px497.x497.210226155456.l3b1/catalogue...
[06:23:42]   [5] [IMG] Hfc Fried Chicken | +(91)-7902898916 | 9 photos
[06:23:42]        [1] https://content.jdmagicbox.com/comp/kannur/y5/9999px497.x497.230328181354.g1y5/catalogue/h...
[06:23:42]        [2] https://images.jdmagicbox.com/comp/kannur/y5/9999px497.x497.230328181354.g1y5/catalogue/hf...
[06:23:42]        [3] https://images.jdmagicbox.com/v2/comp/kannur/y5/9999px497.x497.230328181354.g1y5/catalogue...
[06:23:42]   [6] [IMG] Hotel New Delhi | +(91)-9744866841 | 4 photos
[06:23:42]        [1] https://content.jdmagicbox.com/comp/def_content_category/south-indian-restaurants/new-dish...
[06:23:42]        [2] https://images.jdmagicbox.com/comp/def_content_category/south-indian-restaurants/new-dish-...
[06:23:42]        [3] https://images.jdmagicbox.com/comp/def_content_category/south-indian-restaurants/new-dish-...
[06:23:43]   [7] [IMG] American Fried Chicken Pilathara | +(91)-8714759722 | 4 photos
[06:23:43]        [1] https://content.jdmagicbox.com/comp/kannur/g4/9999px497.x497.221019124021.h2g4/catalogue/a...
[06:23:43]        [2] https://images.jdmagicbox.com/comp/kannur/g4/9999px497.x497.221019124021.h2g4/catalogue/am...
[06:23:43]        [3] https://images.jdmagicbox.com/comp/kannur/g4/9999px497.x497.221019124021.h2g4/catalogue/am...
[06:23:43]   [8] [IMG] COCO CABANE CAFE | +(91)-8590090726 | 9 photos
[06:23:43]        [1] https://content.jdmagicbox.com/comp/kannur/t6/9999px497.x497.220728192535.f5t6/catalogue/c...
[06:23:43]        [2] https://images.jdmagicbox.com/comp/kannur/t6/9999px497.x497.220728192535.f5t6/catalogue/co...
[06:23:43]        [3] https://images.jdmagicbox.com/comp/kannur/t6/9999px497.x497.220728192535.f5t6/catalogue/co...
[06:23:44]   [9] [IMG] American Fried Chicken | +(91)-7592044544 | 7 photos
[06:23:44]        [1] https://content.jdmagicbox.com/comp/kannur/h5/9999px497.x497.220107164349.v8h5/catalogue/-...
[06:23:44]        [2] https://images.jdmagicbox.com/comp/kannur/h5/9999px497.x497.220107164349.v8h5/catalogue/-v...
[06:23:44]        [3] https://images.jdmagicbox.com/comp/kannur/h5/9999px497.x497.220107164349.v8h5/catalogue/-a...
[06:23:44]   [10] [IMG] Volga Chef | +(91)-7907722050 | 9 photos
[06:23:44]        [1] https://content.jdmagicbox.com/comp/kannur/e6/9999px497.x497.220210163401.x2e6/catalogue/-...
[06:23:44]        [2] https://images.jdmagicbox.com/comp/kannur/e6/9999px497.x497.220210163401.x2e6/catalogue/-h...
[06:23:44]        [3] https://images.jdmagicbox.com/comp/kannur/e6/9999px497.x497.220210163401.x2e6/catalogue/-2...
[06:23:46]   Scraping page 3 (got 10 results)...
[06:23:46]   Checking page 4 for the next batch...
[06:23:46]   [1] [IMG] TFC TURKISH FRIED CHICKEN CHAKKARAKKAL | +(91)-8301867300 | 9 photos
[06:23:46]        [1] https://content.jdmagicbox.com/comp/kannur/n6/9999px497.x497.240121190829.e4n6/catalogue/t...
[06:23:46]        [2] https://images.jdmagicbox.com/comp/kannur/n6/9999px497.x497.240121190829.e4n6/catalogue/tf...
[06:23:46]        [3] https://images.jdmagicbox.com/comp/kannur/n6/9999px497.x497.240121190829.e4n6/catalogue/tf...
[06:23:47]   [2] [IMG] Chicking Fried Chicken (Kannur Mall) | +(91)-9744480000 | 9 photos
[06:23:47]        [1] https://content.jdmagicbox.com/comp/def_content_category/chicking-fried-chicken-11985242-m...
[06:23:47]        [2] https://images.jdmagicbox.com/comp/def_content_category/chicking-fried-chicken-11985242-mz...
[06:23:47]        [3] https://images.jdmagicbox.com/comp/def_content_category/chicking-fried-chicken/chicking-fr...
[06:23:47]   [3] [IMG] Lebanese |  | 9 photos
[06:23:47]        [1] https://content.jdmagicbox.com/comp/kannur/q2/9999px497.x497.181103164105.u9q2/catalogue/l...
[06:23:47]        [2] https://images.jdmagicbox.com/comp/kannur/q2/9999px497.x497.181103164105.u9q2/catalogue/le...
[06:23:47]        [3] https://images.jdmagicbox.com/comp/kannur/q2/9999px497.x497.181103164105.u9q2/catalogue/le...
[06:23:48]   [4] [IMG] Nks Chicken |  | 6 photos
[06:23:48]        [1] https://content.jdmagicbox.com/comp/kannur/k3/9999px497.x497.191212134539.x7k3/catalogue/n...
[06:23:48]        [2] https://images.jdmagicbox.com/comp/kannur/k3/9999px497.x497.191212134539.x7k3/catalogue/nk...
[06:23:48]        [3] https://images.jdmagicbox.com/comp/kannur/k3/9999px497.x497.191212134539.x7k3/catalogue/nk...
[06:23:48]   [5] [IMG] RAK | +(91)-6235101101 | 9 photos
[06:23:48]        [1] https://content.jdmagicbox.com/comp/kasaragod/g9/9999p4994.4994.210127203131.f2g9/catalogu...
[06:23:48]        [2] https://images.jdmagicbox.com/comp/kasaragod/g9/9999p4994.4994.210127203131.f2g9/catalogue...
[06:23:48]        [3] https://images.jdmagicbox.com/comp/kasaragod/g9/9999p4994.4994.210127203131.f2g9/catalogue...
[06:23:49]   [6] [IMG] Chikeys | +(91)-8606131123 | 9 photos
[06:23:49]        [1] https://content.jdmagicbox.com/comp/kozhikode/y3/0495px495.x495.190525032936.x5y3/catalogu...
[06:23:49]        [2] https://images.jdmagicbox.com/comp/kozhikode/y3/0495px495.x495.190525032936.x5y3/catalogue...
[06:23:49]        [3] https://images.jdmagicbox.com/comp/kozhikode/y3/0495px495.x495.190525032936.x5y3/catalogue...
[06:23:49]   [7] [IMG] Chicking Fried Chicken | +(91)-7736067817 | 9 photos
[06:23:49]        [1] https://content.jdmagicbox.com/comp/def_content_category/chicking-fried-chicken/chicking-f...
[06:23:49]        [2] https://images.jdmagicbox.com/comp/def_content_category/chicking-fried-chicken/chicking-fr...
[06:23:49]        [3] https://images.jdmagicbox.com/comp/def_content_category/chicking-fried-chicken-11985242-mz...
[06:23:50]   [8] [IMG] MFC Fried & Arabic | +(91)-8075029408 | 9 photos
[06:23:50]        [1] https://content.jdmagicbox.com/comp/kasaragod/f1/9999p4994.4994.171009202643.v4f1/catalogu...
[06:23:50]        [2] https://images.jdmagicbox.com/comp/kasaragod/f1/9999p4994.4994.171009202643.v4f1/catalogue...
[06:23:50]        [3] https://images.jdmagicbox.com/comp/kasaragod/f1/9999p4994.4994.171009202643.v4f1/catalogue...
[06:23:50]   [9] [IMG] Oryx Village | +(91)-8488918253 | 9 photos
[06:23:50]        [1] https://content.jdmagicbox.com/comp/kasaragod/d5/9999p4994.4994.180609125522.s4d5/catalogu...
[06:23:50]        [2] https://images.jdmagicbox.com/comp/kasaragod/d5/9999p4994.4994.180609125522.s4d5/catalogue...
[06:23:50]        [3] https://images.jdmagicbox.com/comp/kasaragod/d5/9999p4994.4994.180609125522.s4d5/catalogue...
[06:23:51]   [10] [IMG] AFC | +(91)-7012677537 | 5 photos
[06:23:51]        [1] https://content.jdmagicbox.com/comp/kozhikode/l5/0495px495.x495.211203141452.z3l5/catalogu...
[06:23:51]        [2] https://images.jdmagicbox.com/comp/kozhikode/l5/0495px495.x495.211203141452.z3l5/catalogue...
[06:23:51]        [3] https://images.jdmagicbox.com/comp/kozhikode/l5/0495px495.x495.211203141452.z3l5/catalogue...
[06:23:53]   Scraping page 4 (got 10 results)...
[06:23:53]   Checking page 5 for the next batch...
[06:23:53]   [1] [IMG] Golden Dine Family Restaurant | +(91)-9567302261 | 8 photos
[06:23:53]        [1] https://content.jdmagicbox.com/comp/kasaragod/e3/9999p4994.4994.181212142924.v8e3/catalogu...
[06:23:53]        [2] https://images.jdmagicbox.com/comp/kasaragod/e3/9999p4994.4994.181212142924.v8e3/catalogue...
[06:23:53]        [3] https://images.jdmagicbox.com/comp/kasaragod/e3/9999p4994.4994.181212142924.v8e3/catalogue...
[06:23:54]   [2] [IMG] Max Food | +(91)-9483340844 | 9 photos
[06:23:54]        [1] https://content.jdmagicbox.com/v2/comp/coorg/b2/9999p8272.8272.240715141211.c2b2/catalogue...
[06:23:54]        [2] https://images.jdmagicbox.com/v2/comp/coorg/b2/9999p8272.8272.240715141211.c2b2/catalogue/...
[06:23:54]        [3] https://images.jdmagicbox.com/v2/comp/coorg/b2/9999p8272.8272.240715141211.c2b2/catalogue/...
[06:23:54]   [3] [IMG] MADADA SOLUTION PVT LTD | +(91)-7221001003 | 9 photos
[06:23:54]        [1] https://content.jdmagicbox.com/comp/kozhikode/j2/0495px495.x495.230103175828.d9j2/catalogu...
[06:23:54]        [2] https://images.jdmagicbox.com/comp/kozhikode/j2/0495px495.x495.230103175828.d9j2/catalogue...
[06:23:54]        [3] https://images.jdmagicbox.com/comp/kozhikode/j2/0495px495.x495.230103175828.d9j2/catalogue...
[06:23:55]   [4] [IMG] Casaro Cafe | +(91)-9744772677 | 5 photos
[06:23:55]        [1] https://content.jdmagicbox.com/comp/kasaragod/v7/9999p4994.4994.220615225521.k2v7/catalogu...
[06:23:55]        [2] https://images.jdmagicbox.com/comp/kasaragod/v7/9999p4994.4994.220615225521.k2v7/catalogue...
[06:23:55]        [3] https://images.jdmagicbox.com/comp/kasaragod/v7/9999p4994.4994.220615225521.k2v7/catalogue...
[06:23:55]   [5] [IMG] Shawaya House Restaurant | +(91)-9539058080 | 9 photos
[06:23:55]        [1] https://content.jdmagicbox.com/comp/wayanad/m3/9999p4936.4936.230912223231.a8m3/catalogue/...
[06:23:55]        [2] https://images.jdmagicbox.com/comp/wayanad/m3/9999p4936.4936.230912223231.a8m3/catalogue/s...
[06:23:55]        [3] https://images.jdmagicbox.com/comp/wayanad/m3/9999p4936.4936.230912223231.a8m3/catalogue/s...
[06:23:56]   [6] [IMG] Quality Restaurant and Bakes | +(91)-9207300666 | 9 photos
[06:23:56]        [1] https://content.jdmagicbox.com/comp/kasaragod/r7/9999p4994.4994.170426102508.c8r7/catalogu...
[06:23:56]        [2] https://images.jdmagicbox.com/comp/kasaragod/r7/9999p4994.4994.170426102508.c8r7/catalogue...
[06:23:56]        [3] https://images.jdmagicbox.com/comp/bekal/r7/9999p4994.4994.170426102508.c8r7/catalogue/qua...
[06:23:56]   [7] [IMG] CFC Canadian Fried Chicken | +(91)-8123223715 | 5 photos
[06:23:56]        [1] https://content.jdmagicbox.com/comp/coorg/b9/9999p8272.8272.221217154654.x6b9/catalogue/-a...
[06:23:56]        [2] https://images.jdmagicbox.com/comp/coorg/b9/9999p8272.8272.221217154654.x6b9/catalogue/-a1...
[06:23:56]        [3] https://images.jdmagicbox.com/comp/coorg/b9/9999p8272.8272.221217154654.x6b9/catalogue/-ed...
[06:23:57]   [8] [IMG] Coffee Bare | +(91)-9656003252 | 9 photos
[06:23:57]        [1] https://content.jdmagicbox.com/comp/kasaragod/g9/9999p4994.4994.171211225040.i9g9/catalogu...
[06:23:57]        [2] https://images.jdmagicbox.com/comp/kasaragod/g9/9999p4994.4994.171211225040.i9g9/catalogue...
[06:23:57]        [3] https://images.jdmagicbox.com/comp/kasaragod/x3/pwfl1513010940g5d5x3/catalogue/coffee-bare...
[06:23:57]   [9] [IMG] Gama Kitchen | +(91)-8086310000 | 9 photos
[06:23:57]        [1] https://content.jdmagicbox.com/comp/kozhikode/s5/0495px495.x495.190810180742.q5s5/catalogu...
[06:23:57]        [2] https://images.jdmagicbox.com/comp/kozhikode/s5/0495px495.x495.190810180742.q5s5/catalogue...
[06:23:57]        [3] https://images.jdmagicbox.com/comp/kozhikode/s5/0495px495.x495.190810180742.q5s5/catalogue...
[06:23:58]   [10] [IMG] Sullias Eating Spot | +(91)-8142607082 | 5 photos
[06:23:58]        [1] https://content.jdmagicbox.com/comp/mangalore/v5/0824px824.x824.230106212525.l3v5/catalogu...
[06:23:58]        [2] https://images.jdmagicbox.com/comp/mangalore/v5/0824px824.x824.230106212525.l3v5/catalogue...
[06:23:58]        [3] https://images.jdmagicbox.com/comp/mangalore/v5/0824px824.x824.230106212525.l3v5/catalogue...
[06:24:00]   Scraping page 5 (got 10 results)...
[06:24:00]   Checking page 6 for the next batch...
[06:24:00]   [1] [IMG] Kuruva Family Restaurant | +(91)-8921536987 | 9 photos
[06:24:00]        [1] https://content.jdmagicbox.com/comp/wayanad/c1/9999p4936.4936.191203162722.c9c1/catalogue/...
[06:24:00]        [2] https://images.jdmagicbox.com/comp/wayanad/c1/9999p4936.4936.191203162722.c9c1/catalogue/k...
[06:24:00]        [3] https://images.jdmagicbox.com/comp/wayanad/c1/9999p4936.4936.191203162722.c9c1/catalogue/k...
[06:24:01]   [2] [IMG] LSJ CHICKEN | +(91)-9037911212 | 9 photos
[06:24:01]        [1] https://content.jdmagicbox.com/comp/kozhikode/d5/0495px495.x495.240325111357.y2d5/catalogu...
[06:24:01]        [2] https://images.jdmagicbox.com/comp/kozhikode/d5/0495px495.x495.240325111357.y2d5/catalogue...
[06:24:01]        [3] https://images.jdmagicbox.com/v2/comp/kozhikode/d5/0495px495.x495.240325111357.y2d5/catalo...
[06:24:01]   [3] [IMG] Fry Ville | +(91)-7994089339 | 8 photos
[06:24:01]        [1] https://content.jdmagicbox.com/comp/kozhikode/r5/0495px495.x495.240426193218.v8r5/catalogu...
[06:24:01]        [2] https://images.jdmagicbox.com/comp/kozhikode/r5/0495px495.x495.240426193218.v8r5/catalogue...
[06:24:01]        [3] https://images.jdmagicbox.com/v2/comp/kozhikode/r5/0495px495.x495.240426193218.v8r5/catalo...
[06:24:02]   [4] [IMG] Kadav Cafe | +(91)-7902791347 | 9 photos
[06:24:02]        [1] https://content.jdmagicbox.com/comp/wayanad/k8/9999p4936.4936.210505154047.l1k8/catalogue/...
[06:24:02]        [2] https://images.jdmagicbox.com/comp/wayanad/k8/9999p4936.4936.210505154047.l1k8/catalogue/p...
[06:24:02]        [3] https://images.jdmagicbox.com/comp/wayanad/k8/9999p4936.4936.210505154047.l1k8/catalogue/p...
[06:24:02]   [5] [IMG] AM 2 PM | +(91)-8281221562 | 9 photos
[06:24:02]        [1] https://content.jdmagicbox.com/comp/kozhikode/a1/0495px495.x495.210825115336.v6a1/catalogu...
[06:24:02]        [2] https://images.jdmagicbox.com/comp/kozhikode/a1/0495px495.x495.210825115336.v6a1/catalogue...
[06:24:02]        [3] https://images.jdmagicbox.com/comp/kozhikode/a1/0495px495.x495.210825115336.v6a1/catalogue...
[06:24:03]   [6] [IMG] Biryani house | +(91)-7025966937 | 9 photos
[06:24:03]        [1] https://content.jdmagicbox.com/comp/kasaragod/g9/9999p4994.4994.190817061424.b9g9/catalogu...
[06:24:03]        [2] https://images.jdmagicbox.com/comp/kasaragod/g9/9999p4994.4994.190817061424.b9g9/catalogue...
[06:24:03]        [3] https://images.jdmagicbox.com/comp/kasaragod/g9/9999p4994.4994.190817061424.b9g9/catalogue...
[06:24:03]   [7] [IMG] Vitamin Bbq Corner Family Restaurant & Tourist Restaurant | +(91)-8593909067 | 9 photos
[06:24:03]        [1] https://content.jdmagicbox.com/comp/kozhikode/q7/0495px495.x495.200205224512.v2q7/catalogu...
[06:24:03]        [2] https://images.jdmagicbox.com/comp/kozhikode/q7/0495px495.x495.200205224512.v2q7/catalogue...
[06:24:03]        [3] https://images.jdmagicbox.com/comp/kozhikode/q7/0495px495.x495.200205224512.v2q7/catalogue...
[06:24:04]   [8] [IMG] Clock Tower Restaurant | +(91)-7947190542 | 9 photos
[06:24:04]        [1] https://content.jdmagicbox.com/comp/kozhikode/i7/0495px495.x495.211016160058.h8i7/catalogu...
[06:24:04]        [2] https://images.jdmagicbox.com/comp/kozhikode/i7/0495px495.x495.211016160058.h8i7/catalogue...
[06:24:04]        [3] https://images.jdmagicbox.com/comp/kozhikode/i7/0495px495.x495.211016160058.h8i7/catalogue...
[06:24:04]   [9] [IMG] Clock Tower Restaurant | +(91)-8401686359 | 9 photos
[06:24:04]        [1] https://content.jdmagicbox.com/comp/kozhikode/i1/0495px495.x495.210415170354.s8i1/catalogu...
[06:24:04]        [2] https://images.jdmagicbox.com/comp/kozhikode/i1/0495px495.x495.210415170354.s8i1/catalogue...
[06:24:04]        [3] https://images.jdmagicbox.com/comp/kozhikode/i1/0495px495.x495.210415170354.s8i1/catalogue...
[06:24:05]   [10] [IMG] Umami eats | +(91)-7994527434 | 5 photos
[06:24:05]        [1] https://content.jdmagicbox.com/comp/kozhikode/q5/0495px495.x495.181107095251.z7q5/catalogu...
[06:24:05]        [2] https://images.jdmagicbox.com/comp/kozhikode/q5/0495px495.x495.181107095251.z7q5/catalogue...
[06:24:05]        [3] https://images.jdmagicbox.com/comp/kozhikode/q5/0495px495.x495.181107095251.z7q5/catalogue...
[06:24:08] 
==========================================
[06:24:08] [*] Scraping target 19/40: Thottada
[06:24:08] ==========================================
[06:24:09] ? Found 100 total Fried Chicken Delivery Restaurants in Thottada.
[06:24:09]   Scraping page 1 (got 10 results)...
[06:24:09]   Checking page 2 for the next batch...
[06:24:09]   [1] [IMG] WESTBURG DARMASHALA | +(91)-7411790657 | 7 photos
[06:24:09]        [1] https://content.jdmagicbox.com/v2/comp/kannur/z9/9999px497.x497.250712160334.d1z9/catalogu...
[06:24:09]        [2] https://images.jdmagicbox.com/v2/comp/kannur/z9/9999px497.x497.250712160334.d1z9/catalogue...
[06:24:09]        [3] https://images.jdmagicbox.com/v2/comp/kannur/z9/9999px497.x497.250712160334.d1z9/catalogue...
[06:24:09]   [2] [IMG] Wimbies Restaurant And Fried Chicken | +(91)-9895868789 | 7 photos
[06:24:09]        [1] https://content.jdmagicbox.com/comp/kannur/u9/9999px497.x497.170607163909.z1u9/catalogue/w...
[06:24:09]        [2] https://images.jdmagicbox.com/comp/kannur/u9/9999px497.x497.170607163909.z1u9/catalogue/wi...
[06:24:09]        [3] https://images.jdmagicbox.com/comp/kannur/u9/9999px497.x497.170607163909.z1u9/catalogue/wi...
[06:24:10]   [3] [IMG] Rooster Fried & Grill | +(91)-8113001100 | 9 photos
[06:24:10]        [1] https://content.jdmagicbox.com/comp/kannur/v3/9999px497.x497.190517204357.c5v3/catalogue/r...
[06:24:10]        [2] https://images.jdmagicbox.com/comp/kannur/v3/9999px497.x497.190517204357.c5v3/catalogue/ro...
[06:24:10]        [3] https://images.jdmagicbox.com/comp/kannur/v3/9999px497.x497.190517204357.c5v3/catalogue/ro...
[06:24:10]   [4] [IMG] Chikeys | +(91)-9895131123 | 9 photos
[06:24:10]        [1] https://content.jdmagicbox.com/comp/def_content_category/chikeys/121050718-333489939663650...
[06:24:10]        [2] https://images.jdmagicbox.com/comp/def_content_category/chikeys/121050718-3334899396636500...
[06:24:10]        [3] https://images.jdmagicbox.com/comp/def_content_category/chikeys/86689044-2704886126304500-...
[06:24:11]   [5] [IMG] Go Ggrll Chokli | +(91)-9747217717 | 9 photos
[06:24:11]        [1] https://content.jdmagicbox.com/v2/comp/kannur/f8/9999px497.x497.230224144441.a3f8/catalogu...
[06:24:11]        [2] https://images.jdmagicbox.com/v2/comp/kannur/f8/9999px497.x497.230224144441.a3f8/catalogue...
[06:24:11]        [3] https://images.jdmagicbox.com/v2/comp/kannur/f8/9999px497.x497.230224144441.a3f8/catalogue...
[06:24:12]   [6] [IMG] Vkp S Cafe | +(91)-6235555112 | 9 photos
[06:24:12]        [1] https://content.jdmagicbox.com/v2/comp/kannur/u7/9999px497.x497.200107121359.c2u7/catalogu...
[06:24:12]        [2] https://images.jdmagicbox.com/v2/comp/kannur/u7/9999px497.x497.200107121359.c2u7/catalogue...
[06:24:12]        [3] https://images.jdmagicbox.com/v2/comp/kannur/u7/9999px497.x497.200107121359.c2u7/catalogue...
[06:24:12]   [7] [IMG] Hotel Green Park | +(91)-9447850097 | 9 photos
[06:24:12]        [1] https://content.jdmagicbox.com/comp/kannur/n5/9999px497.x497.171001155450.e6n5/catalogue/h...
[06:24:12]        [2] https://images.jdmagicbox.com/comp/kannur/n5/9999px497.x497.171001155450.e6n5/catalogue/ho...
[06:24:12]        [3] https://images.jdmagicbox.com/v2/comp/kannur/n5/9999px497.x497.171001155450.e6n5/catalogue...
[06:24:13]   [8] [IMG] Jesna Lunch Room | +(91)-9605683147 | 7 photos
[06:24:13]        [1] https://content.jdmagicbox.com/comp/kannur/f2/9999px497.x497.190220121951.z4f2/catalogue/j...
[06:24:13]        [2] https://images.jdmagicbox.com/comp/kannur/f2/9999px497.x497.190220121951.z4f2/catalogue/je...
[06:24:13]        [3] https://images.jdmagicbox.com/comp/kannur/f2/9999px497.x497.190220121951.z4f2/catalogue/je...
[06:24:13]   [9] [IMG] Afc American Fried Chicken Restaurant | +(91)-7373162111 | 9 photos
[06:24:13]        [1] https://content.jdmagicbox.com/comp/kannur/j3/9999px497.x497.220421184400.b5j3/catalogue/a...
[06:24:13]        [2] https://images.jdmagicbox.com/comp/kannur/j3/9999px497.x497.220421184400.b5j3/catalogue/af...
[06:24:13]        [3] https://images.jdmagicbox.com/comp/kannur/j3/9999px497.x497.220421184400.b5j3/catalogue/af...
[06:24:14]   [10] [IMG] Chilly Hut | +(91)-8330057833 | 9 photos
[06:24:14]        [1] https://content.jdmagicbox.com/comp/kannur/b1/9999px497.x497.210226155456.l3b1/catalogue/c...
[06:24:14]        [2] https://images.jdmagicbox.com/comp/kannur/b1/9999px497.x497.210226155456.l3b1/catalogue/ch...
[06:24:14]        [3] https://images.jdmagicbox.com/v2/comp/kannur/b1/9999px497.x497.210226155456.l3b1/catalogue...
[06:24:15]   Scraping page 2 (got 10 results)...
[06:24:15]   Checking page 3 for the next batch...
[06:24:15]   [1] [IMG] The Indian Express Superfast Restaurant | +(91)-8301009050 | 9 photos
[06:24:15]        [1] https://content.jdmagicbox.com/comp/kannur/e5/9999px497.x497.200106181231.h5e5/catalogue/t...
[06:24:15]        [2] https://images.jdmagicbox.com/comp/kannur/e5/9999px497.x497.200106181231.h5e5/catalogue/th...
[06:24:15]        [3] https://images.jdmagicbox.com/comp/kannur/e5/9999px497.x497.200106181231.h5e5/catalogue/th...
[06:24:16]   [2] [IMG] American Fried Chicken | +(91)-7592044544 | 7 photos
[06:24:16]        [1] https://content.jdmagicbox.com/comp/kannur/h5/9999px497.x497.220107164349.v8h5/catalogue/-...
[06:24:16]        [2] https://images.jdmagicbox.com/comp/kannur/h5/9999px497.x497.220107164349.v8h5/catalogue/-v...
[06:24:16]        [3] https://images.jdmagicbox.com/comp/kannur/h5/9999px497.x497.220107164349.v8h5/catalogue/-a...
[06:24:16]   [3] [IMG] Jubilee Restaurant | +(91)-9526366382 | 2 photos
[06:24:16]        [1] https://content.jdmagicbox.com/comp/def_content/buffet-restaurants/buffet-restaurants7-buf...
[06:24:16]        [2] https://images.jdmagicbox.com/comp/def_content/buffet-restaurants/buffet-restaurants7-buff...
[06:24:17]   [4] [IMG] Arabian Grill | +(91)-9544400048 | 9 photos
[06:24:17]        [1] https://content.jdmagicbox.com/comp/kannur/y4/9999px497.x497.170926210343.p8y4/catalogue/a...
[06:24:17]        [2] https://images.jdmagicbox.com/comp/kannur/y4/9999px497.x497.170926210343.p8y4/catalogue/ar...
[06:24:17]        [3] https://images.jdmagicbox.com/comp/kannur/y4/9999px497.x497.170926210343.p8y4/catalogue/ar...
[06:24:17]   [5] [IMG] TFC TURKISH FRIED CHICKEN CHAKKARAKKAL | +(91)-8301867300 | 9 photos
[06:24:17]        [1] https://content.jdmagicbox.com/comp/kannur/n6/9999px497.x497.240121190829.e4n6/catalogue/t...
[06:24:17]        [2] https://images.jdmagicbox.com/comp/kannur/n6/9999px497.x497.240121190829.e4n6/catalogue/tf...
[06:24:17]        [3] https://images.jdmagicbox.com/comp/kannur/n6/9999px497.x497.240121190829.e4n6/catalogue/tf...
[06:24:18]   [6] [IMG] Hfc Fried Chicken | +(91)-7902898916 | 9 photos
[06:24:18]        [1] https://content.jdmagicbox.com/comp/kannur/y5/9999px497.x497.230328181354.g1y5/catalogue/h...
[06:24:18]        [2] https://images.jdmagicbox.com/comp/kannur/y5/9999px497.x497.230328181354.g1y5/catalogue/hf...
[06:24:18]        [3] https://images.jdmagicbox.com/v2/comp/kannur/y5/9999px497.x497.230328181354.g1y5/catalogue...
[06:24:18]   [7] [IMG] BURNO FRIED | +(91)-9961480764 | 6 photos
[06:24:18]        [1] https://content.jdmagicbox.com/v2/comp/kannur/h2/9999px497.x497.250809213421.y6h2/catalogu...
[06:24:18]        [2] https://images.jdmagicbox.com/v2/comp/kannur/h2/9999px497.x497.250809213421.y6h2/catalogue...
[06:24:18]        [3] https://images.jdmagicbox.com/v2/comp/kannur/h2/9999px497.x497.250809213421.y6h2/catalogue...
[06:24:19]   [8] [IMG] COCO CABANE CAFE | +(91)-8590090726 | 9 photos
[06:24:19]        [1] https://content.jdmagicbox.com/comp/kannur/t6/9999px497.x497.220728192535.f5t6/catalogue/c...
[06:24:19]        [2] https://images.jdmagicbox.com/comp/kannur/t6/9999px497.x497.220728192535.f5t6/catalogue/co...
[06:24:19]        [3] https://images.jdmagicbox.com/comp/kannur/t6/9999px497.x497.220728192535.f5t6/catalogue/co...
[06:24:20]   [9] [IMG] Chicking Fried Chicken (Kannur Mall) | +(91)-9744480000 | 9 photos
[06:24:20]        [1] https://content.jdmagicbox.com/comp/def_content_category/chicking-fried-chicken-11985242-m...
[06:24:20]        [2] https://images.jdmagicbox.com/comp/def_content_category/chicking-fried-chicken-11985242-mz...
[06:24:20]        [3] https://images.jdmagicbox.com/comp/def_content_category/chicking-fried-chicken/chicking-fr...
[06:24:20]   [10] [IMG] Lebanese |  | 9 photos
[06:24:20]        [1] https://content.jdmagicbox.com/comp/kannur/q2/9999px497.x497.181103164105.u9q2/catalogue/l...
[06:24:20]        [2] https://images.jdmagicbox.com/comp/kannur/q2/9999px497.x497.181103164105.u9q2/catalogue/le...
[06:24:20]        [3] https://images.jdmagicbox.com/comp/kannur/q2/9999px497.x497.181103164105.u9q2/catalogue/le...
[06:24:22]   Scraping page 3 (got 10 results)...
[06:24:22]   Checking page 4 for the next batch...
[06:24:22]   [1] [IMG] Nks Chicken |  | 6 photos
[06:24:22]        [1] https://content.jdmagicbox.com/comp/kannur/k3/9999px497.x497.191212134539.x7k3/catalogue/n...
[06:24:22]        [2] https://images.jdmagicbox.com/comp/kannur/k3/9999px497.x497.191212134539.x7k3/catalogue/nk...
[06:24:22]        [3] https://images.jdmagicbox.com/comp/kannur/k3/9999px497.x497.191212134539.x7k3/catalogue/nk...
[06:24:23]   [2] [IMG] Hotel New Delhi | +(91)-9744866841 | 4 photos
[06:24:23]        [1] https://content.jdmagicbox.com/comp/def_content_category/south-indian-restaurants/new-dish...
[06:24:23]        [2] https://images.jdmagicbox.com/comp/def_content_category/south-indian-restaurants/new-dish-...
[06:24:23]        [3] https://images.jdmagicbox.com/comp/def_content_category/south-indian-restaurants/new-dish-...
[06:24:23]   [3] [IMG] Volga Chef | +(91)-7907722050 | 9 photos
[06:24:23]        [1] https://content.jdmagicbox.com/comp/kannur/e6/9999px497.x497.220210163401.x2e6/catalogue/-...
[06:24:23]        [2] https://images.jdmagicbox.com/comp/kannur/e6/9999px497.x497.220210163401.x2e6/catalogue/-h...
[06:24:23]        [3] https://images.jdmagicbox.com/comp/kannur/e6/9999px497.x497.220210163401.x2e6/catalogue/-2...
[06:24:24]   [4] [IMG] American Fried Chicken Pilathara | +(91)-8714759722 | 4 photos
[06:24:24]        [1] https://content.jdmagicbox.com/comp/kannur/g4/9999px497.x497.221019124021.h2g4/catalogue/a...
[06:24:24]        [2] https://images.jdmagicbox.com/comp/kannur/g4/9999px497.x497.221019124021.h2g4/catalogue/am...
[06:24:24]        [3] https://images.jdmagicbox.com/comp/kannur/g4/9999px497.x497.221019124021.h2g4/catalogue/am...
[06:24:24]   [5] [IMG] RAK | +(91)-6235101101 | 9 photos
[06:24:24]        [1] https://content.jdmagicbox.com/comp/kasaragod/g9/9999p4994.4994.210127203131.f2g9/catalogu...
[06:24:24]        [2] https://images.jdmagicbox.com/comp/kasaragod/g9/9999p4994.4994.210127203131.f2g9/catalogue...
[06:24:24]        [3] https://images.jdmagicbox.com/comp/kasaragod/g9/9999p4994.4994.210127203131.f2g9/catalogue...
[06:24:25]   [6] [IMG] Chikeys | +(91)-8606131123 | 9 photos
[06:24:25]        [1] https://content.jdmagicbox.com/comp/kozhikode/y3/0495px495.x495.190525032936.x5y3/catalogu...
[06:24:25]        [2] https://images.jdmagicbox.com/comp/kozhikode/y3/0495px495.x495.190525032936.x5y3/catalogue...
[06:24:25]        [3] https://images.jdmagicbox.com/comp/kozhikode/y3/0495px495.x495.190525032936.x5y3/catalogue...
[06:24:25]   [7] [IMG] Chicking Fried Chicken | +(91)-7736067817 | 9 photos
[06:24:25]        [1] https://content.jdmagicbox.com/comp/def_content_category/chicking-fried-chicken/chicking-f...
[06:24:25]        [2] https://images.jdmagicbox.com/comp/def_content_category/chicking-fried-chicken/chicking-fr...
[06:24:25]        [3] https://images.jdmagicbox.com/comp/def_content_category/chicking-fried-chicken-11985242-mz...
[06:24:26]   [8] [IMG] MFC Fried & Arabic | +(91)-8075029408 | 9 photos
[06:24:26]        [1] https://content.jdmagicbox.com/comp/kasaragod/f1/9999p4994.4994.171009202643.v4f1/catalogu...
[06:24:26]        [2] https://images.jdmagicbox.com/comp/kasaragod/f1/9999p4994.4994.171009202643.v4f1/catalogue...
[06:24:26]        [3] https://images.jdmagicbox.com/comp/kasaragod/f1/9999p4994.4994.171009202643.v4f1/catalogue...
[06:24:26]   [9] [IMG] Oryx Village | +(91)-8488918253 | 9 photos
[06:24:26]        [1] https://content.jdmagicbox.com/comp/kasaragod/d5/9999p4994.4994.180609125522.s4d5/catalogu...
[06:24:26]        [2] https://images.jdmagicbox.com/comp/kasaragod/d5/9999p4994.4994.180609125522.s4d5/catalogue...
[06:24:26]        [3] https://images.jdmagicbox.com/comp/kasaragod/d5/9999p4994.4994.180609125522.s4d5/catalogue...
[06:24:27]   [10] [IMG] AFC | +(91)-7012677537 | 5 photos
[06:24:27]        [1] https://content.jdmagicbox.com/comp/kozhikode/l5/0495px495.x495.211203141452.z3l5/catalogu...
[06:24:27]        [2] https://images.jdmagicbox.com/comp/kozhikode/l5/0495px495.x495.211203141452.z3l5/catalogue...
[06:24:27]        [3] https://images.jdmagicbox.com/comp/kozhikode/l5/0495px495.x495.211203141452.z3l5/catalogue...
[06:24:30]   Scraping page 4 (got 10 results)...
[06:24:30]   Checking page 5 for the next batch...
[06:24:30]   [1] [IMG] Golden Dine Family Restaurant | +(91)-9567302261 | 8 photos
[06:24:30]        [1] https://content.jdmagicbox.com/comp/kasaragod/e3/9999p4994.4994.181212142924.v8e3/catalogu...
[06:24:30]        [2] https://images.jdmagicbox.com/comp/kasaragod/e3/9999p4994.4994.181212142924.v8e3/catalogue...
[06:24:30]        [3] https://images.jdmagicbox.com/comp/kasaragod/e3/9999p4994.4994.181212142924.v8e3/catalogue...
[06:24:30]   [2] [IMG] Max Food | +(91)-9483340844 | 9 photos
[06:24:30]        [1] https://content.jdmagicbox.com/v2/comp/coorg/b2/9999p8272.8272.240715141211.c2b2/catalogue...
[06:24:30]        [2] https://images.jdmagicbox.com/v2/comp/coorg/b2/9999p8272.8272.240715141211.c2b2/catalogue/...
[06:24:30]        [3] https://images.jdmagicbox.com/v2/comp/coorg/b2/9999p8272.8272.240715141211.c2b2/catalogue/...
[06:24:31]   [3] [IMG] MADADA SOLUTION PVT LTD | +(91)-7221001003 | 9 photos
[06:24:31]        [1] https://content.jdmagicbox.com/comp/kozhikode/j2/0495px495.x495.230103175828.d9j2/catalogu...
[06:24:31]        [2] https://images.jdmagicbox.com/comp/kozhikode/j2/0495px495.x495.230103175828.d9j2/catalogue...
[06:24:31]        [3] https://images.jdmagicbox.com/comp/kozhikode/j2/0495px495.x495.230103175828.d9j2/catalogue...
[06:24:31]   [4] [IMG] Casaro Cafe | +(91)-9744772677 | 5 photos
[06:24:31]        [1] https://content.jdmagicbox.com/comp/kasaragod/v7/9999p4994.4994.220615225521.k2v7/catalogu...
[06:24:31]        [2] https://images.jdmagicbox.com/comp/kasaragod/v7/9999p4994.4994.220615225521.k2v7/catalogue...
[06:24:31]        [3] https://images.jdmagicbox.com/comp/kasaragod/v7/9999p4994.4994.220615225521.k2v7/catalogue...
[06:24:32]   [5] [IMG] Shawaya House Restaurant | +(91)-9539058080 | 9 photos
[06:24:32]        [1] https://content.jdmagicbox.com/comp/wayanad/m3/9999p4936.4936.230912223231.a8m3/catalogue/...
[06:24:32]        [2] https://images.jdmagicbox.com/comp/wayanad/m3/9999p4936.4936.230912223231.a8m3/catalogue/s...
[06:24:32]        [3] https://images.jdmagicbox.com/comp/wayanad/m3/9999p4936.4936.230912223231.a8m3/catalogue/s...
[06:24:32]   [6] [IMG] Quality Restaurant and Bakes | +(91)-9207300666 | 9 photos
[06:24:32]        [1] https://content.jdmagicbox.com/comp/kasaragod/r7/9999p4994.4994.170426102508.c8r7/catalogu...
[06:24:32]        [2] https://images.jdmagicbox.com/comp/kasaragod/r7/9999p4994.4994.170426102508.c8r7/catalogue...
[06:24:32]        [3] https://images.jdmagicbox.com/comp/bekal/r7/9999p4994.4994.170426102508.c8r7/catalogue/qua...
[06:24:33]   [7] [IMG] CFC Canadian Fried Chicken | +(91)-8123223715 | 5 photos
[06:24:33]        [1] https://content.jdmagicbox.com/comp/coorg/b9/9999p8272.8272.221217154654.x6b9/catalogue/-a...
[06:24:33]        [2] https://images.jdmagicbox.com/comp/coorg/b9/9999p8272.8272.221217154654.x6b9/catalogue/-a1...
[06:24:33]        [3] https://images.jdmagicbox.com/comp/coorg/b9/9999p8272.8272.221217154654.x6b9/catalogue/-ed...
[06:24:33]   [8] [IMG] Coffee Bare | +(91)-9656003252 | 9 photos
[06:24:33]        [1] https://content.jdmagicbox.com/comp/kasaragod/g9/9999p4994.4994.171211225040.i9g9/catalogu...
[06:24:33]        [2] https://images.jdmagicbox.com/comp/kasaragod/g9/9999p4994.4994.171211225040.i9g9/catalogue...
[06:24:33]        [3] https://images.jdmagicbox.com/comp/kasaragod/x3/pwfl1513010940g5d5x3/catalogue/coffee-bare...
[06:24:34]   [9] [IMG] Gama Kitchen | +(91)-8086310000 | 9 photos
[06:24:34]        [1] https://content.jdmagicbox.com/comp/kozhikode/s5/0495px495.x495.190810180742.q5s5/catalogu...
[06:24:34]        [2] https://images.jdmagicbox.com/comp/kozhikode/s5/0495px495.x495.190810180742.q5s5/catalogue...
[06:24:34]        [3] https://images.jdmagicbox.com/comp/kozhikode/s5/0495px495.x495.190810180742.q5s5/catalogue...
[06:24:34]   [10] [IMG] Sullias Eating Spot | +(91)-8142607082 | 5 photos
[06:24:34]        [1] https://content.jdmagicbox.com/comp/mangalore/v5/0824px824.x824.230106212525.l3v5/catalogu...
[06:24:34]        [2] https://images.jdmagicbox.com/comp/mangalore/v5/0824px824.x824.230106212525.l3v5/catalogue...
[06:24:34]        [3] https://images.jdmagicbox.com/comp/mangalore/v5/0824px824.x824.230106212525.l3v5/catalogue...
[06:24:36]   Scraping page 5 (got 10 results)...
[06:24:36]   Checking page 6 for the next batch...
[06:24:36]   [1] [IMG] Kuruva Family Restaurant | +(91)-8921536987 | 9 photos
[06:24:36]        [1] https://content.jdmagicbox.com/comp/wayanad/c1/9999p4936.4936.191203162722.c9c1/catalogue/...
[06:24:36]        [2] https://images.jdmagicbox.com/comp/wayanad/c1/9999p4936.4936.191203162722.c9c1/catalogue/k...
[06:24:36]        [3] https://images.jdmagicbox.com/comp/wayanad/c1/9999p4936.4936.191203162722.c9c1/catalogue/k...
[06:24:37]   [2] [IMG] LSJ CHICKEN | +(91)-9037911212 | 9 photos
[06:24:37]        [1] https://content.jdmagicbox.com/comp/kozhikode/d5/0495px495.x495.240325111357.y2d5/catalogu...
[06:24:37]        [2] https://images.jdmagicbox.com/comp/kozhikode/d5/0495px495.x495.240325111357.y2d5/catalogue...
[06:24:37]        [3] https://images.jdmagicbox.com/v2/comp/kozhikode/d5/0495px495.x495.240325111357.y2d5/catalo...
[06:24:37]   [3] [IMG] Fry Ville | +(91)-7994089339 | 8 photos
[06:24:37]        [1] https://content.jdmagicbox.com/comp/kozhikode/r5/0495px495.x495.240426193218.v8r5/catalogu...
[06:24:37]        [2] https://images.jdmagicbox.com/comp/kozhikode/r5/0495px495.x495.240426193218.v8r5/catalogue...
[06:24:37]        [3] https://images.jdmagicbox.com/v2/comp/kozhikode/r5/0495px495.x495.240426193218.v8r5/catalo...
[06:24:38]   [4] [IMG] Kadav Cafe | +(91)-7902791347 | 9 photos
[06:24:38]        [1] https://content.jdmagicbox.com/comp/wayanad/k8/9999p4936.4936.210505154047.l1k8/catalogue/...
[06:24:38]        [2] https://images.jdmagicbox.com/comp/wayanad/k8/9999p4936.4936.210505154047.l1k8/catalogue/p...
[06:24:38]        [3] https://images.jdmagicbox.com/comp/wayanad/k8/9999p4936.4936.210505154047.l1k8/catalogue/p...
[06:24:38]   [5] [IMG] AM 2 PM | +(91)-8281221562 | 9 photos
[06:24:38]        [1] https://content.jdmagicbox.com/comp/kozhikode/a1/0495px495.x495.210825115336.v6a1/catalogu...
[06:24:38]        [2] https://images.jdmagicbox.com/comp/kozhikode/a1/0495px495.x495.210825115336.v6a1/catalogue...
[06:24:38]        [3] https://images.jdmagicbox.com/comp/kozhikode/a1/0495px495.x495.210825115336.v6a1/catalogue...
[06:24:39]   [6] [IMG] Biryani house | +(91)-7025966937 | 9 photos
[06:24:39]        [1] https://content.jdmagicbox.com/comp/kasaragod/g9/9999p4994.4994.190817061424.b9g9/catalogu...
[06:24:39]        [2] https://images.jdmagicbox.com/comp/kasaragod/g9/9999p4994.4994.190817061424.b9g9/catalogue...
[06:24:39]        [3] https://images.jdmagicbox.com/comp/kasaragod/g9/9999p4994.4994.190817061424.b9g9/catalogue...
[06:24:39]   [7] [IMG] Vitamin Bbq Corner Family Restaurant & Tourist Restaurant | +(91)-8593909067 | 9 photos
[06:24:39]        [1] https://content.jdmagicbox.com/comp/kozhikode/q7/0495px495.x495.200205224512.v2q7/catalogu...
[06:24:39]        [2] https://images.jdmagicbox.com/comp/kozhikode/q7/0495px495.x495.200205224512.v2q7/catalogue...
[06:24:39]        [3] https://images.jdmagicbox.com/comp/kozhikode/q7/0495px495.x495.200205224512.v2q7/catalogue...
[06:24:40]   [8] [IMG] Clock Tower Restaurant | +(91)-7947190542 | 9 photos
[06:24:40]        [1] https://content.jdmagicbox.com/comp/kozhikode/i7/0495px495.x495.211016160058.h8i7/catalogu...
[06:24:40]        [2] https://images.jdmagicbox.com/comp/kozhikode/i7/0495px495.x495.211016160058.h8i7/catalogue...
[06:24:40]        [3] https://images.jdmagicbox.com/comp/kozhikode/i7/0495px495.x495.211016160058.h8i7/catalogue...
[06:24:40]   [9] [IMG] Clock Tower Restaurant | +(91)-8401686359 | 9 photos
[06:24:40]        [1] https://content.jdmagicbox.com/comp/kozhikode/i1/0495px495.x495.210415170354.s8i1/catalogu...
[06:24:40]        [2] https://images.jdmagicbox.com/comp/kozhikode/i1/0495px495.x495.210415170354.s8i1/catalogue...
[06:24:40]        [3] https://images.jdmagicbox.com/comp/kozhikode/i1/0495px495.x495.210415170354.s8i1/catalogue...
[06:24:41]   [10] [IMG] Umami eats | +(91)-7994527434 | 5 photos
[06:24:41]        [1] https://content.jdmagicbox.com/comp/kozhikode/q5/0495px495.x495.181107095251.z7q5/catalogu...
[06:24:41]        [2] https://images.jdmagicbox.com/comp/kozhikode/q5/0495px495.x495.181107095251.z7q5/catalogue...
[06:24:41]        [3] https://images.jdmagicbox.com/comp/kozhikode/q5/0495px495.x495.181107095251.z7q5/catalogue...
[06:24:45] 
==========================================
[06:24:45] [*] Scraping target 20/40: Peringome
[06:24:45] ==========================================
[06:24:46] ? Found 100 total Fried Chicken Delivery Restaurants in Peringome.
[06:24:46]   Scraping page 1 (got 10 results)...
[06:24:46]   Checking page 2 for the next batch...
[06:24:46]   [1] [IMG] WESTBURG DARMASHALA | +(91)-7411790657 | 7 photos
[06:24:46]        [1] https://content.jdmagicbox.com/v2/comp/kannur/z9/9999px497.x497.250712160334.d1z9/catalogu...
[06:24:46]        [2] https://images.jdmagicbox.com/v2/comp/kannur/z9/9999px497.x497.250712160334.d1z9/catalogue...
[06:24:46]        [3] https://images.jdmagicbox.com/v2/comp/kannur/z9/9999px497.x497.250712160334.d1z9/catalogue...
[06:24:46]   [2] [IMG] Rooster Fried & Grill | +(91)-8113001100 | 9 photos
[06:24:46]        [1] https://content.jdmagicbox.com/comp/kannur/v3/9999px497.x497.190517204357.c5v3/catalogue/r...
[06:24:46]        [2] https://images.jdmagicbox.com/comp/kannur/v3/9999px497.x497.190517204357.c5v3/catalogue/ro...
[06:24:46]        [3] https://images.jdmagicbox.com/comp/kannur/v3/9999px497.x497.190517204357.c5v3/catalogue/ro...
[06:24:47]   [3] [IMG] Hotel Green Park | +(91)-9447850097 | 9 photos
[06:24:47]        [1] https://content.jdmagicbox.com/comp/kannur/n5/9999px497.x497.171001155450.e6n5/catalogue/h...
[06:24:47]        [2] https://images.jdmagicbox.com/comp/kannur/n5/9999px497.x497.171001155450.e6n5/catalogue/ho...
[06:24:47]        [3] https://images.jdmagicbox.com/v2/comp/kannur/n5/9999px497.x497.171001155450.e6n5/catalogue...
[06:24:47]   [4] [IMG] Wimbies Restaurant And Fried Chicken | +(91)-9895868789 | 7 photos
[06:24:47]        [1] https://content.jdmagicbox.com/comp/kannur/u9/9999px497.x497.170607163909.z1u9/catalogue/w...
[06:24:47]        [2] https://images.jdmagicbox.com/comp/kannur/u9/9999px497.x497.170607163909.z1u9/catalogue/wi...
[06:24:47]        [3] https://images.jdmagicbox.com/comp/kannur/u9/9999px497.x497.170607163909.z1u9/catalogue/wi...
[06:24:48]   [5] [IMG] Afc American Fried Chicken Restaurant | +(91)-7373162111 | 9 photos
[06:24:48]        [1] https://content.jdmagicbox.com/comp/kannur/j3/9999px497.x497.220421184400.b5j3/catalogue/a...
[06:24:48]        [2] https://images.jdmagicbox.com/comp/kannur/j3/9999px497.x497.220421184400.b5j3/catalogue/af...
[06:24:48]        [3] https://images.jdmagicbox.com/comp/kannur/j3/9999px497.x497.220421184400.b5j3/catalogue/af...
[06:24:48]   [6] [IMG] Chikeys | +(91)-9895131123 | 9 photos
[06:24:48]        [1] https://content.jdmagicbox.com/comp/def_content_category/chikeys/121050718-333489939663650...
[06:24:48]        [2] https://images.jdmagicbox.com/comp/def_content_category/chikeys/121050718-3334899396636500...
[06:24:48]        [3] https://images.jdmagicbox.com/comp/def_content_category/chikeys/86689044-2704886126304500-...
[06:24:49]   [7] [IMG] Go Ggrll Chokli | +(91)-9747217717 | 9 photos
[06:24:49]        [1] https://content.jdmagicbox.com/v2/comp/kannur/f8/9999px497.x497.230224144441.a3f8/catalogu...
[06:24:49]        [2] https://images.jdmagicbox.com/v2/comp/kannur/f8/9999px497.x497.230224144441.a3f8/catalogue...
[06:24:49]        [3] https://images.jdmagicbox.com/v2/comp/kannur/f8/9999px497.x497.230224144441.a3f8/catalogue...
[06:24:50]   [8] [IMG] Jesna Lunch Room | +(91)-9605683147 | 7 photos
[06:24:50]        [1] https://content.jdmagicbox.com/comp/kannur/f2/9999px497.x497.190220121951.z4f2/catalogue/j...
[06:24:50]        [2] https://images.jdmagicbox.com/comp/kannur/f2/9999px497.x497.190220121951.z4f2/catalogue/je...
[06:24:50]        [3] https://images.jdmagicbox.com/comp/kannur/f2/9999px497.x497.190220121951.z4f2/catalogue/je...
[06:24:50]   [9] [IMG] Vkp S Cafe | +(91)-6235555112 | 9 photos
[06:24:50]        [1] https://content.jdmagicbox.com/v2/comp/kannur/u7/9999px497.x497.200107121359.c2u7/catalogu...
[06:24:50]        [2] https://images.jdmagicbox.com/v2/comp/kannur/u7/9999px497.x497.200107121359.c2u7/catalogue...
[06:24:50]        [3] https://images.jdmagicbox.com/v2/comp/kannur/u7/9999px497.x497.200107121359.c2u7/catalogue...
[06:24:51]   [10] [IMG] The Indian Express Superfast Restaurant | +(91)-8301009050 | 9 photos
[06:24:51]        [1] https://content.jdmagicbox.com/comp/kannur/e5/9999px497.x497.200106181231.h5e5/catalogue/t...
[06:24:51]        [2] https://images.jdmagicbox.com/comp/kannur/e5/9999px497.x497.200106181231.h5e5/catalogue/th...
[06:24:51]        [3] https://images.jdmagicbox.com/comp/kannur/e5/9999px497.x497.200106181231.h5e5/catalogue/th...
[06:24:53]   Scraping page 2 (got 10 results)...
[06:24:53]   Checking page 3 for the next batch...
[06:24:53]   [1] [IMG] American Fried Chicken | +(91)-7592044544 | 7 photos
[06:24:53]        [1] https://content.jdmagicbox.com/comp/kannur/h5/9999px497.x497.220107164349.v8h5/catalogue/-...
[06:24:53]        [2] https://images.jdmagicbox.com/comp/kannur/h5/9999px497.x497.220107164349.v8h5/catalogue/-v...
[06:24:53]        [3] https://images.jdmagicbox.com/comp/kannur/h5/9999px497.x497.220107164349.v8h5/catalogue/-a...
[06:24:54]   [2] [IMG] Chilly Hut | +(91)-8330057833 | 9 photos
[06:24:54]        [1] https://content.jdmagicbox.com/comp/kannur/b1/9999px497.x497.210226155456.l3b1/catalogue/c...
[06:24:54]        [2] https://images.jdmagicbox.com/comp/kannur/b1/9999px497.x497.210226155456.l3b1/catalogue/ch...
[06:24:54]        [3] https://images.jdmagicbox.com/v2/comp/kannur/b1/9999px497.x497.210226155456.l3b1/catalogue...
[06:24:54]   [3] [IMG] Arabian Grill | +(91)-9544400048 | 9 photos
[06:24:54]        [1] https://content.jdmagicbox.com/comp/kannur/y4/9999px497.x497.170926210343.p8y4/catalogue/a...
[06:24:54]        [2] https://images.jdmagicbox.com/comp/kannur/y4/9999px497.x497.170926210343.p8y4/catalogue/ar...
[06:24:54]        [3] https://images.jdmagicbox.com/comp/kannur/y4/9999px497.x497.170926210343.p8y4/catalogue/ar...
[06:24:55]   [4] [IMG] Hfc Fried Chicken | +(91)-7902898916 | 9 photos
[06:24:55]        [1] https://content.jdmagicbox.com/comp/kannur/y5/9999px497.x497.230328181354.g1y5/catalogue/h...
[06:24:55]        [2] https://images.jdmagicbox.com/comp/kannur/y5/9999px497.x497.230328181354.g1y5/catalogue/hf...
[06:24:55]        [3] https://images.jdmagicbox.com/v2/comp/kannur/y5/9999px497.x497.230328181354.g1y5/catalogue...
[06:24:55]   [5] [IMG] BURNO FRIED | +(91)-9961480764 | 6 photos
[06:24:55]        [1] https://content.jdmagicbox.com/v2/comp/kannur/h2/9999px497.x497.250809213421.y6h2/catalogu...
[06:24:55]        [2] https://images.jdmagicbox.com/v2/comp/kannur/h2/9999px497.x497.250809213421.y6h2/catalogue...
[06:24:55]        [3] https://images.jdmagicbox.com/v2/comp/kannur/h2/9999px497.x497.250809213421.y6h2/catalogue...
[06:24:56]   [6] [IMG] COCO CABANE CAFE | +(91)-8590090726 | 9 photos
[06:24:56]        [1] https://content.jdmagicbox.com/comp/kannur/t6/9999px497.x497.220728192535.f5t6/catalogue/c...
[06:24:56]        [2] https://images.jdmagicbox.com/comp/kannur/t6/9999px497.x497.220728192535.f5t6/catalogue/co...
[06:24:56]        [3] https://images.jdmagicbox.com/comp/kannur/t6/9999px497.x497.220728192535.f5t6/catalogue/co...
[06:24:56]   [7] [IMG] TFC TURKISH FRIED CHICKEN CHAKKARAKKAL | +(91)-8301867300 | 9 photos
[06:24:56]        [1] https://content.jdmagicbox.com/comp/kannur/n6/9999px497.x497.240121190829.e4n6/catalogue/t...
[06:24:56]        [2] https://images.jdmagicbox.com/comp/kannur/n6/9999px497.x497.240121190829.e4n6/catalogue/tf...
[06:24:56]        [3] https://images.jdmagicbox.com/comp/kannur/n6/9999px497.x497.240121190829.e4n6/catalogue/tf...
[06:24:57]   [8] [IMG] Hotel New Delhi | +(91)-9744866841 | 4 photos
[06:24:57]        [1] https://content.jdmagicbox.com/comp/def_content_category/south-indian-restaurants/new-dish...
[06:24:57]        [2] https://images.jdmagicbox.com/comp/def_content_category/south-indian-restaurants/new-dish-...
[06:24:57]        [3] https://images.jdmagicbox.com/comp/def_content_category/south-indian-restaurants/new-dish-...
[06:24:57]   [9] [IMG] Nks Chicken |  | 6 photos
[06:24:57]        [1] https://content.jdmagicbox.com/comp/kannur/k3/9999px497.x497.191212134539.x7k3/catalogue/n...
[06:24:57]        [2] https://images.jdmagicbox.com/comp/kannur/k3/9999px497.x497.191212134539.x7k3/catalogue/nk...
[06:24:57]        [3] https://images.jdmagicbox.com/comp/kannur/k3/9999px497.x497.191212134539.x7k3/catalogue/nk...
[06:24:58]   [10] [IMG] Chicking Fried Chicken (Kannur Mall) | +(91)-9744480000 | 9 photos
[06:24:58]        [1] https://content.jdmagicbox.com/comp/def_content_category/chicking-fried-chicken-11985242-m...
[06:24:58]        [2] https://images.jdmagicbox.com/comp/def_content_category/chicking-fried-chicken-11985242-mz...
[06:24:58]        [3] https://images.jdmagicbox.com/comp/def_content_category/chicking-fried-chicken/chicking-fr...
[06:25:00]   Scraping page 3 (got 10 results)...
[06:25:00]   Checking page 4 for the next batch...
[06:25:00]   [1] [IMG] Lebanese |  | 9 photos
[06:25:00]        [1] https://content.jdmagicbox.com/comp/kannur/q2/9999px497.x497.181103164105.u9q2/catalogue/l...
[06:25:00]        [2] https://images.jdmagicbox.com/comp/kannur/q2/9999px497.x497.181103164105.u9q2/catalogue/le...
[06:25:00]        [3] https://images.jdmagicbox.com/comp/kannur/q2/9999px497.x497.181103164105.u9q2/catalogue/le...
[06:25:00]   [2] [IMG] Jubilee Restaurant | +(91)-9526366382 | 2 photos
[06:25:00]        [1] https://content.jdmagicbox.com/comp/def_content/buffet-restaurants/buffet-restaurants7-buf...
[06:25:00]        [2] https://images.jdmagicbox.com/comp/def_content/buffet-restaurants/buffet-restaurants7-buff...
[06:25:01]   [3] [IMG] American Fried Chicken Pilathara | +(91)-8714759722 | 4 photos
[06:25:01]        [1] https://content.jdmagicbox.com/comp/kannur/g4/9999px497.x497.221019124021.h2g4/catalogue/a...
[06:25:01]        [2] https://images.jdmagicbox.com/comp/kannur/g4/9999px497.x497.221019124021.h2g4/catalogue/am...
[06:25:01]        [3] https://images.jdmagicbox.com/comp/kannur/g4/9999px497.x497.221019124021.h2g4/catalogue/am...
[06:25:01]   [4] [IMG] Volga Chef | +(91)-7907722050 | 9 photos
[06:25:01]        [1] https://content.jdmagicbox.com/comp/kannur/e6/9999px497.x497.220210163401.x2e6/catalogue/-...
[06:25:01]        [2] https://images.jdmagicbox.com/comp/kannur/e6/9999px497.x497.220210163401.x2e6/catalogue/-h...
[06:25:01]        [3] https://images.jdmagicbox.com/comp/kannur/e6/9999px497.x497.220210163401.x2e6/catalogue/-2...
[06:25:02]   [5] [IMG] RAK | +(91)-6235101101 | 9 photos
[06:25:02]        [1] https://content.jdmagicbox.com/comp/kasaragod/g9/9999p4994.4994.210127203131.f2g9/catalogu...
[06:25:02]        [2] https://images.jdmagicbox.com/comp/kasaragod/g9/9999p4994.4994.210127203131.f2g9/catalogue...
[06:25:02]        [3] https://images.jdmagicbox.com/comp/kasaragod/g9/9999p4994.4994.210127203131.f2g9/catalogue...
[06:25:02]   [6] [IMG] Chikeys | +(91)-8606131123 | 9 photos
[06:25:02]        [1] https://content.jdmagicbox.com/comp/kozhikode/y3/0495px495.x495.190525032936.x5y3/catalogu...
[06:25:02]        [2] https://images.jdmagicbox.com/comp/kozhikode/y3/0495px495.x495.190525032936.x5y3/catalogue...
[06:25:02]        [3] https://images.jdmagicbox.com/comp/kozhikode/y3/0495px495.x495.190525032936.x5y3/catalogue...
[06:25:03]   [7] [IMG] Chicking Fried Chicken | +(91)-7736067817 | 9 photos
[06:25:03]        [1] https://content.jdmagicbox.com/comp/def_content_category/chicking-fried-chicken/chicking-f...
[06:25:03]        [2] https://images.jdmagicbox.com/comp/def_content_category/chicking-fried-chicken/chicking-fr...
[06:25:03]        [3] https://images.jdmagicbox.com/comp/def_content_category/chicking-fried-chicken-11985242-mz...
[06:25:03]   [8] [IMG] MFC Fried & Arabic | +(91)-8075029408 | 9 photos
[06:25:03]        [1] https://content.jdmagicbox.com/comp/kasaragod/f1/9999p4994.4994.171009202643.v4f1/catalogu...
[06:25:03]        [2] https://images.jdmagicbox.com/comp/kasaragod/f1/9999p4994.4994.171009202643.v4f1/catalogue...
[06:25:03]        [3] https://images.jdmagicbox.com/comp/kasaragod/f1/9999p4994.4994.171009202643.v4f1/catalogue...
[06:25:04]   [9] [IMG] Oryx Village | +(91)-8488918253 | 9 photos
[06:25:04]        [1] https://content.jdmagicbox.com/comp/kasaragod/d5/9999p4994.4994.180609125522.s4d5/catalogu...
[06:25:04]        [2] https://images.jdmagicbox.com/comp/kasaragod/d5/9999p4994.4994.180609125522.s4d5/catalogue...
[06:25:04]        [3] https://images.jdmagicbox.com/comp/kasaragod/d5/9999p4994.4994.180609125522.s4d5/catalogue...
[06:25:05]   [10] [IMG] AFC | +(91)-7012677537 | 5 photos
[06:25:05]        [1] https://content.jdmagicbox.com/comp/kozhikode/l5/0495px495.x495.211203141452.z3l5/catalogu...
[06:25:05]        [2] https://images.jdmagicbox.com/comp/kozhikode/l5/0495px495.x495.211203141452.z3l5/catalogue...
[06:25:05]        [3] https://images.jdmagicbox.com/comp/kozhikode/l5/0495px495.x495.211203141452.z3l5/catalogue...
[06:25:07]   Scraping page 4 (got 10 results)...
[06:25:07]   Checking page 5 for the next batch...
[06:25:07]   [1] [IMG] Golden Dine Family Restaurant | +(91)-9567302261 | 8 photos
[06:25:07]        [1] https://content.jdmagicbox.com/comp/kasaragod/e3/9999p4994.4994.181212142924.v8e3/catalogu...
[06:25:07]        [2] https://images.jdmagicbox.com/comp/kasaragod/e3/9999p4994.4994.181212142924.v8e3/catalogue...
[06:25:07]        [3] https://images.jdmagicbox.com/comp/kasaragod/e3/9999p4994.4994.181212142924.v8e3/catalogue...
[06:25:08]   [2] [IMG] Max Food | +(91)-9483340844 | 9 photos
[06:25:08]        [1] https://content.jdmagicbox.com/v2/comp/coorg/b2/9999p8272.8272.240715141211.c2b2/catalogue...
[06:25:08]        [2] https://images.jdmagicbox.com/v2/comp/coorg/b2/9999p8272.8272.240715141211.c2b2/catalogue/...
[06:25:08]        [3] https://images.jdmagicbox.com/v2/comp/coorg/b2/9999p8272.8272.240715141211.c2b2/catalogue/...
[06:25:08]   [3] [IMG] MADADA SOLUTION PVT LTD | +(91)-7221001003 | 9 photos
[06:25:08]        [1] https://content.jdmagicbox.com/comp/kozhikode/j2/0495px495.x495.230103175828.d9j2/catalogu...
[06:25:08]        [2] https://images.jdmagicbox.com/comp/kozhikode/j2/0495px495.x495.230103175828.d9j2/catalogue...
[06:25:08]        [3] https://images.jdmagicbox.com/comp/kozhikode/j2/0495px495.x495.230103175828.d9j2/catalogue...
[06:25:09]   [4] [IMG] Casaro Cafe | +(91)-9744772677 | 5 photos
[06:25:09]        [1] https://content.jdmagicbox.com/comp/kasaragod/v7/9999p4994.4994.220615225521.k2v7/catalogu...
[06:25:09]        [2] https://images.jdmagicbox.com/comp/kasaragod/v7/9999p4994.4994.220615225521.k2v7/catalogue...
[06:25:09]        [3] https://images.jdmagicbox.com/comp/kasaragod/v7/9999p4994.4994.220615225521.k2v7/catalogue...
[06:25:09]   [5] [IMG] Shawaya House Restaurant | +(91)-9539058080 | 9 photos
[06:25:09]        [1] https://content.jdmagicbox.com/comp/wayanad/m3/9999p4936.4936.230912223231.a8m3/catalogue/...
[06:25:09]        [2] https://images.jdmagicbox.com/comp/wayanad/m3/9999p4936.4936.230912223231.a8m3/catalogue/s...
[06:25:09]        [3] https://images.jdmagicbox.com/comp/wayanad/m3/9999p4936.4936.230912223231.a8m3/catalogue/s...
[06:25:10]   [6] [IMG] Quality Restaurant and Bakes | +(91)-9207300666 | 9 photos
[06:25:10]        [1] https://content.jdmagicbox.com/comp/kasaragod/r7/9999p4994.4994.170426102508.c8r7/catalogu...
[06:25:10]        [2] https://images.jdmagicbox.com/comp/kasaragod/r7/9999p4994.4994.170426102508.c8r7/catalogue...
[06:25:10]        [3] https://images.jdmagicbox.com/comp/bekal/r7/9999p4994.4994.170426102508.c8r7/catalogue/qua...
[06:25:10]   [7] [IMG] CFC Canadian Fried Chicken | +(91)-8123223715 | 5 photos
[06:25:10]        [1] https://content.jdmagicbox.com/comp/coorg/b9/9999p8272.8272.221217154654.x6b9/catalogue/-a...
[06:25:10]        [2] https://images.jdmagicbox.com/comp/coorg/b9/9999p8272.8272.221217154654.x6b9/catalogue/-a1...
[06:25:10]        [3] https://images.jdmagicbox.com/comp/coorg/b9/9999p8272.8272.221217154654.x6b9/catalogue/-ed...
[06:25:11]   [8] [IMG] Coffee Bare | +(91)-9656003252 | 9 photos
[06:25:11]        [1] https://content.jdmagicbox.com/comp/kasaragod/g9/9999p4994.4994.171211225040.i9g9/catalogu...
[06:25:11]        [2] https://images.jdmagicbox.com/comp/kasaragod/g9/9999p4994.4994.171211225040.i9g9/catalogue...
[06:25:11]        [3] https://images.jdmagicbox.com/comp/kasaragod/x3/pwfl1513010940g5d5x3/catalogue/coffee-bare...
[06:25:11]   [9] [IMG] Gama Kitchen | +(91)-8086310000 | 9 photos
[06:25:11]        [1] https://content.jdmagicbox.com/comp/kozhikode/s5/0495px495.x495.190810180742.q5s5/catalogu...
[06:25:11]        [2] https://images.jdmagicbox.com/comp/kozhikode/s5/0495px495.x495.190810180742.q5s5/catalogue...
[06:25:11]        [3] https://images.jdmagicbox.com/comp/kozhikode/s5/0495px495.x495.190810180742.q5s5/catalogue...
[06:25:12]   [10] [IMG] Sullias Eating Spot | +(91)-8142607082 | 5 photos
[06:25:12]        [1] https://content.jdmagicbox.com/comp/mangalore/v5/0824px824.x824.230106212525.l3v5/catalogu...
[06:25:12]        [2] https://images.jdmagicbox.com/comp/mangalore/v5/0824px824.x824.230106212525.l3v5/catalogue...
[06:25:12]        [3] https://images.jdmagicbox.com/comp/mangalore/v5/0824px824.x824.230106212525.l3v5/catalogue...
[06:25:14]   Scraping page 5 (got 10 results)...
[06:25:14]   Checking page 6 for the next batch...
[06:25:14]   [1] [IMG] Kuruva Family Restaurant | +(91)-8921536987 | 9 photos
[06:25:14]        [1] https://content.jdmagicbox.com/comp/wayanad/c1/9999p4936.4936.191203162722.c9c1/catalogue/...
[06:25:14]        [2] https://images.jdmagicbox.com/comp/wayanad/c1/9999p4936.4936.191203162722.c9c1/catalogue/k...
[06:25:14]        [3] https://images.jdmagicbox.com/comp/wayanad/c1/9999p4936.4936.191203162722.c9c1/catalogue/k...
[06:25:15]   [2] [IMG] LSJ CHICKEN | +(91)-9037911212 | 9 photos
[06:25:15]        [1] https://content.jdmagicbox.com/comp/kozhikode/d5/0495px495.x495.240325111357.y2d5/catalogu...
[06:25:15]        [2] https://images.jdmagicbox.com/comp/kozhikode/d5/0495px495.x495.240325111357.y2d5/catalogue...
[06:25:15]        [3] https://images.jdmagicbox.com/v2/comp/kozhikode/d5/0495px495.x495.240325111357.y2d5/catalo...
[06:25:15]   [3] [IMG] Fry Ville | +(91)-7994089339 | 8 photos
[06:25:15]        [1] https://content.jdmagicbox.com/comp/kozhikode/r5/0495px495.x495.240426193218.v8r5/catalogu...
[06:25:15]        [2] https://images.jdmagicbox.com/comp/kozhikode/r5/0495px495.x495.240426193218.v8r5/catalogue...
[06:25:15]        [3] https://images.jdmagicbox.com/v2/comp/kozhikode/r5/0495px495.x495.240426193218.v8r5/catalo...
[06:25:16]   [4] [IMG] Kadav Cafe | +(91)-7902791347 | 9 photos
[06:25:16]        [1] https://content.jdmagicbox.com/comp/wayanad/k8/9999p4936.4936.210505154047.l1k8/catalogue/...
[06:25:16]        [2] https://images.jdmagicbox.com/comp/wayanad/k8/9999p4936.4936.210505154047.l1k8/catalogue/p...
[06:25:16]        [3] https://images.jdmagicbox.com/comp/wayanad/k8/9999p4936.4936.210505154047.l1k8/catalogue/p...
[06:25:16]   [5] [IMG] AM 2 PM | +(91)-8281221562 | 9 photos
[06:25:16]        [1] https://content.jdmagicbox.com/comp/kozhikode/a1/0495px495.x495.210825115336.v6a1/catalogu...
[06:25:16]        [2] https://images.jdmagicbox.com/comp/kozhikode/a1/0495px495.x495.210825115336.v6a1/catalogue...
[06:25:16]        [3] https://images.jdmagicbox.com/comp/kozhikode/a1/0495px495.x495.210825115336.v6a1/catalogue...
[06:25:17]   [6] [IMG] Biryani house | +(91)-7025966937 | 9 photos
[06:25:17]        [1] https://content.jdmagicbox.com/comp/kasaragod/g9/9999p4994.4994.190817061424.b9g9/catalogu...
[06:25:17]        [2] https://images.jdmagicbox.com/comp/kasaragod/g9/9999p4994.4994.190817061424.b9g9/catalogue...
[06:25:17]        [3] https://images.jdmagicbox.com/comp/kasaragod/g9/9999p4994.4994.190817061424.b9g9/catalogue...
[06:25:17]   [7] [IMG] Vitamin Bbq Corner Family Restaurant & Tourist Restaurant | +(91)-8593909067 | 9 photos
[06:25:17]        [1] https://content.jdmagicbox.com/comp/kozhikode/q7/0495px495.x495.200205224512.v2q7/catalogu...
[06:25:17]        [2] https://images.jdmagicbox.com/comp/kozhikode/q7/0495px495.x495.200205224512.v2q7/catalogue...
[06:25:17]        [3] https://images.jdmagicbox.com/comp/kozhikode/q7/0495px495.x495.200205224512.v2q7/catalogue...
[06:25:18]   [8] [IMG] Clock Tower Restaurant | +(91)-7947190542 | 9 photos
[06:25:18]        [1] https://content.jdmagicbox.com/comp/kozhikode/i7/0495px495.x495.211016160058.h8i7/catalogu...
[06:25:18]        [2] https://images.jdmagicbox.com/comp/kozhikode/i7/0495px495.x495.211016160058.h8i7/catalogue...
[06:25:18]        [3] https://images.jdmagicbox.com/comp/kozhikode/i7/0495px495.x495.211016160058.h8i7/catalogue...
[06:25:18]   [9] [IMG] Clock Tower Restaurant | +(91)-8401686359 | 9 photos
[06:25:18]        [1] https://content.jdmagicbox.com/comp/kozhikode/i1/0495px495.x495.210415170354.s8i1/catalogu...
[06:25:18]        [2] https://images.jdmagicbox.com/comp/kozhikode/i1/0495px495.x495.210415170354.s8i1/catalogue...
[06:25:18]        [3] https://images.jdmagicbox.com/comp/kozhikode/i1/0495px495.x495.210415170354.s8i1/catalogue...
[06:25:19]   [10] [IMG] Umami eats | +(91)-7994527434 | 5 photos
[06:25:19]        [1] https://content.jdmagicbox.com/comp/kozhikode/q5/0495px495.x495.181107095251.z7q5/catalogu...
[06:25:19]        [2] https://images.jdmagicbox.com/comp/kozhikode/q5/0495px495.x495.181107095251.z7q5/catalogue...
[06:25:19]        [3] https://images.jdmagicbox.com/comp/kozhikode/q5/0495px495.x495.181107095251.z7q5/catalogue...
[06:25:23] 
==========================================
[06:25:23] [*] Scraping target 21/40: Sreekandapuram
[06:25:23] ==========================================
[06:25:23] ? Found 100 total Fried Chicken Delivery Restaurants in Sreekandapuram.
[06:25:23]   Scraping page 1 (got 10 results)...
[06:25:23]   Checking page 2 for the next batch...
[06:25:23]   [1] [IMG] WESTBURG DARMASHALA | +(91)-7411790657 | 7 photos
[06:25:23]        [1] https://content.jdmagicbox.com/v2/comp/kannur/z9/9999px497.x497.250712160334.d1z9/catalogu...
[06:25:23]        [2] https://images.jdmagicbox.com/v2/comp/kannur/z9/9999px497.x497.250712160334.d1z9/catalogue...
[06:25:23]        [3] https://images.jdmagicbox.com/v2/comp/kannur/z9/9999px497.x497.250712160334.d1z9/catalogue...
[06:25:24]   [2] [IMG] Rooster Fried & Grill | +(91)-8113001100 | 9 photos
[06:25:24]        [1] https://content.jdmagicbox.com/comp/kannur/v3/9999px497.x497.190517204357.c5v3/catalogue/r...
[06:25:24]        [2] https://images.jdmagicbox.com/comp/kannur/v3/9999px497.x497.190517204357.c5v3/catalogue/ro...
[06:25:24]        [3] https://images.jdmagicbox.com/comp/kannur/v3/9999px497.x497.190517204357.c5v3/catalogue/ro...
[06:25:24]   [3] [IMG] Arabian Grill | +(91)-9544400048 | 9 photos
[06:25:24]        [1] https://content.jdmagicbox.com/comp/kannur/y4/9999px497.x497.170926210343.p8y4/catalogue/a...
[06:25:24]        [2] https://images.jdmagicbox.com/comp/kannur/y4/9999px497.x497.170926210343.p8y4/catalogue/ar...
[06:25:24]        [3] https://images.jdmagicbox.com/comp/kannur/y4/9999px497.x497.170926210343.p8y4/catalogue/ar...
[06:25:25]   [4] [IMG] Chilly Hut | +(91)-8330057833 | 9 photos
[06:25:25]        [1] https://content.jdmagicbox.com/comp/kannur/b1/9999px497.x497.210226155456.l3b1/catalogue/c...
[06:25:25]        [2] https://images.jdmagicbox.com/comp/kannur/b1/9999px497.x497.210226155456.l3b1/catalogue/ch...
[06:25:25]        [3] https://images.jdmagicbox.com/v2/comp/kannur/b1/9999px497.x497.210226155456.l3b1/catalogue...
[06:25:25]   [5] [IMG] Chikeys | +(91)-9895131123 | 9 photos
[06:25:25]        [1] https://content.jdmagicbox.com/comp/def_content_category/chikeys/121050718-333489939663650...
[06:25:25]        [2] https://images.jdmagicbox.com/comp/def_content_category/chikeys/121050718-3334899396636500...
[06:25:25]        [3] https://images.jdmagicbox.com/comp/def_content_category/chikeys/86689044-2704886126304500-...
[06:25:26]   [6] [IMG] Jesna Lunch Room | +(91)-9605683147 | 7 photos
[06:25:26]        [1] https://content.jdmagicbox.com/comp/kannur/f2/9999px497.x497.190220121951.z4f2/catalogue/j...
[06:25:26]        [2] https://images.jdmagicbox.com/comp/kannur/f2/9999px497.x497.190220121951.z4f2/catalogue/je...
[06:25:26]        [3] https://images.jdmagicbox.com/comp/kannur/f2/9999px497.x497.190220121951.z4f2/catalogue/je...
[06:25:27]   [7] [IMG] Wimbies Restaurant And Fried Chicken | +(91)-9895868789 | 7 photos
[06:25:27]        [1] https://content.jdmagicbox.com/comp/kannur/u9/9999px497.x497.170607163909.z1u9/catalogue/w...
[06:25:27]        [2] https://images.jdmagicbox.com/comp/kannur/u9/9999px497.x497.170607163909.z1u9/catalogue/wi...
[06:25:27]        [3] https://images.jdmagicbox.com/comp/kannur/u9/9999px497.x497.170607163909.z1u9/catalogue/wi...
[06:25:27]   [8] [IMG] Hfc Fried Chicken | +(91)-7902898916 | 9 photos
[06:25:27]        [1] https://content.jdmagicbox.com/comp/kannur/y5/9999px497.x497.230328181354.g1y5/catalogue/h...
[06:25:27]        [2] https://images.jdmagicbox.com/comp/kannur/y5/9999px497.x497.230328181354.g1y5/catalogue/hf...
[06:25:27]        [3] https://images.jdmagicbox.com/v2/comp/kannur/y5/9999px497.x497.230328181354.g1y5/catalogue...
[06:25:28]   [9] [IMG] Hotel Green Park | +(91)-9447850097 | 9 photos
[06:25:28]        [1] https://content.jdmagicbox.com/comp/kannur/n5/9999px497.x497.171001155450.e6n5/catalogue/h...
[06:25:28]        [2] https://images.jdmagicbox.com/comp/kannur/n5/9999px497.x497.171001155450.e6n5/catalogue/ho...
[06:25:28]        [3] https://images.jdmagicbox.com/v2/comp/kannur/n5/9999px497.x497.171001155450.e6n5/catalogue...
[06:25:28]   [10] [IMG] BURNO FRIED | +(91)-9961480764 | 6 photos
[06:25:28]        [1] https://content.jdmagicbox.com/v2/comp/kannur/h2/9999px497.x497.250809213421.y6h2/catalogu...
[06:25:28]        [2] https://images.jdmagicbox.com/v2/comp/kannur/h2/9999px497.x497.250809213421.y6h2/catalogue...
[06:25:28]        [3] https://images.jdmagicbox.com/v2/comp/kannur/h2/9999px497.x497.250809213421.y6h2/catalogue...
[06:25:30]   Scraping page 2 (got 10 results)...
[06:25:30]   Checking page 3 for the next batch...
[06:25:30]   [1] [IMG] The Indian Express Superfast Restaurant | +(91)-8301009050 | 9 photos
[06:25:30]        [1] https://content.jdmagicbox.com/comp/kannur/e5/9999px497.x497.200106181231.h5e5/catalogue/t...
[06:25:30]        [2] https://images.jdmagicbox.com/comp/kannur/e5/9999px497.x497.200106181231.h5e5/catalogue/th...
[06:25:30]        [3] https://images.jdmagicbox.com/comp/kannur/e5/9999px497.x497.200106181231.h5e5/catalogue/th...
[06:25:31]   [2] [IMG] Go Ggrll Chokli | +(91)-9747217717 | 9 photos
[06:25:31]        [1] https://content.jdmagicbox.com/v2/comp/kannur/f8/9999px497.x497.230224144441.a3f8/catalogu...
[06:25:31]        [2] https://images.jdmagicbox.com/v2/comp/kannur/f8/9999px497.x497.230224144441.a3f8/catalogue...
[06:25:31]        [3] https://images.jdmagicbox.com/v2/comp/kannur/f8/9999px497.x497.230224144441.a3f8/catalogue...
[06:25:31]   [3] [IMG] Vkp S Cafe | +(91)-6235555112 | 9 photos
[06:25:31]        [1] https://content.jdmagicbox.com/v2/comp/kannur/u7/9999px497.x497.200107121359.c2u7/catalogu...
[06:25:31]        [2] https://images.jdmagicbox.com/v2/comp/kannur/u7/9999px497.x497.200107121359.c2u7/catalogue...
[06:25:31]        [3] https://images.jdmagicbox.com/v2/comp/kannur/u7/9999px497.x497.200107121359.c2u7/catalogue...
[06:25:32]   [4] [IMG] Afc American Fried Chicken Restaurant | +(91)-7373162111 | 9 photos
[06:25:32]        [1] https://content.jdmagicbox.com/comp/kannur/j3/9999px497.x497.220421184400.b5j3/catalogue/a...
[06:25:32]        [2] https://images.jdmagicbox.com/comp/kannur/j3/9999px497.x497.220421184400.b5j3/catalogue/af...
[06:25:32]        [3] https://images.jdmagicbox.com/comp/kannur/j3/9999px497.x497.220421184400.b5j3/catalogue/af...
[06:25:32]   [5] [IMG] COCO CABANE CAFE | +(91)-8590090726 | 9 photos
[06:25:32]        [1] https://content.jdmagicbox.com/comp/kannur/t6/9999px497.x497.220728192535.f5t6/catalogue/c...
[06:25:32]        [2] https://images.jdmagicbox.com/comp/kannur/t6/9999px497.x497.220728192535.f5t6/catalogue/co...
[06:25:32]        [3] https://images.jdmagicbox.com/comp/kannur/t6/9999px497.x497.220728192535.f5t6/catalogue/co...
[06:25:33]   [6] [IMG] American Fried Chicken | +(91)-7592044544 | 7 photos
[06:25:33]        [1] https://content.jdmagicbox.com/comp/kannur/h5/9999px497.x497.220107164349.v8h5/catalogue/-...
[06:25:33]        [2] https://images.jdmagicbox.com/comp/kannur/h5/9999px497.x497.220107164349.v8h5/catalogue/-v...
[06:25:33]        [3] https://images.jdmagicbox.com/comp/kannur/h5/9999px497.x497.220107164349.v8h5/catalogue/-a...
[06:25:33]   [7] [IMG] Chicking Fried Chicken (Kannur Mall) | +(91)-9744480000 | 9 photos
[06:25:33]        [1] https://content.jdmagicbox.com/comp/def_content_category/chicking-fried-chicken-11985242-m...
[06:25:33]        [2] https://images.jdmagicbox.com/comp/def_content_category/chicking-fried-chicken-11985242-mz...
[06:25:33]        [3] https://images.jdmagicbox.com/comp/def_content_category/chicking-fried-chicken/chicking-fr...
[06:25:34]   [8] [IMG] Hotel New Delhi | +(91)-9744866841 | 4 photos
[06:25:34]        [1] https://content.jdmagicbox.com/comp/def_content_category/south-indian-restaurants/new-dish...
[06:25:34]        [2] https://images.jdmagicbox.com/comp/def_content_category/south-indian-restaurants/new-dish-...
[06:25:34]        [3] https://images.jdmagicbox.com/comp/def_content_category/south-indian-restaurants/new-dish-...
[06:25:34]   [9] [IMG] American Fried Chicken Pilathara | +(91)-8714759722 | 4 photos
[06:25:34]        [1] https://content.jdmagicbox.com/comp/kannur/g4/9999px497.x497.221019124021.h2g4/catalogue/a...
[06:25:34]        [2] https://images.jdmagicbox.com/comp/kannur/g4/9999px497.x497.221019124021.h2g4/catalogue/am...
[06:25:34]        [3] https://images.jdmagicbox.com/comp/kannur/g4/9999px497.x497.221019124021.h2g4/catalogue/am...
[06:25:35]   [10] [IMG] Nks Chicken |  | 6 photos
[06:25:35]        [1] https://content.jdmagicbox.com/comp/kannur/k3/9999px497.x497.191212134539.x7k3/catalogue/n...
[06:25:35]        [2] https://images.jdmagicbox.com/comp/kannur/k3/9999px497.x497.191212134539.x7k3/catalogue/nk...
[06:25:35]        [3] https://images.jdmagicbox.com/comp/kannur/k3/9999px497.x497.191212134539.x7k3/catalogue/nk...
[06:25:37]   Scraping page 3 (got 10 results)...
[06:25:37]   Checking page 4 for the next batch...
[06:25:37]   [1] [IMG] TFC TURKISH FRIED CHICKEN CHAKKARAKKAL | +(91)-8301867300 | 9 photos
[06:25:37]        [1] https://content.jdmagicbox.com/comp/kannur/n6/9999px497.x497.240121190829.e4n6/catalogue/t...
[06:25:37]        [2] https://images.jdmagicbox.com/comp/kannur/n6/9999px497.x497.240121190829.e4n6/catalogue/tf...
[06:25:37]        [3] https://images.jdmagicbox.com/comp/kannur/n6/9999px497.x497.240121190829.e4n6/catalogue/tf...
[06:25:38]   [2] [IMG] Jubilee Restaurant | +(91)-9526366382 | 2 photos
[06:25:38]        [1] https://content.jdmagicbox.com/comp/def_content/buffet-restaurants/buffet-restaurants7-buf...
[06:25:38]        [2] https://images.jdmagicbox.com/comp/def_content/buffet-restaurants/buffet-restaurants7-buff...
[06:25:38]   [3] [IMG] Lebanese |  | 9 photos
[06:25:38]        [1] https://content.jdmagicbox.com/comp/kannur/q2/9999px497.x497.181103164105.u9q2/catalogue/l...
[06:25:38]        [2] https://images.jdmagicbox.com/comp/kannur/q2/9999px497.x497.181103164105.u9q2/catalogue/le...
[06:25:38]        [3] https://images.jdmagicbox.com/comp/kannur/q2/9999px497.x497.181103164105.u9q2/catalogue/le...
[06:25:39]   [4] [IMG] Volga Chef | +(91)-7907722050 | 9 photos
[06:25:39]        [1] https://content.jdmagicbox.com/comp/kannur/e6/9999px497.x497.220210163401.x2e6/catalogue/-...
[06:25:39]        [2] https://images.jdmagicbox.com/comp/kannur/e6/9999px497.x497.220210163401.x2e6/catalogue/-h...
[06:25:39]        [3] https://images.jdmagicbox.com/comp/kannur/e6/9999px497.x497.220210163401.x2e6/catalogue/-2...
[06:25:39]   [5] [IMG] RAK | +(91)-6235101101 | 9 photos
[06:25:39]        [1] https://content.jdmagicbox.com/comp/kasaragod/g9/9999p4994.4994.210127203131.f2g9/catalogu...
[06:25:39]        [2] https://images.jdmagicbox.com/comp/kasaragod/g9/9999p4994.4994.210127203131.f2g9/catalogue...
[06:25:39]        [3] https://images.jdmagicbox.com/comp/kasaragod/g9/9999p4994.4994.210127203131.f2g9/catalogue...
[06:25:40]   [6] [IMG] Chikeys | +(91)-8606131123 | 9 photos
[06:25:40]        [1] https://content.jdmagicbox.com/comp/kozhikode/y3/0495px495.x495.190525032936.x5y3/catalogu...
[06:25:40]        [2] https://images.jdmagicbox.com/comp/kozhikode/y3/0495px495.x495.190525032936.x5y3/catalogue...
[06:25:40]        [3] https://images.jdmagicbox.com/comp/kozhikode/y3/0495px495.x495.190525032936.x5y3/catalogue...
[06:25:40]   [7] [IMG] Chicking Fried Chicken | +(91)-7736067817 | 9 photos
[06:25:40]        [1] https://content.jdmagicbox.com/comp/def_content_category/chicking-fried-chicken/chicking-f...
[06:25:40]        [2] https://images.jdmagicbox.com/comp/def_content_category/chicking-fried-chicken/chicking-fr...
[06:25:40]        [3] https://images.jdmagicbox.com/comp/def_content_category/chicking-fried-chicken-11985242-mz...
[06:25:41]   [8] [IMG] MFC Fried & Arabic | +(91)-8075029408 | 9 photos
[06:25:41]        [1] https://content.jdmagicbox.com/comp/kasaragod/f1/9999p4994.4994.171009202643.v4f1/catalogu...
[06:25:41]        [2] https://images.jdmagicbox.com/comp/kasaragod/f1/9999p4994.4994.171009202643.v4f1/catalogue...
[06:25:41]        [3] https://images.jdmagicbox.com/comp/kasaragod/f1/9999p4994.4994.171009202643.v4f1/catalogue...
[06:25:41]   [9] [IMG] Oryx Village | +(91)-8488918253 | 9 photos
[06:25:41]        [1] https://content.jdmagicbox.com/comp/kasaragod/d5/9999p4994.4994.180609125522.s4d5/catalogu...
[06:25:41]        [2] https://images.jdmagicbox.com/comp/kasaragod/d5/9999p4994.4994.180609125522.s4d5/catalogue...
[06:25:41]        [3] https://images.jdmagicbox.com/comp/kasaragod/d5/9999p4994.4994.180609125522.s4d5/catalogue...
[06:25:42]   [10] [IMG] AFC | +(91)-7012677537 | 5 photos
[06:25:42]        [1] https://content.jdmagicbox.com/comp/kozhikode/l5/0495px495.x495.211203141452.z3l5/catalogu...
[06:25:42]        [2] https://images.jdmagicbox.com/comp/kozhikode/l5/0495px495.x495.211203141452.z3l5/catalogue...
[06:25:42]        [3] https://images.jdmagicbox.com/comp/kozhikode/l5/0495px495.x495.211203141452.z3l5/catalogue...
[06:25:44]   Scraping page 4 (got 10 results)...
[06:25:44]   Checking page 5 for the next batch...
[06:25:44]   [1] [IMG] Golden Dine Family Restaurant | +(91)-9567302261 | 8 photos
[06:25:44]        [1] https://content.jdmagicbox.com/comp/kasaragod/e3/9999p4994.4994.181212142924.v8e3/catalogu...
[06:25:44]        [2] https://images.jdmagicbox.com/comp/kasaragod/e3/9999p4994.4994.181212142924.v8e3/catalogue...
[06:25:44]        [3] https://images.jdmagicbox.com/comp/kasaragod/e3/9999p4994.4994.181212142924.v8e3/catalogue...
[06:25:44]   [2] [IMG] Max Food | +(91)-9483340844 | 9 photos
[06:25:44]        [1] https://content.jdmagicbox.com/v2/comp/coorg/b2/9999p8272.8272.240715141211.c2b2/catalogue...
[06:25:44]        [2] https://images.jdmagicbox.com/v2/comp/coorg/b2/9999p8272.8272.240715141211.c2b2/catalogue/...
[06:25:44]        [3] https://images.jdmagicbox.com/v2/comp/coorg/b2/9999p8272.8272.240715141211.c2b2/catalogue/...
[06:25:45]   [3] [IMG] MADADA SOLUTION PVT LTD | +(91)-7221001003 | 9 photos
[06:25:45]        [1] https://content.jdmagicbox.com/comp/kozhikode/j2/0495px495.x495.230103175828.d9j2/catalogu...
[06:25:45]        [2] https://images.jdmagicbox.com/comp/kozhikode/j2/0495px495.x495.230103175828.d9j2/catalogue...
[06:25:45]        [3] https://images.jdmagicbox.com/comp/kozhikode/j2/0495px495.x495.230103175828.d9j2/catalogue...
[06:25:45]   [4] [IMG] Casaro Cafe | +(91)-9744772677 | 5 photos
[06:25:45]        [1] https://content.jdmagicbox.com/comp/kasaragod/v7/9999p4994.4994.220615225521.k2v7/catalogu...
[06:25:45]        [2] https://images.jdmagicbox.com/comp/kasaragod/v7/9999p4994.4994.220615225521.k2v7/catalogue...
[06:25:45]        [3] https://images.jdmagicbox.com/comp/kasaragod/v7/9999p4994.4994.220615225521.k2v7/catalogue...
[06:25:46]   [5] [IMG] Shawaya House Restaurant | +(91)-9539058080 | 9 photos
[06:25:46]        [1] https://content.jdmagicbox.com/comp/wayanad/m3/9999p4936.4936.230912223231.a8m3/catalogue/...
[06:25:46]        [2] https://images.jdmagicbox.com/comp/wayanad/m3/9999p4936.4936.230912223231.a8m3/catalogue/s...
[06:25:46]        [3] https://images.jdmagicbox.com/comp/wayanad/m3/9999p4936.4936.230912223231.a8m3/catalogue/s...
[06:25:46]   [6] [IMG] Quality Restaurant and Bakes | +(91)-9207300666 | 9 photos
[06:25:46]        [1] https://content.jdmagicbox.com/comp/kasaragod/r7/9999p4994.4994.170426102508.c8r7/catalogu...
[06:25:46]        [2] https://images.jdmagicbox.com/comp/kasaragod/r7/9999p4994.4994.170426102508.c8r7/catalogue...
[06:25:46]        [3] https://images.jdmagicbox.com/comp/bekal/r7/9999p4994.4994.170426102508.c8r7/catalogue/qua...
[06:25:47]   [7] [IMG] CFC Canadian Fried Chicken | +(91)-8123223715 | 5 photos
[06:25:47]        [1] https://content.jdmagicbox.com/comp/coorg/b9/9999p8272.8272.221217154654.x6b9/catalogue/-a...
[06:25:47]        [2] https://images.jdmagicbox.com/comp/coorg/b9/9999p8272.8272.221217154654.x6b9/catalogue/-a1...
[06:25:47]        [3] https://images.jdmagicbox.com/comp/coorg/b9/9999p8272.8272.221217154654.x6b9/catalogue/-ed...
[06:25:47]   [8] [IMG] Coffee Bare | +(91)-9656003252 | 9 photos
[06:25:47]        [1] https://content.jdmagicbox.com/comp/kasaragod/g9/9999p4994.4994.171211225040.i9g9/catalogu...
[06:25:47]        [2] https://images.jdmagicbox.com/comp/kasaragod/g9/9999p4994.4994.171211225040.i9g9/catalogue...
[06:25:47]        [3] https://images.jdmagicbox.com/comp/kasaragod/x3/pwfl1513010940g5d5x3/catalogue/coffee-bare...
[06:25:48]   [9] [IMG] Gama Kitchen | +(91)-8086310000 | 9 photos
[06:25:48]        [1] https://content.jdmagicbox.com/comp/kozhikode/s5/0495px495.x495.190810180742.q5s5/catalogu...
[06:25:48]        [2] https://images.jdmagicbox.com/comp/kozhikode/s5/0495px495.x495.190810180742.q5s5/catalogue...
[06:25:48]        [3] https://images.jdmagicbox.com/comp/kozhikode/s5/0495px495.x495.190810180742.q5s5/catalogue...
[06:25:48]   [10] [IMG] Sullias Eating Spot | +(91)-8142607082 | 5 photos
[06:25:48]        [1] https://content.jdmagicbox.com/comp/mangalore/v5/0824px824.x824.230106212525.l3v5/catalogu...
[06:25:48]        [2] https://images.jdmagicbox.com/comp/mangalore/v5/0824px824.x824.230106212525.l3v5/catalogue...
[06:25:48]        [3] https://images.jdmagicbox.com/comp/mangalore/v5/0824px824.x824.230106212525.l3v5/catalogue...
[06:25:50]   Scraping page 5 (got 10 results)...
[06:25:50]   Checking page 6 for the next batch...
[06:25:50]   [1] [IMG] Kuruva Family Restaurant | +(91)-8921536987 | 9 photos
[06:25:50]        [1] https://content.jdmagicbox.com/comp/wayanad/c1/9999p4936.4936.191203162722.c9c1/catalogue/...
[06:25:50]        [2] https://images.jdmagicbox.com/comp/wayanad/c1/9999p4936.4936.191203162722.c9c1/catalogue/k...
[06:25:50]        [3] https://images.jdmagicbox.com/comp/wayanad/c1/9999p4936.4936.191203162722.c9c1/catalogue/k...
[06:25:51]   [2] [IMG] LSJ CHICKEN | +(91)-9037911212 | 9 photos
[06:25:51]        [1] https://content.jdmagicbox.com/comp/kozhikode/d5/0495px495.x495.240325111357.y2d5/catalogu...
[06:25:51]        [2] https://images.jdmagicbox.com/comp/kozhikode/d5/0495px495.x495.240325111357.y2d5/catalogue...
[06:25:51]        [3] https://images.jdmagicbox.com/v2/comp/kozhikode/d5/0495px495.x495.240325111357.y2d5/catalo...
[06:25:51]   [3] [IMG] Fry Ville | +(91)-7994089339 | 8 photos
[06:25:51]        [1] https://content.jdmagicbox.com/comp/kozhikode/r5/0495px495.x495.240426193218.v8r5/catalogu...
[06:25:51]        [2] https://images.jdmagicbox.com/comp/kozhikode/r5/0495px495.x495.240426193218.v8r5/catalogue...
[06:25:51]        [3] https://images.jdmagicbox.com/v2/comp/kozhikode/r5/0495px495.x495.240426193218.v8r5/catalo...
[06:25:52]   [4] [IMG] Kadav Cafe | +(91)-7902791347 | 9 photos
[06:25:52]        [1] https://content.jdmagicbox.com/comp/wayanad/k8/9999p4936.4936.210505154047.l1k8/catalogue/...
[06:25:52]        [2] https://images.jdmagicbox.com/comp/wayanad/k8/9999p4936.4936.210505154047.l1k8/catalogue/p...
[06:25:52]        [3] https://images.jdmagicbox.com/comp/wayanad/k8/9999p4936.4936.210505154047.l1k8/catalogue/p...
[06:25:52]   [5] [IMG] AM 2 PM | +(91)-8281221562 | 9 photos
[06:25:52]        [1] https://content.jdmagicbox.com/comp/kozhikode/a1/0495px495.x495.210825115336.v6a1/catalogu...
[06:25:52]        [2] https://images.jdmagicbox.com/comp/kozhikode/a1/0495px495.x495.210825115336.v6a1/catalogue...
[06:25:52]        [3] https://images.jdmagicbox.com/comp/kozhikode/a1/0495px495.x495.210825115336.v6a1/catalogue...
[06:25:53]   [6] [IMG] Biryani house | +(91)-7025966937 | 9 photos
[06:25:53]        [1] https://content.jdmagicbox.com/comp/kasaragod/g9/9999p4994.4994.190817061424.b9g9/catalogu...
[06:25:53]        [2] https://images.jdmagicbox.com/comp/kasaragod/g9/9999p4994.4994.190817061424.b9g9/catalogue...
[06:25:53]        [3] https://images.jdmagicbox.com/comp/kasaragod/g9/9999p4994.4994.190817061424.b9g9/catalogue...
[06:25:53]   [7] [IMG] Vitamin Bbq Corner Family Restaurant & Tourist Restaurant | +(91)-8593909067 | 9 photos
[06:25:53]        [1] https://content.jdmagicbox.com/comp/kozhikode/q7/0495px495.x495.200205224512.v2q7/catalogu...
[06:25:53]        [2] https://images.jdmagicbox.com/comp/kozhikode/q7/0495px495.x495.200205224512.v2q7/catalogue...
[06:25:53]        [3] https://images.jdmagicbox.com/comp/kozhikode/q7/0495px495.x495.200205224512.v2q7/catalogue...
[06:25:54]   [8] [IMG] Clock Tower Restaurant | +(91)-7947190542 | 9 photos
[06:25:54]        [1] https://content.jdmagicbox.com/comp/kozhikode/i7/0495px495.x495.211016160058.h8i7/catalogu...
[06:25:54]        [2] https://images.jdmagicbox.com/comp/kozhikode/i7/0495px495.x495.211016160058.h8i7/catalogue...
[06:25:54]        [3] https://images.jdmagicbox.com/comp/kozhikode/i7/0495px495.x495.211016160058.h8i7/catalogue...
[06:25:54]   [9] [IMG] Clock Tower Restaurant | +(91)-8401686359 | 9 photos
[06:25:54]        [1] https://content.jdmagicbox.com/comp/kozhikode/i1/0495px495.x495.210415170354.s8i1/catalogu...
[06:25:54]        [2] https://images.jdmagicbox.com/comp/kozhikode/i1/0495px495.x495.210415170354.s8i1/catalogue...
[06:25:54]        [3] https://images.jdmagicbox.com/comp/kozhikode/i1/0495px495.x495.210415170354.s8i1/catalogue...
[06:25:55]   [10] [IMG] Umami eats | +(91)-7994527434 | 5 photos
[06:25:55]        [1] https://content.jdmagicbox.com/comp/kozhikode/q5/0495px495.x495.181107095251.z7q5/catalogu...
[06:25:55]        [2] https://images.jdmagicbox.com/comp/kozhikode/q5/0495px495.x495.181107095251.z7q5/catalogue...
[06:25:55]        [3] https://images.jdmagicbox.com/comp/kozhikode/q5/0495px495.x495.181107095251.z7q5/catalogue...
[06:25:59] 
==========================================
[06:25:59] [*] Scraping target 22/40: Cherupuzha
[06:25:59] ==========================================
[06:26:00] ? Found 100 total Fried Chicken Delivery Restaurants in Cherupuzha.
[06:26:00]   Scraping page 1 (got 10 results)...
[06:26:00]   Checking page 2 for the next batch...
[06:26:00]   [1] [IMG] WESTBURG DARMASHALA | +(91)-7411790657 | 7 photos
[06:26:00]        [1] https://content.jdmagicbox.com/v2/comp/kannur/z9/9999px497.x497.250712160334.d1z9/catalogu...
[06:26:00]        [2] https://images.jdmagicbox.com/v2/comp/kannur/z9/9999px497.x497.250712160334.d1z9/catalogue...
[06:26:00]        [3] https://images.jdmagicbox.com/v2/comp/kannur/z9/9999px497.x497.250712160334.d1z9/catalogue...
[06:26:00]   [2] [IMG] Rooster Fried & Grill | +(91)-8113001100 | 9 photos
[06:26:00]        [1] https://content.jdmagicbox.com/comp/kannur/v3/9999px497.x497.190517204357.c5v3/catalogue/r...
[06:26:00]        [2] https://images.jdmagicbox.com/comp/kannur/v3/9999px497.x497.190517204357.c5v3/catalogue/ro...
[06:26:00]        [3] https://images.jdmagicbox.com/comp/kannur/v3/9999px497.x497.190517204357.c5v3/catalogue/ro...
[06:26:01]   [3] [IMG] Hotel Green Park | +(91)-9447850097 | 9 photos
[06:26:01]        [1] https://content.jdmagicbox.com/comp/kannur/n5/9999px497.x497.171001155450.e6n5/catalogue/h...
[06:26:01]        [2] https://images.jdmagicbox.com/comp/kannur/n5/9999px497.x497.171001155450.e6n5/catalogue/ho...
[06:26:01]        [3] https://images.jdmagicbox.com/v2/comp/kannur/n5/9999px497.x497.171001155450.e6n5/catalogue...
[06:26:01]   [4] [IMG] Vkp S Cafe | +(91)-6235555112 | 9 photos
[06:26:01]        [1] https://content.jdmagicbox.com/v2/comp/kannur/u7/9999px497.x497.200107121359.c2u7/catalogu...
[06:26:01]        [2] https://images.jdmagicbox.com/v2/comp/kannur/u7/9999px497.x497.200107121359.c2u7/catalogue...
[06:26:01]        [3] https://images.jdmagicbox.com/v2/comp/kannur/u7/9999px497.x497.200107121359.c2u7/catalogue...
[06:26:02]   [5] [IMG] Arabian Grill | +(91)-9544400048 | 9 photos
[06:26:02]        [1] https://content.jdmagicbox.com/comp/kannur/y4/9999px497.x497.170926210343.p8y4/catalogue/a...
[06:26:02]        [2] https://images.jdmagicbox.com/comp/kannur/y4/9999px497.x497.170926210343.p8y4/catalogue/ar...
[06:26:02]        [3] https://images.jdmagicbox.com/comp/kannur/y4/9999px497.x497.170926210343.p8y4/catalogue/ar...
[06:26:02]   [6] [IMG] Go Ggrll Chokli | +(91)-9747217717 | 9 photos
[06:26:02]        [1] https://content.jdmagicbox.com/v2/comp/kannur/f8/9999px497.x497.230224144441.a3f8/catalogu...
[06:26:02]        [2] https://images.jdmagicbox.com/v2/comp/kannur/f8/9999px497.x497.230224144441.a3f8/catalogue...
[06:26:02]        [3] https://images.jdmagicbox.com/v2/comp/kannur/f8/9999px497.x497.230224144441.a3f8/catalogue...
[06:26:03]   [7] [IMG] Wimbies Restaurant And Fried Chicken | +(91)-9895868789 | 7 photos
[06:26:03]        [1] https://content.jdmagicbox.com/comp/kannur/u9/9999px497.x497.170607163909.z1u9/catalogue/w...
[06:26:03]        [2] https://images.jdmagicbox.com/comp/kannur/u9/9999px497.x497.170607163909.z1u9/catalogue/wi...
[06:26:03]        [3] https://images.jdmagicbox.com/comp/kannur/u9/9999px497.x497.170607163909.z1u9/catalogue/wi...
[06:26:03]   [8] [IMG] Chikeys | +(91)-9895131123 | 9 photos
[06:26:03]        [1] https://content.jdmagicbox.com/comp/def_content_category/chikeys/121050718-333489939663650...
[06:26:03]        [2] https://images.jdmagicbox.com/comp/def_content_category/chikeys/121050718-3334899396636500...
[06:26:03]        [3] https://images.jdmagicbox.com/comp/def_content_category/chikeys/86689044-2704886126304500-...
[06:26:04]   [9] [IMG] Jesna Lunch Room | +(91)-9605683147 | 7 photos
[06:26:04]        [1] https://content.jdmagicbox.com/comp/kannur/f2/9999px497.x497.190220121951.z4f2/catalogue/j...
[06:26:04]        [2] https://images.jdmagicbox.com/comp/kannur/f2/9999px497.x497.190220121951.z4f2/catalogue/je...
[06:26:04]        [3] https://images.jdmagicbox.com/comp/kannur/f2/9999px497.x497.190220121951.z4f2/catalogue/je...
[06:26:05]   [10] [IMG] The Indian Express Superfast Restaurant | +(91)-8301009050 | 9 photos
[06:26:05]        [1] https://content.jdmagicbox.com/comp/kannur/e5/9999px497.x497.200106181231.h5e5/catalogue/t...
[06:26:05]        [2] https://images.jdmagicbox.com/comp/kannur/e5/9999px497.x497.200106181231.h5e5/catalogue/th...
[06:26:05]        [3] https://images.jdmagicbox.com/comp/kannur/e5/9999px497.x497.200106181231.h5e5/catalogue/th...
[06:26:07]   Scraping page 2 (got 10 results)...
[06:26:07]   Checking page 3 for the next batch...
[06:26:07]   [1] [IMG] Chilly Hut | +(91)-8330057833 | 9 photos
[06:26:07]        [1] https://content.jdmagicbox.com/comp/kannur/b1/9999px497.x497.210226155456.l3b1/catalogue/c...
[06:26:07]        [2] https://images.jdmagicbox.com/comp/kannur/b1/9999px497.x497.210226155456.l3b1/catalogue/ch...
[06:26:07]        [3] https://images.jdmagicbox.com/v2/comp/kannur/b1/9999px497.x497.210226155456.l3b1/catalogue...
[06:26:07]   [2] [IMG] COCO CABANE CAFE | +(91)-8590090726 | 9 photos
[06:26:07]        [1] https://content.jdmagicbox.com/comp/kannur/t6/9999px497.x497.220728192535.f5t6/catalogue/c...
[06:26:07]        [2] https://images.jdmagicbox.com/comp/kannur/t6/9999px497.x497.220728192535.f5t6/catalogue/co...
[06:26:07]        [3] https://images.jdmagicbox.com/comp/kannur/t6/9999px497.x497.220728192535.f5t6/catalogue/co...
[06:26:08]   [3] [IMG] Hfc Fried Chicken | +(91)-7902898916 | 9 photos
[06:26:08]        [1] https://content.jdmagicbox.com/comp/kannur/y5/9999px497.x497.230328181354.g1y5/catalogue/h...
[06:26:08]        [2] https://images.jdmagicbox.com/comp/kannur/y5/9999px497.x497.230328181354.g1y5/catalogue/hf...
[06:26:08]        [3] https://images.jdmagicbox.com/v2/comp/kannur/y5/9999px497.x497.230328181354.g1y5/catalogue...
[06:26:08]   [4] [IMG] Hotel New Delhi | +(91)-9744866841 | 4 photos
[06:26:08]        [1] https://content.jdmagicbox.com/comp/def_content_category/south-indian-restaurants/new-dish...
[06:26:08]        [2] https://images.jdmagicbox.com/comp/def_content_category/south-indian-restaurants/new-dish-...
[06:26:08]        [3] https://images.jdmagicbox.com/comp/def_content_category/south-indian-restaurants/new-dish-...
[06:26:09]   [5] [IMG] BURNO FRIED | +(91)-9961480764 | 6 photos
[06:26:09]        [1] https://content.jdmagicbox.com/v2/comp/kannur/h2/9999px497.x497.250809213421.y6h2/catalogu...
[06:26:09]        [2] https://images.jdmagicbox.com/v2/comp/kannur/h2/9999px497.x497.250809213421.y6h2/catalogue...
[06:26:09]        [3] https://images.jdmagicbox.com/v2/comp/kannur/h2/9999px497.x497.250809213421.y6h2/catalogue...
[06:26:09]   [6] [IMG] Afc American Fried Chicken Restaurant | +(91)-7373162111 | 9 photos
[06:26:09]        [1] https://content.jdmagicbox.com/comp/kannur/j3/9999px497.x497.220421184400.b5j3/catalogue/a...
[06:26:09]        [2] https://images.jdmagicbox.com/comp/kannur/j3/9999px497.x497.220421184400.b5j3/catalogue/af...
[06:26:09]        [3] https://images.jdmagicbox.com/comp/kannur/j3/9999px497.x497.220421184400.b5j3/catalogue/af...
[06:26:10]   [7] [IMG] TFC TURKISH FRIED CHICKEN CHAKKARAKKAL | +(91)-8301867300 | 9 photos
[06:26:10]        [1] https://content.jdmagicbox.com/comp/kannur/n6/9999px497.x497.240121190829.e4n6/catalogue/t...
[06:26:10]        [2] https://images.jdmagicbox.com/comp/kannur/n6/9999px497.x497.240121190829.e4n6/catalogue/tf...
[06:26:10]        [3] https://images.jdmagicbox.com/comp/kannur/n6/9999px497.x497.240121190829.e4n6/catalogue/tf...
[06:26:10]   [8] [IMG] American Fried Chicken | +(91)-7592044544 | 7 photos
[06:26:10]        [1] https://content.jdmagicbox.com/comp/kannur/h5/9999px497.x497.220107164349.v8h5/catalogue/-...
[06:26:10]        [2] https://images.jdmagicbox.com/comp/kannur/h5/9999px497.x497.220107164349.v8h5/catalogue/-v...
[06:26:10]        [3] https://images.jdmagicbox.com/comp/kannur/h5/9999px497.x497.220107164349.v8h5/catalogue/-a...
[06:26:11]   [9] [IMG] Chicking Fried Chicken (Kannur Mall) | +(91)-9744480000 | 9 photos
[06:26:11]        [1] https://content.jdmagicbox.com/comp/def_content_category/chicking-fried-chicken-11985242-m...
[06:26:11]        [2] https://images.jdmagicbox.com/comp/def_content_category/chicking-fried-chicken-11985242-mz...
[06:26:11]        [3] https://images.jdmagicbox.com/comp/def_content_category/chicking-fried-chicken/chicking-fr...
[06:26:11]   [10] [IMG] Volga Chef | +(91)-7907722050 | 9 photos
[06:26:11]        [1] https://content.jdmagicbox.com/comp/kannur/e6/9999px497.x497.220210163401.x2e6/catalogue/-...
[06:26:11]        [2] https://images.jdmagicbox.com/comp/kannur/e6/9999px497.x497.220210163401.x2e6/catalogue/-h...
[06:26:11]        [3] https://images.jdmagicbox.com/comp/kannur/e6/9999px497.x497.220210163401.x2e6/catalogue/-2...
[06:26:13]   Scraping page 3 (got 10 results)...
[06:26:13]   Checking page 4 for the next batch...
[06:26:13]   [1] [IMG] Nks Chicken |  | 6 photos
[06:26:13]        [1] https://content.jdmagicbox.com/comp/kannur/k3/9999px497.x497.191212134539.x7k3/catalogue/n...
[06:26:13]        [2] https://images.jdmagicbox.com/comp/kannur/k3/9999px497.x497.191212134539.x7k3/catalogue/nk...
[06:26:13]        [3] https://images.jdmagicbox.com/comp/kannur/k3/9999px497.x497.191212134539.x7k3/catalogue/nk...
[06:26:14]   [2] [IMG] American Fried Chicken Pilathara | +(91)-8714759722 | 4 photos
[06:26:14]        [1] https://content.jdmagicbox.com/comp/kannur/g4/9999px497.x497.221019124021.h2g4/catalogue/a...
[06:26:14]        [2] https://images.jdmagicbox.com/comp/kannur/g4/9999px497.x497.221019124021.h2g4/catalogue/am...
[06:26:14]        [3] https://images.jdmagicbox.com/comp/kannur/g4/9999px497.x497.221019124021.h2g4/catalogue/am...
[06:26:14]   [3] [IMG] Jubilee Restaurant | +(91)-9526366382 | 2 photos
[06:26:14]        [1] https://content.jdmagicbox.com/comp/def_content/buffet-restaurants/buffet-restaurants7-buf...
[06:26:14]        [2] https://images.jdmagicbox.com/comp/def_content/buffet-restaurants/buffet-restaurants7-buff...
[06:26:15]   [4] [IMG] Lebanese |  | 9 photos
[06:26:15]        [1] https://content.jdmagicbox.com/comp/kannur/q2/9999px497.x497.181103164105.u9q2/catalogue/l...
[06:26:15]        [2] https://images.jdmagicbox.com/comp/kannur/q2/9999px497.x497.181103164105.u9q2/catalogue/le...
[06:26:15]        [3] https://images.jdmagicbox.com/comp/kannur/q2/9999px497.x497.181103164105.u9q2/catalogue/le...
[06:26:15]   [5] [IMG] RAK | +(91)-6235101101 | 9 photos
[06:26:15]        [1] https://content.jdmagicbox.com/comp/kasaragod/g9/9999p4994.4994.210127203131.f2g9/catalogu...
[06:26:15]        [2] https://images.jdmagicbox.com/comp/kasaragod/g9/9999p4994.4994.210127203131.f2g9/catalogue...
[06:26:15]        [3] https://images.jdmagicbox.com/comp/kasaragod/g9/9999p4994.4994.210127203131.f2g9/catalogue...
[06:26:16]   [6] [IMG] Chikeys | +(91)-8606131123 | 9 photos
[06:26:16]        [1] https://content.jdmagicbox.com/comp/kozhikode/y3/0495px495.x495.190525032936.x5y3/catalogu...
[06:26:16]        [2] https://images.jdmagicbox.com/comp/kozhikode/y3/0495px495.x495.190525032936.x5y3/catalogue...
[06:26:16]        [3] https://images.jdmagicbox.com/comp/kozhikode/y3/0495px495.x495.190525032936.x5y3/catalogue...
[06:26:16]   [7] [IMG] Chicking Fried Chicken | +(91)-7736067817 | 9 photos
[06:26:16]        [1] https://content.jdmagicbox.com/comp/def_content_category/chicking-fried-chicken/chicking-f...
[06:26:16]        [2] https://images.jdmagicbox.com/comp/def_content_category/chicking-fried-chicken/chicking-fr...
[06:26:16]        [3] https://images.jdmagicbox.com/comp/def_content_category/chicking-fried-chicken-11985242-mz...
[06:26:17]   [8] [IMG] MFC Fried & Arabic | +(91)-8075029408 | 9 photos
[06:26:17]        [1] https://content.jdmagicbox.com/comp/kasaragod/f1/9999p4994.4994.171009202643.v4f1/catalogu...
[06:26:17]        [2] https://images.jdmagicbox.com/comp/kasaragod/f1/9999p4994.4994.171009202643.v4f1/catalogue...
[06:26:17]        [3] https://images.jdmagicbox.com/comp/kasaragod/f1/9999p4994.4994.171009202643.v4f1/catalogue...
[06:26:17]   [9] [IMG] Oryx Village | +(91)-8488918253 | 9 photos
[06:26:17]        [1] https://content.jdmagicbox.com/comp/kasaragod/d5/9999p4994.4994.180609125522.s4d5/catalogu...
[06:26:17]        [2] https://images.jdmagicbox.com/comp/kasaragod/d5/9999p4994.4994.180609125522.s4d5/catalogue...
[06:26:17]        [3] https://images.jdmagicbox.com/comp/kasaragod/d5/9999p4994.4994.180609125522.s4d5/catalogue...
[06:26:18]   [10] [IMG] AFC | +(91)-7012677537 | 5 photos
[06:26:18]        [1] https://content.jdmagicbox.com/comp/kozhikode/l5/0495px495.x495.211203141452.z3l5/catalogu...
[06:26:18]        [2] https://images.jdmagicbox.com/comp/kozhikode/l5/0495px495.x495.211203141452.z3l5/catalogue...
[06:26:18]        [3] https://images.jdmagicbox.com/comp/kozhikode/l5/0495px495.x495.211203141452.z3l5/catalogue...
[06:26:20]   Scraping page 4 (got 10 results)...
[06:26:20]   Checking page 5 for the next batch...
[06:26:20]   [1] [IMG] Golden Dine Family Restaurant | +(91)-9567302261 | 8 photos
[06:26:20]        [1] https://content.jdmagicbox.com/comp/kasaragod/e3/9999p4994.4994.181212142924.v8e3/catalogu...
[06:26:20]        [2] https://images.jdmagicbox.com/comp/kasaragod/e3/9999p4994.4994.181212142924.v8e3/catalogue...
[06:26:20]        [3] https://images.jdmagicbox.com/comp/kasaragod/e3/9999p4994.4994.181212142924.v8e3/catalogue...
[06:26:21]   [2] [IMG] Max Food | +(91)-9483340844 | 9 photos
[06:26:21]        [1] https://content.jdmagicbox.com/v2/comp/coorg/b2/9999p8272.8272.240715141211.c2b2/catalogue...
[06:26:21]        [2] https://images.jdmagicbox.com/v2/comp/coorg/b2/9999p8272.8272.240715141211.c2b2/catalogue/...
[06:26:21]        [3] https://images.jdmagicbox.com/v2/comp/coorg/b2/9999p8272.8272.240715141211.c2b2/catalogue/...
[06:26:21]   [3] [IMG] MADADA SOLUTION PVT LTD | +(91)-7221001003 | 9 photos
[06:26:21]        [1] https://content.jdmagicbox.com/comp/kozhikode/j2/0495px495.x495.230103175828.d9j2/catalogu...
[06:26:21]        [2] https://images.jdmagicbox.com/comp/kozhikode/j2/0495px495.x495.230103175828.d9j2/catalogue...
[06:26:21]        [3] https://images.jdmagicbox.com/comp/kozhikode/j2/0495px495.x495.230103175828.d9j2/catalogue...
[06:26:22]   [4] [IMG] Casaro Cafe | +(91)-9744772677 | 5 photos
[06:26:22]        [1] https://content.jdmagicbox.com/comp/kasaragod/v7/9999p4994.4994.220615225521.k2v7/catalogu...
[06:26:22]        [2] https://images.jdmagicbox.com/comp/kasaragod/v7/9999p4994.4994.220615225521.k2v7/catalogue...
[06:26:22]        [3] https://images.jdmagicbox.com/comp/kasaragod/v7/9999p4994.4994.220615225521.k2v7/catalogue...
[06:26:22]   [5] [IMG] Shawaya House Restaurant | +(91)-9539058080 | 9 photos
[06:26:22]        [1] https://content.jdmagicbox.com/comp/wayanad/m3/9999p4936.4936.230912223231.a8m3/catalogue/...
[06:26:22]        [2] https://images.jdmagicbox.com/comp/wayanad/m3/9999p4936.4936.230912223231.a8m3/catalogue/s...
[06:26:22]        [3] https://images.jdmagicbox.com/comp/wayanad/m3/9999p4936.4936.230912223231.a8m3/catalogue/s...
[06:26:23]   [6] [IMG] Quality Restaurant and Bakes | +(91)-9207300666 | 9 photos
[06:26:23]        [1] https://content.jdmagicbox.com/comp/kasaragod/r7/9999p4994.4994.170426102508.c8r7/catalogu...
[06:26:23]        [2] https://images.jdmagicbox.com/comp/kasaragod/r7/9999p4994.4994.170426102508.c8r7/catalogue...
[06:26:23]        [3] https://images.jdmagicbox.com/comp/bekal/r7/9999p4994.4994.170426102508.c8r7/catalogue/qua...
[06:26:23]   [7] [IMG] CFC Canadian Fried Chicken | +(91)-8123223715 | 5 photos
[06:26:23]        [1] https://content.jdmagicbox.com/comp/coorg/b9/9999p8272.8272.221217154654.x6b9/catalogue/-a...
[06:26:23]        [2] https://images.jdmagicbox.com/comp/coorg/b9/9999p8272.8272.221217154654.x6b9/catalogue/-a1...
[06:26:23]        [3] https://images.jdmagicbox.com/comp/coorg/b9/9999p8272.8272.221217154654.x6b9/catalogue/-ed...
[06:26:24]   [8] [IMG] Coffee Bare | +(91)-9656003252 | 9 photos
[06:26:24]        [1] https://content.jdmagicbox.com/comp/kasaragod/g9/9999p4994.4994.171211225040.i9g9/catalogu...
[06:26:24]        [2] https://images.jdmagicbox.com/comp/kasaragod/g9/9999p4994.4994.171211225040.i9g9/catalogue...
[06:26:24]        [3] https://images.jdmagicbox.com/comp/kasaragod/x3/pwfl1513010940g5d5x3/catalogue/coffee-bare...
[06:26:24]   [9] [IMG] Gama Kitchen | +(91)-8086310000 | 9 photos
[06:26:24]        [1] https://content.jdmagicbox.com/comp/kozhikode/s5/0495px495.x495.190810180742.q5s5/catalogu...
[06:26:24]        [2] https://images.jdmagicbox.com/comp/kozhikode/s5/0495px495.x495.190810180742.q5s5/catalogue...
[06:26:24]        [3] https://images.jdmagicbox.com/comp/kozhikode/s5/0495px495.x495.190810180742.q5s5/catalogue...
[06:26:25]   [10] [IMG] Sullias Eating Spot | +(91)-8142607082 | 5 photos
[06:26:25]        [1] https://content.jdmagicbox.com/comp/mangalore/v5/0824px824.x824.230106212525.l3v5/catalogu...
[06:26:25]        [2] https://images.jdmagicbox.com/comp/mangalore/v5/0824px824.x824.230106212525.l3v5/catalogue...
[06:26:25]        [3] https://images.jdmagicbox.com/comp/mangalore/v5/0824px824.x824.230106212525.l3v5/catalogue...
[06:26:27]   Scraping page 5 (got 10 results)...
[06:26:27]   Checking page 6 for the next batch...
[06:26:27]   [1] [IMG] Kuruva Family Restaurant | +(91)-8921536987 | 9 photos
[06:26:27]        [1] https://content.jdmagicbox.com/comp/wayanad/c1/9999p4936.4936.191203162722.c9c1/catalogue/...
[06:26:27]        [2] https://images.jdmagicbox.com/comp/wayanad/c1/9999p4936.4936.191203162722.c9c1/catalogue/k...
[06:26:27]        [3] https://images.jdmagicbox.com/comp/wayanad/c1/9999p4936.4936.191203162722.c9c1/catalogue/k...
[06:26:27]   [2] [IMG] LSJ CHICKEN | +(91)-9037911212 | 9 photos
[06:26:27]        [1] https://content.jdmagicbox.com/comp/kozhikode/d5/0495px495.x495.240325111357.y2d5/catalogu...
[06:26:27]        [2] https://images.jdmagicbox.com/comp/kozhikode/d5/0495px495.x495.240325111357.y2d5/catalogue...
[06:26:27]        [3] https://images.jdmagicbox.com/v2/comp/kozhikode/d5/0495px495.x495.240325111357.y2d5/catalo...
[06:26:28]   [3] [IMG] Fry Ville | +(91)-7994089339 | 8 photos
[06:26:28]        [1] https://content.jdmagicbox.com/comp/kozhikode/r5/0495px495.x495.240426193218.v8r5/catalogu...
[06:26:28]        [2] https://images.jdmagicbox.com/comp/kozhikode/r5/0495px495.x495.240426193218.v8r5/catalogue...
[06:26:28]        [3] https://images.jdmagicbox.com/v2/comp/kozhikode/r5/0495px495.x495.240426193218.v8r5/catalo...
[06:26:28]   [4] [IMG] Kadav Cafe | +(91)-7902791347 | 9 photos
[06:26:28]        [1] https://content.jdmagicbox.com/comp/wayanad/k8/9999p4936.4936.210505154047.l1k8/catalogue/...
[06:26:28]        [2] https://images.jdmagicbox.com/comp/wayanad/k8/9999p4936.4936.210505154047.l1k8/catalogue/p...
[06:26:28]        [3] https://images.jdmagicbox.com/comp/wayanad/k8/9999p4936.4936.210505154047.l1k8/catalogue/p...
[06:26:29]   [5] [IMG] AM 2 PM | +(91)-8281221562 | 9 photos
[06:26:29]        [1] https://content.jdmagicbox.com/comp/kozhikode/a1/0495px495.x495.210825115336.v6a1/catalogu...
[06:26:29]        [2] https://images.jdmagicbox.com/comp/kozhikode/a1/0495px495.x495.210825115336.v6a1/catalogue...
[06:26:29]        [3] https://images.jdmagicbox.com/comp/kozhikode/a1/0495px495.x495.210825115336.v6a1/catalogue...
[06:26:29]   [6] [IMG] Biryani house | +(91)-7025966937 | 9 photos
[06:26:29]        [1] https://content.jdmagicbox.com/comp/kasaragod/g9/9999p4994.4994.190817061424.b9g9/catalogu...
[06:26:29]        [2] https://images.jdmagicbox.com/comp/kasaragod/g9/9999p4994.4994.190817061424.b9g9/catalogue...
[06:26:29]        [3] https://images.jdmagicbox.com/comp/kasaragod/g9/9999p4994.4994.190817061424.b9g9/catalogue...
[06:26:30]   [7] [IMG] Vitamin Bbq Corner Family Restaurant & Tourist Restaurant | +(91)-8593909067 | 9 photos
[06:26:30]        [1] https://content.jdmagicbox.com/comp/kozhikode/q7/0495px495.x495.200205224512.v2q7/catalogu...
[06:26:30]        [2] https://images.jdmagicbox.com/comp/kozhikode/q7/0495px495.x495.200205224512.v2q7/catalogue...
[06:26:30]        [3] https://images.jdmagicbox.com/comp/kozhikode/q7/0495px495.x495.200205224512.v2q7/catalogue...
[06:26:30]   [8] [IMG] Clock Tower Restaurant | +(91)-7947190542 | 9 photos
[06:26:30]        [1] https://content.jdmagicbox.com/comp/kozhikode/i7/0495px495.x495.211016160058.h8i7/catalogu...
[06:26:30]        [2] https://images.jdmagicbox.com/comp/kozhikode/i7/0495px495.x495.211016160058.h8i7/catalogue...
[06:26:30]        [3] https://images.jdmagicbox.com/comp/kozhikode/i7/0495px495.x495.211016160058.h8i7/catalogue...
[06:26:31]   [9] [IMG] Clock Tower Restaurant | +(91)-8401686359 | 9 photos
[06:26:31]        [1] https://content.jdmagicbox.com/comp/kozhikode/i1/0495px495.x495.210415170354.s8i1/catalogu...
[06:26:31]        [2] https://images.jdmagicbox.com/comp/kozhikode/i1/0495px495.x495.210415170354.s8i1/catalogue...
[06:26:31]        [3] https://images.jdmagicbox.com/comp/kozhikode/i1/0495px495.x495.210415170354.s8i1/catalogue...
[06:26:31]   [10] [IMG] Umami eats | +(91)-7994527434 | 5 photos
[06:26:31]        [1] https://content.jdmagicbox.com/comp/kozhikode/q5/0495px495.x495.181107095251.z7q5/catalogu...
[06:26:31]        [2] https://images.jdmagicbox.com/comp/kozhikode/q5/0495px495.x495.181107095251.z7q5/catalogue...
[06:26:31]        [3] https://images.jdmagicbox.com/comp/kozhikode/q5/0495px495.x495.181107095251.z7q5/catalogue...
[06:26:34] 
==========================================
[06:26:34] [*] Scraping target 23/40: Karivellur
[06:26:34] ==========================================
[06:26:35] ? Found 100 total Fried Chicken Delivery Restaurants in Karivellur.
[06:26:35]   Scraping page 1 (got 10 results)...
[06:26:35]   Checking page 2 for the next batch...
[06:26:35]   [1] [IMG] WESTBURG DARMASHALA | +(91)-7411790657 | 7 photos
[06:26:35]        [1] https://content.jdmagicbox.com/v2/comp/kannur/z9/9999px497.x497.250712160334.d1z9/catalogu...
[06:26:35]        [2] https://images.jdmagicbox.com/v2/comp/kannur/z9/9999px497.x497.250712160334.d1z9/catalogue...
[06:26:35]        [3] https://images.jdmagicbox.com/v2/comp/kannur/z9/9999px497.x497.250712160334.d1z9/catalogue...
[06:26:35]   [2] [IMG] Wimbies Restaurant And Fried Chicken | +(91)-9895868789 | 7 photos
[06:26:35]        [1] https://content.jdmagicbox.com/comp/kannur/u9/9999px497.x497.170607163909.z1u9/catalogue/w...
[06:26:35]        [2] https://images.jdmagicbox.com/comp/kannur/u9/9999px497.x497.170607163909.z1u9/catalogue/wi...
[06:26:35]        [3] https://images.jdmagicbox.com/comp/kannur/u9/9999px497.x497.170607163909.z1u9/catalogue/wi...
[06:26:36]   [3] [IMG] Hotel Green Park | +(91)-9447850097 | 9 photos
[06:26:36]        [1] https://content.jdmagicbox.com/comp/kannur/n5/9999px497.x497.171001155450.e6n5/catalogue/h...
[06:26:36]        [2] https://images.jdmagicbox.com/comp/kannur/n5/9999px497.x497.171001155450.e6n5/catalogue/ho...
[06:26:36]        [3] https://images.jdmagicbox.com/v2/comp/kannur/n5/9999px497.x497.171001155450.e6n5/catalogue...
[06:26:36]   [4] [IMG] Jesna Lunch Room | +(91)-9605683147 | 7 photos
[06:26:36]        [1] https://content.jdmagicbox.com/comp/kannur/f2/9999px497.x497.190220121951.z4f2/catalogue/j...
[06:26:36]        [2] https://images.jdmagicbox.com/comp/kannur/f2/9999px497.x497.190220121951.z4f2/catalogue/je...
[06:26:36]        [3] https://images.jdmagicbox.com/comp/kannur/f2/9999px497.x497.190220121951.z4f2/catalogue/je...
[06:26:37]   [5] [IMG] Hfc Fried Chicken | +(91)-7902898916 | 9 photos
[06:26:37]        [1] https://content.jdmagicbox.com/comp/kannur/y5/9999px497.x497.230328181354.g1y5/catalogue/h...
[06:26:37]        [2] https://images.jdmagicbox.com/comp/kannur/y5/9999px497.x497.230328181354.g1y5/catalogue/hf...
[06:26:37]        [3] https://images.jdmagicbox.com/v2/comp/kannur/y5/9999px497.x497.230328181354.g1y5/catalogue...
[06:26:37]   [6] [IMG] Chikeys | +(91)-9895131123 | 9 photos
[06:26:37]        [1] https://content.jdmagicbox.com/comp/def_content_category/chikeys/121050718-333489939663650...
[06:26:37]        [2] https://images.jdmagicbox.com/comp/def_content_category/chikeys/121050718-3334899396636500...
[06:26:37]        [3] https://images.jdmagicbox.com/comp/def_content_category/chikeys/86689044-2704886126304500-...
[06:26:38]   [7] [IMG] Rooster Fried & Grill | +(91)-8113001100 | 9 photos
[06:26:38]        [1] https://content.jdmagicbox.com/comp/kannur/v3/9999px497.x497.190517204357.c5v3/catalogue/r...
[06:26:38]        [2] https://images.jdmagicbox.com/comp/kannur/v3/9999px497.x497.190517204357.c5v3/catalogue/ro...
[06:26:38]        [3] https://images.jdmagicbox.com/comp/kannur/v3/9999px497.x497.190517204357.c5v3/catalogue/ro...
[06:26:39]   [8] [IMG] The Indian Express Superfast Restaurant | +(91)-8301009050 | 9 photos
[06:26:39]        [1] https://content.jdmagicbox.com/comp/kannur/e5/9999px497.x497.200106181231.h5e5/catalogue/t...
[06:26:39]        [2] https://images.jdmagicbox.com/comp/kannur/e5/9999px497.x497.200106181231.h5e5/catalogue/th...
[06:26:39]        [3] https://images.jdmagicbox.com/comp/kannur/e5/9999px497.x497.200106181231.h5e5/catalogue/th...
[06:26:39]   [9] [IMG] Lebanese |  | 9 photos
[06:26:39]        [1] https://content.jdmagicbox.com/comp/kannur/q2/9999px497.x497.181103164105.u9q2/catalogue/l...
[06:26:39]        [2] https://images.jdmagicbox.com/comp/kannur/q2/9999px497.x497.181103164105.u9q2/catalogue/le...
[06:26:39]        [3] https://images.jdmagicbox.com/comp/kannur/q2/9999px497.x497.181103164105.u9q2/catalogue/le...
[06:26:40]   [10] [IMG] Vkp S Cafe | +(91)-6235555112 | 9 photos
[06:26:40]        [1] https://content.jdmagicbox.com/v2/comp/kannur/u7/9999px497.x497.200107121359.c2u7/catalogu...
[06:26:40]        [2] https://images.jdmagicbox.com/v2/comp/kannur/u7/9999px497.x497.200107121359.c2u7/catalogue...
[06:26:40]        [3] https://images.jdmagicbox.com/v2/comp/kannur/u7/9999px497.x497.200107121359.c2u7/catalogue...
[06:26:42]   Scraping page 2 (got 10 results)...
[06:26:42]   Checking page 3 for the next batch...
[06:26:42]   [1] [IMG] Chilly Hut | +(91)-8330057833 | 9 photos
[06:26:42]        [1] https://content.jdmagicbox.com/comp/kannur/b1/9999px497.x497.210226155456.l3b1/catalogue/c...
[06:26:42]        [2] https://images.jdmagicbox.com/comp/kannur/b1/9999px497.x497.210226155456.l3b1/catalogue/ch...
[06:26:42]        [3] https://images.jdmagicbox.com/v2/comp/kannur/b1/9999px497.x497.210226155456.l3b1/catalogue...
[06:26:42]   [2] [IMG] Afc American Fried Chicken Restaurant | +(91)-7373162111 | 9 photos
[06:26:42]        [1] https://content.jdmagicbox.com/comp/kannur/j3/9999px497.x497.220421184400.b5j3/catalogue/a...
[06:26:42]        [2] https://images.jdmagicbox.com/comp/kannur/j3/9999px497.x497.220421184400.b5j3/catalogue/af...
[06:26:42]        [3] https://images.jdmagicbox.com/comp/kannur/j3/9999px497.x497.220421184400.b5j3/catalogue/af...
[06:26:43]   [3] [IMG] Arabian Grill | +(91)-9544400048 | 9 photos
[06:26:43]        [1] https://content.jdmagicbox.com/comp/kannur/y4/9999px497.x497.170926210343.p8y4/catalogue/a...
[06:26:43]        [2] https://images.jdmagicbox.com/comp/kannur/y4/9999px497.x497.170926210343.p8y4/catalogue/ar...
[06:26:43]        [3] https://images.jdmagicbox.com/comp/kannur/y4/9999px497.x497.170926210343.p8y4/catalogue/ar...
[06:26:43]   [4] [IMG] Go Ggrll Chokli | +(91)-9747217717 | 9 photos
[06:26:43]        [1] https://content.jdmagicbox.com/v2/comp/kannur/f8/9999px497.x497.230224144441.a3f8/catalogu...
[06:26:43]        [2] https://images.jdmagicbox.com/v2/comp/kannur/f8/9999px497.x497.230224144441.a3f8/catalogue...
[06:26:43]        [3] https://images.jdmagicbox.com/v2/comp/kannur/f8/9999px497.x497.230224144441.a3f8/catalogue...
[06:26:44]   [5] [IMG] COCO CABANE CAFE | +(91)-8590090726 | 9 photos
[06:26:44]        [1] https://content.jdmagicbox.com/comp/kannur/t6/9999px497.x497.220728192535.f5t6/catalogue/c...
[06:26:44]        [2] https://images.jdmagicbox.com/comp/kannur/t6/9999px497.x497.220728192535.f5t6/catalogue/co...
[06:26:44]        [3] https://images.jdmagicbox.com/comp/kannur/t6/9999px497.x497.220728192535.f5t6/catalogue/co...
[06:26:44]   [6] [IMG] TFC TURKISH FRIED CHICKEN CHAKKARAKKAL | +(91)-8301867300 | 9 photos
[06:26:44]        [1] https://content.jdmagicbox.com/comp/kannur/n6/9999px497.x497.240121190829.e4n6/catalogue/t...
[06:26:44]        [2] https://images.jdmagicbox.com/comp/kannur/n6/9999px497.x497.240121190829.e4n6/catalogue/tf...
[06:26:44]        [3] https://images.jdmagicbox.com/comp/kannur/n6/9999px497.x497.240121190829.e4n6/catalogue/tf...
[06:26:45]   [7] [IMG] Chicking Fried Chicken (Kannur Mall) | +(91)-9744480000 | 9 photos
[06:26:45]        [1] https://content.jdmagicbox.com/comp/def_content_category/chicking-fried-chicken-11985242-m...
[06:26:45]        [2] https://images.jdmagicbox.com/comp/def_content_category/chicking-fried-chicken-11985242-mz...
[06:26:45]        [3] https://images.jdmagicbox.com/comp/def_content_category/chicking-fried-chicken/chicking-fr...
[06:26:45]   [8] [IMG] American Fried Chicken | +(91)-7592044544 | 7 photos
[06:26:45]        [1] https://content.jdmagicbox.com/comp/kannur/h5/9999px497.x497.220107164349.v8h5/catalogue/-...
[06:26:45]        [2] https://images.jdmagicbox.com/comp/kannur/h5/9999px497.x497.220107164349.v8h5/catalogue/-v...
[06:26:45]        [3] https://images.jdmagicbox.com/comp/kannur/h5/9999px497.x497.220107164349.v8h5/catalogue/-a...
[06:26:46]   [9] [IMG] BURNO FRIED | +(91)-9961480764 | 6 photos
[06:26:46]        [1] https://content.jdmagicbox.com/v2/comp/kannur/h2/9999px497.x497.250809213421.y6h2/catalogu...
[06:26:46]        [2] https://images.jdmagicbox.com/v2/comp/kannur/h2/9999px497.x497.250809213421.y6h2/catalogue...
[06:26:46]        [3] https://images.jdmagicbox.com/v2/comp/kannur/h2/9999px497.x497.250809213421.y6h2/catalogue...
[06:26:46]   [10] [IMG] Hotel New Delhi | +(91)-9744866841 | 4 photos
[06:26:46]        [1] https://content.jdmagicbox.com/comp/def_content_category/south-indian-restaurants/new-dish...
[06:26:46]        [2] https://images.jdmagicbox.com/comp/def_content_category/south-indian-restaurants/new-dish-...
[06:26:46]        [3] https://images.jdmagicbox.com/comp/def_content_category/south-indian-restaurants/new-dish-...
[06:26:49]   Scraping page 3 (got 10 results)...
[06:26:49]   Checking page 4 for the next batch...
[06:26:49]   [1] [IMG] Nks Chicken |  | 6 photos
[06:26:49]        [1] https://content.jdmagicbox.com/comp/kannur/k3/9999px497.x497.191212134539.x7k3/catalogue/n...
[06:26:49]        [2] https://images.jdmagicbox.com/comp/kannur/k3/9999px497.x497.191212134539.x7k3/catalogue/nk...
[06:26:49]        [3] https://images.jdmagicbox.com/comp/kannur/k3/9999px497.x497.191212134539.x7k3/catalogue/nk...
[06:26:50]   [2] [IMG] American Fried Chicken Pilathara | +(91)-8714759722 | 4 photos
[06:26:50]        [1] https://content.jdmagicbox.com/comp/kannur/g4/9999px497.x497.221019124021.h2g4/catalogue/a...
[06:26:50]        [2] https://images.jdmagicbox.com/comp/kannur/g4/9999px497.x497.221019124021.h2g4/catalogue/am...
[06:26:50]        [3] https://images.jdmagicbox.com/comp/kannur/g4/9999px497.x497.221019124021.h2g4/catalogue/am...
[06:26:50]   [3] [IMG] Jubilee Restaurant | +(91)-9526366382 | 2 photos
[06:26:50]        [1] https://content.jdmagicbox.com/comp/def_content/buffet-restaurants/buffet-restaurants7-buf...
[06:26:50]        [2] https://images.jdmagicbox.com/comp/def_content/buffet-restaurants/buffet-restaurants7-buff...
[06:26:51]   [4] [IMG] Volga Chef | +(91)-7907722050 | 9 photos
[06:26:51]        [1] https://content.jdmagicbox.com/comp/kannur/e6/9999px497.x497.220210163401.x2e6/catalogue/-...
[06:26:51]        [2] https://images.jdmagicbox.com/comp/kannur/e6/9999px497.x497.220210163401.x2e6/catalogue/-h...
[06:26:51]        [3] https://images.jdmagicbox.com/comp/kannur/e6/9999px497.x497.220210163401.x2e6/catalogue/-2...
[06:26:51]   [5] [IMG] RAK | +(91)-6235101101 | 9 photos
[06:26:51]        [1] https://content.jdmagicbox.com/comp/kasaragod/g9/9999p4994.4994.210127203131.f2g9/catalogu...
[06:26:51]        [2] https://images.jdmagicbox.com/comp/kasaragod/g9/9999p4994.4994.210127203131.f2g9/catalogue...
[06:26:51]        [3] https://images.jdmagicbox.com/comp/kasaragod/g9/9999p4994.4994.210127203131.f2g9/catalogue...
[06:26:52]   [6] [IMG] Chikeys | +(91)-8606131123 | 9 photos
[06:26:52]        [1] https://content.jdmagicbox.com/comp/kozhikode/y3/0495px495.x495.190525032936.x5y3/catalogu...
[06:26:52]        [2] https://images.jdmagicbox.com/comp/kozhikode/y3/0495px495.x495.190525032936.x5y3/catalogue...
[06:26:52]        [3] https://images.jdmagicbox.com/comp/kozhikode/y3/0495px495.x495.190525032936.x5y3/catalogue...
[06:26:52]   [7] [IMG] Chicking Fried Chicken | +(91)-7736067817 | 9 photos
[06:26:52]        [1] https://content.jdmagicbox.com/comp/def_content_category/chicking-fried-chicken/chicking-f...
[06:26:52]        [2] https://images.jdmagicbox.com/comp/def_content_category/chicking-fried-chicken/chicking-fr...
[06:26:52]        [3] https://images.jdmagicbox.com/comp/def_content_category/chicking-fried-chicken-11985242-mz...
[06:26:53]   [8] [IMG] MFC Fried & Arabic | +(91)-8075029408 | 9 photos
[06:26:53]        [1] https://content.jdmagicbox.com/comp/kasaragod/f1/9999p4994.4994.171009202643.v4f1/catalogu...
[06:26:53]        [2] https://images.jdmagicbox.com/comp/kasaragod/f1/9999p4994.4994.171009202643.v4f1/catalogue...
[06:26:53]        [3] https://images.jdmagicbox.com/comp/kasaragod/f1/9999p4994.4994.171009202643.v4f1/catalogue...
[06:26:53]   [9] [IMG] Oryx Village | +(91)-8488918253 | 9 photos
[06:26:53]        [1] https://content.jdmagicbox.com/comp/kasaragod/d5/9999p4994.4994.180609125522.s4d5/catalogu...
[06:26:53]        [2] https://images.jdmagicbox.com/comp/kasaragod/d5/9999p4994.4994.180609125522.s4d5/catalogue...
[06:26:53]        [3] https://images.jdmagicbox.com/comp/kasaragod/d5/9999p4994.4994.180609125522.s4d5/catalogue...
[06:26:54]   [10] [IMG] AFC | +(91)-7012677537 | 5 photos
[06:26:54]        [1] https://content.jdmagicbox.com/comp/kozhikode/l5/0495px495.x495.211203141452.z3l5/catalogu...
[06:26:54]        [2] https://images.jdmagicbox.com/comp/kozhikode/l5/0495px495.x495.211203141452.z3l5/catalogue...
[06:26:54]        [3] https://images.jdmagicbox.com/comp/kozhikode/l5/0495px495.x495.211203141452.z3l5/catalogue...
[06:26:56]   Scraping page 4 (got 10 results)...
[06:26:56]   Checking page 5 for the next batch...
[06:26:56]   [1] [IMG] Golden Dine Family Restaurant | +(91)-9567302261 | 8 photos
[06:26:56]        [1] https://content.jdmagicbox.com/comp/kasaragod/e3/9999p4994.4994.181212142924.v8e3/catalogu...
[06:26:56]        [2] https://images.jdmagicbox.com/comp/kasaragod/e3/9999p4994.4994.181212142924.v8e3/catalogue...
[06:26:56]        [3] https://images.jdmagicbox.com/comp/kasaragod/e3/9999p4994.4994.181212142924.v8e3/catalogue...
[06:26:57]   [2] [IMG] Max Food | +(91)-9483340844 | 9 photos
[06:26:57]        [1] https://content.jdmagicbox.com/v2/comp/coorg/b2/9999p8272.8272.240715141211.c2b2/catalogue...
[06:26:57]        [2] https://images.jdmagicbox.com/v2/comp/coorg/b2/9999p8272.8272.240715141211.c2b2/catalogue/...
[06:26:57]        [3] https://images.jdmagicbox.com/v2/comp/coorg/b2/9999p8272.8272.240715141211.c2b2/catalogue/...
[06:26:57]   [3] [IMG] MADADA SOLUTION PVT LTD | +(91)-7221001003 | 9 photos
[06:26:57]        [1] https://content.jdmagicbox.com/comp/kozhikode/j2/0495px495.x495.230103175828.d9j2/catalogu...
[06:26:57]        [2] https://images.jdmagicbox.com/comp/kozhikode/j2/0495px495.x495.230103175828.d9j2/catalogue...
[06:26:57]        [3] https://images.jdmagicbox.com/comp/kozhikode/j2/0495px495.x495.230103175828.d9j2/catalogue...
[06:26:58]   [4] [IMG] Casaro Cafe | +(91)-9744772677 | 5 photos
[06:26:58]        [1] https://content.jdmagicbox.com/comp/kasaragod/v7/9999p4994.4994.220615225521.k2v7/catalogu...
[06:26:58]        [2] https://images.jdmagicbox.com/comp/kasaragod/v7/9999p4994.4994.220615225521.k2v7/catalogue...
[06:26:58]        [3] https://images.jdmagicbox.com/comp/kasaragod/v7/9999p4994.4994.220615225521.k2v7/catalogue...
[06:26:58]   [5] [IMG] Shawaya House Restaurant | +(91)-9539058080 | 9 photos
[06:26:58]        [1] https://content.jdmagicbox.com/comp/wayanad/m3/9999p4936.4936.230912223231.a8m3/catalogue/...
[06:26:58]        [2] https://images.jdmagicbox.com/comp/wayanad/m3/9999p4936.4936.230912223231.a8m3/catalogue/s...
[06:26:58]        [3] https://images.jdmagicbox.com/comp/wayanad/m3/9999p4936.4936.230912223231.a8m3/catalogue/s...
[06:26:59]   [6] [IMG] Quality Restaurant and Bakes | +(91)-9207300666 | 9 photos
[06:26:59]        [1] https://content.jdmagicbox.com/comp/kasaragod/r7/9999p4994.4994.170426102508.c8r7/catalogu...
[06:26:59]        [2] https://images.jdmagicbox.com/comp/kasaragod/r7/9999p4994.4994.170426102508.c8r7/catalogue...
[06:26:59]        [3] https://images.jdmagicbox.com/comp/bekal/r7/9999p4994.4994.170426102508.c8r7/catalogue/qua...
[06:26:59]   [7] [IMG] CFC Canadian Fried Chicken | +(91)-8123223715 | 5 photos
[06:26:59]        [1] https://content.jdmagicbox.com/comp/coorg/b9/9999p8272.8272.221217154654.x6b9/catalogue/-a...
[06:26:59]        [2] https://images.jdmagicbox.com/comp/coorg/b9/9999p8272.8272.221217154654.x6b9/catalogue/-a1...
[06:26:59]        [3] https://images.jdmagicbox.com/comp/coorg/b9/9999p8272.8272.221217154654.x6b9/catalogue/-ed...
[06:27:00]   [8] [IMG] Coffee Bare | +(91)-9656003252 | 9 photos
[06:27:00]        [1] https://content.jdmagicbox.com/comp/kasaragod/g9/9999p4994.4994.171211225040.i9g9/catalogu...
[06:27:00]        [2] https://images.jdmagicbox.com/comp/kasaragod/g9/9999p4994.4994.171211225040.i9g9/catalogue...
[06:27:00]        [3] https://images.jdmagicbox.com/comp/kasaragod/x3/pwfl1513010940g5d5x3/catalogue/coffee-bare...
[06:27:00]   [9] [IMG] Gama Kitchen | +(91)-8086310000 | 9 photos
[06:27:00]        [1] https://content.jdmagicbox.com/comp/kozhikode/s5/0495px495.x495.190810180742.q5s5/catalogu...
[06:27:00]        [2] https://images.jdmagicbox.com/comp/kozhikode/s5/0495px495.x495.190810180742.q5s5/catalogue...
[06:27:00]        [3] https://images.jdmagicbox.com/comp/kozhikode/s5/0495px495.x495.190810180742.q5s5/catalogue...
[06:27:01]   [10] [IMG] Sullias Eating Spot | +(91)-8142607082 | 5 photos
[06:27:01]        [1] https://content.jdmagicbox.com/comp/mangalore/v5/0824px824.x824.230106212525.l3v5/catalogu...
[06:27:01]        [2] https://images.jdmagicbox.com/comp/mangalore/v5/0824px824.x824.230106212525.l3v5/catalogue...
[06:27:01]        [3] https://images.jdmagicbox.com/comp/mangalore/v5/0824px824.x824.230106212525.l3v5/catalogue...
[06:27:03]   Scraping page 5 (got 10 results)...
[06:27:03]   Checking page 6 for the next batch...
[06:27:03]   [1] [IMG] Kuruva Family Restaurant | +(91)-8921536987 | 9 photos
[06:27:03]        [1] https://content.jdmagicbox.com/comp/wayanad/c1/9999p4936.4936.191203162722.c9c1/catalogue/...
[06:27:03]        [2] https://images.jdmagicbox.com/comp/wayanad/c1/9999p4936.4936.191203162722.c9c1/catalogue/k...
[06:27:03]        [3] https://images.jdmagicbox.com/comp/wayanad/c1/9999p4936.4936.191203162722.c9c1/catalogue/k...
[06:27:03]   [2] [IMG] LSJ CHICKEN | +(91)-9037911212 | 9 photos
[06:27:03]        [1] https://content.jdmagicbox.com/comp/kozhikode/d5/0495px495.x495.240325111357.y2d5/catalogu...
[06:27:03]        [2] https://images.jdmagicbox.com/comp/kozhikode/d5/0495px495.x495.240325111357.y2d5/catalogue...
[06:27:03]        [3] https://images.jdmagicbox.com/v2/comp/kozhikode/d5/0495px495.x495.240325111357.y2d5/catalo...
[06:27:04]   [3] [IMG] Fry Ville | +(91)-7994089339 | 8 photos
[06:27:04]        [1] https://content.jdmagicbox.com/comp/kozhikode/r5/0495px495.x495.240426193218.v8r5/catalogu...
[06:27:04]        [2] https://images.jdmagicbox.com/comp/kozhikode/r5/0495px495.x495.240426193218.v8r5/catalogue...
[06:27:04]        [3] https://images.jdmagicbox.com/v2/comp/kozhikode/r5/0495px495.x495.240426193218.v8r5/catalo...
[06:27:04]   [4] [IMG] Kadav Cafe | +(91)-7902791347 | 9 photos
[06:27:04]        [1] https://content.jdmagicbox.com/comp/wayanad/k8/9999p4936.4936.210505154047.l1k8/catalogue/...
[06:27:04]        [2] https://images.jdmagicbox.com/comp/wayanad/k8/9999p4936.4936.210505154047.l1k8/catalogue/p...
[06:27:04]        [3] https://images.jdmagicbox.com/comp/wayanad/k8/9999p4936.4936.210505154047.l1k8/catalogue/p...
[06:27:05]   [5] [IMG] AM 2 PM | +(91)-8281221562 | 9 photos
[06:27:05]        [1] https://content.jdmagicbox.com/comp/kozhikode/a1/0495px495.x495.210825115336.v6a1/catalogu...
[06:27:05]        [2] https://images.jdmagicbox.com/comp/kozhikode/a1/0495px495.x495.210825115336.v6a1/catalogue...
[06:27:05]        [3] https://images.jdmagicbox.com/comp/kozhikode/a1/0495px495.x495.210825115336.v6a1/catalogue...
[06:27:05]   [6] [IMG] Biryani house | +(91)-7025966937 | 9 photos
[06:27:05]        [1] https://content.jdmagicbox.com/comp/kasaragod/g9/9999p4994.4994.190817061424.b9g9/catalogu...
[06:27:05]        [2] https://images.jdmagicbox.com/comp/kasaragod/g9/9999p4994.4994.190817061424.b9g9/catalogue...
[06:27:05]        [3] https://images.jdmagicbox.com/comp/kasaragod/g9/9999p4994.4994.190817061424.b9g9/catalogue...
[06:27:06]   [7] [IMG] Vitamin Bbq Corner Family Restaurant & Tourist Restaurant | +(91)-8593909067 | 9 photos
[06:27:06]        [1] https://content.jdmagicbox.com/comp/kozhikode/q7/0495px495.x495.200205224512.v2q7/catalogu...
[06:27:06]        [2] https://images.jdmagicbox.com/comp/kozhikode/q7/0495px495.x495.200205224512.v2q7/catalogue...
[06:27:06]        [3] https://images.jdmagicbox.com/comp/kozhikode/q7/0495px495.x495.200205224512.v2q7/catalogue...
[06:27:06]   [8] [IMG] Clock Tower Restaurant | +(91)-7947190542 | 9 photos
[06:27:06]        [1] https://content.jdmagicbox.com/comp/kozhikode/i7/0495px495.x495.211016160058.h8i7/catalogu...
[06:27:06]        [2] https://images.jdmagicbox.com/comp/kozhikode/i7/0495px495.x495.211016160058.h8i7/catalogue...
[06:27:06]        [3] https://images.jdmagicbox.com/comp/kozhikode/i7/0495px495.x495.211016160058.h8i7/catalogue...
[06:27:07]   [9] [IMG] Clock Tower Restaurant | +(91)-8401686359 | 9 photos
[06:27:07]        [1] https://content.jdmagicbox.com/comp/kozhikode/i1/0495px495.x495.210415170354.s8i1/catalogu...
[06:27:07]        [2] https://images.jdmagicbox.com/comp/kozhikode/i1/0495px495.x495.210415170354.s8i1/catalogue...
[06:27:07]        [3] https://images.jdmagicbox.com/comp/kozhikode/i1/0495px495.x495.210415170354.s8i1/catalogue...
[06:27:07]   [10] [IMG] Umami eats | +(91)-7994527434 | 5 photos
[06:27:07]        [1] https://content.jdmagicbox.com/comp/kozhikode/q5/0495px495.x495.181107095251.z7q5/catalogu...
[06:27:07]        [2] https://images.jdmagicbox.com/comp/kozhikode/q5/0495px495.x495.181107095251.z7q5/catalogue...
[06:27:07]        [3] https://images.jdmagicbox.com/comp/kozhikode/q5/0495px495.x495.181107095251.z7q5/catalogue...
[06:27:11] 
==========================================
[06:27:11] [*] Scraping target 24/40: Madayi
[06:27:11] ==========================================
[06:27:12] ? Found 100 total Fried Chicken Delivery Restaurants in Madayi.
[06:27:12]   Scraping page 1 (got 10 results)...
[06:27:12]   Checking page 2 for the next batch...
[06:27:12]   [1] [IMG] WESTBURG DARMASHALA | +(91)-7411790657 | 7 photos
[06:27:12]        [1] https://content.jdmagicbox.com/v2/comp/kannur/z9/9999px497.x497.250712160334.d1z9/catalogu...
[06:27:12]        [2] https://images.jdmagicbox.com/v2/comp/kannur/z9/9999px497.x497.250712160334.d1z9/catalogue...
[06:27:12]        [3] https://images.jdmagicbox.com/v2/comp/kannur/z9/9999px497.x497.250712160334.d1z9/catalogue...
[06:27:12]   [2] [IMG] Jesna Lunch Room | +(91)-9605683147 | 7 photos
[06:27:12]        [1] https://content.jdmagicbox.com/comp/kannur/f2/9999px497.x497.190220121951.z4f2/catalogue/j...
[06:27:12]        [2] https://images.jdmagicbox.com/comp/kannur/f2/9999px497.x497.190220121951.z4f2/catalogue/je...
[06:27:12]        [3] https://images.jdmagicbox.com/comp/kannur/f2/9999px497.x497.190220121951.z4f2/catalogue/je...
[06:27:13]   [3] [IMG] Arabian Grill | +(91)-9544400048 | 9 photos
[06:27:13]        [1] https://content.jdmagicbox.com/comp/kannur/y4/9999px497.x497.170926210343.p8y4/catalogue/a...
[06:27:13]        [2] https://images.jdmagicbox.com/comp/kannur/y4/9999px497.x497.170926210343.p8y4/catalogue/ar...
[06:27:13]        [3] https://images.jdmagicbox.com/comp/kannur/y4/9999px497.x497.170926210343.p8y4/catalogue/ar...
[06:27:14]   [4] [IMG] Rooster Fried & Grill | +(91)-8113001100 | 9 photos
[06:27:14]        [1] https://content.jdmagicbox.com/comp/kannur/v3/9999px497.x497.190517204357.c5v3/catalogue/r...
[06:27:14]        [2] https://images.jdmagicbox.com/comp/kannur/v3/9999px497.x497.190517204357.c5v3/catalogue/ro...
[06:27:14]        [3] https://images.jdmagicbox.com/comp/kannur/v3/9999px497.x497.190517204357.c5v3/catalogue/ro...
[06:27:14]   [5] [IMG] Wimbies Restaurant And Fried Chicken | +(91)-9895868789 | 7 photos
[06:27:14]        [1] https://content.jdmagicbox.com/comp/kannur/u9/9999px497.x497.170607163909.z1u9/catalogue/w...
[06:27:14]        [2] https://images.jdmagicbox.com/comp/kannur/u9/9999px497.x497.170607163909.z1u9/catalogue/wi...
[06:27:14]        [3] https://images.jdmagicbox.com/comp/kannur/u9/9999px497.x497.170607163909.z1u9/catalogue/wi...
[06:27:15]   [6] [IMG] Vkp S Cafe | +(91)-6235555112 | 9 photos
[06:27:15]        [1] https://content.jdmagicbox.com/v2/comp/kannur/u7/9999px497.x497.200107121359.c2u7/catalogu...
[06:27:15]        [2] https://images.jdmagicbox.com/v2/comp/kannur/u7/9999px497.x497.200107121359.c2u7/catalogue...
[06:27:15]        [3] https://images.jdmagicbox.com/v2/comp/kannur/u7/9999px497.x497.200107121359.c2u7/catalogue...
[06:27:15]   [7] [IMG] Chikeys | +(91)-9895131123 | 9 photos
[06:27:15]        [1] https://content.jdmagicbox.com/comp/def_content_category/chikeys/121050718-333489939663650...
[06:27:15]        [2] https://images.jdmagicbox.com/comp/def_content_category/chikeys/121050718-3334899396636500...
[06:27:15]        [3] https://images.jdmagicbox.com/comp/def_content_category/chikeys/86689044-2704886126304500-...
[06:27:16]   [8] [IMG] Go Ggrll Chokli | +(91)-9747217717 | 9 photos
[06:27:16]        [1] https://content.jdmagicbox.com/v2/comp/kannur/f8/9999px497.x497.230224144441.a3f8/catalogu...
[06:27:16]        [2] https://images.jdmagicbox.com/v2/comp/kannur/f8/9999px497.x497.230224144441.a3f8/catalogue...
[06:27:16]        [3] https://images.jdmagicbox.com/v2/comp/kannur/f8/9999px497.x497.230224144441.a3f8/catalogue...
[06:27:16]   [9] [IMG] Hotel Green Park | +(91)-9447850097 | 9 photos
[06:27:16]        [1] https://content.jdmagicbox.com/comp/kannur/n5/9999px497.x497.171001155450.e6n5/catalogue/h...
[06:27:16]        [2] https://images.jdmagicbox.com/comp/kannur/n5/9999px497.x497.171001155450.e6n5/catalogue/ho...
[06:27:16]        [3] https://images.jdmagicbox.com/v2/comp/kannur/n5/9999px497.x497.171001155450.e6n5/catalogue...
[06:27:17]   [10] [IMG] Afc American Fried Chicken Restaurant | +(91)-7373162111 | 9 photos
[06:27:17]        [1] https://content.jdmagicbox.com/comp/kannur/j3/9999px497.x497.220421184400.b5j3/catalogue/a...
[06:27:17]        [2] https://images.jdmagicbox.com/comp/kannur/j3/9999px497.x497.220421184400.b5j3/catalogue/af...
[06:27:17]        [3] https://images.jdmagicbox.com/comp/kannur/j3/9999px497.x497.220421184400.b5j3/catalogue/af...
[06:27:20]   Scraping page 2 (got 10 results)...
[06:27:20]   Checking page 3 for the next batch...
[06:27:20]   [1] [IMG] Hfc Fried Chicken | +(91)-7902898916 | 9 photos
[06:27:20]        [1] https://content.jdmagicbox.com/comp/kannur/y5/9999px497.x497.230328181354.g1y5/catalogue/h...
[06:27:20]        [2] https://images.jdmagicbox.com/comp/kannur/y5/9999px497.x497.230328181354.g1y5/catalogue/hf...
[06:27:20]        [3] https://images.jdmagicbox.com/v2/comp/kannur/y5/9999px497.x497.230328181354.g1y5/catalogue...
[06:27:21]   [2] [IMG] Chilly Hut | +(91)-8330057833 | 9 photos
[06:27:21]        [1] https://content.jdmagicbox.com/comp/kannur/b1/9999px497.x497.210226155456.l3b1/catalogue/c...
[06:27:21]        [2] https://images.jdmagicbox.com/comp/kannur/b1/9999px497.x497.210226155456.l3b1/catalogue/ch...
[06:27:21]        [3] https://images.jdmagicbox.com/v2/comp/kannur/b1/9999px497.x497.210226155456.l3b1/catalogue...
[06:27:21]   [3] [IMG] COCO CABANE CAFE | +(91)-8590090726 | 9 photos
[06:27:21]        [1] https://content.jdmagicbox.com/comp/kannur/t6/9999px497.x497.220728192535.f5t6/catalogue/c...
[06:27:21]        [2] https://images.jdmagicbox.com/comp/kannur/t6/9999px497.x497.220728192535.f5t6/catalogue/co...
[06:27:21]        [3] https://images.jdmagicbox.com/comp/kannur/t6/9999px497.x497.220728192535.f5t6/catalogue/co...
[06:27:22]   [4] [IMG] The Indian Express Superfast Restaurant | +(91)-8301009050 | 9 photos
[06:27:22]        [1] https://content.jdmagicbox.com/comp/kannur/e5/9999px497.x497.200106181231.h5e5/catalogue/t...
[06:27:22]        [2] https://images.jdmagicbox.com/comp/kannur/e5/9999px497.x497.200106181231.h5e5/catalogue/th...
[06:27:22]        [3] https://images.jdmagicbox.com/comp/kannur/e5/9999px497.x497.200106181231.h5e5/catalogue/th...
[06:27:22]   [5] [IMG] American Fried Chicken | +(91)-7592044544 | 7 photos
[06:27:22]        [1] https://content.jdmagicbox.com/comp/kannur/h5/9999px497.x497.220107164349.v8h5/catalogue/-...
[06:27:22]        [2] https://images.jdmagicbox.com/comp/kannur/h5/9999px497.x497.220107164349.v8h5/catalogue/-v...
[06:27:22]        [3] https://images.jdmagicbox.com/comp/kannur/h5/9999px497.x497.220107164349.v8h5/catalogue/-a...
[06:27:23]   [6] [IMG] Hotel New Delhi | +(91)-9744866841 | 4 photos
[06:27:23]        [1] https://content.jdmagicbox.com/comp/def_content_category/south-indian-restaurants/new-dish...
[06:27:23]        [2] https://images.jdmagicbox.com/comp/def_content_category/south-indian-restaurants/new-dish-...
[06:27:23]        [3] https://images.jdmagicbox.com/comp/def_content_category/south-indian-restaurants/new-dish-...
[06:27:23]   [7] [IMG] BURNO FRIED | +(91)-9961480764 | 6 photos
[06:27:23]        [1] https://content.jdmagicbox.com/v2/comp/kannur/h2/9999px497.x497.250809213421.y6h2/catalogu...
[06:27:23]        [2] https://images.jdmagicbox.com/v2/comp/kannur/h2/9999px497.x497.250809213421.y6h2/catalogue...
[06:27:23]        [3] https://images.jdmagicbox.com/v2/comp/kannur/h2/9999px497.x497.250809213421.y6h2/catalogue...
[06:27:24]   [8] [IMG] TFC TURKISH FRIED CHICKEN CHAKKARAKKAL | +(91)-8301867300 | 9 photos
[06:27:24]        [1] https://content.jdmagicbox.com/comp/kannur/n6/9999px497.x497.240121190829.e4n6/catalogue/t...
[06:27:24]        [2] https://images.jdmagicbox.com/comp/kannur/n6/9999px497.x497.240121190829.e4n6/catalogue/tf...
[06:27:24]        [3] https://images.jdmagicbox.com/comp/kannur/n6/9999px497.x497.240121190829.e4n6/catalogue/tf...
[06:27:24]   [9] [IMG] Chicking Fried Chicken (Kannur Mall) | +(91)-9744480000 | 9 photos
[06:27:24]        [1] https://content.jdmagicbox.com/comp/def_content_category/chicking-fried-chicken-11985242-m...
[06:27:24]        [2] https://images.jdmagicbox.com/comp/def_content_category/chicking-fried-chicken-11985242-mz...
[06:27:24]        [3] https://images.jdmagicbox.com/comp/def_content_category/chicking-fried-chicken/chicking-fr...
[06:27:25]   [10] [IMG] Volga Chef | +(91)-7907722050 | 9 photos
[06:27:25]        [1] https://content.jdmagicbox.com/comp/kannur/e6/9999px497.x497.220210163401.x2e6/catalogue/-...
[06:27:25]        [2] https://images.jdmagicbox.com/comp/kannur/e6/9999px497.x497.220210163401.x2e6/catalogue/-h...
[06:27:25]        [3] https://images.jdmagicbox.com/comp/kannur/e6/9999px497.x497.220210163401.x2e6/catalogue/-2...
[06:27:27]   Scraping page 3 (got 10 results)...
[06:27:27]   Checking page 4 for the next batch...
[06:27:27]   [1] [IMG] Lebanese |  | 9 photos
[06:27:27]        [1] https://content.jdmagicbox.com/comp/kannur/q2/9999px497.x497.181103164105.u9q2/catalogue/l...
[06:27:27]        [2] https://images.jdmagicbox.com/comp/kannur/q2/9999px497.x497.181103164105.u9q2/catalogue/le...
[06:27:27]        [3] https://images.jdmagicbox.com/comp/kannur/q2/9999px497.x497.181103164105.u9q2/catalogue/le...
[06:27:28]   [2] [IMG] American Fried Chicken Pilathara | +(91)-8714759722 | 4 photos
[06:27:28]        [1] https://content.jdmagicbox.com/comp/kannur/g4/9999px497.x497.221019124021.h2g4/catalogue/a...
[06:27:28]        [2] https://images.jdmagicbox.com/comp/kannur/g4/9999px497.x497.221019124021.h2g4/catalogue/am...
[06:27:28]        [3] https://images.jdmagicbox.com/comp/kannur/g4/9999px497.x497.221019124021.h2g4/catalogue/am...
[06:27:28]   [3] [IMG] Nks Chicken |  | 6 photos
[06:27:28]        [1] https://content.jdmagicbox.com/comp/kannur/k3/9999px497.x497.191212134539.x7k3/catalogue/n...
[06:27:28]        [2] https://images.jdmagicbox.com/comp/kannur/k3/9999px497.x497.191212134539.x7k3/catalogue/nk...
[06:27:28]        [3] https://images.jdmagicbox.com/comp/kannur/k3/9999px497.x497.191212134539.x7k3/catalogue/nk...
[06:27:29]   [4] [IMG] Jubilee Restaurant | +(91)-9526366382 | 2 photos
[06:27:29]        [1] https://content.jdmagicbox.com/comp/def_content/buffet-restaurants/buffet-restaurants7-buf...
[06:27:29]        [2] https://images.jdmagicbox.com/comp/def_content/buffet-restaurants/buffet-restaurants7-buff...
[06:27:29]   [5] [IMG] RAK | +(91)-6235101101 | 9 photos
[06:27:29]        [1] https://content.jdmagicbox.com/comp/kasaragod/g9/9999p4994.4994.210127203131.f2g9/catalogu...
[06:27:29]        [2] https://images.jdmagicbox.com/comp/kasaragod/g9/9999p4994.4994.210127203131.f2g9/catalogue...
[06:27:29]        [3] https://images.jdmagicbox.com/comp/kasaragod/g9/9999p4994.4994.210127203131.f2g9/catalogue...
[06:27:30]   [6] [IMG] Chikeys | +(91)-8606131123 | 9 photos
[06:27:30]        [1] https://content.jdmagicbox.com/comp/kozhikode/y3/0495px495.x495.190525032936.x5y3/catalogu...
[06:27:30]        [2] https://images.jdmagicbox.com/comp/kozhikode/y3/0495px495.x495.190525032936.x5y3/catalogue...
[06:27:30]        [3] https://images.jdmagicbox.com/comp/kozhikode/y3/0495px495.x495.190525032936.x5y3/catalogue...
[06:27:30]   [7] [IMG] Chicking Fried Chicken | +(91)-7736067817 | 9 photos
[06:27:30]        [1] https://content.jdmagicbox.com/comp/def_content_category/chicking-fried-chicken/chicking-f...
[06:27:30]        [2] https://images.jdmagicbox.com/comp/def_content_category/chicking-fried-chicken/chicking-fr...
[06:27:30]        [3] https://images.jdmagicbox.com/comp/def_content_category/chicking-fried-chicken-11985242-mz...
[06:27:31]   [8] [IMG] MFC Fried & Arabic | +(91)-8075029408 | 9 photos
[06:27:31]        [1] https://content.jdmagicbox.com/comp/kasaragod/f1/9999p4994.4994.171009202643.v4f1/catalogu...
[06:27:31]        [2] https://images.jdmagicbox.com/comp/kasaragod/f1/9999p4994.4994.171009202643.v4f1/catalogue...
[06:27:31]        [3] https://images.jdmagicbox.com/comp/kasaragod/f1/9999p4994.4994.171009202643.v4f1/catalogue...
[06:27:31]   [9] [IMG] Oryx Village | +(91)-8488918253 | 9 photos
[06:27:31]        [1] https://content.jdmagicbox.com/comp/kasaragod/d5/9999p4994.4994.180609125522.s4d5/catalogu...
[06:27:31]        [2] https://images.jdmagicbox.com/comp/kasaragod/d5/9999p4994.4994.180609125522.s4d5/catalogue...
[06:27:31]        [3] https://images.jdmagicbox.com/comp/kasaragod/d5/9999p4994.4994.180609125522.s4d5/catalogue...
[06:27:32]   [10] [IMG] AFC | +(91)-7012677537 | 5 photos
[06:27:32]        [1] https://content.jdmagicbox.com/comp/kozhikode/l5/0495px495.x495.211203141452.z3l5/catalogu...
[06:27:32]        [2] https://images.jdmagicbox.com/comp/kozhikode/l5/0495px495.x495.211203141452.z3l5/catalogue...
[06:27:32]        [3] https://images.jdmagicbox.com/comp/kozhikode/l5/0495px495.x495.211203141452.z3l5/catalogue...
[06:27:34]   Scraping page 4 (got 10 results)...
[06:27:34]   Checking page 5 for the next batch...
[06:27:34]   [1] [IMG] Golden Dine Family Restaurant | +(91)-9567302261 | 8 photos
[06:27:34]        [1] https://content.jdmagicbox.com/comp/kasaragod/e3/9999p4994.4994.181212142924.v8e3/catalogu...
[06:27:34]        [2] https://images.jdmagicbox.com/comp/kasaragod/e3/9999p4994.4994.181212142924.v8e3/catalogue...
[06:27:34]        [3] https://images.jdmagicbox.com/comp/kasaragod/e3/9999p4994.4994.181212142924.v8e3/catalogue...
[06:27:34]   [2] [IMG] Max Food | +(91)-9483340844 | 9 photos
[06:27:34]        [1] https://content.jdmagicbox.com/v2/comp/coorg/b2/9999p8272.8272.240715141211.c2b2/catalogue...
[06:27:34]        [2] https://images.jdmagicbox.com/v2/comp/coorg/b2/9999p8272.8272.240715141211.c2b2/catalogue/...
[06:27:34]        [3] https://images.jdmagicbox.com/v2/comp/coorg/b2/9999p8272.8272.240715141211.c2b2/catalogue/...
[06:27:35]   [3] [IMG] MADADA SOLUTION PVT LTD | +(91)-7221001003 | 9 photos
[06:27:35]        [1] https://content.jdmagicbox.com/comp/kozhikode/j2/0495px495.x495.230103175828.d9j2/catalogu...
[06:27:35]        [2] https://images.jdmagicbox.com/comp/kozhikode/j2/0495px495.x495.230103175828.d9j2/catalogue...
[06:27:35]        [3] https://images.jdmagicbox.com/comp/kozhikode/j2/0495px495.x495.230103175828.d9j2/catalogue...
[06:27:36]   [4] [IMG] Casaro Cafe | +(91)-9744772677 | 5 photos
[06:27:36]        [1] https://content.jdmagicbox.com/comp/kasaragod/v7/9999p4994.4994.220615225521.k2v7/catalogu...
[06:27:36]        [2] https://images.jdmagicbox.com/comp/kasaragod/v7/9999p4994.4994.220615225521.k2v7/catalogue...
[06:27:36]        [3] https://images.jdmagicbox.com/comp/kasaragod/v7/9999p4994.4994.220615225521.k2v7/catalogue...
[06:27:36]   [5] [IMG] Shawaya House Restaurant | +(91)-9539058080 | 9 photos
[06:27:36]        [1] https://content.jdmagicbox.com/comp/wayanad/m3/9999p4936.4936.230912223231.a8m3/catalogue/...
[06:27:36]        [2] https://images.jdmagicbox.com/comp/wayanad/m3/9999p4936.4936.230912223231.a8m3/catalogue/s...
[06:27:36]        [3] https://images.jdmagicbox.com/comp/wayanad/m3/9999p4936.4936.230912223231.a8m3/catalogue/s...
[06:27:37]   [6] [IMG] Quality Restaurant and Bakes | +(91)-9207300666 | 9 photos
[06:27:37]        [1] https://content.jdmagicbox.com/comp/kasaragod/r7/9999p4994.4994.170426102508.c8r7/catalogu...
[06:27:37]        [2] https://images.jdmagicbox.com/comp/kasaragod/r7/9999p4994.4994.170426102508.c8r7/catalogue...
[06:27:37]        [3] https://images.jdmagicbox.com/comp/bekal/r7/9999p4994.4994.170426102508.c8r7/catalogue/qua...
[06:27:38]   [7] [IMG] CFC Canadian Fried Chicken | +(91)-8123223715 | 5 photos
[06:27:38]        [1] https://content.jdmagicbox.com/comp/coorg/b9/9999p8272.8272.221217154654.x6b9/catalogue/-a...
[06:27:38]        [2] https://images.jdmagicbox.com/comp/coorg/b9/9999p8272.8272.221217154654.x6b9/catalogue/-a1...
[06:27:38]        [3] https://images.jdmagicbox.com/comp/coorg/b9/9999p8272.8272.221217154654.x6b9/catalogue/-ed...
[06:27:39]   [8] [IMG] Coffee Bare | +(91)-9656003252 | 9 photos
[06:27:39]        [1] https://content.jdmagicbox.com/comp/kasaragod/g9/9999p4994.4994.171211225040.i9g9/catalogu...
[06:27:39]        [2] https://images.jdmagicbox.com/comp/kasaragod/g9/9999p4994.4994.171211225040.i9g9/catalogue...
[06:27:39]        [3] https://images.jdmagicbox.com/comp/kasaragod/x3/pwfl1513010940g5d5x3/catalogue/coffee-bare...
[06:27:39]   [9] [IMG] Gama Kitchen | +(91)-8086310000 | 9 photos
[06:27:39]        [1] https://content.jdmagicbox.com/comp/kozhikode/s5/0495px495.x495.190810180742.q5s5/catalogu...
[06:27:39]        [2] https://images.jdmagicbox.com/comp/kozhikode/s5/0495px495.x495.190810180742.q5s5/catalogue...
[06:27:39]        [3] https://images.jdmagicbox.com/comp/kozhikode/s5/0495px495.x495.190810180742.q5s5/catalogue...
[06:27:40]   [10] [IMG] Sullias Eating Spot | +(91)-8142607082 | 5 photos
[06:27:40]        [1] https://content.jdmagicbox.com/comp/mangalore/v5/0824px824.x824.230106212525.l3v5/catalogu...
[06:27:40]        [2] https://images.jdmagicbox.com/comp/mangalore/v5/0824px824.x824.230106212525.l3v5/catalogue...
[06:27:40]        [3] https://images.jdmagicbox.com/comp/mangalore/v5/0824px824.x824.230106212525.l3v5/catalogue...
[06:27:43]   Scraping page 5 (got 10 results)...
[06:27:43]   Checking page 6 for the next batch...
[06:27:43]   [1] [IMG] Kuruva Family Restaurant | +(91)-8921536987 | 9 photos
[06:27:43]        [1] https://content.jdmagicbox.com/comp/wayanad/c1/9999p4936.4936.191203162722.c9c1/catalogue/...
[06:27:43]        [2] https://images.jdmagicbox.com/comp/wayanad/c1/9999p4936.4936.191203162722.c9c1/catalogue/k...
[06:27:43]        [3] https://images.jdmagicbox.com/comp/wayanad/c1/9999p4936.4936.191203162722.c9c1/catalogue/k...
[06:27:44]   [2] [IMG] LSJ CHICKEN | +(91)-9037911212 | 9 photos
[06:27:44]        [1] https://content.jdmagicbox.com/comp/kozhikode/d5/0495px495.x495.240325111357.y2d5/catalogu...
[06:27:44]        [2] https://images.jdmagicbox.com/comp/kozhikode/d5/0495px495.x495.240325111357.y2d5/catalogue...
[06:27:44]        [3] https://images.jdmagicbox.com/v2/comp/kozhikode/d5/0495px495.x495.240325111357.y2d5/catalo...
[06:27:44]   [3] [IMG] Fry Ville | +(91)-7994089339 | 8 photos
[06:27:44]        [1] https://content.jdmagicbox.com/comp/kozhikode/r5/0495px495.x495.240426193218.v8r5/catalogu...
[06:27:44]        [2] https://images.jdmagicbox.com/comp/kozhikode/r5/0495px495.x495.240426193218.v8r5/catalogue...
[06:27:44]        [3] https://images.jdmagicbox.com/v2/comp/kozhikode/r5/0495px495.x495.240426193218.v8r5/catalo...
[06:27:45]   [4] [IMG] Kadav Cafe | +(91)-7902791347 | 9 photos
[06:27:45]        [1] https://content.jdmagicbox.com/comp/wayanad/k8/9999p4936.4936.210505154047.l1k8/catalogue/...
[06:27:45]        [2] https://images.jdmagicbox.com/comp/wayanad/k8/9999p4936.4936.210505154047.l1k8/catalogue/p...
[06:27:45]        [3] https://images.jdmagicbox.com/comp/wayanad/k8/9999p4936.4936.210505154047.l1k8/catalogue/p...
[06:27:45]   [5] [IMG] AM 2 PM | +(91)-8281221562 | 9 photos
[06:27:45]        [1] https://content.jdmagicbox.com/comp/kozhikode/a1/0495px495.x495.210825115336.v6a1/catalogu...
[06:27:45]        [2] https://images.jdmagicbox.com/comp/kozhikode/a1/0495px495.x495.210825115336.v6a1/catalogue...
[06:27:45]        [3] https://images.jdmagicbox.com/comp/kozhikode/a1/0495px495.x495.210825115336.v6a1/catalogue...
[06:27:46]   [6] [IMG] Biryani house | +(91)-7025966937 | 9 photos
[06:27:46]        [1] https://content.jdmagicbox.com/comp/kasaragod/g9/9999p4994.4994.190817061424.b9g9/catalogu...
[06:27:46]        [2] https://images.jdmagicbox.com/comp/kasaragod/g9/9999p4994.4994.190817061424.b9g9/catalogue...
[06:27:46]        [3] https://images.jdmagicbox.com/comp/kasaragod/g9/9999p4994.4994.190817061424.b9g9/catalogue...
[06:27:46]   [7] [IMG] Vitamin Bbq Corner Family Restaurant & Tourist Restaurant | +(91)-8593909067 | 9 photos
[06:27:46]        [1] https://content.jdmagicbox.com/comp/kozhikode/q7/0495px495.x495.200205224512.v2q7/catalogu...
[06:27:46]        [2] https://images.jdmagicbox.com/comp/kozhikode/q7/0495px495.x495.200205224512.v2q7/catalogue...
[06:27:46]        [3] https://images.jdmagicbox.com/comp/kozhikode/q7/0495px495.x495.200205224512.v2q7/catalogue...
[06:27:47]   [8] [IMG] Clock Tower Restaurant | +(91)-7947190542 | 9 photos
[06:27:47]        [1] https://content.jdmagicbox.com/comp/kozhikode/i7/0495px495.x495.211016160058.h8i7/catalogu...
[06:27:47]        [2] https://images.jdmagicbox.com/comp/kozhikode/i7/0495px495.x495.211016160058.h8i7/catalogue...
[06:27:47]        [3] https://images.jdmagicbox.com/comp/kozhikode/i7/0495px495.x495.211016160058.h8i7/catalogue...
[06:27:47]   [9] [IMG] Clock Tower Restaurant | +(91)-8401686359 | 9 photos
[06:27:47]        [1] https://content.jdmagicbox.com/comp/kozhikode/i1/0495px495.x495.210415170354.s8i1/catalogu...
[06:27:47]        [2] https://images.jdmagicbox.com/comp/kozhikode/i1/0495px495.x495.210415170354.s8i1/catalogue...
[06:27:47]        [3] https://images.jdmagicbox.com/comp/kozhikode/i1/0495px495.x495.210415170354.s8i1/catalogue...
[06:27:48]   [10] [IMG] Umami eats | +(91)-7994527434 | 5 photos
[06:27:48]        [1] https://content.jdmagicbox.com/comp/kozhikode/q5/0495px495.x495.181107095251.z7q5/catalogu...
[06:27:48]        [2] https://images.jdmagicbox.com/comp/kozhikode/q5/0495px495.x495.181107095251.z7q5/catalogue...
[06:27:48]        [3] https://images.jdmagicbox.com/comp/kozhikode/q5/0495px495.x495.181107095251.z7q5/catalogue...
[06:27:52] 
==========================================
[06:27:52] [*] Scraping target 25/40: Pilathara
[06:27:52] ==========================================
[06:27:53] ? Found 50 total Fried Chicken Delivery Restaurants in Pilathara.
[06:27:53]   Scraping page 1 (got 10 results)...
[06:27:53]   Checking page 2 for the next batch...
[06:27:53]   [1] [IMG] Wimbies Restaurant And Fried Chicken | +(91)-9895868789 | 7 photos
[06:27:53]        [1] https://content.jdmagicbox.com/comp/kannur/u9/9999px497.x497.170607163909.z1u9/catalogue/w...
[06:27:53]        [2] https://images.jdmagicbox.com/comp/kannur/u9/9999px497.x497.170607163909.z1u9/catalogue/wi...
[06:27:53]        [3] https://images.jdmagicbox.com/comp/kannur/u9/9999px497.x497.170607163909.z1u9/catalogue/wi...
[06:27:53]   [2] [IMG] Saudi Shawaya | +(91)-7559877770 | 9 photos
[06:27:53]        [1] https://content.jdmagicbox.com/v2/comp/kannur/k6/9999px497.x497.230910001638.x2k6/catalogu...
[06:27:53]        [2] https://images.jdmagicbox.com/v2/comp/kannur/k6/9999px497.x497.230910001638.x2k6/catalogue...
[06:27:53]        [3] https://images.jdmagicbox.com/v2/comp/kannur/k6/9999px497.x497.230910001638.x2k6/catalogue...
[06:27:54]   [3] [IMG] Cabane Bambou | +(91)-9895091750 | 9 photos
[06:27:54]        [1] https://content.jdmagicbox.com/comp/kannur/s2/9999px497.x497.181226103424.u3s2/catalogue/c...
[06:27:54]        [2] https://images.jdmagicbox.com/comp/kannur/s2/9999px497.x497.181226103424.u3s2/catalogue/ca...
[06:27:54]        [3] https://images.jdmagicbox.com/comp/kannur/s2/9999px497.x497.181226103424.u3s2/catalogue/ca...
[06:27:54]   [4] [IMG] Kfc Iritty |  | 2 photos
[06:27:54]        [1] https://content.jdmagicbox.com/comp/def_content/fried-chicken-restaurants/vd1nmtvmgu-fried...
[06:27:54]        [2] https://images.jdmagicbox.com/comp/def_content/fried-chicken-restaurants/vd1nmtvmgu-fried-...
[06:27:55]   [5] [IMG] Zoya Fried Chicken | +(91)-7025820603 | 2 photos
[06:27:55]        [1] https://content.jdmagicbox.com/comp/def_content/fried-chicken-restaurants/vd1nmtvmgu-fried...
[06:27:55]        [2] https://images.jdmagicbox.com/comp/def_content/fried-chicken-restaurants/vd1nmtvmgu-fried-...
[06:27:55]   [6] [IMG] Chikeys | +(91)-9895131123 | 9 photos
[06:27:55]        [1] https://content.jdmagicbox.com/comp/def_content_category/chikeys/121050718-333489939663650...
[06:27:55]        [2] https://images.jdmagicbox.com/comp/def_content_category/chikeys/121050718-3334899396636500...
[06:27:55]        [3] https://images.jdmagicbox.com/comp/def_content_category/chikeys/86689044-2704886126304500-...
[06:27:56]   [7] [IMG] Afc - Kannavam | +(91)-8943916757 | 8 photos
[06:27:56]        [1] https://content.jdmagicbox.com/v2/comp/kannur/i4/9999px497.x497.230223191622.n3i4/catalogu...
[06:27:56]        [2] https://images.jdmagicbox.com/v2/comp/kannur/i4/9999px497.x497.230223191622.n3i4/catalogue...
[06:27:56]        [3] https://images.jdmagicbox.com/v2/comp/kannur/i4/9999px497.x497.230223191622.n3i4/catalogue...
[06:27:57]   [8] [IMG] Takos Restaurant | +(91)-7779033328 | 9 photos
[06:27:57]        [1] https://content.jdmagicbox.com/comp/kannur/k9/9999px497.x497.221007150034.d8k9/catalogue/-...
[06:27:57]        [2] https://images.jdmagicbox.com/comp/kannur/k9/9999px497.x497.221007150034.d8k9/catalogue/-r...
[06:27:57]        [3] https://images.jdmagicbox.com/comp/kannur/k9/9999px497.x497.221007150034.d8k9/catalogue/-y...
[06:27:57]   [9] [IMG] Afc Kelakam | +(91)-7902878078 | 9 photos
[06:27:57]        [1] https://content.jdmagicbox.com/comp/kannur/h7/9999px497.x497.230606160119.w5h7/catalogue/a...
[06:27:57]        [2] https://images.jdmagicbox.com/comp/kannur/h7/9999px497.x497.230606160119.w5h7/catalogue/af...
[06:27:57]        [3] https://images.jdmagicbox.com/comp/kannur/h7/9999px497.x497.230606160119.w5h7/catalogue/af...
[06:27:58]   [10] [IMG] Bake House Yummy Fried Chicken Panoor | +(91)-7736359770 | 2 photos
[06:27:58]        [1] https://content.jdmagicbox.com/v2/comp/kannur/v6/9999px497.x497.251124183737.s5v6/catalogu...
[06:27:58]        [2] https://images.jdmagicbox.com/v2/comp/kannur/v6/9999px497.x497.251124183737.s5v6/catalogue...
[06:28:00]   Scraping page 2 (got 10 results)...
[06:28:00]   Checking page 3 for the next batch...
[06:28:00]   [1] [IMG] EL AFC | +(91)-9207185066 | 6 photos
[06:28:00]        [1] https://content.jdmagicbox.com/comp/kannur/g7/9999px497.x497.230906205452.q4g7/catalogue/5...
[06:28:00]        [2] https://images.jdmagicbox.com/comp/kannur/g7/9999px497.x497.230906205452.q4g7/catalogue/5j...
[06:28:00]        [3] https://images.jdmagicbox.com/comp/kannur/g7/9999px497.x497.230906205452.q4g7/catalogue/ei...
[06:28:00]   [2] [IMG] Nakshathra Gold and Diamonds Kannur | +(91)-9846890916 | 2 photos
[06:28:00]        [1] https://content.jdmagicbox.com/comp/def_content/jewellery_showrooms/default-jewellery-show...
[06:28:00]        [2] https://images.jdmagicbox.com/comp/def_content/jewellery_showrooms/default-jewellery-showr...
[06:28:01]   [3] [IMG] Oma'S Restaurant |  | 2 photos
[06:28:01]        [1] https://content.jdmagicbox.com/comp/def_content/restaurants/default-restaurants-7.jpg...
[06:28:01]        [2] https://images.jdmagicbox.com/comp/def_content/restaurants/default-restaurants-7.jpg...
[06:28:01]   [4] [IMG] Thai Natural Spa and Wellness Centre | +(91)-8460515967 | 3 photos
[06:28:01]        [1] https://content.jdmagicbox.com/v2/comp/kannur/u7/9999px497.x497.260214171338.n3u7/catalogu...
[06:28:01]        [2] https://images.jdmagicbox.com/v2/comp/kannur/u7/9999px497.x497.260214171338.n3u7/catalogue...
[06:28:01]        [3] https://images.jdmagicbox.com/comp/def_content_category/ashiatsu-massage-centres/360-f-346...
[06:28:02]   [5] [IMG] Raravies family restaurant | +(91)-8156839494 | 7 photos
[06:28:02]        [1] https://content.jdmagicbox.com/comp/kannur/e2/9999px497.x497.180816191220.y5e2/catalogue/r...
[06:28:02]        [2] https://images.jdmagicbox.com/comp/kannur/e2/9999px497.x497.180816191220.y5e2/catalogue/ra...
[06:28:02]        [3] https://images.jdmagicbox.com/comp/kannur/e2/9999px497.x497.180816191220.y5e2/catalogue/ra...
[06:28:02]   [6] [IMG] Kalco Fish And Meat Stall |  | 2 photos
[06:28:02]        [1] https://content.jdmagicbox.com/comp/def_content/aquariums/default-aquariums-6.jpg...
[06:28:02]        [2] https://images.jdmagicbox.com/comp/def_content/aquariums/default-aquariums-6.jpg...
[06:28:03]   [7] [IMG] Grand Pearl Restaurant |  | 2 photos
[06:28:03]        [1] https://content.jdmagicbox.com/v2/comp/kannur/e4/9999px497.x497.260425042731.e9e4/catalogu...
[06:28:03]        [2] https://images.jdmagicbox.com/v2/comp/kannur/e4/9999px497.x497.260425042731.e9e4/catalogue...
[06:28:03]   [8] [IMG] Vismaya Water And Amusement Park | +(91)-9048506041 | 9 photos
[06:28:03]        [1] https://content.jdmagicbox.com/comp/kannur/dc/9999px497.x497.1223963646m1v1i2.dc/catalogue...
[06:28:03]        [2] https://images.jdmagicbox.com/comp/kannur/dc/9999px497.x497.1223963646m1v1i2.dc/catalogue/...
[06:28:03]        [3] https://images.jdmagicbox.com/comp/kannur/dc/9999px497.x497.1223963646m1v1i2.dc/catalogue/...
[06:28:04]   [9] [IMG] Chickey'S |  | 2 photos
[06:28:04]        [1] https://content.jdmagicbox.com/comp/def_content/poultry-farms/37351100481-71ef7cc033-k-pou...
[06:28:04]        [2] https://images.jdmagicbox.com/comp/def_content/poultry-farms/37351100481-71ef7cc033-k-poul...
[06:28:04]   [10] [IMG] Brothers Annapurna Pure Veg Restaurant | +(91)-8078472429 | 2 photos
[06:28:04]        [1] https://content.jdmagicbox.com/v2/comp/kannur/p2/9999px497.x497.260409202659.u1p2/catalogu...
[06:28:04]        [2] https://images.jdmagicbox.com/v2/comp/kannur/p2/9999px497.x497.260409202659.u1p2/catalogue...
[06:28:06]   Scraping page 3 (got 10 results)...
[06:28:06]   Checking page 4 for the next batch...
[06:28:06]   [1] [IMG] BARKA RESTAURANT | +(91)-8714218399 | 9 photos
[06:28:06]        [1] https://content.jdmagicbox.com/comp/kannur/d4/9999px497.x497.230420141210.i3d4/catalogue/b...
[06:28:06]        [2] https://images.jdmagicbox.com/comp/kannur/d4/9999px497.x497.230420141210.i3d4/catalogue/ba...
[06:28:06]        [3] https://images.jdmagicbox.com/comp/kannur/d4/9999px497.x497.230420141210.i3d4/catalogue/yj...
[06:28:07]   [2] [IMG] Omas Restaurant | +(91)-9526051554 | 9 photos
[06:28:07]        [1] https://content.jdmagicbox.com/comp/kannur/c1/9999px497.x497.180906200230.m5c1/catalogue/o...
[06:28:07]        [2] https://images.jdmagicbox.com/comp/kannur/c1/9999px497.x497.180906200230.m5c1/catalogue/om...
[06:28:07]        [3] https://images.jdmagicbox.com/comp/kannur/c1/9999px497.x497.180906200230.m5c1/catalogue/om...
[06:28:07]   [3] [IMG] Al Rayyan Perfumes And Oils |  | 8 photos
[06:28:07]        [1] https://content.jdmagicbox.com/v2/comp/kannur/w6/9999px497.x497.260426044400.h9w6/catalogu...
[06:28:07]        [2] https://images.jdmagicbox.com/v2/comp/kannur/w6/9999px497.x497.260426044400.h9w6/catalogue...
[06:28:07]        [3] https://images.jdmagicbox.com/v2/comp/kannur/w6/9999px497.x497.260426044400.h9w6/catalogue...
[06:28:08]   [4] [IMG] MVK travellers Restaurant | +(91)-9207788994 | 9 photos
[06:28:08]        [1] https://content.jdmagicbox.com/comp/kannur/w6/9999px497.x497.190418220905.a1w6/catalogue/m...
[06:28:08]        [2] https://images.jdmagicbox.com/comp/kannur/w6/9999px497.x497.190418220905.a1w6/catalogue/mv...
[06:28:08]        [3] https://images.jdmagicbox.com/comp/kannur/w6/9999px497.x497.190418220905.a1w6/catalogue/mv...
[06:28:08]   [5] [IMG] M R A Restaurant | +(91)-6235062350 | 9 photos
[06:28:08]        [1] https://content.jdmagicbox.com/v2/comp/taliparamba/r9/9999px497.x497.220621231033.d2r9/cat...
[06:28:08]        [2] https://images.jdmagicbox.com/v2/comp/taliparamba/r9/9999px497.x497.220621231033.d2r9/cata...
[06:28:08]        [3] https://images.jdmagicbox.com/v2/comp/taliparamba/r9/9999px497.x497.220621231033.d2r9/cata...
[06:28:09]   [6] [IMG] Pent Restaurant |  | 2 photos
[06:28:09]        [1] https://content.jdmagicbox.com/comp/def_content/indian-restaurants/indian-restaurants8-ind...
[06:28:09]        [2] https://images.jdmagicbox.com/comp/def_content/indian-restaurants/indian-restaurants8-indi...
[06:28:09]   [7] [IMG] Raandhal Restaurant | +(91)-8891191919 | 9 photos
[06:28:09]        [1] https://content.jdmagicbox.com/comp/kannur/e3/9999px497.x497.130621200037.y1e3/catalogue/r...
[06:28:09]        [2] https://images.jdmagicbox.com/comp/kannur/e3/9999px497.x497.130621200037.y1e3/catalogue/ra...
[06:28:09]        [3] https://images.jdmagicbox.com/comp/kannur/e3/9999px497.x497.130621200037.y1e3/catalogue/ra...
[06:28:10]   [8] [IMG] IMAGE MOBILES & COMPUTERS | +(91)-9778619020 | 9 photos
[06:28:10]        [1] https://content.jdmagicbox.com/v2/comp/kannur/g3/9999px497.x497.220118155459.d6g3/catalogu...
[06:28:10]        [2] https://images.jdmagicbox.com/v2/comp/kannur/g3/9999px497.x497.220118155459.d6g3/catalogue...
[06:28:10]        [3] https://images.jdmagicbox.com/comp/kannur/g3/9999px497.x497.220118155459.d6g3/catalogue/im...
[06:28:10]   [9] [IMG] Pariyaram Medical College and Hospital | +(91)-8390704041 | 9 photos
[06:28:10]        [1] https://content.jdmagicbox.com/comp/kannur/b8/9999px497.x497.130607162951.i4b8/catalogue/p...
[06:28:10]        [2] https://images.jdmagicbox.com/comp/kannur/b8/9999px497.x497.130607162951.i4b8/catalogue/pa...
[06:28:10]        [3] https://images.jdmagicbox.com/v2/comp/kannur/b8/9999px497.x497.130607162951.i4b8/catalogue...
[06:28:11]   [10] [IMG] Sreeni'S Fruits And Nuts | +(91)-9961736230 | 2 photos
[06:28:11]        [1] https://content.jdmagicbox.com/comp/def_content/dry_fruit_retailers/default-dry-fruit-reta...
[06:28:11]        [2] https://images.jdmagicbox.com/comp/def_content/dry_fruit_retailers/default-dry-fruit-retai...
[06:28:14]   Scraping page 4 (got 10 results)...
[06:28:14]   Checking page 5 for the next batch...
[06:28:14]   [1] [IMG] Zumurud Restaurant |  | 2 photos
[06:28:14]        [1] https://content.jdmagicbox.com/comp/def_content/restaurants/default-restaurants-11.jpg...
[06:28:14]        [2] https://images.jdmagicbox.com/comp/def_content/restaurants/default-restaurants-11.jpg...
[06:28:14]   [2] [IMG] Chaithanya Urology Centre & Hospital | +(91)-9495248388 | 9 photos
[06:28:14]        [1] https://content.jdmagicbox.com/comp/kannur/r9/9999px497.x497.180829175228.r6r9/catalogue/c...
[06:28:14]        [2] https://images.jdmagicbox.com/comp/kannur/r9/9999px497.x497.180829175228.r6r9/catalogue/ch...
[06:28:14]        [3] https://images.jdmagicbox.com/comp/kannur/r9/9999px497.x497.180829175228.r6r9/catalogue/ch...
[06:28:15]   [3] [IMG] Dr. Thaj Laser Skin and Hair Clinic | +(91)-8401135538 | 9 photos
[06:28:15]        [1] https://content.jdmagicbox.com/v2/comp/kannur/z9/9999px497.x497.180108151739.e8z9/catalogu...
[06:28:15]        [2] https://images.jdmagicbox.com/v2/comp/kannur/z9/9999px497.x497.180108151739.e8z9/catalogue...
[06:28:15]        [3] https://images.jdmagicbox.com/v2/comp/kannur/z9/9999px497.x497.180108151739.e8z9/catalogue...
[06:28:15]   [4] [IMG] Ejones Opticals And Eye Clinic | +(91)-9980918770 | 9 photos
[06:28:15]        [1] https://content.jdmagicbox.com/v2/comp/kannur/m8/9999px497.x497.250712173225.d4m8/catalogu...
[06:28:15]        [2] https://images.jdmagicbox.com/v2/comp/kannur/m8/9999px497.x497.250712173225.d4m8/catalogue...
[06:28:15]        [3] https://images.jdmagicbox.com/v2/comp/kannur/m8/9999px497.x497.250712173225.d4m8/catalogue...
[06:28:16]   [5] [IMG] Steak House Restaurant | +(91)-8281729999 | 9 photos
[06:28:16]        [1] https://content.jdmagicbox.com/comp/kannur/h7/9999px497.x497.170404142735.z9h7/catalogue/s...
[06:28:16]        [2] https://images.jdmagicbox.com/comp/kannur/h7/9999px497.x497.170404142735.z9h7/catalogue/st...
[06:28:16]        [3] https://images.jdmagicbox.com/comp/kannur/h7/9999px497.x497.170404142735.z9h7/catalogue/st...
[06:28:16]   [6] [IMG] Namass Ayurvedic Wellness and Spa | +(91)-9972579557 | 5 photos
[06:28:16]        [1] https://content.jdmagicbox.com/v2/comp/kannur/a3/9999px497.x497.251029155952.n6a3/catalogu...
[06:28:16]        [2] https://images.jdmagicbox.com/v2/comp/kannur/a3/9999px497.x497.251029155952.n6a3/catalogue...
[06:28:16]        [3] https://images.jdmagicbox.com/v2/comp/kannur/a3/9999px497.x497.251029155952.n6a3/catalogue...
[06:28:17]   [7] [IMG] Kitchens Family Restaurant | +(91)-8156902825 | 9 photos
[06:28:17]        [1] https://content.jdmagicbox.com/comp/kannur/w3/9999px497.x497.170929184632.g7w3/catalogue/k...
[06:28:17]        [2] https://images.jdmagicbox.com/comp/kannur/w3/9999px497.x497.170929184632.g7w3/catalogue/ki...
[06:28:17]        [3] https://images.jdmagicbox.com/comp/kannur/w3/9999px497.x497.170929184632.g7w3/catalogue/ki...
[06:28:17]   [8] [IMG] Citapani Fried Chicken | +(91)-8089540342 | 9 photos
[06:28:17]        [1] https://content.jdmagicbox.com/comp/kannur/g6/9999px497.x497.220722223404.u6g6/catalogue/c...
[06:28:17]        [2] https://images.jdmagicbox.com/comp/kannur/g6/9999px497.x497.220722223404.u6g6/catalogue/ci...
[06:28:17]        [3] https://images.jdmagicbox.com/comp/kannur/g6/9999px497.x497.220722223404.u6g6/catalogue/ci...
[06:28:18]   [9] [IMG] Omas Restaurant Mambaram |  | 9 photos
[06:28:18]        [1] https://content.jdmagicbox.com/v2/comp/kannur/h1/9999px497.x497.241025023541.c8h1/catalogu...
[06:28:18]        [2] https://images.jdmagicbox.com/v2/comp/kannur/h1/9999px497.x497.241025023541.c8h1/catalogue...
[06:28:18]        [3] https://images.jdmagicbox.com/v2/comp/kannur/h1/9999px497.x497.241025023541.c8h1/catalogue...
[06:28:18]   [10] [IMG] Crown Skincare and Body Care | +(91)-8606367325 | 8 photos
[06:28:18]        [1] https://content.jdmagicbox.com/v2/comp/kannur/q4/9999px497.x497.251103132425.d4q4/catalogu...
[06:28:18]        [2] https://images.jdmagicbox.com/v2/comp/kannur/q4/9999px497.x497.251103132425.d4q4/catalogue...
[06:28:18]        [3] https://images.jdmagicbox.com/v2/comp/kannur/q4/9999px497.x497.251103132425.d4q4/catalogue...
[06:28:21]   Scraping page 5 (got 10 results)...
[06:28:21]   No more pages found (END OF RESULTS).
[06:28:21]   [1] [IMG] Mra Restaurant And Bakery | +(91)-6235062350 | 6 photos
[06:28:21]        [1] https://content.jdmagicbox.com/comp/taliparamba/r5/9999px497.x497.220920224507.w4r5/catalo...
[06:28:21]        [2] https://images.jdmagicbox.com/comp/taliparamba/r5/9999px497.x497.220920224507.w4r5/catalog...
[06:28:21]        [3] https://images.jdmagicbox.com/comp/kannur/r5/9999px497.x497.220920224507.w4r5/catalogue/mr...
[06:28:21]   [2] [IMG] Vedha Ayurvedic Massage Center And Spa | +(91)-8128582865 | 9 photos
[06:28:21]        [1] https://content.jdmagicbox.com/v2/comp/kannur/b7/9999px497.x497.250118184944.r8b7/catalogu...
[06:28:21]        [2] https://images.jdmagicbox.com/v2/comp/kannur/b7/9999px497.x497.250118184944.r8b7/catalogue...
[06:28:21]        [3] https://images.jdmagicbox.com/v2/comp/kannur/b7/9999px497.x497.250118184944.r8b7/catalogue...
[06:28:22]   [3] [IMG] Rooster Fried & Grill | +(91)-8113001100 | 9 photos
[06:28:22]        [1] https://content.jdmagicbox.com/comp/kannur/v3/9999px497.x497.190517204357.c5v3/catalogue/r...
[06:28:22]        [2] https://images.jdmagicbox.com/comp/kannur/v3/9999px497.x497.190517204357.c5v3/catalogue/ro...
[06:28:22]        [3] https://images.jdmagicbox.com/comp/kannur/v3/9999px497.x497.190517204357.c5v3/catalogue/ro...
[06:28:22]   [4] [IMG] Omars Inn Restaurant | +(91)-8714421903 | 9 photos
[06:28:22]        [1] https://content.jdmagicbox.com/v2/comp/kannur/n7/9999px497.x497.191026173615.y3n7/catalogu...
[06:28:22]        [2] https://images.jdmagicbox.com/v2/comp/kannur/n7/9999px497.x497.191026173615.y3n7/catalogue...
[06:28:22]        [3] https://images.jdmagicbox.com/comp/kannur/n7/9999px497.x497.191026173615.y3n7/catalogue/om...
[06:28:23]   [5] [IMG] Go Kite Travels and Tours LLP | +(91)-9035085721 | 5 photos
[06:28:23]        [1] https://content.jdmagicbox.com/v2/comp/kannur/p6/9999px497.x497.250704154649.q9p6/catalogu...
[06:28:23]        [2] https://images.jdmagicbox.com/v2/comp/kannur/p6/9999px497.x497.250704154649.q9p6/catalogue...
[06:28:23]        [3] https://images.jdmagicbox.com/v2/comp/kannur/p6/9999px497.x497.250704154649.q9p6/catalogue...
[06:28:23]   [6] [IMG] Mvk Ghatway Restaurant | +(91)-7902278100 | 9 photos
[06:28:23]        [1] https://content.jdmagicbox.com/v2/comp/kannur/j1/9999px497.x497.250226202136.g6j1/catalogu...
[06:28:23]        [2] https://images.jdmagicbox.com/v2/comp/kannur/j1/9999px497.x497.250226202136.g6j1/catalogue...
[06:28:23]        [3] https://images.jdmagicbox.com/v2/comp/kannur/j1/9999px497.x497.250226202136.g6j1/catalogue...
[06:28:24]   [7] [IMG] Bodhis Luxe Salon Andspa | +(91)-8111888135 | 9 photos
[06:28:24]        [1] https://content.jdmagicbox.com/comp/kannur/m9/9999px497.x497.230727135834.s4m9/catalogue/t...
[06:28:24]        [2] https://images.jdmagicbox.com/comp/kannur/m9/9999px497.x497.230727135834.s4m9/catalogue/tr...
[06:28:24]        [3] https://images.jdmagicbox.com/comp/kannur/m9/9999px497.x497.230727135834.s4m9/catalogue/j4...
[06:28:24]   [8] [IMG] Barka Restaurant | +(91)-8559944999 | 9 photos
[06:28:24]        [1] https://content.jdmagicbox.com/comp/kannur/s8/9999px497.x497.220129220617.v2s8/catalogue/b...
[06:28:24]        [2] https://images.jdmagicbox.com/comp/kannur/s8/9999px497.x497.220129220617.v2s8/catalogue/ba...
[06:28:24]        [3] https://images.jdmagicbox.com/comp/kannur/s8/9999px497.x497.220129220617.v2s8/catalogue/ba...
[06:28:25]   [9] [IMG] Mehfil Restaurant | +(91)-9526100113 | 9 photos
[06:28:25]        [1] https://content.jdmagicbox.com/v2/comp/kannur/k2/9999px497.x497.250806130706.b3k2/catalogu...
[06:28:25]        [2] https://images.jdmagicbox.com/v2/comp/kannur/k2/9999px497.x497.250806130706.b3k2/catalogue...
[06:28:25]        [3] https://images.jdmagicbox.com/v2/comp/kannur/k2/9999px497.x497.250806130706.b3k2/catalogue...
[06:28:25]   [10] [IMG] Urban Tasty Restaurant | +(91)-8714354007 | 2 photos
[06:28:25]        [1] https://content.jdmagicbox.com/comp/def_content/restaurants/default-restaurants-8.jpg...
[06:28:25]        [2] https://images.jdmagicbox.com/comp/def_content/restaurants/default-restaurants-8.jpg...
[06:28:26]   Reached last page for this target.
[06:28:28] 
==========================================
[06:28:28] [*] Scraping target 26/40: Mayyil
[06:28:28] ==========================================
[06:28:29] ? Found 100 total Fried Chicken Delivery Restaurants in Mayyil.
[06:28:29]   Scraping page 1 (got 10 results)...
[06:28:29]   Checking page 2 for the next batch...
[06:28:29]   [1] [IMG] WESTBURG DARMASHALA | +(91)-7411790657 | 7 photos
[06:28:29]        [1] https://content.jdmagicbox.com/v2/comp/kannur/z9/9999px497.x497.250712160334.d1z9/catalogu...
[06:28:29]        [2] https://images.jdmagicbox.com/v2/comp/kannur/z9/9999px497.x497.250712160334.d1z9/catalogue...
[06:28:29]        [3] https://images.jdmagicbox.com/v2/comp/kannur/z9/9999px497.x497.250712160334.d1z9/catalogue...
[06:28:29]   [2] [IMG] Chikeys | +(91)-9895131123 | 9 photos
[06:28:29]        [1] https://content.jdmagicbox.com/comp/def_content_category/chikeys/121050718-333489939663650...
[06:28:29]        [2] https://images.jdmagicbox.com/comp/def_content_category/chikeys/121050718-3334899396636500...
[06:28:29]        [3] https://images.jdmagicbox.com/comp/def_content_category/chikeys/86689044-2704886126304500-...
[06:28:30]   [3] [IMG] Wimbies Restaurant And Fried Chicken | +(91)-9895868789 | 7 photos
[06:28:30]        [1] https://content.jdmagicbox.com/comp/kannur/u9/9999px497.x497.170607163909.z1u9/catalogue/w...
[06:28:30]        [2] https://images.jdmagicbox.com/comp/kannur/u9/9999px497.x497.170607163909.z1u9/catalogue/wi...
[06:28:30]        [3] https://images.jdmagicbox.com/comp/kannur/u9/9999px497.x497.170607163909.z1u9/catalogue/wi...
[06:28:30]   [4] [IMG] Rooster Fried & Grill | +(91)-8113001100 | 9 photos
[06:28:30]        [1] https://content.jdmagicbox.com/comp/kannur/v3/9999px497.x497.190517204357.c5v3/catalogue/r...
[06:28:30]        [2] https://images.jdmagicbox.com/comp/kannur/v3/9999px497.x497.190517204357.c5v3/catalogue/ro...
[06:28:30]        [3] https://images.jdmagicbox.com/comp/kannur/v3/9999px497.x497.190517204357.c5v3/catalogue/ro...
[06:28:31]   [5] [IMG] Vkp S Cafe | +(91)-6235555112 | 9 photos
[06:28:31]        [1] https://content.jdmagicbox.com/v2/comp/kannur/u7/9999px497.x497.200107121359.c2u7/catalogu...
[06:28:31]        [2] https://images.jdmagicbox.com/v2/comp/kannur/u7/9999px497.x497.200107121359.c2u7/catalogue...
[06:28:31]        [3] https://images.jdmagicbox.com/v2/comp/kannur/u7/9999px497.x497.200107121359.c2u7/catalogue...
[06:28:31]   [6] [IMG] Jesna Lunch Room | +(91)-9605683147 | 7 photos
[06:28:31]        [1] https://content.jdmagicbox.com/comp/kannur/f2/9999px497.x497.190220121951.z4f2/catalogue/j...
[06:28:31]        [2] https://images.jdmagicbox.com/comp/kannur/f2/9999px497.x497.190220121951.z4f2/catalogue/je...
[06:28:31]        [3] https://images.jdmagicbox.com/comp/kannur/f2/9999px497.x497.190220121951.z4f2/catalogue/je...
[06:28:32]   [7] [IMG] COCO CABANE CAFE | +(91)-8590090726 | 9 photos
[06:28:32]        [1] https://content.jdmagicbox.com/comp/kannur/t6/9999px497.x497.220728192535.f5t6/catalogue/c...
[06:28:32]        [2] https://images.jdmagicbox.com/comp/kannur/t6/9999px497.x497.220728192535.f5t6/catalogue/co...
[06:28:32]        [3] https://images.jdmagicbox.com/comp/kannur/t6/9999px497.x497.220728192535.f5t6/catalogue/co...
[06:28:32]   [8] [IMG] Hfc Fried Chicken | +(91)-7902898916 | 9 photos
[06:28:32]        [1] https://content.jdmagicbox.com/comp/kannur/y5/9999px497.x497.230328181354.g1y5/catalogue/h...
[06:28:32]        [2] https://images.jdmagicbox.com/comp/kannur/y5/9999px497.x497.230328181354.g1y5/catalogue/hf...
[06:28:32]        [3] https://images.jdmagicbox.com/v2/comp/kannur/y5/9999px497.x497.230328181354.g1y5/catalogue...
[06:28:33]   [9] [IMG] Hotel Green Park | +(91)-9447850097 | 9 photos
[06:28:33]        [1] https://content.jdmagicbox.com/comp/kannur/n5/9999px497.x497.171001155450.e6n5/catalogue/h...
[06:28:33]        [2] https://images.jdmagicbox.com/comp/kannur/n5/9999px497.x497.171001155450.e6n5/catalogue/ho...
[06:28:33]        [3] https://images.jdmagicbox.com/v2/comp/kannur/n5/9999px497.x497.171001155450.e6n5/catalogue...
[06:28:33]   [10] [IMG] Afc American Fried Chicken Restaurant | +(91)-7373162111 | 9 photos
[06:28:33]        [1] https://content.jdmagicbox.com/comp/kannur/j3/9999px497.x497.220421184400.b5j3/catalogue/a...
[06:28:33]        [2] https://images.jdmagicbox.com/comp/kannur/j3/9999px497.x497.220421184400.b5j3/catalogue/af...
[06:28:33]        [3] https://images.jdmagicbox.com/comp/kannur/j3/9999px497.x497.220421184400.b5j3/catalogue/af...
[06:28:35]   Scraping page 2 (got 10 results)...
[06:28:35]   Checking page 3 for the next batch...
[06:28:35]   [1] [IMG] The Indian Express Superfast Restaurant | +(91)-8301009050 | 9 photos
[06:28:35]        [1] https://content.jdmagicbox.com/comp/kannur/e5/9999px497.x497.200106181231.h5e5/catalogue/t...
[06:28:35]        [2] https://images.jdmagicbox.com/comp/kannur/e5/9999px497.x497.200106181231.h5e5/catalogue/th...
[06:28:35]        [3] https://images.jdmagicbox.com/comp/kannur/e5/9999px497.x497.200106181231.h5e5/catalogue/th...
[06:28:36]   [2] [IMG] Go Ggrll Chokli | +(91)-9747217717 | 9 photos
[06:28:36]        [1] https://content.jdmagicbox.com/v2/comp/kannur/f8/9999px497.x497.230224144441.a3f8/catalogu...
[06:28:36]        [2] https://images.jdmagicbox.com/v2/comp/kannur/f8/9999px497.x497.230224144441.a3f8/catalogue...
[06:28:36]        [3] https://images.jdmagicbox.com/v2/comp/kannur/f8/9999px497.x497.230224144441.a3f8/catalogue...
[06:28:36]   [3] [IMG] Arabian Grill | +(91)-9544400048 | 9 photos
[06:28:36]        [1] https://content.jdmagicbox.com/comp/kannur/y4/9999px497.x497.170926210343.p8y4/catalogue/a...
[06:28:36]        [2] https://images.jdmagicbox.com/comp/kannur/y4/9999px497.x497.170926210343.p8y4/catalogue/ar...
[06:28:36]        [3] https://images.jdmagicbox.com/comp/kannur/y4/9999px497.x497.170926210343.p8y4/catalogue/ar...
[06:28:37]   [4] [IMG] Hotel New Delhi | +(91)-9744866841 | 4 photos
[06:28:37]        [1] https://content.jdmagicbox.com/comp/def_content_category/south-indian-restaurants/new-dish...
[06:28:37]        [2] https://images.jdmagicbox.com/comp/def_content_category/south-indian-restaurants/new-dish-...
[06:28:37]        [3] https://images.jdmagicbox.com/comp/def_content_category/south-indian-restaurants/new-dish-...
[06:28:37]   [5] [IMG] American Fried Chicken Pilathara | +(91)-8714759722 | 4 photos
[06:28:37]        [1] https://content.jdmagicbox.com/comp/kannur/g4/9999px497.x497.221019124021.h2g4/catalogue/a...
[06:28:37]        [2] https://images.jdmagicbox.com/comp/kannur/g4/9999px497.x497.221019124021.h2g4/catalogue/am...
[06:28:37]        [3] https://images.jdmagicbox.com/comp/kannur/g4/9999px497.x497.221019124021.h2g4/catalogue/am...
[06:28:38]   [6] [IMG] Chilly Hut | +(91)-8330057833 | 9 photos
[06:28:38]        [1] https://content.jdmagicbox.com/comp/kannur/b1/9999px497.x497.210226155456.l3b1/catalogue/c...
[06:28:38]        [2] https://images.jdmagicbox.com/comp/kannur/b1/9999px497.x497.210226155456.l3b1/catalogue/ch...
[06:28:38]        [3] https://images.jdmagicbox.com/v2/comp/kannur/b1/9999px497.x497.210226155456.l3b1/catalogue...
[06:28:38]   [7] [IMG] Chicking Fried Chicken (Kannur Mall) | +(91)-9744480000 | 9 photos
[06:28:38]        [1] https://content.jdmagicbox.com/comp/def_content_category/chicking-fried-chicken-11985242-m...
[06:28:38]        [2] https://images.jdmagicbox.com/comp/def_content_category/chicking-fried-chicken-11985242-mz...
[06:28:38]        [3] https://images.jdmagicbox.com/comp/def_content_category/chicking-fried-chicken/chicking-fr...
[06:28:39]   [8] [IMG] BURNO FRIED | +(91)-9961480764 | 6 photos
[06:28:39]        [1] https://content.jdmagicbox.com/v2/comp/kannur/h2/9999px497.x497.250809213421.y6h2/catalogu...
[06:28:39]        [2] https://images.jdmagicbox.com/v2/comp/kannur/h2/9999px497.x497.250809213421.y6h2/catalogue...
[06:28:39]        [3] https://images.jdmagicbox.com/v2/comp/kannur/h2/9999px497.x497.250809213421.y6h2/catalogue...
[06:28:39]   [9] [IMG] TFC TURKISH FRIED CHICKEN CHAKKARAKKAL | +(91)-8301867300 | 9 photos
[06:28:39]        [1] https://content.jdmagicbox.com/comp/kannur/n6/9999px497.x497.240121190829.e4n6/catalogue/t...
[06:28:39]        [2] https://images.jdmagicbox.com/comp/kannur/n6/9999px497.x497.240121190829.e4n6/catalogue/tf...
[06:28:39]        [3] https://images.jdmagicbox.com/comp/kannur/n6/9999px497.x497.240121190829.e4n6/catalogue/tf...
[06:28:40]   [10] [IMG] Volga Chef | +(91)-7907722050 | 9 photos
[06:28:40]        [1] https://content.jdmagicbox.com/comp/kannur/e6/9999px497.x497.220210163401.x2e6/catalogue/-...
[06:28:40]        [2] https://images.jdmagicbox.com/comp/kannur/e6/9999px497.x497.220210163401.x2e6/catalogue/-h...
[06:28:40]        [3] https://images.jdmagicbox.com/comp/kannur/e6/9999px497.x497.220210163401.x2e6/catalogue/-2...
[06:28:42]   Scraping page 3 (got 10 results)...
[06:28:42]   Checking page 4 for the next batch...
[06:28:42]   [1] [IMG] American Fried Chicken | +(91)-7592044544 | 7 photos
[06:28:42]        [1] https://content.jdmagicbox.com/comp/kannur/h5/9999px497.x497.220107164349.v8h5/catalogue/-...
[06:28:42]        [2] https://images.jdmagicbox.com/comp/kannur/h5/9999px497.x497.220107164349.v8h5/catalogue/-v...
[06:28:42]        [3] https://images.jdmagicbox.com/comp/kannur/h5/9999px497.x497.220107164349.v8h5/catalogue/-a...
[06:28:43]   [2] [IMG] Nks Chicken |  | 6 photos
[06:28:43]        [1] https://content.jdmagicbox.com/comp/kannur/k3/9999px497.x497.191212134539.x7k3/catalogue/n...
[06:28:43]        [2] https://images.jdmagicbox.com/comp/kannur/k3/9999px497.x497.191212134539.x7k3/catalogue/nk...
[06:28:43]        [3] https://images.jdmagicbox.com/comp/kannur/k3/9999px497.x497.191212134539.x7k3/catalogue/nk...
[06:28:43]   [3] [IMG] Jubilee Restaurant | +(91)-9526366382 | 2 photos
[06:28:43]        [1] https://content.jdmagicbox.com/comp/def_content/buffet-restaurants/buffet-restaurants7-buf...
[06:28:43]        [2] https://images.jdmagicbox.com/comp/def_content/buffet-restaurants/buffet-restaurants7-buff...
[06:28:44]   [4] [IMG] Lebanese |  | 9 photos
[06:28:44]        [1] https://content.jdmagicbox.com/comp/kannur/q2/9999px497.x497.181103164105.u9q2/catalogue/l...
[06:28:44]        [2] https://images.jdmagicbox.com/comp/kannur/q2/9999px497.x497.181103164105.u9q2/catalogue/le...
[06:28:44]        [3] https://images.jdmagicbox.com/comp/kannur/q2/9999px497.x497.181103164105.u9q2/catalogue/le...
[06:28:44]   [5] [IMG] RAK | +(91)-6235101101 | 9 photos
[06:28:44]        [1] https://content.jdmagicbox.com/comp/kasaragod/g9/9999p4994.4994.210127203131.f2g9/catalogu...
[06:28:44]        [2] https://images.jdmagicbox.com/comp/kasaragod/g9/9999p4994.4994.210127203131.f2g9/catalogue...
[06:28:44]        [3] https://images.jdmagicbox.com/comp/kasaragod/g9/9999p4994.4994.210127203131.f2g9/catalogue...
[06:28:45]   [6] [IMG] Chikeys | +(91)-8606131123 | 9 photos
[06:28:45]        [1] https://content.jdmagicbox.com/comp/kozhikode/y3/0495px495.x495.190525032936.x5y3/catalogu...
[06:28:45]        [2] https://images.jdmagicbox.com/comp/kozhikode/y3/0495px495.x495.190525032936.x5y3/catalogue...
[06:28:45]        [3] https://images.jdmagicbox.com/comp/kozhikode/y3/0495px495.x495.190525032936.x5y3/catalogue...
[06:28:45]   [7] [IMG] Chicking Fried Chicken | +(91)-7736067817 | 9 photos
[06:28:45]        [1] https://content.jdmagicbox.com/comp/def_content_category/chicking-fried-chicken/chicking-f...
[06:28:45]        [2] https://images.jdmagicbox.com/comp/def_content_category/chicking-fried-chicken/chicking-fr...
[06:28:45]        [3] https://images.jdmagicbox.com/comp/def_content_category/chicking-fried-chicken-11985242-mz...
[06:28:46]   [8] [IMG] MFC Fried & Arabic | +(91)-8075029408 | 9 photos
[06:28:46]        [1] https://content.jdmagicbox.com/comp/kasaragod/f1/9999p4994.4994.171009202643.v4f1/catalogu...
[06:28:46]        [2] https://images.jdmagicbox.com/comp/kasaragod/f1/9999p4994.4994.171009202643.v4f1/catalogue...
[06:28:46]        [3] https://images.jdmagicbox.com/comp/kasaragod/f1/9999p4994.4994.171009202643.v4f1/catalogue...
[06:28:46]   [9] [IMG] Oryx Village | +(91)-8488918253 | 9 photos
[06:28:46]        [1] https://content.jdmagicbox.com/comp/kasaragod/d5/9999p4994.4994.180609125522.s4d5/catalogu...
[06:28:46]        [2] https://images.jdmagicbox.com/comp/kasaragod/d5/9999p4994.4994.180609125522.s4d5/catalogue...
[06:28:46]        [3] https://images.jdmagicbox.com/comp/kasaragod/d5/9999p4994.4994.180609125522.s4d5/catalogue...
[06:28:47]   [10] [IMG] AFC | +(91)-7012677537 | 5 photos
[06:28:47]        [1] https://content.jdmagicbox.com/comp/kozhikode/l5/0495px495.x495.211203141452.z3l5/catalogu...
[06:28:47]        [2] https://images.jdmagicbox.com/comp/kozhikode/l5/0495px495.x495.211203141452.z3l5/catalogue...
[06:28:47]        [3] https://images.jdmagicbox.com/comp/kozhikode/l5/0495px495.x495.211203141452.z3l5/catalogue...
[06:28:49]   Scraping page 4 (got 10 results)...
[06:28:49]   Checking page 5 for the next batch...
[06:28:49]   [1] [IMG] Golden Dine Family Restaurant | +(91)-9567302261 | 8 photos
[06:28:49]        [1] https://content.jdmagicbox.com/comp/kasaragod/e3/9999p4994.4994.181212142924.v8e3/catalogu...
[06:28:49]        [2] https://images.jdmagicbox.com/comp/kasaragod/e3/9999p4994.4994.181212142924.v8e3/catalogue...
[06:28:49]        [3] https://images.jdmagicbox.com/comp/kasaragod/e3/9999p4994.4994.181212142924.v8e3/catalogue...
[06:28:49]   [2] [IMG] Max Food | +(91)-9483340844 | 9 photos
[06:28:49]        [1] https://content.jdmagicbox.com/v2/comp/coorg/b2/9999p8272.8272.240715141211.c2b2/catalogue...
[06:28:49]        [2] https://images.jdmagicbox.com/v2/comp/coorg/b2/9999p8272.8272.240715141211.c2b2/catalogue/...
[06:28:49]        [3] https://images.jdmagicbox.com/v2/comp/coorg/b2/9999p8272.8272.240715141211.c2b2/catalogue/...
[06:28:50]   [3] [IMG] MADADA SOLUTION PVT LTD | +(91)-7221001003 | 9 photos
[06:28:50]        [1] https://content.jdmagicbox.com/comp/kozhikode/j2/0495px495.x495.230103175828.d9j2/catalogu...
[06:28:50]        [2] https://images.jdmagicbox.com/comp/kozhikode/j2/0495px495.x495.230103175828.d9j2/catalogue...
[06:28:50]        [3] https://images.jdmagicbox.com/comp/kozhikode/j2/0495px495.x495.230103175828.d9j2/catalogue...
[06:28:50]   [4] [IMG] Casaro Cafe | +(91)-9744772677 | 5 photos
[06:28:50]        [1] https://content.jdmagicbox.com/comp/kasaragod/v7/9999p4994.4994.220615225521.k2v7/catalogu...
[06:28:50]        [2] https://images.jdmagicbox.com/comp/kasaragod/v7/9999p4994.4994.220615225521.k2v7/catalogue...
[06:28:50]        [3] https://images.jdmagicbox.com/comp/kasaragod/v7/9999p4994.4994.220615225521.k2v7/catalogue...
[06:28:51]   [5] [IMG] Shawaya House Restaurant | +(91)-9539058080 | 9 photos
[06:28:51]        [1] https://content.jdmagicbox.com/comp/wayanad/m3/9999p4936.4936.230912223231.a8m3/catalogue/...
[06:28:51]        [2] https://images.jdmagicbox.com/comp/wayanad/m3/9999p4936.4936.230912223231.a8m3/catalogue/s...
[06:28:51]        [3] https://images.jdmagicbox.com/comp/wayanad/m3/9999p4936.4936.230912223231.a8m3/catalogue/s...
[06:28:51]   [6] [IMG] Quality Restaurant and Bakes | +(91)-9207300666 | 9 photos
[06:28:51]        [1] https://content.jdmagicbox.com/comp/kasaragod/r7/9999p4994.4994.170426102508.c8r7/catalogu...
[06:28:51]        [2] https://images.jdmagicbox.com/comp/kasaragod/r7/9999p4994.4994.170426102508.c8r7/catalogue...
[06:28:51]        [3] https://images.jdmagicbox.com/comp/bekal/r7/9999p4994.4994.170426102508.c8r7/catalogue/qua...
[06:28:52]   [7] [IMG] CFC Canadian Fried Chicken | +(91)-8123223715 | 5 photos
[06:28:52]        [1] https://content.jdmagicbox.com/comp/coorg/b9/9999p8272.8272.221217154654.x6b9/catalogue/-a...
[06:28:52]        [2] https://images.jdmagicbox.com/comp/coorg/b9/9999p8272.8272.221217154654.x6b9/catalogue/-a1...
[06:28:52]        [3] https://images.jdmagicbox.com/comp/coorg/b9/9999p8272.8272.221217154654.x6b9/catalogue/-ed...
[06:28:52]   [8] [IMG] Coffee Bare | +(91)-9656003252 | 9 photos
[06:28:52]        [1] https://content.jdmagicbox.com/comp/kasaragod/g9/9999p4994.4994.171211225040.i9g9/catalogu...
[06:28:52]        [2] https://images.jdmagicbox.com/comp/kasaragod/g9/9999p4994.4994.171211225040.i9g9/catalogue...
[06:28:52]        [3] https://images.jdmagicbox.com/comp/kasaragod/x3/pwfl1513010940g5d5x3/catalogue/coffee-bare...
[06:28:53]   [9] [IMG] Gama Kitchen | +(91)-8086310000 | 9 photos
[06:28:53]        [1] https://content.jdmagicbox.com/comp/kozhikode/s5/0495px495.x495.190810180742.q5s5/catalogu...
[06:28:53]        [2] https://images.jdmagicbox.com/comp/kozhikode/s5/0495px495.x495.190810180742.q5s5/catalogue...
[06:28:53]        [3] https://images.jdmagicbox.com/comp/kozhikode/s5/0495px495.x495.190810180742.q5s5/catalogue...
[06:28:53]   [10] [IMG] Sullias Eating Spot | +(91)-8142607082 | 5 photos
[06:28:53]        [1] https://content.jdmagicbox.com/comp/mangalore/v5/0824px824.x824.230106212525.l3v5/catalogu...
[06:28:53]        [2] https://images.jdmagicbox.com/comp/mangalore/v5/0824px824.x824.230106212525.l3v5/catalogue...
[06:28:53]        [3] https://images.jdmagicbox.com/comp/mangalore/v5/0824px824.x824.230106212525.l3v5/catalogue...
[06:28:56]   Scraping page 5 (got 10 results)...
[06:28:56]   Checking page 6 for the next batch...
[06:28:56]   [1] [IMG] Kuruva Family Restaurant | +(91)-8921536987 | 9 photos
[06:28:56]        [1] https://content.jdmagicbox.com/comp/wayanad/c1/9999p4936.4936.191203162722.c9c1/catalogue/...
[06:28:56]        [2] https://images.jdmagicbox.com/comp/wayanad/c1/9999p4936.4936.191203162722.c9c1/catalogue/k...
[06:28:56]        [3] https://images.jdmagicbox.com/comp/wayanad/c1/9999p4936.4936.191203162722.c9c1/catalogue/k...
[06:28:56]   [2] [IMG] LSJ CHICKEN | +(91)-9037911212 | 9 photos
[06:28:56]        [1] https://content.jdmagicbox.com/comp/kozhikode/d5/0495px495.x495.240325111357.y2d5/catalogu...
[06:28:56]        [2] https://images.jdmagicbox.com/comp/kozhikode/d5/0495px495.x495.240325111357.y2d5/catalogue...
[06:28:56]        [3] https://images.jdmagicbox.com/v2/comp/kozhikode/d5/0495px495.x495.240325111357.y2d5/catalo...
[06:28:57]   [3] [IMG] Fry Ville | +(91)-7994089339 | 8 photos
[06:28:57]        [1] https://content.jdmagicbox.com/comp/kozhikode/r5/0495px495.x495.240426193218.v8r5/catalogu...
[06:28:57]        [2] https://images.jdmagicbox.com/comp/kozhikode/r5/0495px495.x495.240426193218.v8r5/catalogue...
[06:28:57]        [3] https://images.jdmagicbox.com/v2/comp/kozhikode/r5/0495px495.x495.240426193218.v8r5/catalo...
[06:28:57]   [4] [IMG] Kadav Cafe | +(91)-7902791347 | 9 photos
[06:28:57]        [1] https://content.jdmagicbox.com/comp/wayanad/k8/9999p4936.4936.210505154047.l1k8/catalogue/...
[06:28:57]        [2] https://images.jdmagicbox.com/comp/wayanad/k8/9999p4936.4936.210505154047.l1k8/catalogue/p...
[06:28:57]        [3] https://images.jdmagicbox.com/comp/wayanad/k8/9999p4936.4936.210505154047.l1k8/catalogue/p...
[06:28:58]   [5] [IMG] AM 2 PM | +(91)-8281221562 | 9 photos
[06:28:58]        [1] https://content.jdmagicbox.com/comp/kozhikode/a1/0495px495.x495.210825115336.v6a1/catalogu...
[06:28:58]        [2] https://images.jdmagicbox.com/comp/kozhikode/a1/0495px495.x495.210825115336.v6a1/catalogue...
[06:28:58]        [3] https://images.jdmagicbox.com/comp/kozhikode/a1/0495px495.x495.210825115336.v6a1/catalogue...
[06:28:58]   [6] [IMG] Biryani house | +(91)-7025966937 | 9 photos
[06:28:58]        [1] https://content.jdmagicbox.com/comp/kasaragod/g9/9999p4994.4994.190817061424.b9g9/catalogu...
[06:28:58]        [2] https://images.jdmagicbox.com/comp/kasaragod/g9/9999p4994.4994.190817061424.b9g9/catalogue...
[06:28:58]        [3] https://images.jdmagicbox.com/comp/kasaragod/g9/9999p4994.4994.190817061424.b9g9/catalogue...
[06:28:59]   [7] [IMG] Vitamin Bbq Corner Family Restaurant & Tourist Restaurant | +(91)-8593909067 | 9 photos
[06:28:59]        [1] https://content.jdmagicbox.com/comp/kozhikode/q7/0495px495.x495.200205224512.v2q7/catalogu...
[06:28:59]        [2] https://images.jdmagicbox.com/comp/kozhikode/q7/0495px495.x495.200205224512.v2q7/catalogue...
[06:28:59]        [3] https://images.jdmagicbox.com/comp/kozhikode/q7/0495px495.x495.200205224512.v2q7/catalogue...
[06:28:59]   [8] [IMG] Clock Tower Restaurant | +(91)-7947190542 | 9 photos
[06:28:59]        [1] https://content.jdmagicbox.com/comp/kozhikode/i7/0495px495.x495.211016160058.h8i7/catalogu...
[06:28:59]        [2] https://images.jdmagicbox.com/comp/kozhikode/i7/0495px495.x495.211016160058.h8i7/catalogue...
[06:28:59]        [3] https://images.jdmagicbox.com/comp/kozhikode/i7/0495px495.x495.211016160058.h8i7/catalogue...
[06:29:00]   [9] [IMG] Clock Tower Restaurant | +(91)-8401686359 | 9 photos
[06:29:00]        [1] https://content.jdmagicbox.com/comp/kozhikode/i1/0495px495.x495.210415170354.s8i1/catalogu...
[06:29:00]        [2] https://images.jdmagicbox.com/comp/kozhikode/i1/0495px495.x495.210415170354.s8i1/catalogue...
[06:29:00]        [3] https://images.jdmagicbox.com/comp/kozhikode/i1/0495px495.x495.210415170354.s8i1/catalogue...
[06:29:00]   [10] [IMG] Umami eats | +(91)-7994527434 | 5 photos
[06:29:00]        [1] https://content.jdmagicbox.com/comp/kozhikode/q5/0495px495.x495.181107095251.z7q5/catalogu...
[06:29:00]        [2] https://images.jdmagicbox.com/comp/kozhikode/q5/0495px495.x495.181107095251.z7q5/catalogue...
[06:29:00]        [3] https://images.jdmagicbox.com/comp/kozhikode/q5/0495px495.x495.181107095251.z7q5/catalogue...
[06:29:03] 
==========================================
[06:29:03] [*] Scraping target 27/40: Anjarakandy
[06:29:03] ==========================================
[06:29:03] ? Found 100 total Fried Chicken Delivery Restaurants in Anjarakandy.
[06:29:03]   Scraping page 1 (got 10 results)...
[06:29:03]   Checking page 2 for the next batch...
[06:29:03]   [1] [IMG] WESTBURG DARMASHALA | +(91)-7411790657 | 7 photos
[06:29:03]        [1] https://content.jdmagicbox.com/v2/comp/kannur/z9/9999px497.x497.250712160334.d1z9/catalogu...
[06:29:03]        [2] https://images.jdmagicbox.com/v2/comp/kannur/z9/9999px497.x497.250712160334.d1z9/catalogue...
[06:29:03]        [3] https://images.jdmagicbox.com/v2/comp/kannur/z9/9999px497.x497.250712160334.d1z9/catalogue...
[06:29:04]   [2] [IMG] Rooster Fried & Grill | +(91)-8113001100 | 9 photos
[06:29:04]        [1] https://content.jdmagicbox.com/comp/kannur/v3/9999px497.x497.190517204357.c5v3/catalogue/r...
[06:29:04]        [2] https://images.jdmagicbox.com/comp/kannur/v3/9999px497.x497.190517204357.c5v3/catalogue/ro...
[06:29:04]        [3] https://images.jdmagicbox.com/comp/kannur/v3/9999px497.x497.190517204357.c5v3/catalogue/ro...
[06:29:04]   [3] [IMG] Chikeys | +(91)-9895131123 | 9 photos
[06:29:04]        [1] https://content.jdmagicbox.com/comp/def_content_category/chikeys/121050718-333489939663650...
[06:29:04]        [2] https://images.jdmagicbox.com/comp/def_content_category/chikeys/121050718-3334899396636500...
[06:29:04]        [3] https://images.jdmagicbox.com/comp/def_content_category/chikeys/86689044-2704886126304500-...
[06:29:05]   [4] [IMG] TFC TURKISH FRIED CHICKEN CHAKKARAKKAL | +(91)-8301867300 | 9 photos
[06:29:05]        [1] https://content.jdmagicbox.com/comp/kannur/n6/9999px497.x497.240121190829.e4n6/catalogue/t...
[06:29:05]        [2] https://images.jdmagicbox.com/comp/kannur/n6/9999px497.x497.240121190829.e4n6/catalogue/tf...
[06:29:05]        [3] https://images.jdmagicbox.com/comp/kannur/n6/9999px497.x497.240121190829.e4n6/catalogue/tf...
[06:29:06]   [5] [IMG] Hfc Fried Chicken | +(91)-7902898916 | 9 photos
[06:29:06]        [1] https://content.jdmagicbox.com/comp/kannur/y5/9999px497.x497.230328181354.g1y5/catalogue/h...
[06:29:06]        [2] https://images.jdmagicbox.com/comp/kannur/y5/9999px497.x497.230328181354.g1y5/catalogue/hf...
[06:29:06]        [3] https://images.jdmagicbox.com/v2/comp/kannur/y5/9999px497.x497.230328181354.g1y5/catalogue...
[06:29:06]   [6] [IMG] Hotel Green Park | +(91)-9447850097 | 9 photos
[06:29:06]        [1] https://content.jdmagicbox.com/comp/kannur/n5/9999px497.x497.171001155450.e6n5/catalogue/h...
[06:29:06]        [2] https://images.jdmagicbox.com/comp/kannur/n5/9999px497.x497.171001155450.e6n5/catalogue/ho...
[06:29:06]        [3] https://images.jdmagicbox.com/v2/comp/kannur/n5/9999px497.x497.171001155450.e6n5/catalogue...
[06:29:07]   [7] [IMG] Jesna Lunch Room | +(91)-9605683147 | 7 photos
[06:29:07]        [1] https://content.jdmagicbox.com/comp/kannur/f2/9999px497.x497.190220121951.z4f2/catalogue/j...
[06:29:07]        [2] https://images.jdmagicbox.com/comp/kannur/f2/9999px497.x497.190220121951.z4f2/catalogue/je...
[06:29:07]        [3] https://images.jdmagicbox.com/comp/kannur/f2/9999px497.x497.190220121951.z4f2/catalogue/je...
[06:29:07]   [8] [IMG] Wimbies Restaurant And Fried Chicken | +(91)-9895868789 | 7 photos
[06:29:07]        [1] https://content.jdmagicbox.com/comp/kannur/u9/9999px497.x497.170607163909.z1u9/catalogue/w...
[06:29:07]        [2] https://images.jdmagicbox.com/comp/kannur/u9/9999px497.x497.170607163909.z1u9/catalogue/wi...
[06:29:07]        [3] https://images.jdmagicbox.com/comp/kannur/u9/9999px497.x497.170607163909.z1u9/catalogue/wi...
[06:29:08]   [9] [IMG] Vkp S Cafe | +(91)-6235555112 | 9 photos
[06:29:08]        [1] https://content.jdmagicbox.com/v2/comp/kannur/u7/9999px497.x497.200107121359.c2u7/catalogu...
[06:29:08]        [2] https://images.jdmagicbox.com/v2/comp/kannur/u7/9999px497.x497.200107121359.c2u7/catalogue...
[06:29:08]        [3] https://images.jdmagicbox.com/v2/comp/kannur/u7/9999px497.x497.200107121359.c2u7/catalogue...
[06:29:08]   [10] [IMG] Arabian Grill | +(91)-9544400048 | 9 photos
[06:29:08]        [1] https://content.jdmagicbox.com/comp/kannur/y4/9999px497.x497.170926210343.p8y4/catalogue/a...
[06:29:08]        [2] https://images.jdmagicbox.com/comp/kannur/y4/9999px497.x497.170926210343.p8y4/catalogue/ar...
[06:29:08]        [3] https://images.jdmagicbox.com/comp/kannur/y4/9999px497.x497.170926210343.p8y4/catalogue/ar...
[06:29:10]   Scraping page 2 (got 10 results)...
[06:29:10]   Checking page 3 for the next batch...
[06:29:10]   [1] [IMG] Afc American Fried Chicken Restaurant | +(91)-7373162111 | 9 photos
[06:29:10]        [1] https://content.jdmagicbox.com/comp/kannur/j3/9999px497.x497.220421184400.b5j3/catalogue/a...
[06:29:10]        [2] https://images.jdmagicbox.com/comp/kannur/j3/9999px497.x497.220421184400.b5j3/catalogue/af...
[06:29:10]        [3] https://images.jdmagicbox.com/comp/kannur/j3/9999px497.x497.220421184400.b5j3/catalogue/af...
[06:29:10]   [2] [IMG] Go Ggrll Chokli | +(91)-9747217717 | 9 photos
[06:29:10]        [1] https://content.jdmagicbox.com/v2/comp/kannur/f8/9999px497.x497.230224144441.a3f8/catalogu...
[06:29:10]        [2] https://images.jdmagicbox.com/v2/comp/kannur/f8/9999px497.x497.230224144441.a3f8/catalogue...
[06:29:10]        [3] https://images.jdmagicbox.com/v2/comp/kannur/f8/9999px497.x497.230224144441.a3f8/catalogue...
[06:29:11]   [3] [IMG] COCO CABANE CAFE | +(91)-8590090726 | 9 photos
[06:29:11]        [1] https://content.jdmagicbox.com/comp/kannur/t6/9999px497.x497.220728192535.f5t6/catalogue/c...
[06:29:11]        [2] https://images.jdmagicbox.com/comp/kannur/t6/9999px497.x497.220728192535.f5t6/catalogue/co...
[06:29:11]        [3] https://images.jdmagicbox.com/comp/kannur/t6/9999px497.x497.220728192535.f5t6/catalogue/co...
[06:29:11]   [4] [IMG] The Indian Express Superfast Restaurant | +(91)-8301009050 | 9 photos
[06:29:11]        [1] https://content.jdmagicbox.com/comp/kannur/e5/9999px497.x497.200106181231.h5e5/catalogue/t...
[06:29:11]        [2] https://images.jdmagicbox.com/comp/kannur/e5/9999px497.x497.200106181231.h5e5/catalogue/th...
[06:29:11]        [3] https://images.jdmagicbox.com/comp/kannur/e5/9999px497.x497.200106181231.h5e5/catalogue/th...
[06:29:12]   [5] [IMG] Chilly Hut | +(91)-8330057833 | 9 photos
[06:29:12]        [1] https://content.jdmagicbox.com/comp/kannur/b1/9999px497.x497.210226155456.l3b1/catalogue/c...
[06:29:12]        [2] https://images.jdmagicbox.com/comp/kannur/b1/9999px497.x497.210226155456.l3b1/catalogue/ch...
[06:29:12]        [3] https://images.jdmagicbox.com/v2/comp/kannur/b1/9999px497.x497.210226155456.l3b1/catalogue...
[06:29:12]   [6] [IMG] American Fried Chicken | +(91)-7592044544 | 7 photos
[06:29:12]        [1] https://content.jdmagicbox.com/comp/kannur/h5/9999px497.x497.220107164349.v8h5/catalogue/-...
[06:29:12]        [2] https://images.jdmagicbox.com/comp/kannur/h5/9999px497.x497.220107164349.v8h5/catalogue/-v...
[06:29:12]        [3] https://images.jdmagicbox.com/comp/kannur/h5/9999px497.x497.220107164349.v8h5/catalogue/-a...
[06:29:13]   [7] [IMG] Hotel New Delhi | +(91)-9744866841 | 4 photos
[06:29:13]        [1] https://content.jdmagicbox.com/comp/def_content_category/south-indian-restaurants/new-dish...
[06:29:13]        [2] https://images.jdmagicbox.com/comp/def_content_category/south-indian-restaurants/new-dish-...
[06:29:13]        [3] https://images.jdmagicbox.com/comp/def_content_category/south-indian-restaurants/new-dish-...
[06:29:13]   [8] [IMG] BURNO FRIED | +(91)-9961480764 | 6 photos
[06:29:13]        [1] https://content.jdmagicbox.com/v2/comp/kannur/h2/9999px497.x497.250809213421.y6h2/catalogu...
[06:29:13]        [2] https://images.jdmagicbox.com/v2/comp/kannur/h2/9999px497.x497.250809213421.y6h2/catalogue...
[06:29:13]        [3] https://images.jdmagicbox.com/v2/comp/kannur/h2/9999px497.x497.250809213421.y6h2/catalogue...
[06:29:14]   [9] [IMG] Jubilee Restaurant | +(91)-9526366382 | 2 photos
[06:29:14]        [1] https://content.jdmagicbox.com/comp/def_content/buffet-restaurants/buffet-restaurants7-buf...
[06:29:14]        [2] https://images.jdmagicbox.com/comp/def_content/buffet-restaurants/buffet-restaurants7-buff...
[06:29:14]   [10] [IMG] Chicking Fried Chicken (Kannur Mall) | +(91)-9744480000 | 9 photos
[06:29:14]        [1] https://content.jdmagicbox.com/comp/def_content_category/chicking-fried-chicken-11985242-m...
[06:29:14]        [2] https://images.jdmagicbox.com/comp/def_content_category/chicking-fried-chicken-11985242-mz...
[06:29:14]        [3] https://images.jdmagicbox.com/comp/def_content_category/chicking-fried-chicken/chicking-fr...
[06:29:17]   Scraping page 3 (got 10 results)...
[06:29:17]   Checking page 4 for the next batch...
[06:29:17]   [1] [IMG] Lebanese |  | 9 photos
[06:29:17]        [1] https://content.jdmagicbox.com/comp/kannur/q2/9999px497.x497.181103164105.u9q2/catalogue/l...
[06:29:17]        [2] https://images.jdmagicbox.com/comp/kannur/q2/9999px497.x497.181103164105.u9q2/catalogue/le...
[06:29:17]        [3] https://images.jdmagicbox.com/comp/kannur/q2/9999px497.x497.181103164105.u9q2/catalogue/le...
[06:29:17]   [2] [IMG] American Fried Chicken Pilathara | +(91)-8714759722 | 4 photos
[06:29:17]        [1] https://content.jdmagicbox.com/comp/kannur/g4/9999px497.x497.221019124021.h2g4/catalogue/a...
[06:29:17]        [2] https://images.jdmagicbox.com/comp/kannur/g4/9999px497.x497.221019124021.h2g4/catalogue/am...
[06:29:17]        [3] https://images.jdmagicbox.com/comp/kannur/g4/9999px497.x497.221019124021.h2g4/catalogue/am...
[06:29:18]   [3] [IMG] Nks Chicken |  | 6 photos
[06:29:18]        [1] https://content.jdmagicbox.com/comp/kannur/k3/9999px497.x497.191212134539.x7k3/catalogue/n...
[06:29:18]        [2] https://images.jdmagicbox.com/comp/kannur/k3/9999px497.x497.191212134539.x7k3/catalogue/nk...
[06:29:18]        [3] https://images.jdmagicbox.com/comp/kannur/k3/9999px497.x497.191212134539.x7k3/catalogue/nk...
[06:29:18]   [4] [IMG] Volga Chef | +(91)-7907722050 | 9 photos
[06:29:18]        [1] https://content.jdmagicbox.com/comp/kannur/e6/9999px497.x497.220210163401.x2e6/catalogue/-...
[06:29:18]        [2] https://images.jdmagicbox.com/comp/kannur/e6/9999px497.x497.220210163401.x2e6/catalogue/-h...
[06:29:18]        [3] https://images.jdmagicbox.com/comp/kannur/e6/9999px497.x497.220210163401.x2e6/catalogue/-2...
[06:29:19]   [5] [IMG] RAK | +(91)-6235101101 | 9 photos
[06:29:19]        [1] https://content.jdmagicbox.com/comp/kasaragod/g9/9999p4994.4994.210127203131.f2g9/catalogu...
[06:29:19]        [2] https://images.jdmagicbox.com/comp/kasaragod/g9/9999p4994.4994.210127203131.f2g9/catalogue...
[06:29:19]        [3] https://images.jdmagicbox.com/comp/kasaragod/g9/9999p4994.4994.210127203131.f2g9/catalogue...
[06:29:19]   [6] [IMG] Chikeys | +(91)-8606131123 | 9 photos
[06:29:19]        [1] https://content.jdmagicbox.com/comp/kozhikode/y3/0495px495.x495.190525032936.x5y3/catalogu...
[06:29:19]        [2] https://images.jdmagicbox.com/comp/kozhikode/y3/0495px495.x495.190525032936.x5y3/catalogue...
[06:29:19]        [3] https://images.jdmagicbox.com/comp/kozhikode/y3/0495px495.x495.190525032936.x5y3/catalogue...
[06:29:20]   [7] [IMG] Chicking Fried Chicken | +(91)-7736067817 | 9 photos
[06:29:20]        [1] https://content.jdmagicbox.com/comp/def_content_category/chicking-fried-chicken/chicking-f...
[06:29:20]        [2] https://images.jdmagicbox.com/comp/def_content_category/chicking-fried-chicken/chicking-fr...
[06:29:20]        [3] https://images.jdmagicbox.com/comp/def_content_category/chicking-fried-chicken-11985242-mz...
[06:29:20]   [8] [IMG] MFC Fried & Arabic | +(91)-8075029408 | 9 photos
[06:29:20]        [1] https://content.jdmagicbox.com/comp/kasaragod/f1/9999p4994.4994.171009202643.v4f1/catalogu...
[06:29:20]        [2] https://images.jdmagicbox.com/comp/kasaragod/f1/9999p4994.4994.171009202643.v4f1/catalogue...
[06:29:20]        [3] https://images.jdmagicbox.com/comp/kasaragod/f1/9999p4994.4994.171009202643.v4f1/catalogue...
[06:29:21]   [9] [IMG] Oryx Village | +(91)-8488918253 | 9 photos
[06:29:21]        [1] https://content.jdmagicbox.com/comp/kasaragod/d5/9999p4994.4994.180609125522.s4d5/catalogu...
[06:29:21]        [2] https://images.jdmagicbox.com/comp/kasaragod/d5/9999p4994.4994.180609125522.s4d5/catalogue...
[06:29:21]        [3] https://images.jdmagicbox.com/comp/kasaragod/d5/9999p4994.4994.180609125522.s4d5/catalogue...
[06:29:21]   [10] [IMG] AFC | +(91)-7012677537 | 5 photos
[06:29:21]        [1] https://content.jdmagicbox.com/comp/kozhikode/l5/0495px495.x495.211203141452.z3l5/catalogu...
[06:29:21]        [2] https://images.jdmagicbox.com/comp/kozhikode/l5/0495px495.x495.211203141452.z3l5/catalogue...
[06:29:21]        [3] https://images.jdmagicbox.com/comp/kozhikode/l5/0495px495.x495.211203141452.z3l5/catalogue...
[06:29:24]   Scraping page 4 (got 10 results)...
[06:29:24]   Checking page 5 for the next batch...
[06:29:24]   [1] [IMG] Golden Dine Family Restaurant | +(91)-9567302261 | 8 photos
[06:29:24]        [1] https://content.jdmagicbox.com/comp/kasaragod/e3/9999p4994.4994.181212142924.v8e3/catalogu...
[06:29:24]        [2] https://images.jdmagicbox.com/comp/kasaragod/e3/9999p4994.4994.181212142924.v8e3/catalogue...
[06:29:24]        [3] https://images.jdmagicbox.com/comp/kasaragod/e3/9999p4994.4994.181212142924.v8e3/catalogue...
[06:29:25]   [2] [IMG] Max Food | +(91)-9483340844 | 9 photos
[06:29:25]        [1] https://content.jdmagicbox.com/v2/comp/coorg/b2/9999p8272.8272.240715141211.c2b2/catalogue...
[06:29:25]        [2] https://images.jdmagicbox.com/v2/comp/coorg/b2/9999p8272.8272.240715141211.c2b2/catalogue/...
[06:29:25]        [3] https://images.jdmagicbox.com/v2/comp/coorg/b2/9999p8272.8272.240715141211.c2b2/catalogue/...
[06:29:25]   [3] [IMG] MADADA SOLUTION PVT LTD | +(91)-7221001003 | 9 photos
[06:29:25]        [1] https://content.jdmagicbox.com/comp/kozhikode/j2/0495px495.x495.230103175828.d9j2/catalogu...
[06:29:25]        [2] https://images.jdmagicbox.com/comp/kozhikode/j2/0495px495.x495.230103175828.d9j2/catalogue...
[06:29:25]        [3] https://images.jdmagicbox.com/comp/kozhikode/j2/0495px495.x495.230103175828.d9j2/catalogue...
[06:29:26]   [4] [IMG] Casaro Cafe | +(91)-9744772677 | 5 photos
[06:29:26]        [1] https://content.jdmagicbox.com/comp/kasaragod/v7/9999p4994.4994.220615225521.k2v7/catalogu...
[06:29:26]        [2] https://images.jdmagicbox.com/comp/kasaragod/v7/9999p4994.4994.220615225521.k2v7/catalogue...
[06:29:26]        [3] https://images.jdmagicbox.com/comp/kasaragod/v7/9999p4994.4994.220615225521.k2v7/catalogue...
[06:29:26]   [5] [IMG] Shawaya House Restaurant | +(91)-9539058080 | 9 photos
[06:29:26]        [1] https://content.jdmagicbox.com/comp/wayanad/m3/9999p4936.4936.230912223231.a8m3/catalogue/...
[06:29:26]        [2] https://images.jdmagicbox.com/comp/wayanad/m3/9999p4936.4936.230912223231.a8m3/catalogue/s...
[06:29:26]        [3] https://images.jdmagicbox.com/comp/wayanad/m3/9999p4936.4936.230912223231.a8m3/catalogue/s...
[06:29:27]   [6] [IMG] Quality Restaurant and Bakes | +(91)-9207300666 | 9 photos
[06:29:27]        [1] https://content.jdmagicbox.com/comp/kasaragod/r7/9999p4994.4994.170426102508.c8r7/catalogu...
[06:29:27]        [2] https://images.jdmagicbox.com/comp/kasaragod/r7/9999p4994.4994.170426102508.c8r7/catalogue...
[06:29:27]        [3] https://images.jdmagicbox.com/comp/bekal/r7/9999p4994.4994.170426102508.c8r7/catalogue/qua...
[06:29:27]   [7] [IMG] CFC Canadian Fried Chicken | +(91)-8123223715 | 5 photos
[06:29:27]        [1] https://content.jdmagicbox.com/comp/coorg/b9/9999p8272.8272.221217154654.x6b9/catalogue/-a...
[06:29:27]        [2] https://images.jdmagicbox.com/comp/coorg/b9/9999p8272.8272.221217154654.x6b9/catalogue/-a1...
[06:29:27]        [3] https://images.jdmagicbox.com/comp/coorg/b9/9999p8272.8272.221217154654.x6b9/catalogue/-ed...
[06:29:28]   [8] [IMG] Coffee Bare | +(91)-9656003252 | 9 photos
[06:29:28]        [1] https://content.jdmagicbox.com/comp/kasaragod/g9/9999p4994.4994.171211225040.i9g9/catalogu...
[06:29:28]        [2] https://images.jdmagicbox.com/comp/kasaragod/g9/9999p4994.4994.171211225040.i9g9/catalogue...
[06:29:28]        [3] https://images.jdmagicbox.com/comp/kasaragod/x3/pwfl1513010940g5d5x3/catalogue/coffee-bare...
[06:29:28]   [9] [IMG] Gama Kitchen | +(91)-8086310000 | 9 photos
[06:29:28]        [1] https://content.jdmagicbox.com/comp/kozhikode/s5/0495px495.x495.190810180742.q5s5/catalogu...
[06:29:28]        [2] https://images.jdmagicbox.com/comp/kozhikode/s5/0495px495.x495.190810180742.q5s5/catalogue...
[06:29:28]        [3] https://images.jdmagicbox.com/comp/kozhikode/s5/0495px495.x495.190810180742.q5s5/catalogue...
[06:29:29]   [10] [IMG] Sullias Eating Spot | +(91)-8142607082 | 5 photos
[06:29:29]        [1] https://content.jdmagicbox.com/comp/mangalore/v5/0824px824.x824.230106212525.l3v5/catalogu...
[06:29:29]        [2] https://images.jdmagicbox.com/comp/mangalore/v5/0824px824.x824.230106212525.l3v5/catalogue...
[06:29:29]        [3] https://images.jdmagicbox.com/comp/mangalore/v5/0824px824.x824.230106212525.l3v5/catalogue...
[06:29:31]   Scraping page 5 (got 10 results)...
[06:29:31]   Checking page 6 for the next batch...
[06:29:31]   [1] [IMG] Kuruva Family Restaurant | +(91)-8921536987 | 9 photos
[06:29:31]        [1] https://content.jdmagicbox.com/comp/wayanad/c1/9999p4936.4936.191203162722.c9c1/catalogue/...
[06:29:31]        [2] https://images.jdmagicbox.com/comp/wayanad/c1/9999p4936.4936.191203162722.c9c1/catalogue/k...
[06:29:31]        [3] https://images.jdmagicbox.com/comp/wayanad/c1/9999p4936.4936.191203162722.c9c1/catalogue/k...
[06:29:31]   [2] [IMG] LSJ CHICKEN | +(91)-9037911212 | 9 photos
[06:29:31]        [1] https://content.jdmagicbox.com/comp/kozhikode/d5/0495px495.x495.240325111357.y2d5/catalogu...
[06:29:31]        [2] https://images.jdmagicbox.com/comp/kozhikode/d5/0495px495.x495.240325111357.y2d5/catalogue...
[06:29:31]        [3] https://images.jdmagicbox.com/v2/comp/kozhikode/d5/0495px495.x495.240325111357.y2d5/catalo...
[06:29:32]   [3] [IMG] Fry Ville | +(91)-7994089339 | 8 photos
[06:29:32]        [1] https://content.jdmagicbox.com/comp/kozhikode/r5/0495px495.x495.240426193218.v8r5/catalogu...
[06:29:32]        [2] https://images.jdmagicbox.com/comp/kozhikode/r5/0495px495.x495.240426193218.v8r5/catalogue...
[06:29:32]        [3] https://images.jdmagicbox.com/v2/comp/kozhikode/r5/0495px495.x495.240426193218.v8r5/catalo...
[06:29:32]   [4] [IMG] Kadav Cafe | +(91)-7902791347 | 9 photos
[06:29:32]        [1] https://content.jdmagicbox.com/comp/wayanad/k8/9999p4936.4936.210505154047.l1k8/catalogue/...
[06:29:32]        [2] https://images.jdmagicbox.com/comp/wayanad/k8/9999p4936.4936.210505154047.l1k8/catalogue/p...
[06:29:32]        [3] https://images.jdmagicbox.com/comp/wayanad/k8/9999p4936.4936.210505154047.l1k8/catalogue/p...
[06:29:33]   [5] [IMG] AM 2 PM | +(91)-8281221562 | 9 photos
[06:29:33]        [1] https://content.jdmagicbox.com/comp/kozhikode/a1/0495px495.x495.210825115336.v6a1/catalogu...
[06:29:33]        [2] https://images.jdmagicbox.com/comp/kozhikode/a1/0495px495.x495.210825115336.v6a1/catalogue...
[06:29:33]        [3] https://images.jdmagicbox.com/comp/kozhikode/a1/0495px495.x495.210825115336.v6a1/catalogue...
[06:29:33]   [6] [IMG] Biryani house | +(91)-7025966937 | 9 photos
[06:29:33]        [1] https://content.jdmagicbox.com/comp/kasaragod/g9/9999p4994.4994.190817061424.b9g9/catalogu...
[06:29:33]        [2] https://images.jdmagicbox.com/comp/kasaragod/g9/9999p4994.4994.190817061424.b9g9/catalogue...
[06:29:33]        [3] https://images.jdmagicbox.com/comp/kasaragod/g9/9999p4994.4994.190817061424.b9g9/catalogue...
[06:29:34]   [7] [IMG] Vitamin Bbq Corner Family Restaurant & Tourist Restaurant | +(91)-8593909067 | 9 photos
[06:29:34]        [1] https://content.jdmagicbox.com/comp/kozhikode/q7/0495px495.x495.200205224512.v2q7/catalogu...
[06:29:34]        [2] https://images.jdmagicbox.com/comp/kozhikode/q7/0495px495.x495.200205224512.v2q7/catalogue...
[06:29:34]        [3] https://images.jdmagicbox.com/comp/kozhikode/q7/0495px495.x495.200205224512.v2q7/catalogue...
[06:29:34]   [8] [IMG] Clock Tower Restaurant | +(91)-7947190542 | 9 photos
[06:29:34]        [1] https://content.jdmagicbox.com/comp/kozhikode/i7/0495px495.x495.211016160058.h8i7/catalogu...
[06:29:34]        [2] https://images.jdmagicbox.com/comp/kozhikode/i7/0495px495.x495.211016160058.h8i7/catalogue...
[06:29:34]        [3] https://images.jdmagicbox.com/comp/kozhikode/i7/0495px495.x495.211016160058.h8i7/catalogue...
[06:29:35]   [9] [IMG] Clock Tower Restaurant | +(91)-8401686359 | 9 photos
[06:29:35]        [1] https://content.jdmagicbox.com/comp/kozhikode/i1/0495px495.x495.210415170354.s8i1/catalogu...
[06:29:35]        [2] https://images.jdmagicbox.com/comp/kozhikode/i1/0495px495.x495.210415170354.s8i1/catalogue...
[06:29:35]        [3] https://images.jdmagicbox.com/comp/kozhikode/i1/0495px495.x495.210415170354.s8i1/catalogue...
[06:29:35]   [10] [IMG] Umami eats | +(91)-7994527434 | 5 photos
[06:29:35]        [1] https://content.jdmagicbox.com/comp/kozhikode/q5/0495px495.x495.181107095251.z7q5/catalogu...
[06:29:35]        [2] https://images.jdmagicbox.com/comp/kozhikode/q5/0495px495.x495.181107095251.z7q5/catalogue...
[06:29:35]        [3] https://images.jdmagicbox.com/comp/kozhikode/q5/0495px495.x495.181107095251.z7q5/catalogue...
[06:29:39] 
==========================================
[06:29:39] [*] Scraping target 28/40: Chakkarakkal
[06:29:39] ==========================================
[06:29:39] ? Found 100 total Fried Chicken Delivery Restaurants in Chakkarakkal.
[06:29:39]   Scraping page 1 (got 10 results)...
[06:29:39]   Checking page 2 for the next batch...
[06:29:39]   [1] [IMG] WESTBURG DARMASHALA | +(91)-7411790657 | 7 photos
[06:29:39]        [1] https://content.jdmagicbox.com/v2/comp/kannur/z9/9999px497.x497.250712160334.d1z9/catalogu...
[06:29:39]        [2] https://images.jdmagicbox.com/v2/comp/kannur/z9/9999px497.x497.250712160334.d1z9/catalogue...
[06:29:39]        [3] https://images.jdmagicbox.com/v2/comp/kannur/z9/9999px497.x497.250712160334.d1z9/catalogue...
[06:29:39]   [2] [IMG] Rooster Fried & Grill | +(91)-8113001100 | 9 photos
[06:29:39]        [1] https://content.jdmagicbox.com/comp/kannur/v3/9999px497.x497.190517204357.c5v3/catalogue/r...
[06:29:39]        [2] https://images.jdmagicbox.com/comp/kannur/v3/9999px497.x497.190517204357.c5v3/catalogue/ro...
[06:29:39]        [3] https://images.jdmagicbox.com/comp/kannur/v3/9999px497.x497.190517204357.c5v3/catalogue/ro...
[06:29:40]   [3] [IMG] The Indian Express Superfast Restaurant | +(91)-8301009050 | 9 photos
[06:29:40]        [1] https://content.jdmagicbox.com/comp/kannur/e5/9999px497.x497.200106181231.h5e5/catalogue/t...
[06:29:40]        [2] https://images.jdmagicbox.com/comp/kannur/e5/9999px497.x497.200106181231.h5e5/catalogue/th...
[06:29:40]        [3] https://images.jdmagicbox.com/comp/kannur/e5/9999px497.x497.200106181231.h5e5/catalogue/th...
[06:29:40]   [4] [IMG] Chikeys | +(91)-9895131123 | 9 photos
[06:29:40]        [1] https://content.jdmagicbox.com/comp/def_content_category/chikeys/121050718-333489939663650...
[06:29:40]        [2] https://images.jdmagicbox.com/comp/def_content_category/chikeys/121050718-3334899396636500...
[06:29:40]        [3] https://images.jdmagicbox.com/comp/def_content_category/chikeys/86689044-2704886126304500-...
[06:29:41]   [5] [IMG] Jesna Lunch Room | +(91)-9605683147 | 7 photos
[06:29:41]        [1] https://content.jdmagicbox.com/comp/kannur/f2/9999px497.x497.190220121951.z4f2/catalogue/j...
[06:29:41]        [2] https://images.jdmagicbox.com/comp/kannur/f2/9999px497.x497.190220121951.z4f2/catalogue/je...
[06:29:41]        [3] https://images.jdmagicbox.com/comp/kannur/f2/9999px497.x497.190220121951.z4f2/catalogue/je...
[06:29:42]   [6] [IMG] Wimbies Restaurant And Fried Chicken | +(91)-9895868789 | 7 photos
[06:29:42]        [1] https://content.jdmagicbox.com/comp/kannur/u9/9999px497.x497.170607163909.z1u9/catalogue/w...
[06:29:42]        [2] https://images.jdmagicbox.com/comp/kannur/u9/9999px497.x497.170607163909.z1u9/catalogue/wi...
[06:29:42]        [3] https://images.jdmagicbox.com/comp/kannur/u9/9999px497.x497.170607163909.z1u9/catalogue/wi...
[06:29:42]   [7] [IMG] Go Ggrll Chokli | +(91)-9747217717 | 9 photos
[06:29:42]        [1] https://content.jdmagicbox.com/v2/comp/kannur/f8/9999px497.x497.230224144441.a3f8/catalogu...
[06:29:42]        [2] https://images.jdmagicbox.com/v2/comp/kannur/f8/9999px497.x497.230224144441.a3f8/catalogue...
[06:29:42]        [3] https://images.jdmagicbox.com/v2/comp/kannur/f8/9999px497.x497.230224144441.a3f8/catalogue...
[06:29:43]   [8] [IMG] Hotel Green Park | +(91)-9447850097 | 9 photos
[06:29:43]        [1] https://content.jdmagicbox.com/comp/kannur/n5/9999px497.x497.171001155450.e6n5/catalogue/h...
[06:29:43]        [2] https://images.jdmagicbox.com/comp/kannur/n5/9999px497.x497.171001155450.e6n5/catalogue/ho...
[06:29:43]        [3] https://images.jdmagicbox.com/v2/comp/kannur/n5/9999px497.x497.171001155450.e6n5/catalogue...
[06:29:43]   [9] [IMG] BURNO FRIED | +(91)-9961480764 | 6 photos
[06:29:43]        [1] https://content.jdmagicbox.com/v2/comp/kannur/h2/9999px497.x497.250809213421.y6h2/catalogu...
[06:29:43]        [2] https://images.jdmagicbox.com/v2/comp/kannur/h2/9999px497.x497.250809213421.y6h2/catalogue...
[06:29:43]        [3] https://images.jdmagicbox.com/v2/comp/kannur/h2/9999px497.x497.250809213421.y6h2/catalogue...
[06:29:44]   [10] [IMG] Afc American Fried Chicken Restaurant | +(91)-7373162111 | 9 photos
[06:29:44]        [1] https://content.jdmagicbox.com/comp/kannur/j3/9999px497.x497.220421184400.b5j3/catalogue/a...
[06:29:44]        [2] https://images.jdmagicbox.com/comp/kannur/j3/9999px497.x497.220421184400.b5j3/catalogue/af...
[06:29:44]        [3] https://images.jdmagicbox.com/comp/kannur/j3/9999px497.x497.220421184400.b5j3/catalogue/af...
[06:29:46]   Scraping page 2 (got 10 results)...
[06:29:46]   Checking page 3 for the next batch...
[06:29:46]   [1] [IMG] Vkp S Cafe | +(91)-6235555112 | 9 photos
[06:29:46]        [1] https://content.jdmagicbox.com/v2/comp/kannur/u7/9999px497.x497.200107121359.c2u7/catalogu...
[06:29:46]        [2] https://images.jdmagicbox.com/v2/comp/kannur/u7/9999px497.x497.200107121359.c2u7/catalogue...
[06:29:46]        [3] https://images.jdmagicbox.com/v2/comp/kannur/u7/9999px497.x497.200107121359.c2u7/catalogue...
[06:29:46]   [2] [IMG] Arabian Grill | +(91)-9544400048 | 9 photos
[06:29:46]        [1] https://content.jdmagicbox.com/comp/kannur/y4/9999px497.x497.170926210343.p8y4/catalogue/a...
[06:29:46]        [2] https://images.jdmagicbox.com/comp/kannur/y4/9999px497.x497.170926210343.p8y4/catalogue/ar...
[06:29:46]        [3] https://images.jdmagicbox.com/comp/kannur/y4/9999px497.x497.170926210343.p8y4/catalogue/ar...
[06:29:47]   [3] [IMG] Chilly Hut | +(91)-8330057833 | 9 photos
[06:29:47]        [1] https://content.jdmagicbox.com/comp/kannur/b1/9999px497.x497.210226155456.l3b1/catalogue/c...
[06:29:47]        [2] https://images.jdmagicbox.com/comp/kannur/b1/9999px497.x497.210226155456.l3b1/catalogue/ch...
[06:29:47]        [3] https://images.jdmagicbox.com/v2/comp/kannur/b1/9999px497.x497.210226155456.l3b1/catalogue...
[06:29:47]   [4] [IMG] COCO CABANE CAFE | +(91)-8590090726 | 9 photos
[06:29:47]        [1] https://content.jdmagicbox.com/comp/kannur/t6/9999px497.x497.220728192535.f5t6/catalogue/c...
[06:29:47]        [2] https://images.jdmagicbox.com/comp/kannur/t6/9999px497.x497.220728192535.f5t6/catalogue/co...
[06:29:47]        [3] https://images.jdmagicbox.com/comp/kannur/t6/9999px497.x497.220728192535.f5t6/catalogue/co...
[06:29:48]   [5] [IMG] American Fried Chicken | +(91)-7592044544 | 7 photos
[06:29:48]        [1] https://content.jdmagicbox.com/comp/kannur/h5/9999px497.x497.220107164349.v8h5/catalogue/-...
[06:29:48]        [2] https://images.jdmagicbox.com/comp/kannur/h5/9999px497.x497.220107164349.v8h5/catalogue/-v...
[06:29:48]        [3] https://images.jdmagicbox.com/comp/kannur/h5/9999px497.x497.220107164349.v8h5/catalogue/-a...
[06:29:48]   [6] [IMG] Hfc Fried Chicken | +(91)-7902898916 | 9 photos
[06:29:48]        [1] https://content.jdmagicbox.com/comp/kannur/y5/9999px497.x497.230328181354.g1y5/catalogue/h...
[06:29:48]        [2] https://images.jdmagicbox.com/comp/kannur/y5/9999px497.x497.230328181354.g1y5/catalogue/hf...
[06:29:48]        [3] https://images.jdmagicbox.com/v2/comp/kannur/y5/9999px497.x497.230328181354.g1y5/catalogue...
[06:29:49]   [7] [IMG] American Fried Chicken Pilathara | +(91)-8714759722 | 4 photos
[06:29:49]        [1] https://content.jdmagicbox.com/comp/kannur/g4/9999px497.x497.221019124021.h2g4/catalogue/a...
[06:29:49]        [2] https://images.jdmagicbox.com/comp/kannur/g4/9999px497.x497.221019124021.h2g4/catalogue/am...
[06:29:49]        [3] https://images.jdmagicbox.com/comp/kannur/g4/9999px497.x497.221019124021.h2g4/catalogue/am...
[06:29:49]   [8] [IMG] TFC TURKISH FRIED CHICKEN CHAKKARAKKAL | +(91)-8301867300 | 9 photos
[06:29:49]        [1] https://content.jdmagicbox.com/comp/kannur/n6/9999px497.x497.240121190829.e4n6/catalogue/t...
[06:29:49]        [2] https://images.jdmagicbox.com/comp/kannur/n6/9999px497.x497.240121190829.e4n6/catalogue/tf...
[06:29:49]        [3] https://images.jdmagicbox.com/comp/kannur/n6/9999px497.x497.240121190829.e4n6/catalogue/tf...
[06:29:50]   [9] [IMG] Chicking Fried Chicken (Kannur Mall) | +(91)-9744480000 | 9 photos
[06:29:50]        [1] https://content.jdmagicbox.com/comp/def_content_category/chicking-fried-chicken-11985242-m...
[06:29:50]        [2] https://images.jdmagicbox.com/comp/def_content_category/chicking-fried-chicken-11985242-mz...
[06:29:50]        [3] https://images.jdmagicbox.com/comp/def_content_category/chicking-fried-chicken/chicking-fr...
[06:29:51]   [10] [IMG] Hotel New Delhi | +(91)-9744866841 | 4 photos
[06:29:51]        [1] https://content.jdmagicbox.com/comp/def_content_category/south-indian-restaurants/new-dish...
[06:29:51]        [2] https://images.jdmagicbox.com/comp/def_content_category/south-indian-restaurants/new-dish-...
[06:29:51]        [3] https://images.jdmagicbox.com/comp/def_content_category/south-indian-restaurants/new-dish-...
[06:29:53]   Scraping page 3 (got 10 results)...
[06:29:53]   Checking page 4 for the next batch...
[06:29:53]   [1] [IMG] Lebanese |  | 9 photos
[06:29:53]        [1] https://content.jdmagicbox.com/comp/kannur/q2/9999px497.x497.181103164105.u9q2/catalogue/l...
[06:29:53]        [2] https://images.jdmagicbox.com/comp/kannur/q2/9999px497.x497.181103164105.u9q2/catalogue/le...
[06:29:53]        [3] https://images.jdmagicbox.com/comp/kannur/q2/9999px497.x497.181103164105.u9q2/catalogue/le...
[06:29:54]   [2] [IMG] Volga Chef | +(91)-7907722050 | 9 photos
[06:29:54]        [1] https://content.jdmagicbox.com/comp/kannur/e6/9999px497.x497.220210163401.x2e6/catalogue/-...
[06:29:54]        [2] https://images.jdmagicbox.com/comp/kannur/e6/9999px497.x497.220210163401.x2e6/catalogue/-h...
[06:29:54]        [3] https://images.jdmagicbox.com/comp/kannur/e6/9999px497.x497.220210163401.x2e6/catalogue/-2...
[06:29:54]   [3] [IMG] Nks Chicken |  | 6 photos
[06:29:54]        [1] https://content.jdmagicbox.com/comp/kannur/k3/9999px497.x497.191212134539.x7k3/catalogue/n...
[06:29:54]        [2] https://images.jdmagicbox.com/comp/kannur/k3/9999px497.x497.191212134539.x7k3/catalogue/nk...
[06:29:54]        [3] https://images.jdmagicbox.com/comp/kannur/k3/9999px497.x497.191212134539.x7k3/catalogue/nk...
[06:29:55]   [4] [IMG] Jubilee Restaurant | +(91)-9526366382 | 2 photos
[06:29:55]        [1] https://content.jdmagicbox.com/comp/def_content/buffet-restaurants/buffet-restaurants7-buf...
[06:29:55]        [2] https://images.jdmagicbox.com/comp/def_content/buffet-restaurants/buffet-restaurants7-buff...
[06:29:55]   [5] [IMG] RAK | +(91)-6235101101 | 9 photos
[06:29:55]        [1] https://content.jdmagicbox.com/comp/kasaragod/g9/9999p4994.4994.210127203131.f2g9/catalogu...
[06:29:55]        [2] https://images.jdmagicbox.com/comp/kasaragod/g9/9999p4994.4994.210127203131.f2g9/catalogue...
[06:29:55]        [3] https://images.jdmagicbox.com/comp/kasaragod/g9/9999p4994.4994.210127203131.f2g9/catalogue...
[06:29:56]   [6] [IMG] Chikeys | +(91)-8606131123 | 9 photos
[06:29:56]        [1] https://content.jdmagicbox.com/comp/kozhikode/y3/0495px495.x495.190525032936.x5y3/catalogu...
[06:29:56]        [2] https://images.jdmagicbox.com/comp/kozhikode/y3/0495px495.x495.190525032936.x5y3/catalogue...
[06:29:56]        [3] https://images.jdmagicbox.com/comp/kozhikode/y3/0495px495.x495.190525032936.x5y3/catalogue...
[06:29:57]   [7] [IMG] Chicking Fried Chicken | +(91)-7736067817 | 9 photos
[06:29:57]        [1] https://content.jdmagicbox.com/comp/def_content_category/chicking-fried-chicken/chicking-f...
[06:29:57]        [2] https://images.jdmagicbox.com/comp/def_content_category/chicking-fried-chicken/chicking-fr...
[06:29:57]        [3] https://images.jdmagicbox.com/comp/def_content_category/chicking-fried-chicken-11985242-mz...
[06:29:57]   [8] [IMG] MFC Fried & Arabic | +(91)-8075029408 | 9 photos
[06:29:57]        [1] https://content.jdmagicbox.com/comp/kasaragod/f1/9999p4994.4994.171009202643.v4f1/catalogu...
[06:29:57]        [2] https://images.jdmagicbox.com/comp/kasaragod/f1/9999p4994.4994.171009202643.v4f1/catalogue...
[06:29:57]        [3] https://images.jdmagicbox.com/comp/kasaragod/f1/9999p4994.4994.171009202643.v4f1/catalogue...
[06:29:58]   [9] [IMG] Oryx Village | +(91)-8488918253 | 9 photos
[06:29:58]        [1] https://content.jdmagicbox.com/comp/kasaragod/d5/9999p4994.4994.180609125522.s4d5/catalogu...
[06:29:58]        [2] https://images.jdmagicbox.com/comp/kasaragod/d5/9999p4994.4994.180609125522.s4d5/catalogue...
[06:29:58]        [3] https://images.jdmagicbox.com/comp/kasaragod/d5/9999p4994.4994.180609125522.s4d5/catalogue...
[06:29:58]   [10] [IMG] AFC | +(91)-7012677537 | 5 photos
[06:29:58]        [1] https://content.jdmagicbox.com/comp/kozhikode/l5/0495px495.x495.211203141452.z3l5/catalogu...
[06:29:58]        [2] https://images.jdmagicbox.com/comp/kozhikode/l5/0495px495.x495.211203141452.z3l5/catalogue...
[06:29:58]        [3] https://images.jdmagicbox.com/comp/kozhikode/l5/0495px495.x495.211203141452.z3l5/catalogue...
[06:30:00]   Scraping page 4 (got 10 results)...
[06:30:00]   Checking page 5 for the next batch...
[06:30:00]   [1] [IMG] Golden Dine Family Restaurant | +(91)-9567302261 | 8 photos
[06:30:00]        [1] https://content.jdmagicbox.com/comp/kasaragod/e3/9999p4994.4994.181212142924.v8e3/catalogu...
[06:30:00]        [2] https://images.jdmagicbox.com/comp/kasaragod/e3/9999p4994.4994.181212142924.v8e3/catalogue...
[06:30:00]        [3] https://images.jdmagicbox.com/comp/kasaragod/e3/9999p4994.4994.181212142924.v8e3/catalogue...
[06:30:01]   [2] [IMG] Max Food | +(91)-9483340844 | 9 photos
[06:30:01]        [1] https://content.jdmagicbox.com/v2/comp/coorg/b2/9999p8272.8272.240715141211.c2b2/catalogue...
[06:30:01]        [2] https://images.jdmagicbox.com/v2/comp/coorg/b2/9999p8272.8272.240715141211.c2b2/catalogue/...
[06:30:01]        [3] https://images.jdmagicbox.com/v2/comp/coorg/b2/9999p8272.8272.240715141211.c2b2/catalogue/...
[06:30:01]   [3] [IMG] MADADA SOLUTION PVT LTD | +(91)-7221001003 | 9 photos
[06:30:01]        [1] https://content.jdmagicbox.com/comp/kozhikode/j2/0495px495.x495.230103175828.d9j2/catalogu...
[06:30:01]        [2] https://images.jdmagicbox.com/comp/kozhikode/j2/0495px495.x495.230103175828.d9j2/catalogue...
[06:30:01]        [3] https://images.jdmagicbox.com/comp/kozhikode/j2/0495px495.x495.230103175828.d9j2/catalogue...
[06:30:02]   [4] [IMG] Casaro Cafe | +(91)-9744772677 | 5 photos
[06:30:02]        [1] https://content.jdmagicbox.com/comp/kasaragod/v7/9999p4994.4994.220615225521.k2v7/catalogu...
[06:30:02]        [2] https://images.jdmagicbox.com/comp/kasaragod/v7/9999p4994.4994.220615225521.k2v7/catalogue...
[06:30:02]        [3] https://images.jdmagicbox.com/comp/kasaragod/v7/9999p4994.4994.220615225521.k2v7/catalogue...
[06:30:02]   [5] [IMG] Shawaya House Restaurant | +(91)-9539058080 | 9 photos
[06:30:02]        [1] https://content.jdmagicbox.com/comp/wayanad/m3/9999p4936.4936.230912223231.a8m3/catalogue/...
[06:30:02]        [2] https://images.jdmagicbox.com/comp/wayanad/m3/9999p4936.4936.230912223231.a8m3/catalogue/s...
[06:30:02]        [3] https://images.jdmagicbox.com/comp/wayanad/m3/9999p4936.4936.230912223231.a8m3/catalogue/s...
[06:30:03]   [6] [IMG] Quality Restaurant and Bakes | +(91)-9207300666 | 9 photos
[06:30:03]        [1] https://content.jdmagicbox.com/comp/kasaragod/r7/9999p4994.4994.170426102508.c8r7/catalogu...
[06:30:03]        [2] https://images.jdmagicbox.com/comp/kasaragod/r7/9999p4994.4994.170426102508.c8r7/catalogue...
[06:30:03]        [3] https://images.jdmagicbox.com/comp/bekal/r7/9999p4994.4994.170426102508.c8r7/catalogue/qua...
[06:30:03]   [7] [IMG] CFC Canadian Fried Chicken | +(91)-8123223715 | 5 photos
[06:30:03]        [1] https://content.jdmagicbox.com/comp/coorg/b9/9999p8272.8272.221217154654.x6b9/catalogue/-a...
[06:30:03]        [2] https://images.jdmagicbox.com/comp/coorg/b9/9999p8272.8272.221217154654.x6b9/catalogue/-a1...
[06:30:03]        [3] https://images.jdmagicbox.com/comp/coorg/b9/9999p8272.8272.221217154654.x6b9/catalogue/-ed...
[06:30:04]   [8] [IMG] Coffee Bare | +(91)-9656003252 | 9 photos
[06:30:04]        [1] https://content.jdmagicbox.com/comp/kasaragod/g9/9999p4994.4994.171211225040.i9g9/catalogu...
[06:30:04]        [2] https://images.jdmagicbox.com/comp/kasaragod/g9/9999p4994.4994.171211225040.i9g9/catalogue...
[06:30:04]        [3] https://images.jdmagicbox.com/comp/kasaragod/x3/pwfl1513010940g5d5x3/catalogue/coffee-bare...
[06:30:04]   [9] [IMG] Gama Kitchen | +(91)-8086310000 | 9 photos
[06:30:04]        [1] https://content.jdmagicbox.com/comp/kozhikode/s5/0495px495.x495.190810180742.q5s5/catalogu...
[06:30:04]        [2] https://images.jdmagicbox.com/comp/kozhikode/s5/0495px495.x495.190810180742.q5s5/catalogue...
[06:30:04]        [3] https://images.jdmagicbox.com/comp/kozhikode/s5/0495px495.x495.190810180742.q5s5/catalogue...
[06:30:05]   [10] [IMG] Sullias Eating Spot | +(91)-8142607082 | 5 photos
[06:30:05]        [1] https://content.jdmagicbox.com/comp/mangalore/v5/0824px824.x824.230106212525.l3v5/catalogu...
[06:30:05]        [2] https://images.jdmagicbox.com/comp/mangalore/v5/0824px824.x824.230106212525.l3v5/catalogue...
[06:30:05]        [3] https://images.jdmagicbox.com/comp/mangalore/v5/0824px824.x824.230106212525.l3v5/catalogue...
[06:30:07]   Scraping page 5 (got 10 results)...
[06:30:07]   Checking page 6 for the next batch...
[06:30:07]   [1] [IMG] Kuruva Family Restaurant | +(91)-8921536987 | 9 photos
[06:30:07]        [1] https://content.jdmagicbox.com/comp/wayanad/c1/9999p4936.4936.191203162722.c9c1/catalogue/...
[06:30:07]        [2] https://images.jdmagicbox.com/comp/wayanad/c1/9999p4936.4936.191203162722.c9c1/catalogue/k...
[06:30:07]        [3] https://images.jdmagicbox.com/comp/wayanad/c1/9999p4936.4936.191203162722.c9c1/catalogue/k...
[06:30:08]   [2] [IMG] LSJ CHICKEN | +(91)-9037911212 | 9 photos
[06:30:08]        [1] https://content.jdmagicbox.com/comp/kozhikode/d5/0495px495.x495.240325111357.y2d5/catalogu...
[06:30:08]        [2] https://images.jdmagicbox.com/comp/kozhikode/d5/0495px495.x495.240325111357.y2d5/catalogue...
[06:30:08]        [3] https://images.jdmagicbox.com/v2/comp/kozhikode/d5/0495px495.x495.240325111357.y2d5/catalo...
[06:30:08]   [3] [IMG] Fry Ville | +(91)-7994089339 | 8 photos
[06:30:08]        [1] https://content.jdmagicbox.com/comp/kozhikode/r5/0495px495.x495.240426193218.v8r5/catalogu...
[06:30:08]        [2] https://images.jdmagicbox.com/comp/kozhikode/r5/0495px495.x495.240426193218.v8r5/catalogue...
[06:30:08]        [3] https://images.jdmagicbox.com/v2/comp/kozhikode/r5/0495px495.x495.240426193218.v8r5/catalo...
[06:30:09]   [4] [IMG] Kadav Cafe | +(91)-7902791347 | 9 photos
[06:30:09]        [1] https://content.jdmagicbox.com/comp/wayanad/k8/9999p4936.4936.210505154047.l1k8/catalogue/...
[06:30:09]        [2] https://images.jdmagicbox.com/comp/wayanad/k8/9999p4936.4936.210505154047.l1k8/catalogue/p...
[06:30:09]        [3] https://images.jdmagicbox.com/comp/wayanad/k8/9999p4936.4936.210505154047.l1k8/catalogue/p...
[06:30:09]   [5] [IMG] AM 2 PM | +(91)-8281221562 | 9 photos
[06:30:09]        [1] https://content.jdmagicbox.com/comp/kozhikode/a1/0495px495.x495.210825115336.v6a1/catalogu...
[06:30:09]        [2] https://images.jdmagicbox.com/comp/kozhikode/a1/0495px495.x495.210825115336.v6a1/catalogue...
[06:30:09]        [3] https://images.jdmagicbox.com/comp/kozhikode/a1/0495px495.x495.210825115336.v6a1/catalogue...
[06:30:10]   [6] [IMG] Biryani house | +(91)-7025966937 | 9 photos
[06:30:10]        [1] https://content.jdmagicbox.com/comp/kasaragod/g9/9999p4994.4994.190817061424.b9g9/catalogu...
[06:30:10]        [2] https://images.jdmagicbox.com/comp/kasaragod/g9/9999p4994.4994.190817061424.b9g9/catalogue...
[06:30:10]        [3] https://images.jdmagicbox.com/comp/kasaragod/g9/9999p4994.4994.190817061424.b9g9/catalogue...
[06:30:10]   [7] [IMG] Vitamin Bbq Corner Family Restaurant & Tourist Restaurant | +(91)-8593909067 | 9 photos
[06:30:10]        [1] https://content.jdmagicbox.com/comp/kozhikode/q7/0495px495.x495.200205224512.v2q7/catalogu...
[06:30:10]        [2] https://images.jdmagicbox.com/comp/kozhikode/q7/0495px495.x495.200205224512.v2q7/catalogue...
[06:30:10]        [3] https://images.jdmagicbox.com/comp/kozhikode/q7/0495px495.x495.200205224512.v2q7/catalogue...
[06:30:11]   [8] [IMG] Clock Tower Restaurant | +(91)-7947190542 | 9 photos
[06:30:11]        [1] https://content.jdmagicbox.com/comp/kozhikode/i7/0495px495.x495.211016160058.h8i7/catalogu...
[06:30:11]        [2] https://images.jdmagicbox.com/comp/kozhikode/i7/0495px495.x495.211016160058.h8i7/catalogue...
[06:30:11]        [3] https://images.jdmagicbox.com/comp/kozhikode/i7/0495px495.x495.211016160058.h8i7/catalogue...
[06:30:11]   [9] [IMG] Clock Tower Restaurant | +(91)-8401686359 | 9 photos
[06:30:11]        [1] https://content.jdmagicbox.com/comp/kozhikode/i1/0495px495.x495.210415170354.s8i1/catalogu...
[06:30:11]        [2] https://images.jdmagicbox.com/comp/kozhikode/i1/0495px495.x495.210415170354.s8i1/catalogue...
[06:30:11]        [3] https://images.jdmagicbox.com/comp/kozhikode/i1/0495px495.x495.210415170354.s8i1/catalogue...
[06:30:12]   [10] [IMG] Umami eats | +(91)-7994527434 | 5 photos
[06:30:12]        [1] https://content.jdmagicbox.com/comp/kozhikode/q5/0495px495.x495.181107095251.z7q5/catalogu...
[06:30:12]        [2] https://images.jdmagicbox.com/comp/kozhikode/q5/0495px495.x495.181107095251.z7q5/catalogue...
[06:30:12]        [3] https://images.jdmagicbox.com/comp/kozhikode/q5/0495px495.x495.181107095251.z7q5/catalogue...
[06:30:14] 
==========================================
[06:30:14] [*] Scraping target 29/40: Pinarayi
[06:30:14] ==========================================
[06:30:15] ? Found 50 total Fried Chicken Delivery Restaurants in Pinarayi.
[06:30:15]   Scraping page 1 (got 10 results)...
[06:30:15]   Checking page 2 for the next batch...
[06:30:15]   [1] [IMG] Wimbies Restaurant And Fried Chicken | +(91)-9895868789 | 7 photos
[06:30:15]        [1] https://content.jdmagicbox.com/comp/kannur/u9/9999px497.x497.170607163909.z1u9/catalogue/w...
[06:30:15]        [2] https://images.jdmagicbox.com/comp/kannur/u9/9999px497.x497.170607163909.z1u9/catalogue/wi...
[06:30:15]        [3] https://images.jdmagicbox.com/comp/kannur/u9/9999px497.x497.170607163909.z1u9/catalogue/wi...
[06:30:15]   [2] [IMG] Saudi Shawaya | +(91)-7559877770 | 9 photos
[06:30:15]        [1] https://content.jdmagicbox.com/v2/comp/kannur/k6/9999px497.x497.230910001638.x2k6/catalogu...
[06:30:15]        [2] https://images.jdmagicbox.com/v2/comp/kannur/k6/9999px497.x497.230910001638.x2k6/catalogue...
[06:30:15]        [3] https://images.jdmagicbox.com/v2/comp/kannur/k6/9999px497.x497.230910001638.x2k6/catalogue...
[06:30:16]   [3] [IMG] Cabane Bambou | +(91)-9895091750 | 9 photos
[06:30:16]        [1] https://content.jdmagicbox.com/comp/kannur/s2/9999px497.x497.181226103424.u3s2/catalogue/c...
[06:30:16]        [2] https://images.jdmagicbox.com/comp/kannur/s2/9999px497.x497.181226103424.u3s2/catalogue/ca...
[06:30:16]        [3] https://images.jdmagicbox.com/comp/kannur/s2/9999px497.x497.181226103424.u3s2/catalogue/ca...
[06:30:16]   [4] [IMG] Kfc Iritty |  | 2 photos
[06:30:16]        [1] https://content.jdmagicbox.com/comp/def_content/fried-chicken-restaurants/vd1nmtvmgu-fried...
[06:30:16]        [2] https://images.jdmagicbox.com/comp/def_content/fried-chicken-restaurants/vd1nmtvmgu-fried-...
[06:30:17]   [5] [IMG] Zoya Fried Chicken | +(91)-7025820603 | 2 photos
[06:30:17]        [1] https://content.jdmagicbox.com/comp/def_content/fried-chicken-restaurants/vd1nmtvmgu-fried...
[06:30:17]        [2] https://images.jdmagicbox.com/comp/def_content/fried-chicken-restaurants/vd1nmtvmgu-fried-...
[06:30:18]   [6] [IMG] Chikeys | +(91)-9895131123 | 9 photos
[06:30:18]        [1] https://content.jdmagicbox.com/comp/def_content_category/chikeys/121050718-333489939663650...
[06:30:18]        [2] https://images.jdmagicbox.com/comp/def_content_category/chikeys/121050718-3334899396636500...
[06:30:18]        [3] https://images.jdmagicbox.com/comp/def_content_category/chikeys/86689044-2704886126304500-...
[06:30:19]   [7] [IMG] Afc - Kannavam | +(91)-8943916757 | 8 photos
[06:30:19]        [1] https://content.jdmagicbox.com/v2/comp/kannur/i4/9999px497.x497.230223191622.n3i4/catalogu...
[06:30:19]        [2] https://images.jdmagicbox.com/v2/comp/kannur/i4/9999px497.x497.230223191622.n3i4/catalogue...
[06:30:19]        [3] https://images.jdmagicbox.com/v2/comp/kannur/i4/9999px497.x497.230223191622.n3i4/catalogue...
[06:30:19]   [8] [IMG] Takos Restaurant | +(91)-7779033328 | 9 photos
[06:30:19]        [1] https://content.jdmagicbox.com/comp/kannur/k9/9999px497.x497.221007150034.d8k9/catalogue/-...
[06:30:19]        [2] https://images.jdmagicbox.com/comp/kannur/k9/9999px497.x497.221007150034.d8k9/catalogue/-r...
[06:30:19]        [3] https://images.jdmagicbox.com/comp/kannur/k9/9999px497.x497.221007150034.d8k9/catalogue/-y...
[06:30:20]   [9] [IMG] Afc Kelakam | +(91)-7902878078 | 9 photos
[06:30:20]        [1] https://content.jdmagicbox.com/comp/kannur/h7/9999px497.x497.230606160119.w5h7/catalogue/a...
[06:30:20]        [2] https://images.jdmagicbox.com/comp/kannur/h7/9999px497.x497.230606160119.w5h7/catalogue/af...
[06:30:20]        [3] https://images.jdmagicbox.com/comp/kannur/h7/9999px497.x497.230606160119.w5h7/catalogue/af...
[06:30:20]   [10] [IMG] Bake House Yummy Fried Chicken Panoor | +(91)-7736359770 | 2 photos
[06:30:20]        [1] https://content.jdmagicbox.com/v2/comp/kannur/v6/9999px497.x497.251124183737.s5v6/catalogu...
[06:30:20]        [2] https://images.jdmagicbox.com/v2/comp/kannur/v6/9999px497.x497.251124183737.s5v6/catalogue...
[06:30:23]   Scraping page 2 (got 10 results)...
[06:30:23]   Checking page 3 for the next batch...
[06:30:23]   [1] [IMG] EL AFC | +(91)-9207185066 | 6 photos
[06:30:23]        [1] https://content.jdmagicbox.com/comp/kannur/g7/9999px497.x497.230906205452.q4g7/catalogue/5...
[06:30:23]        [2] https://images.jdmagicbox.com/comp/kannur/g7/9999px497.x497.230906205452.q4g7/catalogue/5j...
[06:30:23]        [3] https://images.jdmagicbox.com/comp/kannur/g7/9999px497.x497.230906205452.q4g7/catalogue/ei...
[06:30:23]   [2] [IMG] Nakshathra Gold and Diamonds Kannur | +(91)-9846890916 | 2 photos
[06:30:23]        [1] https://content.jdmagicbox.com/comp/def_content/jewellery_showrooms/default-jewellery-show...
[06:30:23]        [2] https://images.jdmagicbox.com/comp/def_content/jewellery_showrooms/default-jewellery-showr...
[06:30:24]   [3] [IMG] Oma'S Restaurant |  | 2 photos
[06:30:24]        [1] https://content.jdmagicbox.com/comp/def_content/restaurants/default-restaurants-7.jpg...
[06:30:24]        [2] https://images.jdmagicbox.com/comp/def_content/restaurants/default-restaurants-7.jpg...
[06:30:24]   [4] [IMG] Thai Natural Spa and Wellness Centre | +(91)-8460515967 | 3 photos
[06:30:24]        [1] https://content.jdmagicbox.com/v2/comp/kannur/u7/9999px497.x497.260214171338.n3u7/catalogu...
[06:30:24]        [2] https://images.jdmagicbox.com/v2/comp/kannur/u7/9999px497.x497.260214171338.n3u7/catalogue...
[06:30:24]        [3] https://images.jdmagicbox.com/comp/def_content_category/ashiatsu-massage-centres/360-f-346...
[06:30:25]   [5] [IMG] Raravies family restaurant | +(91)-8156839494 | 7 photos
[06:30:25]        [1] https://content.jdmagicbox.com/comp/kannur/e2/9999px497.x497.180816191220.y5e2/catalogue/r...
[06:30:25]        [2] https://images.jdmagicbox.com/comp/kannur/e2/9999px497.x497.180816191220.y5e2/catalogue/ra...
[06:30:25]        [3] https://images.jdmagicbox.com/comp/kannur/e2/9999px497.x497.180816191220.y5e2/catalogue/ra...
[06:30:25]   [6] [IMG] Kalco Fish And Meat Stall |  | 2 photos
[06:30:25]        [1] https://content.jdmagicbox.com/comp/def_content/aquariums/default-aquariums-6.jpg...
[06:30:25]        [2] https://images.jdmagicbox.com/comp/def_content/aquariums/default-aquariums-6.jpg...
[06:30:26]   [7] [IMG] Grand Pearl Restaurant |  | 2 photos
[06:30:26]        [1] https://content.jdmagicbox.com/v2/comp/kannur/e4/9999px497.x497.260425042731.e9e4/catalogu...
[06:30:26]        [2] https://images.jdmagicbox.com/v2/comp/kannur/e4/9999px497.x497.260425042731.e9e4/catalogue...
[06:30:26]   [8] [IMG] Vismaya Water And Amusement Park | +(91)-9048506041 | 9 photos
[06:30:26]        [1] https://content.jdmagicbox.com/comp/kannur/dc/9999px497.x497.1223963646m1v1i2.dc/catalogue...
[06:30:26]        [2] https://images.jdmagicbox.com/comp/kannur/dc/9999px497.x497.1223963646m1v1i2.dc/catalogue/...
[06:30:26]        [3] https://images.jdmagicbox.com/comp/kannur/dc/9999px497.x497.1223963646m1v1i2.dc/catalogue/...
[06:30:27]   [9] [IMG] Chickey'S |  | 2 photos
[06:30:27]        [1] https://content.jdmagicbox.com/comp/def_content/poultry-farms/37351100481-71ef7cc033-k-pou...
[06:30:27]        [2] https://images.jdmagicbox.com/comp/def_content/poultry-farms/37351100481-71ef7cc033-k-poul...
[06:30:27]   [10] [IMG] Brothers Annapurna Pure Veg Restaurant | +(91)-8078472429 | 2 photos
[06:30:27]        [1] https://content.jdmagicbox.com/v2/comp/kannur/p2/9999px497.x497.260409202659.u1p2/catalogu...
[06:30:27]        [2] https://images.jdmagicbox.com/v2/comp/kannur/p2/9999px497.x497.260409202659.u1p2/catalogue...
[06:30:30]   Scraping page 3 (got 10 results)...
[06:30:30]   Checking page 4 for the next batch...
[06:30:30]   [1] [IMG] BARKA RESTAURANT | +(91)-8714218399 | 9 photos
[06:30:30]        [1] https://content.jdmagicbox.com/comp/kannur/d4/9999px497.x497.230420141210.i3d4/catalogue/b...
[06:30:30]        [2] https://images.jdmagicbox.com/comp/kannur/d4/9999px497.x497.230420141210.i3d4/catalogue/ba...
[06:30:30]        [3] https://images.jdmagicbox.com/comp/kannur/d4/9999px497.x497.230420141210.i3d4/catalogue/yj...
[06:30:30]   [2] [IMG] Omas Restaurant | +(91)-9526051554 | 9 photos
[06:30:30]        [1] https://content.jdmagicbox.com/comp/kannur/c1/9999px497.x497.180906200230.m5c1/catalogue/o...
[06:30:30]        [2] https://images.jdmagicbox.com/comp/kannur/c1/9999px497.x497.180906200230.m5c1/catalogue/om...
[06:30:30]        [3] https://images.jdmagicbox.com/comp/kannur/c1/9999px497.x497.180906200230.m5c1/catalogue/om...
[06:30:31]   [3] [IMG] Al Rayyan Perfumes And Oils |  | 8 photos
[06:30:31]        [1] https://content.jdmagicbox.com/v2/comp/kannur/w6/9999px497.x497.260426044400.h9w6/catalogu...
[06:30:31]        [2] https://images.jdmagicbox.com/v2/comp/kannur/w6/9999px497.x497.260426044400.h9w6/catalogue...
[06:30:31]        [3] https://images.jdmagicbox.com/v2/comp/kannur/w6/9999px497.x497.260426044400.h9w6/catalogue...
[06:30:31]   [4] [IMG] MVK travellers Restaurant | +(91)-9207788994 | 9 photos
[06:30:31]        [1] https://content.jdmagicbox.com/comp/kannur/w6/9999px497.x497.190418220905.a1w6/catalogue/m...
[06:30:31]        [2] https://images.jdmagicbox.com/comp/kannur/w6/9999px497.x497.190418220905.a1w6/catalogue/mv...
[06:30:31]        [3] https://images.jdmagicbox.com/comp/kannur/w6/9999px497.x497.190418220905.a1w6/catalogue/mv...
[06:30:32]   [5] [IMG] M R A Restaurant | +(91)-6235062350 | 9 photos
[06:30:32]        [1] https://content.jdmagicbox.com/v2/comp/taliparamba/r9/9999px497.x497.220621231033.d2r9/cat...
[06:30:32]        [2] https://images.jdmagicbox.com/v2/comp/taliparamba/r9/9999px497.x497.220621231033.d2r9/cata...
[06:30:32]        [3] https://images.jdmagicbox.com/v2/comp/taliparamba/r9/9999px497.x497.220621231033.d2r9/cata...
[06:30:32]   [6] [IMG] Pent Restaurant |  | 2 photos
[06:30:32]        [1] https://content.jdmagicbox.com/comp/def_content/indian-restaurants/indian-restaurants8-ind...
[06:30:32]        [2] https://images.jdmagicbox.com/comp/def_content/indian-restaurants/indian-restaurants8-indi...
[06:30:33]   [7] [IMG] Raandhal Restaurant | +(91)-8891191919 | 9 photos
[06:30:33]        [1] https://content.jdmagicbox.com/comp/kannur/e3/9999px497.x497.130621200037.y1e3/catalogue/r...
[06:30:33]        [2] https://images.jdmagicbox.com/comp/kannur/e3/9999px497.x497.130621200037.y1e3/catalogue/ra...
[06:30:33]        [3] https://images.jdmagicbox.com/comp/kannur/e3/9999px497.x497.130621200037.y1e3/catalogue/ra...
[06:30:33]   [8] [IMG] IMAGE MOBILES & COMPUTERS | +(91)-9778619020 | 9 photos
[06:30:33]        [1] https://content.jdmagicbox.com/v2/comp/kannur/g3/9999px497.x497.220118155459.d6g3/catalogu...
[06:30:33]        [2] https://images.jdmagicbox.com/v2/comp/kannur/g3/9999px497.x497.220118155459.d6g3/catalogue...
[06:30:33]        [3] https://images.jdmagicbox.com/comp/kannur/g3/9999px497.x497.220118155459.d6g3/catalogue/im...
[06:30:34]   [9] [IMG] Pariyaram Medical College and Hospital | +(91)-8390704041 | 9 photos
[06:30:34]        [1] https://content.jdmagicbox.com/comp/kannur/b8/9999px497.x497.130607162951.i4b8/catalogue/p...
[06:30:34]        [2] https://images.jdmagicbox.com/comp/kannur/b8/9999px497.x497.130607162951.i4b8/catalogue/pa...
[06:30:34]        [3] https://images.jdmagicbox.com/v2/comp/kannur/b8/9999px497.x497.130607162951.i4b8/catalogue...
[06:30:34]   [10] [IMG] Sreeni'S Fruits And Nuts | +(91)-9961736230 | 2 photos
[06:30:34]        [1] https://content.jdmagicbox.com/comp/def_content/dry_fruit_retailers/default-dry-fruit-reta...
[06:30:34]        [2] https://images.jdmagicbox.com/comp/def_content/dry_fruit_retailers/default-dry-fruit-retai...
[06:30:36]   Scraping page 4 (got 10 results)...
[06:30:36]   Checking page 5 for the next batch...
[06:30:36]   [1] [IMG] Zumurud Restaurant |  | 2 photos
[06:30:36]        [1] https://content.jdmagicbox.com/comp/def_content/restaurants/default-restaurants-11.jpg...
[06:30:36]        [2] https://images.jdmagicbox.com/comp/def_content/restaurants/default-restaurants-11.jpg...
[06:30:37]   [2] [IMG] Chaithanya Urology Centre & Hospital | +(91)-9495248388 | 9 photos
[06:30:37]        [1] https://content.jdmagicbox.com/comp/kannur/r9/9999px497.x497.180829175228.r6r9/catalogue/c...
[06:30:37]        [2] https://images.jdmagicbox.com/comp/kannur/r9/9999px497.x497.180829175228.r6r9/catalogue/ch...
[06:30:37]        [3] https://images.jdmagicbox.com/comp/kannur/r9/9999px497.x497.180829175228.r6r9/catalogue/ch...
[06:30:37]   [3] [IMG] Dr. Thaj Laser Skin and Hair Clinic | +(91)-8401135538 | 9 photos
[06:30:37]        [1] https://content.jdmagicbox.com/v2/comp/kannur/z9/9999px497.x497.180108151739.e8z9/catalogu...
[06:30:37]        [2] https://images.jdmagicbox.com/v2/comp/kannur/z9/9999px497.x497.180108151739.e8z9/catalogue...
[06:30:37]        [3] https://images.jdmagicbox.com/v2/comp/kannur/z9/9999px497.x497.180108151739.e8z9/catalogue...
[06:30:38]   [4] [IMG] Ejones Opticals And Eye Clinic | +(91)-9980918770 | 9 photos
[06:30:38]        [1] https://content.jdmagicbox.com/v2/comp/kannur/m8/9999px497.x497.250712173225.d4m8/catalogu...
[06:30:38]        [2] https://images.jdmagicbox.com/v2/comp/kannur/m8/9999px497.x497.250712173225.d4m8/catalogue...
[06:30:38]        [3] https://images.jdmagicbox.com/v2/comp/kannur/m8/9999px497.x497.250712173225.d4m8/catalogue...
[06:30:38]   [5] [IMG] Steak House Restaurant | +(91)-8281729999 | 9 photos
[06:30:38]        [1] https://content.jdmagicbox.com/comp/kannur/h7/9999px497.x497.170404142735.z9h7/catalogue/s...
[06:30:38]        [2] https://images.jdmagicbox.com/comp/kannur/h7/9999px497.x497.170404142735.z9h7/catalogue/st...
[06:30:38]        [3] https://images.jdmagicbox.com/comp/kannur/h7/9999px497.x497.170404142735.z9h7/catalogue/st...
[06:30:39]   [6] [IMG] Namass Ayurvedic Wellness and Spa | +(91)-9972579557 | 5 photos
[06:30:39]        [1] https://content.jdmagicbox.com/v2/comp/kannur/a3/9999px497.x497.251029155952.n6a3/catalogu...
[06:30:39]        [2] https://images.jdmagicbox.com/v2/comp/kannur/a3/9999px497.x497.251029155952.n6a3/catalogue...
[06:30:39]        [3] https://images.jdmagicbox.com/v2/comp/kannur/a3/9999px497.x497.251029155952.n6a3/catalogue...
[06:30:39]   [7] [IMG] Kitchens Family Restaurant | +(91)-8156902825 | 9 photos
[06:30:39]        [1] https://content.jdmagicbox.com/comp/kannur/w3/9999px497.x497.170929184632.g7w3/catalogue/k...
[06:30:39]        [2] https://images.jdmagicbox.com/comp/kannur/w3/9999px497.x497.170929184632.g7w3/catalogue/ki...
[06:30:39]        [3] https://images.jdmagicbox.com/comp/kannur/w3/9999px497.x497.170929184632.g7w3/catalogue/ki...
[06:30:40]   [8] [IMG] Citapani Fried Chicken | +(91)-8089540342 | 9 photos
[06:30:40]        [1] https://content.jdmagicbox.com/comp/kannur/g6/9999px497.x497.220722223404.u6g6/catalogue/c...
[06:30:40]        [2] https://images.jdmagicbox.com/comp/kannur/g6/9999px497.x497.220722223404.u6g6/catalogue/ci...
[06:30:40]        [3] https://images.jdmagicbox.com/comp/kannur/g6/9999px497.x497.220722223404.u6g6/catalogue/ci...
[06:30:40]   [9] [IMG] Omas Restaurant Mambaram |  | 9 photos
[06:30:40]        [1] https://content.jdmagicbox.com/v2/comp/kannur/h1/9999px497.x497.241025023541.c8h1/catalogu...
[06:30:40]        [2] https://images.jdmagicbox.com/v2/comp/kannur/h1/9999px497.x497.241025023541.c8h1/catalogue...
[06:30:40]        [3] https://images.jdmagicbox.com/v2/comp/kannur/h1/9999px497.x497.241025023541.c8h1/catalogue...
[06:30:41]   [10] [IMG] Crown Skincare and Body Care | +(91)-8606367325 | 8 photos
[06:30:41]        [1] https://content.jdmagicbox.com/v2/comp/kannur/q4/9999px497.x497.251103132425.d4q4/catalogu...
[06:30:41]        [2] https://images.jdmagicbox.com/v2/comp/kannur/q4/9999px497.x497.251103132425.d4q4/catalogue...
[06:30:41]        [3] https://images.jdmagicbox.com/v2/comp/kannur/q4/9999px497.x497.251103132425.d4q4/catalogue...
[06:30:43]   Scraping page 5 (got 10 results)...
[06:30:43]   No more pages found (END OF RESULTS).
[06:30:43]   [1] [IMG] Mra Restaurant And Bakery | +(91)-6235062350 | 6 photos
[06:30:43]        [1] https://content.jdmagicbox.com/comp/taliparamba/r5/9999px497.x497.220920224507.w4r5/catalo...
[06:30:43]        [2] https://images.jdmagicbox.com/comp/taliparamba/r5/9999px497.x497.220920224507.w4r5/catalog...
[06:30:43]        [3] https://images.jdmagicbox.com/comp/kannur/r5/9999px497.x497.220920224507.w4r5/catalogue/mr...
[06:30:44]   [2] [IMG] Vedha Ayurvedic Massage Center And Spa | +(91)-8128582865 | 9 photos
[06:30:44]        [1] https://content.jdmagicbox.com/v2/comp/kannur/b7/9999px497.x497.250118184944.r8b7/catalogu...
[06:30:44]        [2] https://images.jdmagicbox.com/v2/comp/kannur/b7/9999px497.x497.250118184944.r8b7/catalogue...
[06:30:44]        [3] https://images.jdmagicbox.com/v2/comp/kannur/b7/9999px497.x497.250118184944.r8b7/catalogue...
[06:30:44]   [3] [IMG] Rooster Fried & Grill | +(91)-8113001100 | 9 photos
[06:30:44]        [1] https://content.jdmagicbox.com/comp/kannur/v3/9999px497.x497.190517204357.c5v3/catalogue/r...
[06:30:44]        [2] https://images.jdmagicbox.com/comp/kannur/v3/9999px497.x497.190517204357.c5v3/catalogue/ro...
[06:30:44]        [3] https://images.jdmagicbox.com/comp/kannur/v3/9999px497.x497.190517204357.c5v3/catalogue/ro...
[06:30:45]   [4] [IMG] Omars Inn Restaurant | +(91)-8714421903 | 9 photos
[06:30:45]        [1] https://content.jdmagicbox.com/v2/comp/kannur/n7/9999px497.x497.191026173615.y3n7/catalogu...
[06:30:45]        [2] https://images.jdmagicbox.com/v2/comp/kannur/n7/9999px497.x497.191026173615.y3n7/catalogue...
[06:30:45]        [3] https://images.jdmagicbox.com/comp/kannur/n7/9999px497.x497.191026173615.y3n7/catalogue/om...
[06:30:45]   [5] [IMG] Go Kite Travels and Tours LLP | +(91)-9035085721 | 5 photos
[06:30:45]        [1] https://content.jdmagicbox.com/v2/comp/kannur/p6/9999px497.x497.250704154649.q9p6/catalogu...
[06:30:45]        [2] https://images.jdmagicbox.com/v2/comp/kannur/p6/9999px497.x497.250704154649.q9p6/catalogue...
[06:30:45]        [3] https://images.jdmagicbox.com/v2/comp/kannur/p6/9999px497.x497.250704154649.q9p6/catalogue...
[06:30:46]   [6] [IMG] Mvk Ghatway Restaurant | +(91)-7902278100 | 9 photos
[06:30:46]        [1] https://content.jdmagicbox.com/v2/comp/kannur/j1/9999px497.x497.250226202136.g6j1/catalogu...
[06:30:46]        [2] https://images.jdmagicbox.com/v2/comp/kannur/j1/9999px497.x497.250226202136.g6j1/catalogue...
[06:30:46]        [3] https://images.jdmagicbox.com/v2/comp/kannur/j1/9999px497.x497.250226202136.g6j1/catalogue...
[06:30:46]   [7] [IMG] Bodhis Luxe Salon Andspa | +(91)-8111888135 | 9 photos
[06:30:46]        [1] https://content.jdmagicbox.com/comp/kannur/m9/9999px497.x497.230727135834.s4m9/catalogue/t...
[06:30:46]        [2] https://images.jdmagicbox.com/comp/kannur/m9/9999px497.x497.230727135834.s4m9/catalogue/tr...
[06:30:46]        [3] https://images.jdmagicbox.com/comp/kannur/m9/9999px497.x497.230727135834.s4m9/catalogue/j4...
[06:30:47]   [8] [IMG] Barka Restaurant | +(91)-8559944999 | 9 photos
[06:30:47]        [1] https://content.jdmagicbox.com/comp/kannur/s8/9999px497.x497.220129220617.v2s8/catalogue/b...
[06:30:47]        [2] https://images.jdmagicbox.com/comp/kannur/s8/9999px497.x497.220129220617.v2s8/catalogue/ba...
[06:30:47]        [3] https://images.jdmagicbox.com/comp/kannur/s8/9999px497.x497.220129220617.v2s8/catalogue/ba...
[06:30:48]   [9] [IMG] Mehfil Restaurant | +(91)-9526100113 | 9 photos
[06:30:48]        [1] https://content.jdmagicbox.com/v2/comp/kannur/k2/9999px497.x497.250806130706.b3k2/catalogu...
[06:30:48]        [2] https://images.jdmagicbox.com/v2/comp/kannur/k2/9999px497.x497.250806130706.b3k2/catalogue...
[06:30:48]        [3] https://images.jdmagicbox.com/v2/comp/kannur/k2/9999px497.x497.250806130706.b3k2/catalogue...
[06:30:48]   [10] [IMG] Urban Tasty Restaurant | +(91)-8714354007 | 2 photos
[06:30:48]        [1] https://content.jdmagicbox.com/comp/def_content/restaurants/default-restaurants-8.jpg...
[06:30:48]        [2] https://images.jdmagicbox.com/comp/def_content/restaurants/default-restaurants-8.jpg...
[06:30:49]   Reached last page for this target.
[06:30:50] 
==========================================
[06:30:50] [*] Scraping target 30/40: Kadirur
[06:30:50] ==========================================
[06:30:50] ? Found 100 total Fried Chicken Delivery Restaurants in Kadirur.
[06:30:50]   Scraping page 1 (got 10 results)...
[06:30:50]   Checking page 2 for the next batch...
[06:30:50]   [1] [IMG] WESTBURG DARMASHALA | +(91)-7411790657 | 7 photos
[06:30:50]        [1] https://content.jdmagicbox.com/v2/comp/kannur/z9/9999px497.x497.250712160334.d1z9/catalogu...
[06:30:50]        [2] https://images.jdmagicbox.com/v2/comp/kannur/z9/9999px497.x497.250712160334.d1z9/catalogue...
[06:30:50]        [3] https://images.jdmagicbox.com/v2/comp/kannur/z9/9999px497.x497.250712160334.d1z9/catalogue...
[06:30:51]   [2] [IMG] Rooster Fried & Grill | +(91)-8113001100 | 9 photos
[06:30:51]        [1] https://content.jdmagicbox.com/comp/kannur/v3/9999px497.x497.190517204357.c5v3/catalogue/r...
[06:30:51]        [2] https://images.jdmagicbox.com/comp/kannur/v3/9999px497.x497.190517204357.c5v3/catalogue/ro...
[06:30:51]        [3] https://images.jdmagicbox.com/comp/kannur/v3/9999px497.x497.190517204357.c5v3/catalogue/ro...
[06:30:51]   [3] [IMG] Chikeys | +(91)-9895131123 | 9 photos
[06:30:51]        [1] https://content.jdmagicbox.com/comp/def_content_category/chikeys/121050718-333489939663650...
[06:30:51]        [2] https://images.jdmagicbox.com/comp/def_content_category/chikeys/121050718-3334899396636500...
[06:30:51]        [3] https://images.jdmagicbox.com/comp/def_content_category/chikeys/86689044-2704886126304500-...
[06:30:52]   [4] [IMG] Go Ggrll Chokli | +(91)-9747217717 | 9 photos
[06:30:52]        [1] https://content.jdmagicbox.com/v2/comp/kannur/f8/9999px497.x497.230224144441.a3f8/catalogu...
[06:30:52]        [2] https://images.jdmagicbox.com/v2/comp/kannur/f8/9999px497.x497.230224144441.a3f8/catalogue...
[06:30:52]        [3] https://images.jdmagicbox.com/v2/comp/kannur/f8/9999px497.x497.230224144441.a3f8/catalogue...
[06:30:53]   [5] [IMG] Jesna Lunch Room | +(91)-9605683147 | 7 photos
[06:30:53]        [1] https://content.jdmagicbox.com/comp/kannur/f2/9999px497.x497.190220121951.z4f2/catalogue/j...
[06:30:53]        [2] https://images.jdmagicbox.com/comp/kannur/f2/9999px497.x497.190220121951.z4f2/catalogue/je...
[06:30:53]        [3] https://images.jdmagicbox.com/comp/kannur/f2/9999px497.x497.190220121951.z4f2/catalogue/je...
[06:30:53]   [6] [IMG] Vkp S Cafe | +(91)-6235555112 | 9 photos
[06:30:53]        [1] https://content.jdmagicbox.com/v2/comp/kannur/u7/9999px497.x497.200107121359.c2u7/catalogu...
[06:30:53]        [2] https://images.jdmagicbox.com/v2/comp/kannur/u7/9999px497.x497.200107121359.c2u7/catalogue...
[06:30:53]        [3] https://images.jdmagicbox.com/v2/comp/kannur/u7/9999px497.x497.200107121359.c2u7/catalogue...
[06:30:54]   [7] [IMG] Hotel Green Park | +(91)-9447850097 | 9 photos
[06:30:54]        [1] https://content.jdmagicbox.com/comp/kannur/n5/9999px497.x497.171001155450.e6n5/catalogue/h...
[06:30:54]        [2] https://images.jdmagicbox.com/comp/kannur/n5/9999px497.x497.171001155450.e6n5/catalogue/ho...
[06:30:54]        [3] https://images.jdmagicbox.com/v2/comp/kannur/n5/9999px497.x497.171001155450.e6n5/catalogue...
[06:30:54]   [8] [IMG] Wimbies Restaurant And Fried Chicken | +(91)-9895868789 | 7 photos
[06:30:54]        [1] https://content.jdmagicbox.com/comp/kannur/u9/9999px497.x497.170607163909.z1u9/catalogue/w...
[06:30:54]        [2] https://images.jdmagicbox.com/comp/kannur/u9/9999px497.x497.170607163909.z1u9/catalogue/wi...
[06:30:54]        [3] https://images.jdmagicbox.com/comp/kannur/u9/9999px497.x497.170607163909.z1u9/catalogue/wi...
[06:30:55]   [9] [IMG] Afc American Fried Chicken Restaurant | +(91)-7373162111 | 9 photos
[06:30:55]        [1] https://content.jdmagicbox.com/comp/kannur/j3/9999px497.x497.220421184400.b5j3/catalogue/a...
[06:30:55]        [2] https://images.jdmagicbox.com/comp/kannur/j3/9999px497.x497.220421184400.b5j3/catalogue/af...
[06:30:55]        [3] https://images.jdmagicbox.com/comp/kannur/j3/9999px497.x497.220421184400.b5j3/catalogue/af...
[06:30:55]   [10] [IMG] Arabian Grill | +(91)-9544400048 | 9 photos
[06:30:55]        [1] https://content.jdmagicbox.com/comp/kannur/y4/9999px497.x497.170926210343.p8y4/catalogue/a...
[06:30:55]        [2] https://images.jdmagicbox.com/comp/kannur/y4/9999px497.x497.170926210343.p8y4/catalogue/ar...
[06:30:55]        [3] https://images.jdmagicbox.com/comp/kannur/y4/9999px497.x497.170926210343.p8y4/catalogue/ar...
[06:30:58]   Scraping page 2 (got 10 results)...
[06:30:58]   Checking page 3 for the next batch...
[06:30:58]   [1] [IMG] The Indian Express Superfast Restaurant | +(91)-8301009050 | 9 photos
[06:30:58]        [1] https://content.jdmagicbox.com/comp/kannur/e5/9999px497.x497.200106181231.h5e5/catalogue/t...
[06:30:58]        [2] https://images.jdmagicbox.com/comp/kannur/e5/9999px497.x497.200106181231.h5e5/catalogue/th...
[06:30:58]        [3] https://images.jdmagicbox.com/comp/kannur/e5/9999px497.x497.200106181231.h5e5/catalogue/th...
[06:30:58]   [2] [IMG] COCO CABANE CAFE | +(91)-8590090726 | 9 photos
[06:30:58]        [1] https://content.jdmagicbox.com/comp/kannur/t6/9999px497.x497.220728192535.f5t6/catalogue/c...
[06:30:58]        [2] https://images.jdmagicbox.com/comp/kannur/t6/9999px497.x497.220728192535.f5t6/catalogue/co...
[06:30:58]        [3] https://images.jdmagicbox.com/comp/kannur/t6/9999px497.x497.220728192535.f5t6/catalogue/co...
[06:30:59]   [3] [IMG] Hotel New Delhi | +(91)-9744866841 | 4 photos
[06:30:59]        [1] https://content.jdmagicbox.com/comp/def_content_category/south-indian-restaurants/new-dish...
[06:30:59]        [2] https://images.jdmagicbox.com/comp/def_content_category/south-indian-restaurants/new-dish-...
[06:30:59]        [3] https://images.jdmagicbox.com/comp/def_content_category/south-indian-restaurants/new-dish-...
[06:30:59]   [4] [IMG] Hfc Fried Chicken | +(91)-7902898916 | 9 photos
[06:30:59]        [1] https://content.jdmagicbox.com/comp/kannur/y5/9999px497.x497.230328181354.g1y5/catalogue/h...
[06:30:59]        [2] https://images.jdmagicbox.com/comp/kannur/y5/9999px497.x497.230328181354.g1y5/catalogue/hf...
[06:30:59]        [3] https://images.jdmagicbox.com/v2/comp/kannur/y5/9999px497.x497.230328181354.g1y5/catalogue...
[06:31:00]   [5] [IMG] BURNO FRIED | +(91)-9961480764 | 6 photos
[06:31:00]        [1] https://content.jdmagicbox.com/v2/comp/kannur/h2/9999px497.x497.250809213421.y6h2/catalogu...
[06:31:00]        [2] https://images.jdmagicbox.com/v2/comp/kannur/h2/9999px497.x497.250809213421.y6h2/catalogue...
[06:31:00]        [3] https://images.jdmagicbox.com/v2/comp/kannur/h2/9999px497.x497.250809213421.y6h2/catalogue...
[06:31:00]   [6] [IMG] Chilly Hut | +(91)-8330057833 | 9 photos
[06:31:00]        [1] https://content.jdmagicbox.com/comp/kannur/b1/9999px497.x497.210226155456.l3b1/catalogue/c...
[06:31:00]        [2] https://images.jdmagicbox.com/comp/kannur/b1/9999px497.x497.210226155456.l3b1/catalogue/ch...
[06:31:00]        [3] https://images.jdmagicbox.com/v2/comp/kannur/b1/9999px497.x497.210226155456.l3b1/catalogue...
[06:31:01]   [7] [IMG] TFC TURKISH FRIED CHICKEN CHAKKARAKKAL | +(91)-8301867300 | 9 photos
[06:31:01]        [1] https://content.jdmagicbox.com/comp/kannur/n6/9999px497.x497.240121190829.e4n6/catalogue/t...
[06:31:01]        [2] https://images.jdmagicbox.com/comp/kannur/n6/9999px497.x497.240121190829.e4n6/catalogue/tf...
[06:31:01]        [3] https://images.jdmagicbox.com/comp/kannur/n6/9999px497.x497.240121190829.e4n6/catalogue/tf...
[06:31:01]   [8] [IMG] Chicking Fried Chicken (Kannur Mall) | +(91)-9744480000 | 9 photos
[06:31:01]        [1] https://content.jdmagicbox.com/comp/def_content_category/chicking-fried-chicken-11985242-m...
[06:31:01]        [2] https://images.jdmagicbox.com/comp/def_content_category/chicking-fried-chicken-11985242-mz...
[06:31:01]        [3] https://images.jdmagicbox.com/comp/def_content_category/chicking-fried-chicken/chicking-fr...
[06:31:02]   [9] [IMG] American Fried Chicken | +(91)-7592044544 | 7 photos
[06:31:02]        [1] https://content.jdmagicbox.com/comp/kannur/h5/9999px497.x497.220107164349.v8h5/catalogue/-...
[06:31:02]        [2] https://images.jdmagicbox.com/comp/kannur/h5/9999px497.x497.220107164349.v8h5/catalogue/-v...
[06:31:02]        [3] https://images.jdmagicbox.com/comp/kannur/h5/9999px497.x497.220107164349.v8h5/catalogue/-a...
[06:31:03]   [10] [IMG] Nks Chicken |  | 6 photos
[06:31:03]        [1] https://content.jdmagicbox.com/comp/kannur/k3/9999px497.x497.191212134539.x7k3/catalogue/n...
[06:31:03]        [2] https://images.jdmagicbox.com/comp/kannur/k3/9999px497.x497.191212134539.x7k3/catalogue/nk...
[06:31:03]        [3] https://images.jdmagicbox.com/comp/kannur/k3/9999px497.x497.191212134539.x7k3/catalogue/nk...
[06:31:04]   Scraping page 3 (got 10 results)...
[06:31:04]   Checking page 4 for the next batch...
[06:31:04]   [1] [IMG] Jubilee Restaurant | +(91)-9526366382 | 2 photos
[06:31:04]        [1] https://content.jdmagicbox.com/comp/def_content/buffet-restaurants/buffet-restaurants7-buf...
[06:31:04]        [2] https://images.jdmagicbox.com/comp/def_content/buffet-restaurants/buffet-restaurants7-buff...
[06:31:05]   [2] [IMG] American Fried Chicken Pilathara | +(91)-8714759722 | 4 photos
[06:31:05]        [1] https://content.jdmagicbox.com/comp/kannur/g4/9999px497.x497.221019124021.h2g4/catalogue/a...
[06:31:05]        [2] https://images.jdmagicbox.com/comp/kannur/g4/9999px497.x497.221019124021.h2g4/catalogue/am...
[06:31:05]        [3] https://images.jdmagicbox.com/comp/kannur/g4/9999px497.x497.221019124021.h2g4/catalogue/am...
[06:31:05]   [3] [IMG] Volga Chef | +(91)-7907722050 | 9 photos
[06:31:05]        [1] https://content.jdmagicbox.com/comp/kannur/e6/9999px497.x497.220210163401.x2e6/catalogue/-...
[06:31:05]        [2] https://images.jdmagicbox.com/comp/kannur/e6/9999px497.x497.220210163401.x2e6/catalogue/-h...
[06:31:05]        [3] https://images.jdmagicbox.com/comp/kannur/e6/9999px497.x497.220210163401.x2e6/catalogue/-2...
[06:31:06]   [4] [IMG] Lebanese |  | 9 photos
[06:31:06]        [1] https://content.jdmagicbox.com/comp/kannur/q2/9999px497.x497.181103164105.u9q2/catalogue/l...
[06:31:06]        [2] https://images.jdmagicbox.com/comp/kannur/q2/9999px497.x497.181103164105.u9q2/catalogue/le...
[06:31:06]        [3] https://images.jdmagicbox.com/comp/kannur/q2/9999px497.x497.181103164105.u9q2/catalogue/le...
[06:31:06]   [5] [IMG] RAK | +(91)-6235101101 | 9 photos
[06:31:06]        [1] https://content.jdmagicbox.com/comp/kasaragod/g9/9999p4994.4994.210127203131.f2g9/catalogu...
[06:31:06]        [2] https://images.jdmagicbox.com/comp/kasaragod/g9/9999p4994.4994.210127203131.f2g9/catalogue...
[06:31:06]        [3] https://images.jdmagicbox.com/comp/kasaragod/g9/9999p4994.4994.210127203131.f2g9/catalogue...
[06:31:07]   [6] [IMG] Chikeys | +(91)-8606131123 | 9 photos
[06:31:07]        [1] https://content.jdmagicbox.com/comp/kozhikode/y3/0495px495.x495.190525032936.x5y3/catalogu...
[06:31:07]        [2] https://images.jdmagicbox.com/comp/kozhikode/y3/0495px495.x495.190525032936.x5y3/catalogue...
[06:31:07]        [3] https://images.jdmagicbox.com/comp/kozhikode/y3/0495px495.x495.190525032936.x5y3/catalogue...
[06:31:07]   [7] [IMG] Chicking Fried Chicken | +(91)-7736067817 | 9 photos
[06:31:07]        [1] https://content.jdmagicbox.com/comp/def_content_category/chicking-fried-chicken/chicking-f...
[06:31:07]        [2] https://images.jdmagicbox.com/comp/def_content_category/chicking-fried-chicken/chicking-fr...
[06:31:07]        [3] https://images.jdmagicbox.com/comp/def_content_category/chicking-fried-chicken-11985242-mz...
[06:31:08]   [8] [IMG] MFC Fried & Arabic | +(91)-8075029408 | 9 photos
[06:31:08]        [1] https://content.jdmagicbox.com/comp/kasaragod/f1/9999p4994.4994.171009202643.v4f1/catalogu...
[06:31:08]        [2] https://images.jdmagicbox.com/comp/kasaragod/f1/9999p4994.4994.171009202643.v4f1/catalogue...
[06:31:08]        [3] https://images.jdmagicbox.com/comp/kasaragod/f1/9999p4994.4994.171009202643.v4f1/catalogue...
[06:31:08]   [9] [IMG] Oryx Village | +(91)-8488918253 | 9 photos
[06:31:08]        [1] https://content.jdmagicbox.com/comp/kasaragod/d5/9999p4994.4994.180609125522.s4d5/catalogu...
[06:31:08]        [2] https://images.jdmagicbox.com/comp/kasaragod/d5/9999p4994.4994.180609125522.s4d5/catalogue...
[06:31:08]        [3] https://images.jdmagicbox.com/comp/kasaragod/d5/9999p4994.4994.180609125522.s4d5/catalogue...
[06:31:09]   [10] [IMG] AFC | +(91)-7012677537 | 5 photos
[06:31:09]        [1] https://content.jdmagicbox.com/comp/kozhikode/l5/0495px495.x495.211203141452.z3l5/catalogu...
[06:31:09]        [2] https://images.jdmagicbox.com/comp/kozhikode/l5/0495px495.x495.211203141452.z3l5/catalogue...
[06:31:09]        [3] https://images.jdmagicbox.com/comp/kozhikode/l5/0495px495.x495.211203141452.z3l5/catalogue...
[06:31:11]   Scraping page 4 (got 10 results)...
[06:31:11]   Checking page 5 for the next batch...
[06:31:11]   [1] [IMG] Golden Dine Family Restaurant | +(91)-9567302261 | 8 photos
[06:31:11]        [1] https://content.jdmagicbox.com/comp/kasaragod/e3/9999p4994.4994.181212142924.v8e3/catalogu...
[06:31:11]        [2] https://images.jdmagicbox.com/comp/kasaragod/e3/9999p4994.4994.181212142924.v8e3/catalogue...
[06:31:11]        [3] https://images.jdmagicbox.com/comp/kasaragod/e3/9999p4994.4994.181212142924.v8e3/catalogue...
[06:31:12]   [2] [IMG] Max Food | +(91)-9483340844 | 9 photos
[06:31:12]        [1] https://content.jdmagicbox.com/v2/comp/coorg/b2/9999p8272.8272.240715141211.c2b2/catalogue...
[06:31:12]        [2] https://images.jdmagicbox.com/v2/comp/coorg/b2/9999p8272.8272.240715141211.c2b2/catalogue/...
[06:31:12]        [3] https://images.jdmagicbox.com/v2/comp/coorg/b2/9999p8272.8272.240715141211.c2b2/catalogue/...
[06:31:12]   [3] [IMG] MADADA SOLUTION PVT LTD | +(91)-7221001003 | 9 photos
[06:31:12]        [1] https://content.jdmagicbox.com/comp/kozhikode/j2/0495px495.x495.230103175828.d9j2/catalogu...
[06:31:12]        [2] https://images.jdmagicbox.com/comp/kozhikode/j2/0495px495.x495.230103175828.d9j2/catalogue...
[06:31:12]        [3] https://images.jdmagicbox.com/comp/kozhikode/j2/0495px495.x495.230103175828.d9j2/catalogue...
[06:31:13]   [4] [IMG] Casaro Cafe | +(91)-9744772677 | 5 photos
[06:31:13]        [1] https://content.jdmagicbox.com/comp/kasaragod/v7/9999p4994.4994.220615225521.k2v7/catalogu...
[06:31:13]        [2] https://images.jdmagicbox.com/comp/kasaragod/v7/9999p4994.4994.220615225521.k2v7/catalogue...
[06:31:13]        [3] https://images.jdmagicbox.com/comp/kasaragod/v7/9999p4994.4994.220615225521.k2v7/catalogue...
[06:31:13]   [5] [IMG] Shawaya House Restaurant | +(91)-9539058080 | 9 photos
[06:31:13]        [1] https://content.jdmagicbox.com/comp/wayanad/m3/9999p4936.4936.230912223231.a8m3/catalogue/...
[06:31:13]        [2] https://images.jdmagicbox.com/comp/wayanad/m3/9999p4936.4936.230912223231.a8m3/catalogue/s...
[06:31:13]        [3] https://images.jdmagicbox.com/comp/wayanad/m3/9999p4936.4936.230912223231.a8m3/catalogue/s...
[06:31:14]   [6] [IMG] Quality Restaurant and Bakes | +(91)-9207300666 | 9 photos
[06:31:14]        [1] https://content.jdmagicbox.com/comp/kasaragod/r7/9999p4994.4994.170426102508.c8r7/catalogu...
[06:31:14]        [2] https://images.jdmagicbox.com/comp/kasaragod/r7/9999p4994.4994.170426102508.c8r7/catalogue...
[06:31:14]        [3] https://images.jdmagicbox.com/comp/bekal/r7/9999p4994.4994.170426102508.c8r7/catalogue/qua...
[06:31:14]   [7] [IMG] CFC Canadian Fried Chicken | +(91)-8123223715 | 5 photos
[06:31:14]        [1] https://content.jdmagicbox.com/comp/coorg/b9/9999p8272.8272.221217154654.x6b9/catalogue/-a...
[06:31:14]        [2] https://images.jdmagicbox.com/comp/coorg/b9/9999p8272.8272.221217154654.x6b9/catalogue/-a1...
[06:31:14]        [3] https://images.jdmagicbox.com/comp/coorg/b9/9999p8272.8272.221217154654.x6b9/catalogue/-ed...
[06:31:15]   [8] [IMG] Coffee Bare | +(91)-9656003252 | 9 photos
[06:31:15]        [1] https://content.jdmagicbox.com/comp/kasaragod/g9/9999p4994.4994.171211225040.i9g9/catalogu...
[06:31:15]        [2] https://images.jdmagicbox.com/comp/kasaragod/g9/9999p4994.4994.171211225040.i9g9/catalogue...
[06:31:15]        [3] https://images.jdmagicbox.com/comp/kasaragod/x3/pwfl1513010940g5d5x3/catalogue/coffee-bare...
[06:31:15]   [9] [IMG] Gama Kitchen | +(91)-8086310000 | 9 photos
[06:31:15]        [1] https://content.jdmagicbox.com/comp/kozhikode/s5/0495px495.x495.190810180742.q5s5/catalogu...
[06:31:15]        [2] https://images.jdmagicbox.com/comp/kozhikode/s5/0495px495.x495.190810180742.q5s5/catalogue...
[06:31:15]        [3] https://images.jdmagicbox.com/comp/kozhikode/s5/0495px495.x495.190810180742.q5s5/catalogue...
[06:31:16]   [10] [IMG] Sullias Eating Spot | +(91)-8142607082 | 5 photos
